,Year,Month,DayofMonth,DayOfWeek,FlightDate,Marketing_Airline_Network,DOT_ID_Marketing_Airline,Operating_Airline ,DOT_ID_Operating_Airline,Flight_Number_Operating_Airline,OriginAirportID,OriginAirportSeqID,OriginCityMarketID,Origin,OriginCityName,DestAirportID,DestAirportSeqID,DestCityMarketID,Dest,DestCityName,CRSDepTime,DepTime,DepDelay,DepDelayMinutes,DepDel15,DepartureDelayGroups,DepTimeBlk,TaxiOut,WheelsOff,WheelsOn,TaxiIn,CRSArrTime,ArrTime,ArrDelay,ArrDelayMinutes,ArrDel15,ArrivalDelayGroups,ArrTimeBlk,Cancelled,CancellationCode,Diverted,CarrierDelay,WeatherDelay,NASDelay,SecurityDelay,LateAircraftDelay
976,2025,1,1,3,2025-01-01,DL,19790,DL,19790,2745,11057,1105703,31057,CLT,"Charlotte, NC",10397,1039707,30397,ATL,"Atlanta, GA",826,943.0,77.0,77.0,1.0,5.0,0800-0859,18.0,1001.0,1043.0,6.0,950,1049.0,59.0,59.0,1.0,3.0,0900-0959,0.0,,0.0,59.0,0.0,0.0,0.0,0.0
977,2025,1,2,4,2025-01-02,DL,19790,DL,19790,2745,11057,1105703,31057,CLT,"Charlotte, NC",10397,1039707,30397,ATL,"Atlanta, GA",826,823.0,-3.0,0.0,0.0,-1.0,0800-0859,25.0,848.0,931.0,7.0,950,938.0,-12.0,0.0,0.0,-1.0,0900-0959,0.0,,0.0,,,,,
978,2025,1,3,5,2025-01-03,DL,19790,DL,19790,2745,11057,1105703,31057,CLT,"Charlotte, NC",10397,1039707,30397,ATL,"Atlanta, GA",826,823.0,-3.0,0.0,0.0,-1.0,0800-0859,15.0,838.0,921.0,7.0,950,928.0,-22.0,0.0,0.0,-2.0,0900-0959,0.0,,0.0,,,,,
979,2025,1,4,6,2025-01-04,DL,19790,DL,19790,2745,11057,1105703,31057,CLT,"Charlotte, NC",10397,1039707,30397,ATL,"Atlanta, GA",826,841.0,15.0,15.0,1.0,1.0,0800-0859,16.0,857.0,941.0,17.0,950,958.0,8.0,8.0,0.0,0.0,0900-0959,0.0,,0.0,,,,,
980,2025,1,5,7,2025-01-05,DL,19790,DL,19790,2745,11057,1105703,31057,CLT,"Charlotte, NC",10397,1039707,30397,ATL,"Atlanta, GA",826,822.0,-4.0,0.0,0.0,-1.0,0800-0859,17.0,839.0,923.0,7.0,950,930.0,-20.0,0.0,0.0,-2.0,0900-0959,0.0,,0.0,,,,,
23472,2025,1,6,1,2025-01-06,DL,19790,DL,19790,3031,11057,1105703,31057,CLT,"Charlotte, NC",10397,1039707,30397,ATL,"Atlanta, GA",1651,1742.0,51.0,51.0,1.0,3.0,1600-1659,23.0,1805.0,1848.0,6.0,1816,1854.0,38.0,38.0,1.0,2.0,1800-1859,0.0,,0.0,7.0,0.0,0.0,0.0,31.0
23474,2025,1,7,2,2025-01-07,DL,19790,DL,19790,3031,11057,1105703,31057,CLT,"Charlotte, NC",10397,1039707,30397,ATL,"Atlanta, GA",1651,1651.0,0.0,0.0,0.0,0.0,1600-1659,22.0,1713.0,1756.0,7.0,1816,1803.0,-13.0,0.0,0.0,-1.0,1800-1859,0.0,,0.0,,,,,
23476,2025,1,8,3,2025-01-08,DL,19790,DL,19790,3031,11057,1105703,31057,CLT,"Charlotte, NC",10397,1039707,30397,ATL,"Atlanta, GA",1651,1735.0,44.0,44.0,1.0,2.0,1600-1659,16.0,1751.0,1839.0,4.0,1816,1843.0,27.0,27.0,1.0,1.0,1800-1859,0.0,,0.0,4.0,0.0,0.0,0.0,23.0
23478,2025,1,9,4,2025-01-09,DL,19790,DL,19790,3031,11057,1105703,31057,CLT,"Charlotte, NC",10397,1039707,30397,ATL,"Atlanta, GA",1651,1655.0,4.0,4.0,0.0,0.0,1600-1659,15.0,1710.0,1753.0,5.0,1816,1758.0,-18.0,0.0,0.0,-2.0,1800-1859,0.0,,0.0,,,,,
23480,2025,1,10,5,2025-01-10,DL,19790,DL,19790,3031,11057,1105703,31057,CLT,"Charlotte, NC",10397,1039707,30397,ATL,"Atlanta, GA",1651,,,,,,1600-1659,,,,,1816,,,,,,1800-1859,1.0,B,0.0,,,,,
23482,2025,1,11,6,2025-01-11,DL,19790,DL,19790,3031,11057,1105703,31057,CLT,"Charlotte, NC",10397,1039707,30397,ATL,"Atlanta, GA",1651,1728.0,37.0,37.0,1.0,2.0,1600-1659,27.0,1755.0,1835.0,13.0,1816,1848.0,32.0,32.0,1.0,2.0,1800-1859,0.0,,0.0,5.0,0.0,0.0,0.0,27.0
23484,2025,1,12,7,2025-01-12,DL,19790,DL,19790,3031,11057,1105703,31057,CLT,"Charlotte, NC",10397,1039707,30397,ATL,"Atlanta, GA",1651,1704.0,13.0,13.0,0.0,0.0,1600-1659,20.0,1724.0,1812.0,3.0,1816,1815.0,-1.0,0.0,0.0,-1.0,1800-1859,0.0,,0.0,,,,,
23486,2025,1,13,1,2025-01-13,DL,19790,DL,19790,3031,11057,1105703,31057,CLT,"Charlotte, NC",10397,1039707,30397,ATL,"Atlanta, GA",1651,1727.0,36.0,36.0,1.0,2.0,1600-1659,14.0,1741.0,1826.0,7.0,1816,1833.0,17.0,17.0,1.0,1.0,1800-1859,0.0,,0.0,8.0,0.0,0.0,0.0,9.0
23488,2025,1,14,2,2025-01-14,DL,19790,DL,19790,3031,11057,1105703,31057,CLT,"Charlotte, NC",10397,1039707,30397,ATL,"Atlanta, GA",1651,1659.0,8.0,8.0,0.0,0.0,1600-1659,23.0,1722.0,1810.0,6.0,1816,1816.0,0.0,0.0,0.0,0.0,1800-1859,0.0,,0.0,,,,,
23490,2025,1,15,3,2025-01-15,DL,19790,DL,19790,3031,11057,1105703,31057,CLT,"Charlotte, NC",10397,1039707,30397,ATL,"Atlanta, GA",1651,1652.0,1.0,1.0,0.0,0.0,1600-1659,22.0,1714.0,1758.0,5.0,1816,1803.0,-13.0,0.0,0.0,-1.0,1800-1859,0.0,,0.0,,,,,
23492,2025,1,16,4,2025-01-16,DL,19790,DL,19790,3031,11057,1105703,31057,CLT,"Charlotte, NC",10397,1039707,30397,ATL,"Atlanta, GA",1651,1650.0,-1.0,0.0,0.0,-1.0,1600-1659,24.0,1714.0,1757.0,5.0,1816,1802.0,-14.0,0.0,0.0,-1.0,1800-1859,0.0,,0.0,,,,,
23494,2025,1,17,5,2025-01-17,DL,19790,DL,19790,3031,11057,1105703,31057,CLT,"Charlotte, NC",10397,1039707,30397,ATL,"Atlanta, GA",1651,1653.0,2.0,2.0,0.0,0.0,1600-1659,20.0,1713.0,1801.0,7.0,1816,1808.0,-8.0,0.0,0.0,-1.0,1800-1859,0.0,,0.0,,,,,
23496,2025,1,18,6,2025-01-18,DL,19790,DL,19790,3031,11057,1105703,31057,CLT,"Charlotte, NC",10397,1039707,30397,ATL,"Atlanta, GA",1651,1653.0,2.0,2.0,0.0,0.0,1600-1659,15.0,1708.0,1756.0,6.0,1816,1802.0,-14.0,0.0,0.0,-1.0,1800-1859,0.0,,0.0,,,,,
23498,2025,1,19,7,2025-01-19,DL,19790,DL,19790,3031,11057,1105703,31057,CLT,"Charlotte, NC",10397,1039707,30397,ATL,"Atlanta, GA",1651,1745.0,54.0,54.0,1.0,3.0,1600-1659,14.0,1759.0,1847.0,7.0,1816,1854.0,38.0,38.0,1.0,2.0,1800-1859,0.0,,0.0,3.0,0.0,0.0,0.0,35.0
23500,2025,1,20,1,2025-01-20,DL,19790,DL,19790,3031,11057,1105703,31057,CLT,"Charlotte, NC",10397,1039707,30397,ATL,"Atlanta, GA",1651,1809.0,78.0,78.0,1.0,5.0,1600-1659,14.0,1823.0,1908.0,7.0,1816,1915.0,59.0,59.0,1.0,3.0,1800-1859,0.0,,0.0,11.0,0.0,0.0,0.0,48.0
23502,2025,1,21,2,2025-01-21,DL,19790,DL,19790,3031,11057,1105703,31057,CLT,"Charlotte, NC",10397,1039707,30397,ATL,"Atlanta, GA",1651,1730.0,39.0,39.0,1.0,2.0,1600-1659,,,,,1816,,,,,,1800-1859,1.0,B,0.0,,,,,
23504,2025,1,22,3,2025-01-22,DL,19790,DL,19790,3031,11057,1105703,31057,CLT,"Charlotte, NC",10397,1039707,30397,ATL,"Atlanta, GA",1651,1649.0,-2.0,0.0,0.0,-1.0,1600-1659,27.0,1716.0,1802.0,6.0,1816,1808.0,-8.0,0.0,0.0,-1.0,1800-1859,0.0,,0.0,,,,,
23506,2025,1,23,4,2025-01-23,DL,19790,DL,19790,3031,11057,1105703,31057,CLT,"Charlotte, NC",10397,1039707,30397,ATL,"Atlanta, GA",1651,1645.0,-6.0,0.0,0.0,-1.0,1600-1659,16.0,1701.0,1747.0,5.0,1816,1752.0,-24.0,0.0,0.0,-2.0,1800-1859,0.0,,0.0,,,,,
23508,2025,1,24,5,2025-01-24,DL,19790,DL,19790,3031,11057,1105703,31057,CLT,"Charlotte, NC",10397,1039707,30397,ATL,"Atlanta, GA",1651,1645.0,-6.0,0.0,0.0,-1.0,1600-1659,24.0,1709.0,1750.0,4.0,1816,1754.0,-22.0,0.0,0.0,-2.0,1800-1859,0.0,,0.0,,,,,
23510,2025,1,25,6,2025-01-25,DL,19790,DL,19790,3031,11057,1105703,31057,CLT,"Charlotte, NC",10397,1039707,30397,ATL,"Atlanta, GA",1651,1647.0,-4.0,0.0,0.0,-1.0,1600-1659,15.0,1702.0,1746.0,4.0,1816,1750.0,-26.0,0.0,0.0,-2.0,1800-1859,0.0,,0.0,,,,,
23512,2025,1,26,7,2025-01-26,DL,19790,DL,19790,3031,11057,1105703,31057,CLT,"Charlotte, NC",10397,1039707,30397,ATL,"Atlanta, GA",1651,1644.0,-7.0,0.0,0.0,-1.0,1600-1659,19.0,1703.0,1747.0,5.0,1816,1752.0,-24.0,0.0,0.0,-2.0,1800-1859,0.0,,0.0,,,,,
23514,2025,1,27,1,2025-01-27,DL,19790,DL,19790,3031,11057,1105703,31057,CLT,"Charlotte, NC",10397,1039707,30397,ATL,"Atlanta, GA",1651,1656.0,5.0,5.0,0.0,0.0,1600-1659,38.0,1734.0,1823.0,9.0,1816,1832.0,16.0,16.0,1.0,1.0,1800-1859,0.0,,0.0,0.0,0.0,16.0,0.0,0.0
23516,2025,1,28,2,2025-01-28,DL,19790,DL,19790,3031,11057,1105703,31057,CLT,"Charlotte, NC",10397,1039707,30397,ATL,"Atlanta, GA",1651,1654.0,3.0,3.0,0.0,0.0,1600-1659,18.0,1712.0,1759.0,5.0,1816,1804.0,-12.0,0.0,0.0,-1.0,1800-1859,0.0,,0.0,,,,,
23518,2025,1,29,3,2025-01-29,DL,19790,DL,19790,3031,11057,1105703,31057,CLT,"Charlotte, NC",10397,1039707,30397,ATL,"Atlanta, GA",1651,1647.0,-4.0,0.0,0.0,-1.0,1600-1659,21.0,1708.0,1750.0,3.0,1816,1753.0,-23.0,0.0,0.0,-2.0,1800-1859,0.0,,0.0,,,,,
23520,2025,1,30,4,2025-01-30,DL,19790,DL,19790,3031,11057,1105703,31057,CLT,"Charlotte, NC",10397,1039707,30397,ATL,"Atlanta, GA",1651,1648.0,-3.0,0.0,0.0,-1.0,1600-1659,26.0,1714.0,1801.0,6.0,1816,1807.0,-9.0,0.0,0.0,-1.0,1800-1859,0.0,,0.0,,,,,
23522,2025,1,31,5,2025-01-31,DL,19790,DL,19790,3031,11057,1105703,31057,CLT,"Charlotte, NC",10397,1039707,30397,ATL,"Atlanta, GA",1651,1718.0,27.0,27.0,1.0,1.0,1600-1659,15.0,1733.0,1821.0,8.0,1816,1829.0,13.0,13.0,0.0,0.0,1800-1859,0.0,,0.0,,,,,
24674,2025,1,6,1,2025-01-06,DL,19790,DL,19790,3067,11057,1105703,31057,CLT,"Charlotte, NC",10397,1039707,30397,ATL,"Atlanta, GA",1005,1005.0,0.0,0.0,0.0,0.0,1000-1059,24.0,1029.0,1114.0,6.0,1130,1120.0,-10.0,0.0,0.0,-1.0,1100-1159,0.0,,0.0,,,,,
24675,2025,1,7,2,2025-01-07,DL,19790,DL,19790,3067,11057,1105703,31057,CLT,"Charlotte, NC",10397,1039707,30397,ATL,"Atlanta, GA",1005,1004.0,-1.0,0.0,0.0,-1.0,1000-1059,17.0,1021.0,1101.0,4.0,1130,1105.0,-25.0,0.0,0.0,-2.0,1100-1159,0.0,,0.0,,,,,
24676,2025,1,8,3,2025-01-08,DL,19790,DL,19790,3067,11057,1105703,31057,CLT,"Charlotte, NC",10397,1039707,30397,ATL,"Atlanta, GA",1005,1000.0,-5.0,0.0,0.0,-1.0,1000-1059,16.0,1016.0,1100.0,8.0,1130,1108.0,-22.0,0.0,0.0,-2.0,1100-1159,0.0,,0.0,,,,,
24677,2025,1,9,4,2025-01-09,DL,19790,DL,19790,3067,11057,1105703,31057,CLT,"Charlotte, NC",10397,1039707,30397,ATL,"Atlanta, GA",1005,959.0,-6.0,0.0,0.0,-1.0,1000-1059,23.0,1022.0,1104.0,7.0,1130,1111.0,-19.0,0.0,0.0,-2.0,1100-1159,0.0,,0.0,,,,,
24678,2025,1,10,5,2025-01-10,DL,19790,DL,19790,3067,11057,1105703,31057,CLT,"Charlotte, NC",10397,1039707,30397,ATL,"Atlanta, GA",1005,1414.0,249.0,249.0,1.0,12.0,1000-1059,36.0,1450.0,1541.0,7.0,1130,1548.0,258.0,258.0,1.0,12.0,1100-1159,0.0,,0.0,0.0,249.0,9.0,0.0,0.0
24679,2025,1,11,6,2025-01-11,DL,19790,DL,19790,3067,11057,1105703,31057,CLT,"Charlotte, NC",10397,1039707,30397,ATL,"Atlanta, GA",1005,1104.0,59.0,59.0,1.0,3.0,1000-1059,14.0,1118.0,1201.0,5.0,1130,1206.0,36.0,36.0,1.0,2.0,1100-1159,0.0,,0.0,13.0,0.0,0.0,0.0,23.0
24680,2025,1,12,7,2025-01-12,DL,19790,DL,19790,3067,11057,1105703,31057,CLT,"Charlotte, NC",10397,1039707,30397,ATL,"Atlanta, GA",1005,1003.0,-2.0,0.0,0.0,-1.0,1000-1059,27.0,1030.0,1113.0,14.0,1130,1127.0,-3.0,0.0,0.0,-1.0,1100-1159,0.0,,0.0,,,,,
24681,2025,1,13,1,2025-01-13,DL,19790,DL,19790,3067,11057,1105703,31057,CLT,"Charlotte, NC",10397,1039707,30397,ATL,"Atlanta, GA",1005,1003.0,-2.0,0.0,0.0,-1.0,1000-1059,26.0,1029.0,1115.0,5.0,1130,1120.0,-10.0,0.0,0.0,-1.0,1100-1159,0.0,,0.0,,,,,
24682,2025,1,14,2,2025-01-14,DL,19790,DL,19790,3067,11057,1105703,31057,CLT,"Charlotte, NC",10397,1039707,30397,ATL,"Atlanta, GA",1005,1005.0,0.0,0.0,0.0,0.0,1000-1059,15.0,1020.0,1105.0,6.0,1130,1111.0,-19.0,0.0,0.0,-2.0,1100-1159,0.0,,0.0,,,,,
24683,2025,1,15,3,2025-01-15,DL,19790,DL,19790,3067,11057,1105703,31057,CLT,"Charlotte, NC",10397,1039707,30397,ATL,"Atlanta, GA",1005,955.0,-10.0,0.0,0.0,-1.0,1000-1059,14.0,1009.0,1052.0,7.0,1130,1059.0,-31.0,0.0,0.0,-2.0,1100-1159,0.0,,0.0,,,,,
24684,2025,1,16,4,2025-01-16,DL,19790,DL,19790,3067,11057,1105703,31057,CLT,"Charlotte, NC",10397,1039707,30397,ATL,"Atlanta, GA",1005,957.0,-8.0,0.0,0.0,-1.0,1000-1059,21.0,1018.0,1100.0,6.0,1130,1106.0,-24.0,0.0,0.0,-2.0,1100-1159,0.0,,0.0,,,,,
24685,2025,1,17,5,2025-01-17,DL,19790,DL,19790,3067,11057,1105703,31057,CLT,"Charlotte, NC",10397,1039707,30397,ATL,"Atlanta, GA",1005,1042.0,37.0,37.0,1.0,2.0,1000-1059,14.0,1056.0,1136.0,6.0,1130,1142.0,12.0,12.0,0.0,0.0,1100-1159,0.0,,0.0,,,,,
24686,2025,1,18,6,2025-01-18,DL,19790,DL,19790,3067,11057,1105703,31057,CLT,"Charlotte, NC",10397,1039707,30397,ATL,"Atlanta, GA",1005,1011.0,6.0,6.0,0.0,0.0,1000-1059,14.0,1025.0,1115.0,12.0,1130,1127.0,-3.0,0.0,0.0,-1.0,1100-1159,0.0,,0.0,,,,,
24687,2025,1,19,7,2025-01-19,DL,19790,DL,19790,3067,11057,1105703,31057,CLT,"Charlotte, NC",10397,1039707,30397,ATL,"Atlanta, GA",1005,957.0,-8.0,0.0,0.0,-1.0,1000-1059,24.0,1021.0,1107.0,7.0,1130,1114.0,-16.0,0.0,0.0,-2.0,1100-1159,0.0,,0.0,,,,,
24688,2025,1,20,1,2025-01-20,DL,19790,DL,19790,3067,11057,1105703,31057,CLT,"Charlotte, NC",10397,1039707,30397,ATL,"Atlanta, GA",1005,1014.0,9.0,9.0,0.0,0.0,1000-1059,14.0,1028.0,1116.0,6.0,1130,1122.0,-8.0,0.0,0.0,-1.0,1100-1159,0.0,,0.0,,,,,
24689,2025,1,21,2,2025-01-21,DL,19790,DL,19790,3067,11057,1105703,31057,CLT,"Charlotte, NC",10397,1039707,30397,ATL,"Atlanta, GA",1005,1044.0,39.0,39.0,1.0,2.0,1000-1059,24.0,1108.0,1157.0,7.0,1130,1204.0,34.0,34.0,1.0,2.0,1100-1159,0.0,,0.0,0.0,0.0,0.0,0.0,34.0
24690,2025,1,22,3,2025-01-22,DL,19790,DL,19790,3067,11057,1105703,31057,CLT,"Charlotte, NC",10397,1039707,30397,ATL,"Atlanta, GA",1005,,,,,,1000-1059,,,,,1130,,,,,,1100-1159,1.0,B,0.0,,,,,
24691,2025,1,23,4,2025-01-23,DL,19790,DL,19790,3067,11057,1105703,31057,CLT,"Charlotte, NC",10397,1039707,30397,ATL,"Atlanta, GA",1005,956.0,-9.0,0.0,0.0,-1.0,1000-1059,27.0,1023.0,1107.0,7.0,1130,1114.0,-16.0,0.0,0.0,-2.0,1100-1159,0.0,,0.0,,,,,
24692,2025,1,24,5,2025-01-24,DL,19790,DL,19790,3067,11057,1105703,31057,CLT,"Charlotte, NC",10397,1039707,30397,ATL,"Atlanta, GA",1005,1005.0,0.0,0.0,0.0,0.0,1000-1059,23.0,1028.0,1113.0,7.0,1130,1120.0,-10.0,0.0,0.0,-1.0,1100-1159,0.0,,0.0,,,,,
24693,2025,1,25,6,2025-01-25,DL,19790,DL,19790,3067,11057,1105703,31057,CLT,"Charlotte, NC",10397,1039707,30397,ATL,"Atlanta, GA",1005,953.0,-12.0,0.0,0.0,-1.0,1000-1059,22.0,1015.0,1057.0,5.0,1130,1102.0,-28.0,0.0,0.0,-2.0,1100-1159,0.0,,0.0,,,,,
24694,2025,1,26,7,2025-01-26,DL,19790,DL,19790,3067,11057,1105703,31057,CLT,"Charlotte, NC",10397,1039707,30397,ATL,"Atlanta, GA",1005,953.0,-12.0,0.0,0.0,-1.0,1000-1059,17.0,1010.0,1051.0,7.0,1130,1058.0,-32.0,0.0,0.0,-2.0,1100-1159,0.0,,0.0,,,,,
24695,2025,1,27,1,2025-01-27,DL,19790,DL,19790,3067,11057,1105703,31057,CLT,"Charlotte, NC",10397,1039707,30397,ATL,"Atlanta, GA",1005,957.0,-8.0,0.0,0.0,-1.0,1000-1059,20.0,1017.0,1103.0,7.0,1130,1110.0,-20.0,0.0,0.0,-2.0,1100-1159,0.0,,0.0,,,,,
24696,2025,1,28,2,2025-01-28,DL,19790,DL,19790,3067,11057,1105703,31057,CLT,"Charlotte, NC",10397,1039707,30397,ATL,"Atlanta, GA",1005,955.0,-10.0,0.0,0.0,-1.0,1000-1059,35.0,1030.0,1111.0,6.0,1130,1117.0,-13.0,0.0,0.0,-1.0,1100-1159,0.0,,0.0,,,,,
24697,2025,1,29,3,2025-01-29,DL,19790,DL,19790,3067,11057,1105703,31057,CLT,"Charlotte, NC",10397,1039707,30397,ATL,"Atlanta, GA",1005,958.0,-7.0,0.0,0.0,-1.0,1000-1059,14.0,1012.0,1055.0,6.0,1130,1101.0,-29.0,0.0,0.0,-2.0,1100-1159,0.0,,0.0,,,,,
24698,2025,1,30,4,2025-01-30,DL,19790,DL,19790,3067,11057,1105703,31057,CLT,"Charlotte, NC",10397,1039707,30397,ATL,"Atlanta, GA",1005,959.0,-6.0,0.0,0.0,-1.0,1000-1059,17.0,1016.0,1101.0,7.0,1130,1108.0,-22.0,0.0,0.0,-2.0,1100-1159,0.0,,0.0,,,,,
24699,2025,1,31,5,2025-01-31,DL,19790,DL,19790,3067,11057,1105703,31057,CLT,"Charlotte, NC",10397,1039707,30397,ATL,"Atlanta, GA",1005,959.0,-6.0,0.0,0.0,-1.0,1000-1059,30.0,1029.0,1116.0,10.0,1130,1126.0,-4.0,0.0,0.0,-1.0,1100-1159,0.0,,0.0,,,,,
26990,2025,1,6,1,2025-01-06,DL,19790,DL,19790,3150,11057,1105703,31057,CLT,"Charlotte, NC",10397,1039707,30397,ATL,"Atlanta, GA",813,806.0,-7.0,0.0,0.0,-1.0,0800-0859,22.0,828.0,918.0,7.0,938,925.0,-13.0,0.0,0.0,-1.0,0900-0959,0.0,,0.0,,,,,
26991,2025,1,8,3,2025-01-08,DL,19790,DL,19790,3150,11057,1105703,31057,CLT,"Charlotte, NC",10397,1039707,30397,ATL,"Atlanta, GA",813,806.0,-7.0,0.0,0.0,-1.0,0800-0859,36.0,842.0,930.0,7.0,938,937.0,-1.0,0.0,0.0,-1.0,0900-0959,0.0,,0.0,,,,,
26992,2025,1,9,4,2025-01-09,DL,19790,DL,19790,3150,11057,1105703,31057,CLT,"Charlotte, NC",10397,1039707,30397,ATL,"Atlanta, GA",813,808.0,-5.0,0.0,0.0,-1.0,0800-0859,21.0,829.0,909.0,12.0,938,921.0,-17.0,0.0,0.0,-2.0,0900-0959,0.0,,0.0,,,,,
26993,2025,1,10,5,2025-01-10,DL,19790,DL,19790,3150,11057,1105703,31057,CLT,"Charlotte, NC",10397,1039707,30397,ATL,"Atlanta, GA",813,,,,,,0800-0859,,,,,938,,,,,,0900-0959,1.0,B,0.0,,,,,
26994,2025,1,11,6,2025-01-11,DL,19790,DL,19790,3150,11057,1105703,31057,CLT,"Charlotte, NC",10397,1039707,30397,ATL,"Atlanta, GA",813,,,,,,0800-0859,,,,,938,,,,,,0900-0959,1.0,B,0.0,,,,,
26995,2025,1,12,7,2025-01-12,DL,19790,DL,19790,3150,11057,1105703,31057,CLT,"Charlotte, NC",10397,1039707,30397,ATL,"Atlanta, GA",813,1347.0,334.0,334.0,1.0,12.0,0800-0859,14.0,1401.0,1449.0,6.0,938,1455.0,317.0,317.0,1.0,12.0,0900-0959,0.0,,0.0,243.0,0.0,0.0,0.0,74.0
26996,2025,1,13,1,2025-01-13,DL,19790,DL,19790,3150,11057,1105703,31057,CLT,"Charlotte, NC",10397,1039707,30397,ATL,"Atlanta, GA",813,811.0,-2.0,0.0,0.0,-1.0,0800-0859,25.0,836.0,922.0,10.0,938,932.0,-6.0,0.0,0.0,-1.0,0900-0959,0.0,,0.0,,,,,
26997,2025,1,14,2,2025-01-14,DL,19790,DL,19790,3150,11057,1105703,31057,CLT,"Charlotte, NC",10397,1039707,30397,ATL,"Atlanta, GA",813,811.0,-2.0,0.0,0.0,-1.0,0800-0859,19.0,830.0,915.0,5.0,938,920.0,-18.0,0.0,0.0,-2.0,0900-0959,0.0,,0.0,,,,,
26998,2025,1,15,3,2025-01-15,DL,19790,DL,19790,3150,11057,1105703,31057,CLT,"Charlotte, NC",10397,1039707,30397,ATL,"Atlanta, GA",813,807.0,-6.0,0.0,0.0,-1.0,0800-0859,16.0,823.0,907.0,7.0,938,914.0,-24.0,0.0,0.0,-2.0,0900-0959,0.0,,0.0,,,,,
26999,2025,1,16,4,2025-01-16,DL,19790,DL,19790,3150,11057,1105703,31057,CLT,"Charlotte, NC",10397,1039707,30397,ATL,"Atlanta, GA",813,805.0,-8.0,0.0,0.0,-1.0,0800-0859,18.0,823.0,910.0,21.0,938,931.0,-7.0,0.0,0.0,-1.0,0900-0959,0.0,,0.0,,,,,
27000,2025,1,17,5,2025-01-17,DL,19790,DL,19790,3150,11057,1105703,31057,CLT,"Charlotte, NC",10397,1039707,30397,ATL,"Atlanta, GA",813,817.0,4.0,4.0,0.0,0.0,0800-0859,26.0,843.0,922.0,10.0,938,932.0,-6.0,0.0,0.0,-1.0,0900-0959,0.0,,0.0,,,,,
27001,2025,1,18,6,2025-01-18,DL,19790,DL,19790,3150,11057,1105703,31057,CLT,"Charlotte, NC",10397,1039707,30397,ATL,"Atlanta, GA",819,814.0,-5.0,0.0,0.0,-1.0,0800-0859,14.0,828.0,914.0,25.0,944,939.0,-5.0,0.0,0.0,-1.0,0900-0959,0.0,,0.0,,,,,
27002,2025,1,19,7,2025-01-19,DL,19790,DL,19790,3150,11057,1105703,31057,CLT,"Charlotte, NC",10397,1039707,30397,ATL,"Atlanta, GA",850,846.0,-4.0,0.0,0.0,-1.0,0800-0859,17.0,903.0,951.0,4.0,1011,955.0,-16.0,0.0,0.0,-2.0,1000-1059,0.0,,0.0,,,,,
27003,2025,1,20,1,2025-01-20,DL,19790,DL,19790,3150,11057,1105703,31057,CLT,"Charlotte, NC",10397,1039707,30397,ATL,"Atlanta, GA",813,848.0,35.0,35.0,1.0,2.0,0800-0859,16.0,904.0,956.0,6.0,938,1002.0,24.0,24.0,1.0,1.0,0900-0959,0.0,,0.0,24.0,0.0,0.0,0.0,0.0
27004,2025,1,21,2,2025-01-21,DL,19790,DL,19790,3150,11057,1105703,31057,CLT,"Charlotte, NC",10397,1039707,30397,ATL,"Atlanta, GA",813,807.0,-6.0,0.0,0.0,-1.0,0800-0859,16.0,823.0,911.0,9.0,938,920.0,-18.0,0.0,0.0,-2.0,0900-0959,0.0,,0.0,,,,,
27005,2025,1,22,3,2025-01-22,DL,19790,DL,19790,3150,11057,1105703,31057,CLT,"Charlotte, NC",10397,1039707,30397,ATL,"Atlanta, GA",813,1114.0,181.0,181.0,1.0,12.0,0800-0859,14.0,1128.0,1211.0,7.0,938,1218.0,160.0,160.0,1.0,10.0,0900-0959,0.0,,0.0,0.0,0.0,160.0,0.0,0.0
27006,2025,1,23,4,2025-01-23,DL,19790,DL,19790,3150,11057,1105703,31057,CLT,"Charlotte, NC",10397,1039707,30397,ATL,"Atlanta, GA",813,812.0,-1.0,0.0,0.0,-1.0,0800-0859,17.0,829.0,914.0,23.0,938,937.0,-1.0,0.0,0.0,-1.0,0900-0959,0.0,,0.0,,,,,
27007,2025,1,24,5,2025-01-24,DL,19790,DL,19790,3150,11057,1105703,31057,CLT,"Charlotte, NC",10397,1039707,30397,ATL,"Atlanta, GA",813,806.0,-7.0,0.0,0.0,-1.0,0800-0859,23.0,829.0,914.0,18.0,938,932.0,-6.0,0.0,0.0,-1.0,0900-0959,0.0,,0.0,,,,,
27008,2025,1,25,6,2025-01-25,DL,19790,DL,19790,3150,11057,1105703,31057,CLT,"Charlotte, NC",10397,1039707,30397,ATL,"Atlanta, GA",813,806.0,-7.0,0.0,0.0,-1.0,0800-0859,27.0,833.0,914.0,10.0,938,924.0,-14.0,0.0,0.0,-1.0,0900-0959,0.0,,0.0,,,,,
27009,2025,1,26,7,2025-01-26,DL,19790,DL,19790,3150,11057,1105703,31057,CLT,"Charlotte, NC",10397,1039707,30397,ATL,"Atlanta, GA",813,806.0,-7.0,0.0,0.0,-1.0,0800-0859,17.0,823.0,904.0,24.0,938,928.0,-10.0,0.0,0.0,-1.0,0900-0959,0.0,,0.0,,,,,
27010,2025,1,27,1,2025-01-27,DL,19790,DL,19790,3150,11057,1105703,31057,CLT,"Charlotte, NC",10397,1039707,30397,ATL,"Atlanta, GA",813,825.0,12.0,12.0,0.0,0.0,0800-0859,27.0,852.0,935.0,14.0,938,949.0,11.0,11.0,0.0,0.0,0900-0959,0.0,,0.0,,,,,
27011,2025,1,28,2,2025-01-28,DL,19790,DL,19790,3150,11057,1105703,31057,CLT,"Charlotte, NC",10397,1039707,30397,ATL,"Atlanta, GA",813,813.0,0.0,0.0,0.0,0.0,0800-0859,41.0,854.0,935.0,8.0,938,943.0,5.0,5.0,0.0,0.0,0900-0959,0.0,,0.0,,,,,
27012,2025,1,29,3,2025-01-29,DL,19790,DL,19790,3150,11057,1105703,31057,CLT,"Charlotte, NC",10397,1039707,30397,ATL,"Atlanta, GA",813,809.0,-4.0,0.0,0.0,-1.0,0800-0859,18.0,827.0,912.0,22.0,938,934.0,-4.0,0.0,0.0,-1.0,0900-0959,0.0,,0.0,,,,,
27013,2025,1,30,4,2025-01-30,DL,19790,DL,19790,3150,11057,1105703,31057,CLT,"Charlotte, NC",10397,1039707,30397,ATL,"Atlanta, GA",813,803.0,-10.0,0.0,0.0,-1.0,0800-0859,16.0,819.0,904.0,18.0,938,922.0,-16.0,0.0,0.0,-2.0,0900-0959,0.0,,0.0,,,,,
27014,2025,1,31,5,2025-01-31,DL,19790,DL,19790,3150,11057,1105703,31057,CLT,"Charlotte, NC",10397,1039707,30397,ATL,"Atlanta, GA",813,812.0,-1.0,0.0,0.0,-1.0,0800-0859,15.0,827.0,913.0,40.0,938,953.0,15.0,15.0,1.0,1.0,0900-0959,0.0,,0.0,0.0,0.0,15.0,0.0,0.0
27169,2025,1,1,3,2025-01-01,DL,19790,DL,19790,3156,11057,1105703,31057,CLT,"Charlotte, NC",10397,1039707,30397,ATL,"Atlanta, GA",705,659.0,-6.0,0.0,0.0,-1.0,0700-0759,22.0,721.0,806.0,6.0,828,812.0,-16.0,0.0,0.0,-2.0,0800-0859,0.0,,0.0,,,,,
27170,2025,1,2,4,2025-01-02,DL,19790,DL,19790,3156,11057,1105703,31057,CLT,"Charlotte, NC",10397,1039707,30397,ATL,"Atlanta, GA",705,704.0,-1.0,0.0,0.0,-1.0,0700-0759,17.0,721.0,807.0,20.0,828,827.0,-1.0,0.0,0.0,-1.0,0800-0859,0.0,,0.0,,,,,
27171,2025,1,3,5,2025-01-03,DL,19790,DL,19790,3156,11057,1105703,31057,CLT,"Charlotte, NC",10397,1039707,30397,ATL,"Atlanta, GA",705,656.0,-9.0,0.0,0.0,-1.0,0700-0759,15.0,711.0,756.0,6.0,828,802.0,-26.0,0.0,0.0,-2.0,0800-0859,0.0,,0.0,,,,,
27172,2025,1,4,6,2025-01-04,DL,19790,DL,19790,3156,11057,1105703,31057,CLT,"Charlotte, NC",10397,1039707,30397,ATL,"Atlanta, GA",705,736.0,31.0,31.0,1.0,2.0,0700-0759,19.0,755.0,840.0,12.0,828,852.0,24.0,24.0,1.0,1.0,0800-0859,0.0,,0.0,24.0,0.0,0.0,0.0,0.0
27173,2025,1,5,7,2025-01-05,DL,19790,DL,19790,3156,11057,1105703,31057,CLT,"Charlotte, NC",10397,1039707,30397,ATL,"Atlanta, GA",705,704.0,-1.0,0.0,0.0,-1.0,0700-0759,15.0,719.0,803.0,9.0,828,812.0,-16.0,0.0,0.0,-2.0,0800-0859,0.0,,0.0,,,,,
27174,2025,1,6,1,2025-01-06,DL,19790,DL,19790,3156,11057,1105703,31057,CLT,"Charlotte, NC",10397,1039707,30397,ATL,"Atlanta, GA",705,701.0,-4.0,0.0,0.0,-1.0,0700-0759,11.0,712.0,800.0,18.0,830,818.0,-12.0,0.0,0.0,-1.0,0800-0859,0.0,,0.0,,,,,
27175,2025,1,7,2,2025-01-07,DL,19790,DL,19790,3156,11057,1105703,31057,CLT,"Charlotte, NC",10397,1039707,30397,ATL,"Atlanta, GA",705,702.0,-3.0,0.0,0.0,-1.0,0700-0759,13.0,715.0,757.0,15.0,830,812.0,-18.0,0.0,0.0,-2.0,0800-0859,0.0,,0.0,,,,,
27176,2025,1,8,3,2025-01-08,DL,19790,DL,19790,3156,11057,1105703,31057,CLT,"Charlotte, NC",10397,1039707,30397,ATL,"Atlanta, GA",705,656.0,-9.0,0.0,0.0,-1.0,0700-0759,43.0,739.0,824.0,11.0,830,835.0,5.0,5.0,0.0,0.0,0800-0859,0.0,,0.0,,,,,
27177,2025,1,9,4,2025-01-09,DL,19790,DL,19790,3156,11057,1105703,31057,CLT,"Charlotte, NC",10397,1039707,30397,ATL,"Atlanta, GA",705,703.0,-2.0,0.0,0.0,-1.0,0700-0759,19.0,722.0,805.0,8.0,830,813.0,-17.0,0.0,0.0,-2.0,0800-0859,0.0,,0.0,,,,,
27178,2025,1,10,5,2025-01-10,DL,19790,DL,19790,3156,11057,1105703,31057,CLT,"Charlotte, NC",10397,1039707,30397,ATL,"Atlanta, GA",705,1421.0,436.0,436.0,1.0,12.0,0700-0759,33.0,1454.0,1547.0,20.0,830,1607.0,457.0,457.0,1.0,12.0,0800-0859,0.0,,0.0,0.0,436.0,21.0,0.0,0.0
27179,2025,1,11,6,2025-01-11,DL,19790,DL,19790,3156,11057,1105703,31057,CLT,"Charlotte, NC",10397,1039707,30397,ATL,"Atlanta, GA",705,701.0,-4.0,0.0,0.0,-1.0,0700-0759,29.0,730.0,813.0,11.0,830,824.0,-6.0,0.0,0.0,-1.0,0800-0859,0.0,,0.0,,,,,
27180,2025,1,12,7,2025-01-12,DL,19790,DL,19790,3156,11057,1105703,31057,CLT,"Charlotte, NC",10397,1039707,30397,ATL,"Atlanta, GA",705,701.0,-4.0,0.0,0.0,-1.0,0700-0759,24.0,725.0,808.0,6.0,830,814.0,-16.0,0.0,0.0,-2.0,0800-0859,0.0,,0.0,,,,,
27181,2025,1,13,1,2025-01-13,DL,19790,DL,19790,3156,11057,1105703,31057,CLT,"Charlotte, NC",10397,1039707,30397,ATL,"Atlanta, GA",705,656.0,-9.0,0.0,0.0,-1.0,0700-0759,15.0,711.0,757.0,3.0,830,800.0,-30.0,0.0,0.0,-2.0,0800-0859,0.0,,0.0,,,,,
27182,2025,1,14,2,2025-01-14,DL,19790,DL,19790,3156,11057,1105703,31057,CLT,"Charlotte, NC",10397,1039707,30397,ATL,"Atlanta, GA",705,703.0,-2.0,0.0,0.0,-1.0,0700-0759,17.0,720.0,806.0,8.0,830,814.0,-16.0,0.0,0.0,-2.0,0800-0859,0.0,,0.0,,,,,
27183,2025,1,15,3,2025-01-15,DL,19790,DL,19790,3156,11057,1105703,31057,CLT,"Charlotte, NC",10397,1039707,30397,ATL,"Atlanta, GA",705,704.0,-1.0,0.0,0.0,-1.0,0700-0759,18.0,722.0,808.0,5.0,830,813.0,-17.0,0.0,0.0,-2.0,0800-0859,0.0,,0.0,,,,,
27184,2025,1,16,4,2025-01-16,DL,19790,DL,19790,3156,11057,1105703,31057,CLT,"Charlotte, NC",10397,1039707,30397,ATL,"Atlanta, GA",705,704.0,-1.0,0.0,0.0,-1.0,0700-0759,35.0,739.0,823.0,8.0,830,831.0,1.0,1.0,0.0,0.0,0800-0859,0.0,,0.0,,,,,
27185,2025,1,17,5,2025-01-17,DL,19790,DL,19790,3156,11057,1105703,31057,CLT,"Charlotte, NC",10397,1039707,30397,ATL,"Atlanta, GA",705,659.0,-6.0,0.0,0.0,-1.0,0700-0759,13.0,712.0,754.0,16.0,830,810.0,-20.0,0.0,0.0,-2.0,0800-0859,0.0,,0.0,,,,,
27186,2025,1,18,6,2025-01-18,DL,19790,DL,19790,3156,11057,1105703,31057,CLT,"Charlotte, NC",10397,1039707,30397,ATL,"Atlanta, GA",705,657.0,-8.0,0.0,0.0,-1.0,0700-0759,14.0,711.0,756.0,4.0,830,800.0,-30.0,0.0,0.0,-2.0,0800-0859,0.0,,0.0,,,,,
27187,2025,1,19,7,2025-01-19,DL,19790,DL,19790,3156,11057,1105703,31057,CLT,"Charlotte, NC",10397,1039707,30397,ATL,"Atlanta, GA",705,700.0,-5.0,0.0,0.0,-1.0,0700-0759,17.0,717.0,803.0,4.0,830,807.0,-23.0,0.0,0.0,-2.0,0800-0859,0.0,,0.0,,,,,
27188,2025,1,20,1,2025-01-20,DL,19790,DL,19790,3156,11057,1105703,31057,CLT,"Charlotte, NC",10397,1039707,30397,ATL,"Atlanta, GA",705,758.0,53.0,53.0,1.0,3.0,0700-0759,17.0,815.0,902.0,8.0,830,910.0,40.0,40.0,1.0,2.0,0800-0859,0.0,,0.0,40.0,0.0,0.0,0.0,0.0
27189,2025,1,21,2,2025-01-21,DL,19790,DL,19790,3156,11057,1105703,31057,CLT,"Charlotte, NC",10397,1039707,30397,ATL,"Atlanta, GA",705,658.0,-7.0,0.0,0.0,-1.0,0700-0759,19.0,717.0,802.0,11.0,830,813.0,-17.0,0.0,0.0,-2.0,0800-0859,0.0,,0.0,,,,,
27190,2025,1,22,3,2025-01-22,DL,19790,DL,19790,3156,11057,1105703,31057,CLT,"Charlotte, NC",10397,1039707,30397,ATL,"Atlanta, GA",705,703.0,-2.0,0.0,0.0,-1.0,0700-0759,35.0,738.0,817.0,31.0,830,848.0,18.0,18.0,1.0,1.0,0800-0859,0.0,,0.0,0.0,0.0,18.0,0.0,0.0
27191,2025,1,23,4,2025-01-23,DL,19790,DL,19790,3156,11057,1105703,31057,CLT,"Charlotte, NC",10397,1039707,30397,ATL,"Atlanta, GA",705,706.0,1.0,1.0,0.0,0.0,0700-0759,14.0,720.0,808.0,5.0,830,813.0,-17.0,0.0,0.0,-2.0,0800-0859,0.0,,0.0,,,,,
27192,2025,1,24,5,2025-01-24,DL,19790,DL,19790,3156,11057,1105703,31057,CLT,"Charlotte, NC",10397,1039707,30397,ATL,"Atlanta, GA",705,657.0,-8.0,0.0,0.0,-1.0,0700-0759,24.0,721.0,809.0,9.0,830,818.0,-12.0,0.0,0.0,-1.0,0800-0859,0.0,,0.0,,,,,
27193,2025,1,25,6,2025-01-25,DL,19790,DL,19790,3156,11057,1105703,31057,CLT,"Charlotte, NC",10397,1039707,30397,ATL,"Atlanta, GA",705,706.0,1.0,1.0,0.0,0.0,0700-0759,53.0,759.0,842.0,8.0,830,850.0,20.0,20.0,1.0,1.0,0800-0859,0.0,,0.0,0.0,0.0,20.0,0.0,0.0
27194,2025,1,26,7,2025-01-26,DL,19790,DL,19790,3156,11057,1105703,31057,CLT,"Charlotte, NC",10397,1039707,30397,ATL,"Atlanta, GA",705,657.0,-8.0,0.0,0.0,-1.0,0700-0759,13.0,710.0,755.0,4.0,830,759.0,-31.0,0.0,0.0,-2.0,0800-0859,0.0,,0.0,,,,,
27195,2025,1,27,1,2025-01-27,DL,19790,DL,19790,3156,11057,1105703,31057,CLT,"Charlotte, NC",10397,1039707,30397,ATL,"Atlanta, GA",705,700.0,-5.0,0.0,0.0,-1.0,0700-0759,19.0,719.0,806.0,9.0,830,815.0,-15.0,0.0,0.0,-1.0,0800-0859,0.0,,0.0,,,,,
27196,2025,1,28,2,2025-01-28,DL,19790,DL,19790,3156,11057,1105703,31057,CLT,"Charlotte, NC",10397,1039707,30397,ATL,"Atlanta, GA",705,851.0,106.0,106.0,1.0,7.0,0700-0759,19.0,910.0,952.0,21.0,830,1013.0,103.0,103.0,1.0,6.0,0800-0859,0.0,,0.0,103.0,0.0,0.0,0.0,0.0
27197,2025,1,29,3,2025-01-29,DL,19790,DL,19790,3156,11057,1105703,31057,CLT,"Charlotte, NC",10397,1039707,30397,ATL,"Atlanta, GA",705,655.0,-10.0,0.0,0.0,-1.0,0700-0759,16.0,711.0,755.0,18.0,830,813.0,-17.0,0.0,0.0,-2.0,0800-0859,0.0,,0.0,,,,,
27198,2025,1,30,4,2025-01-30,DL,19790,DL,19790,3156,11057,1105703,31057,CLT,"Charlotte, NC",10397,1039707,30397,ATL,"Atlanta, GA",705,704.0,-1.0,0.0,0.0,-1.0,0700-0759,20.0,724.0,808.0,10.0,830,818.0,-12.0,0.0,0.0,-1.0,0800-0859,0.0,,0.0,,,,,
27199,2025,1,31,5,2025-01-31,DL,19790,DL,19790,3156,11057,1105703,31057,CLT,"Charlotte, NC",10397,1039707,30397,ATL,"Atlanta, GA",705,705.0,0.0,0.0,0.0,0.0,0700-0759,22.0,727.0,814.0,7.0,830,821.0,-9.0,0.0,0.0,-1.0,0800-0859,0.0,,0.0,,,,,
28148,2025,1,1,3,2025-01-01,DL,19790,DL,19790,3185,11057,1105703,31057,CLT,"Charlotte, NC",10397,1039707,30397,ATL,"Atlanta, GA",1421,1506.0,45.0,45.0,1.0,3.0,1400-1459,19.0,1525.0,1610.0,4.0,1538,1614.0,36.0,36.0,1.0,2.0,1500-1559,0.0,,0.0,11.0,0.0,0.0,0.0,25.0
28150,2025,1,2,4,2025-01-02,DL,19790,DL,19790,3185,11057,1105703,31057,CLT,"Charlotte, NC",10397,1039707,30397,ATL,"Atlanta, GA",1421,1418.0,-3.0,0.0,0.0,-1.0,1400-1459,10.0,1428.0,1515.0,5.0,1538,1520.0,-18.0,0.0,0.0,-2.0,1500-1559,0.0,,0.0,,,,,
28152,2025,1,3,5,2025-01-03,DL,19790,DL,19790,3185,11057,1105703,31057,CLT,"Charlotte, NC",10397,1039707,30397,ATL,"Atlanta, GA",1421,1418.0,-3.0,0.0,0.0,-1.0,1400-1459,18.0,1436.0,1523.0,7.0,1538,1530.0,-8.0,0.0,0.0,-1.0,1500-1559,0.0,,0.0,,,,,
28154,2025,1,4,6,2025-01-04,DL,19790,DL,19790,3185,11057,1105703,31057,CLT,"Charlotte, NC",10397,1039707,30397,ATL,"Atlanta, GA",1421,1455.0,34.0,34.0,1.0,2.0,1400-1459,16.0,1511.0,1551.0,6.0,1538,1557.0,19.0,19.0,1.0,1.0,1500-1559,0.0,,0.0,7.0,0.0,0.0,0.0,12.0
28156,2025,1,5,7,2025-01-05,DL,19790,DL,19790,3185,11057,1105703,31057,CLT,"Charlotte, NC",10397,1039707,30397,ATL,"Atlanta, GA",1421,1438.0,17.0,17.0,1.0,1.0,1400-1459,12.0,1450.0,1538.0,8.0,1538,1546.0,8.0,8.0,0.0,0.0,1500-1559,0.0,,0.0,,,,,
28158,2025,1,11,6,2025-01-11,DL,19790,DL,19790,3185,11057,1105703,31057,CLT,"Charlotte, NC",10397,1039707,30397,ATL,"Atlanta, GA",1420,1603.0,103.0,103.0,1.0,6.0,1400-1459,15.0,1618.0,1659.0,7.0,1540,1706.0,86.0,86.0,1.0,5.0,1500-1559,0.0,,0.0,0.0,0.0,0.0,0.0,86.0
28160,2025,1,18,6,2025-01-18,DL,19790,DL,19790,3185,11057,1105703,31057,CLT,"Charlotte, NC",10397,1039707,30397,ATL,"Atlanta, GA",1420,1413.0,-7.0,0.0,0.0,-1.0,1400-1459,11.0,1424.0,1509.0,4.0,1540,1513.0,-27.0,0.0,0.0,-2.0,1500-1559,0.0,,0.0,,,,,
28162,2025,1,19,7,2025-01-19,DL,19790,DL,19790,3185,11057,1105703,31057,CLT,"Charlotte, NC",10397,1039707,30397,ATL,"Atlanta, GA",1420,1415.0,-5.0,0.0,0.0,-1.0,1400-1459,11.0,1426.0,1514.0,9.0,1540,1523.0,-17.0,0.0,0.0,-2.0,1500-1559,0.0,,0.0,,,,,
28164,2025,1,20,1,2025-01-20,DL,19790,DL,19790,3185,11057,1105703,31057,CLT,"Charlotte, NC",10397,1039707,30397,ATL,"Atlanta, GA",1420,1626.0,126.0,126.0,1.0,8.0,1400-1459,16.0,1642.0,1727.0,3.0,1540,1730.0,110.0,110.0,1.0,7.0,1500-1559,0.0,,0.0,12.0,0.0,0.0,0.0,98.0
28166,2025,1,21,2,2025-01-21,DL,19790,DL,19790,3185,11057,1105703,31057,CLT,"Charlotte, NC",10397,1039707,30397,ATL,"Atlanta, GA",1420,1420.0,0.0,0.0,0.0,0.0,1400-1459,23.0,1443.0,1533.0,9.0,1540,1542.0,2.0,2.0,0.0,0.0,1500-1559,0.0,,0.0,,,,,
28168,2025,1,22,3,2025-01-22,DL,19790,DL,19790,3185,11057,1105703,31057,CLT,"Charlotte, NC",10397,1039707,30397,ATL,"Atlanta, GA",1420,1434.0,14.0,14.0,0.0,0.0,1400-1459,19.0,1453.0,1538.0,11.0,1540,1549.0,9.0,9.0,0.0,0.0,1500-1559,0.0,,0.0,,,,,
28170,2025,1,23,4,2025-01-23,DL,19790,DL,19790,3185,11057,1105703,31057,CLT,"Charlotte, NC",10397,1039707,30397,ATL,"Atlanta, GA",1420,1418.0,-2.0,0.0,0.0,-1.0,1400-1459,23.0,1441.0,1527.0,6.0,1540,1533.0,-7.0,0.0,0.0,-1.0,1500-1559,0.0,,0.0,,,,,
28172,2025,1,24,5,2025-01-24,DL,19790,DL,19790,3185,11057,1105703,31057,CLT,"Charlotte, NC",10397,1039707,30397,ATL,"Atlanta, GA",1420,1413.0,-7.0,0.0,0.0,-1.0,1400-1459,12.0,1425.0,1510.0,14.0,1540,1524.0,-16.0,0.0,0.0,-2.0,1500-1559,0.0,,0.0,,,,,
28174,2025,1,25,6,2025-01-25,DL,19790,DL,19790,3185,11057,1105703,31057,CLT,"Charlotte, NC",10397,1039707,30397,ATL,"Atlanta, GA",1420,1415.0,-5.0,0.0,0.0,-1.0,1400-1459,10.0,1425.0,1505.0,4.0,1540,1509.0,-31.0,0.0,0.0,-2.0,1500-1559,0.0,,0.0,,,,,
28176,2025,1,26,7,2025-01-26,DL,19790,DL,19790,3185,11057,1105703,31057,CLT,"Charlotte, NC",10397,1039707,30397,ATL,"Atlanta, GA",1420,1415.0,-5.0,0.0,0.0,-1.0,1400-1459,21.0,1436.0,1519.0,5.0,1540,1524.0,-16.0,0.0,0.0,-2.0,1500-1559,0.0,,0.0,,,,,
28178,2025,1,27,1,2025-01-27,DL,19790,DL,19790,3185,11057,1105703,31057,CLT,"Charlotte, NC",10397,1039707,30397,ATL,"Atlanta, GA",1420,1533.0,73.0,73.0,1.0,4.0,1400-1459,20.0,1553.0,1642.0,6.0,1540,1648.0,68.0,68.0,1.0,4.0,1500-1559,0.0,,0.0,33.0,0.0,0.0,0.0,35.0
28180,2025,1,28,2,2025-01-28,DL,19790,DL,19790,3185,11057,1105703,31057,CLT,"Charlotte, NC",10397,1039707,30397,ATL,"Atlanta, GA",1420,1415.0,-5.0,0.0,0.0,-1.0,1400-1459,12.0,1427.0,1511.0,5.0,1540,1516.0,-24.0,0.0,0.0,-2.0,1500-1559,0.0,,0.0,,,,,
28182,2025,1,29,3,2025-01-29,DL,19790,DL,19790,3185,11057,1105703,31057,CLT,"Charlotte, NC",10397,1039707,30397,ATL,"Atlanta, GA",1420,1426.0,6.0,6.0,0.0,0.0,1400-1459,13.0,1439.0,1524.0,7.0,1540,1531.0,-9.0,0.0,0.0,-1.0,1500-1559,0.0,,0.0,,,,,
28184,2025,1,30,4,2025-01-30,DL,19790,DL,19790,3185,11057,1105703,31057,CLT,"Charlotte, NC",10397,1039707,30397,ATL,"Atlanta, GA",1420,1418.0,-2.0,0.0,0.0,-1.0,1400-1459,17.0,1435.0,1521.0,10.0,1540,1531.0,-9.0,0.0,0.0,-1.0,1500-1559,0.0,,0.0,,,,,
28186,2025,1,31,5,2025-01-31,DL,19790,DL,19790,3185,11057,1105703,31057,CLT,"Charlotte, NC",10397,1039707,30397,ATL,"Atlanta, GA",1420,1417.0,-3.0,0.0,0.0,-1.0,1400-1459,10.0,1427.0,1515.0,6.0,1540,1521.0,-19.0,0.0,0.0,-2.0,1500-1559,0.0,,0.0,,,,,
28187,2025,1,1,3,2025-01-01,DL,19790,DL,19790,3186,11057,1105703,31057,CLT,"Charlotte, NC",10397,1039707,30397,ATL,"Atlanta, GA",600,557.0,-3.0,0.0,0.0,-1.0,0600-0659,15.0,612.0,656.0,4.0,719,700.0,-19.0,0.0,0.0,-2.0,0700-0759,0.0,,0.0,,,,,
28188,2025,1,2,4,2025-01-02,DL,19790,DL,19790,3186,11057,1105703,31057,CLT,"Charlotte, NC",10397,1039707,30397,ATL,"Atlanta, GA",600,551.0,-9.0,0.0,0.0,-1.0,0600-0659,17.0,608.0,652.0,5.0,719,657.0,-22.0,0.0,0.0,-2.0,0700-0759,0.0,,0.0,,,,,
28189,2025,1,3,5,2025-01-03,DL,19790,DL,19790,3186,11057,1105703,31057,CLT,"Charlotte, NC",10397,1039707,30397,ATL,"Atlanta, GA",600,615.0,15.0,15.0,1.0,1.0,0600-0659,18.0,633.0,714.0,5.0,719,719.0,0.0,0.0,0.0,0.0,0700-0759,0.0,,0.0,,,,,
28190,2025,1,4,6,2025-01-04,DL,19790,DL,19790,3186,11057,1105703,31057,CLT,"Charlotte, NC",10397,1039707,30397,ATL,"Atlanta, GA",600,644.0,44.0,44.0,1.0,2.0,0600-0659,30.0,714.0,756.0,7.0,719,803.0,44.0,44.0,1.0,2.0,0700-0759,0.0,,0.0,44.0,0.0,0.0,0.0,0.0
28191,2025,1,5,7,2025-01-05,DL,19790,DL,19790,3186,11057,1105703,31057,CLT,"Charlotte, NC",10397,1039707,30397,ATL,"Atlanta, GA",600,604.0,4.0,4.0,0.0,0.0,0600-0659,20.0,624.0,707.0,6.0,719,713.0,-6.0,0.0,0.0,-1.0,0700-0759,0.0,,0.0,,,,,
28192,2025,1,6,1,2025-01-06,DL,19790,DL,19790,3186,11057,1105703,31057,CLT,"Charlotte, NC",10397,1039707,30397,ATL,"Atlanta, GA",600,600.0,0.0,0.0,0.0,0.0,0600-0659,14.0,614.0,700.0,5.0,719,705.0,-14.0,0.0,0.0,-1.0,0700-0759,0.0,,0.0,,,,,
28193,2025,1,7,2,2025-01-07,DL,19790,DL,19790,3186,11057,1105703,31057,CLT,"Charlotte, NC",10397,1039707,30397,ATL,"Atlanta, GA",600,602.0,2.0,2.0,0.0,0.0,0600-0659,57.0,659.0,738.0,6.0,719,744.0,25.0,25.0,1.0,1.0,0700-0759,0.0,,0.0,0.0,0.0,25.0,0.0,0.0
28194,2025,1,8,3,2025-01-08,DL,19790,DL,19790,3186,11057,1105703,31057,CLT,"Charlotte, NC",10397,1039707,30397,ATL,"Atlanta, GA",600,557.0,-3.0,0.0,0.0,-1.0,0600-0659,37.0,634.0,715.0,6.0,719,721.0,2.0,2.0,0.0,0.0,0700-0759,0.0,,0.0,,,,,
28195,2025,1,9,4,2025-01-09,DL,19790,DL,19790,3186,11057,1105703,31057,CLT,"Charlotte, NC",10397,1039707,30397,ATL,"Atlanta, GA",600,556.0,-4.0,0.0,0.0,-1.0,0600-0659,26.0,622.0,702.0,5.0,719,707.0,-12.0,0.0,0.0,-1.0,0700-0759,0.0,,0.0,,,,,
28196,2025,1,10,5,2025-01-10,DL,19790,DL,19790,3186,11057,1105703,31057,CLT,"Charlotte, NC",10397,1039707,30397,ATL,"Atlanta, GA",600,557.0,-3.0,0.0,0.0,-1.0,0600-0659,25.0,622.0,710.0,10.0,719,720.0,1.0,1.0,0.0,0.0,0700-0759,0.0,,0.0,,,,,
28197,2025,1,11,6,2025-01-11,DL,19790,DL,19790,3186,11057,1105703,31057,CLT,"Charlotte, NC",10397,1039707,30397,ATL,"Atlanta, GA",600,,,,,,0600-0659,,,,,719,,,,,,0700-0759,1.0,B,0.0,,,,,
28198,2025,1,12,7,2025-01-12,DL,19790,DL,19790,3186,11057,1105703,31057,CLT,"Charlotte, NC",10397,1039707,30397,ATL,"Atlanta, GA",600,559.0,-1.0,0.0,0.0,-1.0,0600-0659,34.0,633.0,714.0,4.0,719,718.0,-1.0,0.0,0.0,-1.0,0700-0759,0.0,,0.0,,,,,
28199,2025,1,13,1,2025-01-13,DL,19790,DL,19790,3186,11057,1105703,31057,CLT,"Charlotte, NC",10397,1039707,30397,ATL,"Atlanta, GA",600,558.0,-2.0,0.0,0.0,-1.0,0600-0659,16.0,614.0,659.0,6.0,719,705.0,-14.0,0.0,0.0,-1.0,0700-0759,0.0,,0.0,,,,,
28200,2025,1,14,2,2025-01-14,DL,19790,DL,19790,3186,11057,1105703,31057,CLT,"Charlotte, NC",10397,1039707,30397,ATL,"Atlanta, GA",600,558.0,-2.0,0.0,0.0,-1.0,0600-0659,32.0,630.0,713.0,4.0,719,717.0,-2.0,0.0,0.0,-1.0,0700-0759,0.0,,0.0,,,,,
28201,2025,1,15,3,2025-01-15,DL,19790,DL,19790,3186,11057,1105703,31057,CLT,"Charlotte, NC",10397,1039707,30397,ATL,"Atlanta, GA",600,557.0,-3.0,0.0,0.0,-1.0,0600-0659,16.0,613.0,659.0,5.0,719,704.0,-15.0,0.0,0.0,-1.0,0700-0759,0.0,,0.0,,,,,
28202,2025,1,16,4,2025-01-16,DL,19790,DL,19790,3186,11057,1105703,31057,CLT,"Charlotte, NC",10397,1039707,30397,ATL,"Atlanta, GA",600,555.0,-5.0,0.0,0.0,-1.0,0600-0659,29.0,624.0,705.0,4.0,719,709.0,-10.0,0.0,0.0,-1.0,0700-0759,0.0,,0.0,,,,,
28203,2025,1,17,5,2025-01-17,DL,19790,DL,19790,3186,11057,1105703,31057,CLT,"Charlotte, NC",10397,1039707,30397,ATL,"Atlanta, GA",600,555.0,-5.0,0.0,0.0,-1.0,0600-0659,13.0,608.0,648.0,4.0,719,652.0,-27.0,0.0,0.0,-2.0,0700-0759,0.0,,0.0,,,,,
28204,2025,1,18,6,2025-01-18,DL,19790,DL,19790,3186,11057,1105703,31057,CLT,"Charlotte, NC",10397,1039707,30397,ATL,"Atlanta, GA",600,559.0,-1.0,0.0,0.0,-1.0,0600-0659,15.0,614.0,657.0,8.0,719,705.0,-14.0,0.0,0.0,-1.0,0700-0759,0.0,,0.0,,,,,
28205,2025,1,19,7,2025-01-19,DL,19790,DL,19790,3186,11057,1105703,31057,CLT,"Charlotte, NC",10397,1039707,30397,ATL,"Atlanta, GA",600,558.0,-2.0,0.0,0.0,-1.0,0600-0659,13.0,611.0,655.0,4.0,719,659.0,-20.0,0.0,0.0,-2.0,0700-0759,0.0,,0.0,,,,,
28206,2025,1,20,1,2025-01-20,DL,19790,DL,19790,3186,11057,1105703,31057,CLT,"Charlotte, NC",10397,1039707,30397,ATL,"Atlanta, GA",600,600.0,0.0,0.0,0.0,0.0,0600-0659,20.0,620.0,703.0,7.0,719,710.0,-9.0,0.0,0.0,-1.0,0700-0759,0.0,,0.0,,,,,
28207,2025,1,21,2,2025-01-21,DL,19790,DL,19790,3186,11057,1105703,31057,CLT,"Charlotte, NC",10397,1039707,30397,ATL,"Atlanta, GA",600,556.0,-4.0,0.0,0.0,-1.0,0600-0659,14.0,610.0,655.0,4.0,719,659.0,-20.0,0.0,0.0,-2.0,0700-0759,0.0,,0.0,,,,,
28208,2025,1,22,3,2025-01-22,DL,19790,DL,19790,3186,11057,1105703,31057,CLT,"Charlotte, NC",10397,1039707,30397,ATL,"Atlanta, GA",600,,,,,,0600-0659,,,,,719,,,,,,0700-0759,1.0,B,0.0,,,,,
28209,2025,1,23,4,2025-01-23,DL,19790,DL,19790,3186,11057,1105703,31057,CLT,"Charlotte, NC",10397,1039707,30397,ATL,"Atlanta, GA",600,620.0,20.0,20.0,1.0,1.0,0600-0659,13.0,633.0,716.0,6.0,719,722.0,3.0,3.0,0.0,0.0,0700-0759,0.0,,0.0,,,,,
28210,2025,1,24,5,2025-01-24,DL,19790,DL,19790,3186,11057,1105703,31057,CLT,"Charlotte, NC",10397,1039707,30397,ATL,"Atlanta, GA",600,603.0,3.0,3.0,0.0,0.0,0600-0659,40.0,643.0,728.0,5.0,719,733.0,14.0,14.0,0.0,0.0,0700-0759,0.0,,0.0,,,,,
28211,2025,1,25,6,2025-01-25,DL,19790,DL,19790,3186,11057,1105703,31057,CLT,"Charlotte, NC",10397,1039707,30397,ATL,"Atlanta, GA",600,558.0,-2.0,0.0,0.0,-1.0,0600-0659,31.0,629.0,709.0,4.0,719,713.0,-6.0,0.0,0.0,-1.0,0700-0759,0.0,,0.0,,,,,
28212,2025,1,26,7,2025-01-26,DL,19790,DL,19790,3186,11057,1105703,31057,CLT,"Charlotte, NC",10397,1039707,30397,ATL,"Atlanta, GA",600,558.0,-2.0,0.0,0.0,-1.0,0600-0659,14.0,612.0,655.0,6.0,719,701.0,-18.0,0.0,0.0,-2.0,0700-0759,0.0,,0.0,,,,,
28213,2025,1,27,1,2025-01-27,DL,19790,DL,19790,3186,11057,1105703,31057,CLT,"Charlotte, NC",10397,1039707,30397,ATL,"Atlanta, GA",600,556.0,-4.0,0.0,0.0,-1.0,0600-0659,15.0,611.0,655.0,6.0,719,701.0,-18.0,0.0,0.0,-2.0,0700-0759,0.0,,0.0,,,,,
28214,2025,1,28,2,2025-01-28,DL,19790,DL,19790,3186,11057,1105703,31057,CLT,"Charlotte, NC",10397,1039707,30397,ATL,"Atlanta, GA",600,556.0,-4.0,0.0,0.0,-1.0,0600-0659,21.0,617.0,659.0,7.0,719,706.0,-13.0,0.0,0.0,-1.0,0700-0759,0.0,,0.0,,,,,
28215,2025,1,29,3,2025-01-29,DL,19790,DL,19790,3186,11057,1105703,31057,CLT,"Charlotte, NC",10397,1039707,30397,ATL,"Atlanta, GA",600,554.0,-6.0,0.0,0.0,-1.0,0600-0659,14.0,608.0,650.0,5.0,719,655.0,-24.0,0.0,0.0,-2.0,0700-0759,0.0,,0.0,,,,,
28216,2025,1,30,4,2025-01-30,DL,19790,DL,19790,3186,11057,1105703,31057,CLT,"Charlotte, NC",10397,1039707,30397,ATL,"Atlanta, GA",600,558.0,-2.0,0.0,0.0,-1.0,0600-0659,29.0,627.0,713.0,4.0,719,717.0,-2.0,0.0,0.0,-1.0,0700-0759,0.0,,0.0,,,,,
28217,2025,1,31,5,2025-01-31,DL,19790,DL,19790,3186,11057,1105703,31057,CLT,"Charlotte, NC",10397,1039707,30397,ATL,"Atlanta, GA",600,559.0,-1.0,0.0,0.0,-1.0,0600-0659,35.0,634.0,721.0,6.0,719,727.0,8.0,8.0,0.0,0.0,0700-0759,0.0,,0.0,,,,,
50995,2025,1,6,1,2025-01-06,DL,19790,DL,19790,1290,11057,1105703,31057,CLT,"Charlotte, NC",10397,1039707,30397,ATL,"Atlanta, GA",1850,1852.0,2.0,2.0,0.0,0.0,1800-1859,23.0,1915.0,2002.0,9.0,2019,2011.0,-8.0,0.0,0.0,-1.0,2000-2059,0.0,,0.0,,,,,
50996,2025,1,7,2,2025-01-07,DL,19790,DL,19790,1290,11057,1105703,31057,CLT,"Charlotte, NC",10397,1039707,30397,ATL,"Atlanta, GA",1850,1847.0,-3.0,0.0,0.0,-1.0,1800-1859,14.0,1901.0,1947.0,29.0,2019,2016.0,-3.0,0.0,0.0,-1.0,2000-2059,0.0,,0.0,,,,,
50997,2025,1,8,3,2025-01-08,DL,19790,DL,19790,1290,11057,1105703,31057,CLT,"Charlotte, NC",10397,1039707,30397,ATL,"Atlanta, GA",1850,1844.0,-6.0,0.0,0.0,-1.0,1800-1859,23.0,1907.0,1953.0,28.0,2019,2021.0,2.0,2.0,0.0,0.0,2000-2059,0.0,,0.0,,,,,
50998,2025,1,9,4,2025-01-09,DL,19790,DL,19790,1290,11057,1105703,31057,CLT,"Charlotte, NC",10397,1039707,30397,ATL,"Atlanta, GA",1850,1847.0,-3.0,0.0,0.0,-1.0,1800-1859,17.0,1904.0,1944.0,10.0,2019,1954.0,-25.0,0.0,0.0,-2.0,2000-2059,0.0,,0.0,,,,,
50999,2025,1,10,5,2025-01-10,DL,19790,DL,19790,1290,11057,1105703,31057,CLT,"Charlotte, NC",10397,1039707,30397,ATL,"Atlanta, GA",1850,22.0,332.0,332.0,1.0,12.0,1800-1859,53.0,115.0,203.0,6.0,2019,209.0,350.0,350.0,1.0,12.0,2000-2059,0.0,,0.0,0.0,332.0,18.0,0.0,0.0
51000,2025,1,11,6,2025-01-11,DL,19790,DL,19790,1290,11057,1105703,31057,CLT,"Charlotte, NC",10397,1039707,30397,ATL,"Atlanta, GA",1850,1920.0,30.0,30.0,1.0,2.0,1800-1859,14.0,1934.0,2015.0,5.0,2019,2020.0,1.0,1.0,0.0,0.0,2000-2059,0.0,,0.0,,,,,
51001,2025,1,12,7,2025-01-12,DL,19790,DL,19790,1290,11057,1105703,31057,CLT,"Charlotte, NC",10397,1039707,30397,ATL,"Atlanta, GA",1850,1841.0,-9.0,0.0,0.0,-1.0,1800-1859,26.0,1907.0,1951.0,6.0,2019,1957.0,-22.0,0.0,0.0,-2.0,2000-2059,0.0,,0.0,,,,,
51002,2025,1,13,1,2025-01-13,DL,19790,DL,19790,1290,11057,1105703,31057,CLT,"Charlotte, NC",10397,1039707,30397,ATL,"Atlanta, GA",1850,1849.0,-1.0,0.0,0.0,-1.0,1800-1859,24.0,1913.0,2002.0,7.0,2019,2009.0,-10.0,0.0,0.0,-1.0,2000-2059,0.0,,0.0,,,,,
51003,2025,1,14,2,2025-01-14,DL,19790,DL,19790,1290,11057,1105703,31057,CLT,"Charlotte, NC",10397,1039707,30397,ATL,"Atlanta, GA",1850,1941.0,51.0,51.0,1.0,3.0,1800-1859,14.0,1955.0,2039.0,7.0,2019,2046.0,27.0,27.0,1.0,1.0,2000-2059,0.0,,0.0,27.0,0.0,0.0,0.0,0.0
51004,2025,1,15,3,2025-01-15,DL,19790,DL,19790,1290,11057,1105703,31057,CLT,"Charlotte, NC",10397,1039707,30397,ATL,"Atlanta, GA",1850,1844.0,-6.0,0.0,0.0,-1.0,1800-1859,20.0,1904.0,1949.0,37.0,2019,2026.0,7.0,7.0,0.0,0.0,2000-2059,0.0,,0.0,,,,,
51005,2025,1,16,4,2025-01-16,DL,19790,DL,19790,1290,11057,1105703,31057,CLT,"Charlotte, NC",10397,1039707,30397,ATL,"Atlanta, GA",1901,1901.0,0.0,0.0,0.0,0.0,1900-1959,26.0,1927.0,2013.0,8.0,2030,2021.0,-9.0,0.0,0.0,-1.0,2000-2059,0.0,,0.0,,,,,
51006,2025,1,17,5,2025-01-17,DL,19790,DL,19790,1290,11057,1105703,31057,CLT,"Charlotte, NC",10397,1039707,30397,ATL,"Atlanta, GA",1850,1848.0,-2.0,0.0,0.0,-1.0,1800-1859,30.0,1918.0,2000.0,6.0,2019,2006.0,-13.0,0.0,0.0,-1.0,2000-2059,0.0,,0.0,,,,,
51007,2025,1,18,6,2025-01-18,DL,19790,DL,19790,1290,11057,1105703,31057,CLT,"Charlotte, NC",10397,1039707,30397,ATL,"Atlanta, GA",1850,1850.0,0.0,0.0,0.0,0.0,1800-1859,17.0,1907.0,1954.0,11.0,2019,2005.0,-14.0,0.0,0.0,-1.0,2000-2059,0.0,,0.0,,,,,
51008,2025,1,19,7,2025-01-19,DL,19790,DL,19790,1290,11057,1105703,31057,CLT,"Charlotte, NC",10397,1039707,30397,ATL,"Atlanta, GA",1850,1901.0,11.0,11.0,0.0,0.0,1800-1859,18.0,1919.0,2007.0,13.0,2019,2020.0,1.0,1.0,0.0,0.0,2000-2059,0.0,,0.0,,,,,
51009,2025,1,20,1,2025-01-20,DL,19790,DL,19790,1290,11057,1105703,31057,CLT,"Charlotte, NC",10397,1039707,30397,ATL,"Atlanta, GA",1850,2008.0,78.0,78.0,1.0,5.0,1800-1859,18.0,2026.0,2111.0,8.0,2019,2119.0,60.0,60.0,1.0,4.0,2000-2059,0.0,,0.0,5.0,0.0,0.0,0.0,55.0
51010,2025,1,21,2,2025-01-21,DL,19790,DL,19790,1290,11057,1105703,31057,CLT,"Charlotte, NC",10397,1039707,30397,ATL,"Atlanta, GA",1850,1211.0,1041.0,1041.0,1.0,12.0,1800-1859,31.0,1242.0,1327.0,8.0,2019,1335.0,1036.0,1036.0,1.0,12.0,2000-2059,0.0,,0.0,1036.0,0.0,0.0,0.0,0.0
51011,2025,1,22,3,2025-01-22,DL,19790,DL,19790,1290,11057,1105703,31057,CLT,"Charlotte, NC",10397,1039707,30397,ATL,"Atlanta, GA",1850,1858.0,8.0,8.0,0.0,0.0,1800-1859,19.0,1917.0,2006.0,10.0,2019,2016.0,-3.0,0.0,0.0,-1.0,2000-2059,0.0,,0.0,,,,,
51012,2025,1,23,4,2025-01-23,DL,19790,DL,19790,1290,11057,1105703,31057,CLT,"Charlotte, NC",10397,1039707,30397,ATL,"Atlanta, GA",1850,1851.0,1.0,1.0,0.0,0.0,1800-1859,22.0,1913.0,2000.0,6.0,2019,2006.0,-13.0,0.0,0.0,-1.0,2000-2059,0.0,,0.0,,,,,
51013,2025,1,24,5,2025-01-24,DL,19790,DL,19790,1290,11057,1105703,31057,CLT,"Charlotte, NC",10397,1039707,30397,ATL,"Atlanta, GA",1850,1840.0,-10.0,0.0,0.0,-1.0,1800-1859,25.0,1905.0,1948.0,6.0,2019,1954.0,-25.0,0.0,0.0,-2.0,2000-2059,0.0,,0.0,,,,,
51014,2025,1,25,6,2025-01-25,DL,19790,DL,19790,1290,11057,1105703,31057,CLT,"Charlotte, NC",10397,1039707,30397,ATL,"Atlanta, GA",1850,1836.0,-14.0,0.0,0.0,-1.0,1800-1859,23.0,1859.0,1943.0,40.0,2019,2023.0,4.0,4.0,0.0,0.0,2000-2059,0.0,,0.0,,,,,
51015,2025,1,26,7,2025-01-26,DL,19790,DL,19790,1290,11057,1105703,31057,CLT,"Charlotte, NC",10397,1039707,30397,ATL,"Atlanta, GA",1850,1847.0,-3.0,0.0,0.0,-1.0,1800-1859,18.0,1905.0,1950.0,9.0,2019,1959.0,-20.0,0.0,0.0,-2.0,2000-2059,0.0,,0.0,,,,,
51016,2025,1,27,1,2025-01-27,DL,19790,DL,19790,1290,11057,1105703,31057,CLT,"Charlotte, NC",10397,1039707,30397,ATL,"Atlanta, GA",1850,1853.0,3.0,3.0,0.0,0.0,1800-1859,28.0,1921.0,2009.0,11.0,2019,2020.0,1.0,1.0,0.0,0.0,2000-2059,0.0,,0.0,,,,,
51017,2025,1,28,2,2025-01-28,DL,19790,DL,19790,1290,11057,1105703,31057,CLT,"Charlotte, NC",10397,1039707,30397,ATL,"Atlanta, GA",1850,1843.0,-7.0,0.0,0.0,-1.0,1800-1859,23.0,1906.0,1948.0,6.0,2019,1954.0,-25.0,0.0,0.0,-2.0,2000-2059,0.0,,0.0,,,,,
51018,2025,1,29,3,2025-01-29,DL,19790,DL,19790,1290,11057,1105703,31057,CLT,"Charlotte, NC",10397,1039707,30397,ATL,"Atlanta, GA",1850,1837.0,-13.0,0.0,0.0,-1.0,1800-1859,29.0,1906.0,1949.0,16.0,2019,2005.0,-14.0,0.0,0.0,-1.0,2000-2059,0.0,,0.0,,,,,
51019,2025,1,30,4,2025-01-30,DL,19790,DL,19790,1290,11057,1105703,31057,CLT,"Charlotte, NC",10397,1039707,30397,ATL,"Atlanta, GA",1850,2117.0,147.0,147.0,1.0,9.0,1800-1859,17.0,2134.0,2217.0,6.0,2019,2223.0,124.0,124.0,1.0,8.0,2000-2059,0.0,,0.0,124.0,0.0,0.0,0.0,0.0
51020,2025,1,31,5,2025-01-31,DL,19790,DL,19790,1290,11057,1105703,31057,CLT,"Charlotte, NC",10397,1039707,30397,ATL,"Atlanta, GA",1850,1847.0,-3.0,0.0,0.0,-1.0,1800-1859,14.0,1901.0,1951.0,8.0,2019,1959.0,-20.0,0.0,0.0,-2.0,2000-2059,0.0,,0.0,,,,,
51121,2025,1,6,1,2025-01-06,DL,19790,DL,19790,1294,11057,1105703,31057,CLT,"Charlotte, NC",10397,1039707,30397,ATL,"Atlanta, GA",1249,1722.0,273.0,273.0,1.0,12.0,1200-1259,14.0,1736.0,1819.0,5.0,1403,1824.0,261.0,261.0,1.0,12.0,1400-1459,0.0,,0.0,9.0,0.0,0.0,0.0,252.0
51122,2025,1,7,2,2025-01-07,DL,19790,DL,19790,1294,11057,1105703,31057,CLT,"Charlotte, NC",10397,1039707,30397,ATL,"Atlanta, GA",1249,1245.0,-4.0,0.0,0.0,-1.0,1200-1259,19.0,1304.0,1346.0,3.0,1403,1349.0,-14.0,0.0,0.0,-1.0,1400-1459,0.0,,0.0,,,,,
51123,2025,1,8,3,2025-01-08,DL,19790,DL,19790,1294,11057,1105703,31057,CLT,"Charlotte, NC",10397,1039707,30397,ATL,"Atlanta, GA",1249,1248.0,-1.0,0.0,0.0,-1.0,1200-1259,24.0,1312.0,1358.0,4.0,1403,1402.0,-1.0,0.0,0.0,-1.0,1400-1459,0.0,,0.0,,,,,
51124,2025,1,9,4,2025-01-09,DL,19790,DL,19790,1294,11057,1105703,31057,CLT,"Charlotte, NC",10397,1039707,30397,ATL,"Atlanta, GA",1249,1256.0,7.0,7.0,0.0,0.0,1200-1259,15.0,1311.0,1355.0,5.0,1403,1400.0,-3.0,0.0,0.0,-1.0,1400-1459,0.0,,0.0,,,,,
51125,2025,1,10,5,2025-01-10,DL,19790,DL,19790,1294,11057,1105703,31057,CLT,"Charlotte, NC",10397,1039707,30397,ATL,"Atlanta, GA",1249,,,,,,1200-1259,,,,,1403,,,,,,1400-1459,1.0,B,0.0,,,,,
51126,2025,1,11,6,2025-01-11,DL,19790,DL,19790,1294,11057,1105703,31057,CLT,"Charlotte, NC",10397,1039707,30397,ATL,"Atlanta, GA",1249,2318.0,629.0,629.0,1.0,12.0,1200-1259,29.0,2347.0,29.0,15.0,1403,44.0,641.0,641.0,1.0,12.0,1400-1459,0.0,,0.0,629.0,0.0,12.0,0.0,0.0
51127,2025,1,12,7,2025-01-12,DL,19790,DL,19790,1294,11057,1105703,31057,CLT,"Charlotte, NC",10397,1039707,30397,ATL,"Atlanta, GA",1249,1306.0,17.0,17.0,1.0,1.0,1200-1259,19.0,1325.0,1408.0,6.0,1403,1414.0,11.0,11.0,0.0,0.0,1400-1459,0.0,,0.0,,,,,
51128,2025,1,13,1,2025-01-13,DL,19790,DL,19790,1294,11057,1105703,31057,CLT,"Charlotte, NC",10397,1039707,30397,ATL,"Atlanta, GA",1249,1251.0,2.0,2.0,0.0,0.0,1200-1259,30.0,1321.0,1405.0,5.0,1403,1410.0,7.0,7.0,0.0,0.0,1400-1459,0.0,,0.0,,,,,
51129,2025,1,14,2,2025-01-14,DL,19790,DL,19790,1294,11057,1105703,31057,CLT,"Charlotte, NC",10397,1039707,30397,ATL,"Atlanta, GA",1249,1248.0,-1.0,0.0,0.0,-1.0,1200-1259,15.0,1303.0,1348.0,4.0,1403,1352.0,-11.0,0.0,0.0,-1.0,1400-1459,0.0,,0.0,,,,,
51130,2025,1,15,3,2025-01-15,DL,19790,DL,19790,1294,11057,1105703,31057,CLT,"Charlotte, NC",10397,1039707,30397,ATL,"Atlanta, GA",1249,1250.0,1.0,1.0,0.0,0.0,1200-1259,17.0,1307.0,1353.0,4.0,1403,1357.0,-6.0,0.0,0.0,-1.0,1400-1459,0.0,,0.0,,,,,
51131,2025,1,16,4,2025-01-16,DL,19790,DL,19790,1294,11057,1105703,31057,CLT,"Charlotte, NC",10397,1039707,30397,ATL,"Atlanta, GA",1249,1247.0,-2.0,0.0,0.0,-1.0,1200-1259,12.0,1259.0,1342.0,5.0,1403,1347.0,-16.0,0.0,0.0,-2.0,1400-1459,0.0,,0.0,,,,,
51132,2025,1,17,5,2025-01-17,DL,19790,DL,19790,1294,11057,1105703,31057,CLT,"Charlotte, NC",10397,1039707,30397,ATL,"Atlanta, GA",1249,1247.0,-2.0,0.0,0.0,-1.0,1200-1259,11.0,1258.0,1340.0,7.0,1403,1347.0,-16.0,0.0,0.0,-2.0,1400-1459,0.0,,0.0,,,,,
51133,2025,1,18,6,2025-01-18,DL,19790,DL,19790,1294,11057,1105703,31057,CLT,"Charlotte, NC",10397,1039707,30397,ATL,"Atlanta, GA",1249,1309.0,20.0,20.0,1.0,1.0,1200-1259,19.0,1328.0,1413.0,6.0,1403,1419.0,16.0,16.0,1.0,1.0,1400-1459,0.0,,0.0,0.0,0.0,0.0,0.0,16.0
51134,2025,1,19,7,2025-01-19,DL,19790,DL,19790,1294,11057,1105703,31057,CLT,"Charlotte, NC",10397,1039707,30397,ATL,"Atlanta, GA",1249,1244.0,-5.0,0.0,0.0,-1.0,1200-1259,24.0,1308.0,1359.0,5.0,1403,1404.0,1.0,1.0,0.0,0.0,1400-1459,0.0,,0.0,,,,,
51135,2025,1,20,1,2025-01-20,DL,19790,DL,19790,1294,11057,1105703,31057,CLT,"Charlotte, NC",10397,1039707,30397,ATL,"Atlanta, GA",1249,1402.0,73.0,73.0,1.0,4.0,1200-1259,23.0,1425.0,1510.0,5.0,1403,1515.0,72.0,72.0,1.0,4.0,1400-1459,0.0,,0.0,15.0,0.0,0.0,0.0,57.0
51136,2025,1,21,2,2025-01-21,DL,19790,DL,19790,1294,11057,1105703,31057,CLT,"Charlotte, NC",10397,1039707,30397,ATL,"Atlanta, GA",1249,1240.0,-9.0,0.0,0.0,-1.0,1200-1259,12.0,1252.0,1343.0,4.0,1403,1347.0,-16.0,0.0,0.0,-2.0,1400-1459,0.0,,0.0,,,,,
51137,2025,1,22,3,2025-01-22,DL,19790,DL,19790,1294,11057,1105703,31057,CLT,"Charlotte, NC",10397,1039707,30397,ATL,"Atlanta, GA",1249,1505.0,136.0,136.0,1.0,9.0,1200-1259,20.0,1525.0,1611.0,15.0,1403,1626.0,143.0,143.0,1.0,9.0,1400-1459,0.0,,0.0,9.0,0.0,7.0,0.0,127.0
51138,2025,1,23,4,2025-01-23,DL,19790,DL,19790,1294,11057,1105703,31057,CLT,"Charlotte, NC",10397,1039707,30397,ATL,"Atlanta, GA",1249,1314.0,25.0,25.0,1.0,1.0,1200-1259,20.0,1334.0,1419.0,8.0,1403,1427.0,24.0,24.0,1.0,1.0,1400-1459,0.0,,0.0,0.0,0.0,0.0,0.0,24.0
51139,2025,1,24,5,2025-01-24,DL,19790,DL,19790,1294,11057,1105703,31057,CLT,"Charlotte, NC",10397,1039707,30397,ATL,"Atlanta, GA",1249,1307.0,18.0,18.0,1.0,1.0,1200-1259,12.0,1319.0,1402.0,4.0,1403,1406.0,3.0,3.0,0.0,0.0,1400-1459,0.0,,0.0,,,,,
51140,2025,1,25,6,2025-01-25,DL,19790,DL,19790,1294,11057,1105703,31057,CLT,"Charlotte, NC",10397,1039707,30397,ATL,"Atlanta, GA",1249,1301.0,12.0,12.0,0.0,0.0,1200-1259,9.0,1310.0,1352.0,5.0,1403,1357.0,-6.0,0.0,0.0,-1.0,1400-1459,0.0,,0.0,,,,,
51141,2025,1,26,7,2025-01-26,DL,19790,DL,19790,1294,11057,1105703,31057,CLT,"Charlotte, NC",10397,1039707,30397,ATL,"Atlanta, GA",1249,1245.0,-4.0,0.0,0.0,-1.0,1200-1259,16.0,1301.0,1343.0,5.0,1403,1348.0,-15.0,0.0,0.0,-1.0,1400-1459,0.0,,0.0,,,,,
51142,2025,1,27,1,2025-01-27,DL,19790,DL,19790,1294,11057,1105703,31057,CLT,"Charlotte, NC",10397,1039707,30397,ATL,"Atlanta, GA",1249,1241.0,-8.0,0.0,0.0,-1.0,1200-1259,16.0,1257.0,1342.0,5.0,1403,1347.0,-16.0,0.0,0.0,-2.0,1400-1459,0.0,,0.0,,,,,
51143,2025,1,28,2,2025-01-28,DL,19790,DL,19790,1294,11057,1105703,31057,CLT,"Charlotte, NC",10397,1039707,30397,ATL,"Atlanta, GA",1249,1242.0,-7.0,0.0,0.0,-1.0,1200-1259,13.0,1255.0,1338.0,5.0,1403,1343.0,-20.0,0.0,0.0,-2.0,1400-1459,0.0,,0.0,,,,,
51144,2025,1,29,3,2025-01-29,DL,19790,DL,19790,1294,11057,1105703,31057,CLT,"Charlotte, NC",10397,1039707,30397,ATL,"Atlanta, GA",1249,1421.0,92.0,92.0,1.0,6.0,1200-1259,14.0,1435.0,1518.0,6.0,1403,1524.0,81.0,81.0,1.0,5.0,1400-1459,0.0,,0.0,0.0,0.0,0.0,0.0,81.0
51145,2025,1,30,4,2025-01-30,DL,19790,DL,19790,1294,11057,1105703,31057,CLT,"Charlotte, NC",10397,1039707,30397,ATL,"Atlanta, GA",1249,1242.0,-7.0,0.0,0.0,-1.0,1200-1259,10.0,1252.0,1335.0,19.0,1403,1354.0,-9.0,0.0,0.0,-1.0,1400-1459,0.0,,0.0,,,,,
51146,2025,1,31,5,2025-01-31,DL,19790,DL,19790,1294,11057,1105703,31057,CLT,"Charlotte, NC",10397,1039707,30397,ATL,"Atlanta, GA",1249,1245.0,-4.0,0.0,0.0,-1.0,1200-1259,11.0,1256.0,1345.0,4.0,1403,1349.0,-14.0,0.0,0.0,-1.0,1400-1459,0.0,,0.0,,,,,
60205,2025,1,2,4,2025-01-02,DL,19790,9E,20363,4805,11057,1105703,31057,CLT,"Charlotte, NC",12478,1247805,31703,JFK,"New York, NY",1150,1144.0,-6.0,0.0,0.0,-1.0,1100-1159,29.0,1213.0,1325.0,9.0,1358,1334.0,-24.0,0.0,0.0,-2.0,1300-1359,0.0,,0.0,,,,,
60206,2025,1,3,5,2025-01-03,DL,19790,9E,20363,4805,11057,1105703,31057,CLT,"Charlotte, NC",12478,1247805,31703,JFK,"New York, NY",1150,1147.0,-3.0,0.0,0.0,-1.0,1100-1159,26.0,1213.0,1329.0,44.0,1358,1413.0,15.0,15.0,1.0,1.0,1300-1359,0.0,,0.0,0.0,0.0,15.0,0.0,0.0
60721,2025,1,2,4,2025-01-02,DL,19790,9E,20363,4824,11057,1105703,31057,CLT,"Charlotte, NC",10397,1039707,30397,ATL,"Atlanta, GA",942,937.0,-5.0,0.0,0.0,-1.0,0900-0959,30.0,1007.0,1052.0,7.0,1115,1059.0,-16.0,0.0,0.0,-2.0,1100-1159,0.0,,0.0,,,,,
60722,2025,1,3,5,2025-01-03,DL,19790,9E,20363,4824,11057,1105703,31057,CLT,"Charlotte, NC",10397,1039707,30397,ATL,"Atlanta, GA",942,937.0,-5.0,0.0,0.0,-1.0,0900-0959,30.0,1007.0,1052.0,9.0,1115,1101.0,-14.0,0.0,0.0,-1.0,1100-1159,0.0,,0.0,,,,,
60723,2025,1,4,6,2025-01-04,DL,19790,9E,20363,4824,11057,1105703,31057,CLT,"Charlotte, NC",10397,1039707,30397,ATL,"Atlanta, GA",926,927.0,1.0,1.0,0.0,0.0,0900-0959,26.0,953.0,1037.0,8.0,1057,1045.0,-12.0,0.0,0.0,-1.0,1000-1059,0.0,,0.0,,,,,
60724,2025,1,5,7,2025-01-05,DL,19790,9E,20363,4824,11057,1105703,31057,CLT,"Charlotte, NC",10397,1039707,30397,ATL,"Atlanta, GA",942,935.0,-7.0,0.0,0.0,-1.0,0900-0959,40.0,1015.0,1101.0,5.0,1115,1106.0,-9.0,0.0,0.0,-1.0,1100-1159,0.0,,0.0,,,,,
60728,2025,1,1,3,2025-01-01,DL,19790,9E,20363,4825,11057,1105703,31057,CLT,"Charlotte, NC",10397,1039707,30397,ATL,"Atlanta, GA",1120,1129.0,9.0,9.0,0.0,0.0,1100-1159,27.0,1156.0,1242.0,4.0,1252,1246.0,-6.0,0.0,0.0,-1.0,1200-1259,0.0,,0.0,,,,,
60835,2025,1,1,3,2025-01-01,DL,19790,9E,20363,4827,11057,1105703,31057,CLT,"Charlotte, NC",10397,1039707,30397,ATL,"Atlanta, GA",1707,1716.0,9.0,9.0,0.0,0.0,1700-1759,18.0,1734.0,1824.0,8.0,1834,1832.0,-2.0,0.0,0.0,-1.0,1800-1859,0.0,,0.0,,,,,
60836,2025,1,2,4,2025-01-02,DL,19790,9E,20363,4827,11057,1105703,31057,CLT,"Charlotte, NC",10397,1039707,30397,ATL,"Atlanta, GA",1707,1659.0,-8.0,0.0,0.0,-1.0,1700-1759,34.0,1733.0,1823.0,9.0,1834,1832.0,-2.0,0.0,0.0,-1.0,1800-1859,0.0,,0.0,,,,,
60837,2025,1,3,5,2025-01-03,DL,19790,9E,20363,4827,11057,1105703,31057,CLT,"Charlotte, NC",10397,1039707,30397,ATL,"Atlanta, GA",1707,1700.0,-7.0,0.0,0.0,-1.0,1700-1759,28.0,1728.0,1817.0,13.0,1834,1830.0,-4.0,0.0,0.0,-1.0,1800-1859,0.0,,0.0,,,,,
60838,2025,1,4,6,2025-01-04,DL,19790,9E,20363,4827,11057,1105703,31057,CLT,"Charlotte, NC",10397,1039707,30397,ATL,"Atlanta, GA",1707,1708.0,1.0,1.0,0.0,0.0,1700-1759,26.0,1734.0,1817.0,6.0,1834,1823.0,-11.0,0.0,0.0,-1.0,1800-1859,0.0,,0.0,,,,,
60839,2025,1,5,7,2025-01-05,DL,19790,9E,20363,4827,11057,1105703,31057,CLT,"Charlotte, NC",10397,1039707,30397,ATL,"Atlanta, GA",1707,1702.0,-5.0,0.0,0.0,-1.0,1700-1759,16.0,1718.0,1811.0,7.0,1834,1818.0,-16.0,0.0,0.0,-2.0,1800-1859,0.0,,0.0,,,,,
67371,2025,1,6,1,2025-01-06,DL,19790,9E,20363,5040,11057,1105703,31057,CLT,"Charlotte, NC",12478,1247805,31703,JFK,"New York, NY",1746,2057.0,191.0,191.0,1.0,12.0,1700-1759,48.0,2145.0,2312.0,12.0,1959,2324.0,205.0,205.0,1.0,12.0,1900-1959,0.0,,0.0,0.0,0.0,14.0,0.0,191.0
67372,2025,1,7,2,2025-01-07,DL,19790,9E,20363,5040,11057,1105703,31057,CLT,"Charlotte, NC",12478,1247805,31703,JFK,"New York, NY",1746,2019.0,153.0,153.0,1.0,10.0,1700-1759,73.0,2132.0,2255.0,8.0,1959,2303.0,184.0,184.0,1.0,12.0,1900-1959,0.0,,0.0,51.0,0.0,31.0,0.0,102.0
67373,2025,1,8,3,2025-01-08,DL,19790,9E,20363,5040,11057,1105703,31057,CLT,"Charlotte, NC",12478,1247805,31703,JFK,"New York, NY",1746,1739.0,-7.0,0.0,0.0,-1.0,1700-1759,75.0,1854.0,2008.0,9.0,1959,2017.0,18.0,18.0,1.0,1.0,1900-1959,0.0,,0.0,0.0,0.0,18.0,0.0,0.0
67374,2025,1,9,4,2025-01-09,DL,19790,9E,20363,5040,11057,1105703,31057,CLT,"Charlotte, NC",12478,1247805,31703,JFK,"New York, NY",1746,1915.0,89.0,89.0,1.0,5.0,1700-1759,47.0,2002.0,2128.0,11.0,1959,2139.0,100.0,100.0,1.0,6.0,1900-1959,0.0,,0.0,0.0,89.0,11.0,0.0,0.0
67375,2025,1,10,5,2025-01-10,DL,19790,9E,20363,5040,11057,1105703,31057,CLT,"Charlotte, NC",12478,1247805,31703,JFK,"New York, NY",1746,1812.0,26.0,26.0,1.0,1.0,1700-1759,41.0,1853.0,2008.0,16.0,1959,2024.0,25.0,25.0,1.0,1.0,1900-1959,0.0,,0.0,0.0,0.0,0.0,0.0,25.0
67376,2025,1,11,6,2025-01-11,DL,19790,9E,20363,5040,11057,1105703,31057,CLT,"Charlotte, NC",12478,1247805,31703,JFK,"New York, NY",1746,1821.0,35.0,35.0,1.0,2.0,1700-1759,34.0,1855.0,2015.0,16.0,1959,2031.0,32.0,32.0,1.0,2.0,1900-1959,0.0,,0.0,2.0,0.0,0.0,0.0,30.0
67377,2025,1,12,7,2025-01-12,DL,19790,9E,20363,5040,11057,1105703,31057,CLT,"Charlotte, NC",12478,1247805,31703,JFK,"New York, NY",1746,1745.0,-1.0,0.0,0.0,-1.0,1700-1759,23.0,1808.0,1929.0,17.0,1959,1946.0,-13.0,0.0,0.0,-1.0,1900-1959,0.0,,0.0,,,,,
67378,2025,1,13,1,2025-01-13,DL,19790,9E,20363,5040,11057,1105703,31057,CLT,"Charlotte, NC",12478,1247805,31703,JFK,"New York, NY",1746,1739.0,-7.0,0.0,0.0,-1.0,1700-1759,24.0,1803.0,1926.0,13.0,1959,1939.0,-20.0,0.0,0.0,-2.0,1900-1959,0.0,,0.0,,,,,
67379,2025,1,14,2,2025-01-14,DL,19790,9E,20363,5040,11057,1105703,31057,CLT,"Charlotte, NC",12478,1247805,31703,JFK,"New York, NY",1746,1744.0,-2.0,0.0,0.0,-1.0,1700-1759,18.0,1802.0,1914.0,19.0,1959,1933.0,-26.0,0.0,0.0,-2.0,1900-1959,0.0,,0.0,,,,,
67380,2025,1,15,3,2025-01-15,DL,19790,9E,20363,5040,11057,1105703,31057,CLT,"Charlotte, NC",12478,1247805,31703,JFK,"New York, NY",1746,1736.0,-10.0,0.0,0.0,-1.0,1700-1759,16.0,1752.0,1909.0,12.0,1959,1921.0,-38.0,0.0,0.0,-2.0,1900-1959,0.0,,0.0,,,,,
67381,2025,1,16,4,2025-01-16,DL,19790,9E,20363,5040,11057,1105703,31057,CLT,"Charlotte, NC",12478,1247805,31703,JFK,"New York, NY",1746,1742.0,-4.0,0.0,0.0,-1.0,1700-1759,18.0,1800.0,1925.0,7.0,1959,1932.0,-27.0,0.0,0.0,-2.0,1900-1959,0.0,,0.0,,,,,
67382,2025,1,17,5,2025-01-17,DL,19790,9E,20363,5040,11057,1105703,31057,CLT,"Charlotte, NC",12478,1247805,31703,JFK,"New York, NY",1746,1809.0,23.0,23.0,1.0,1.0,1700-1759,40.0,1849.0,2013.0,12.0,1959,2025.0,26.0,26.0,1.0,1.0,1900-1959,0.0,,0.0,23.0,0.0,3.0,0.0,0.0
67383,2025,1,18,6,2025-01-18,DL,19790,9E,20363,5040,11057,1105703,31057,CLT,"Charlotte, NC",12478,1247805,31703,JFK,"New York, NY",1746,1752.0,6.0,6.0,0.0,0.0,1700-1759,24.0,1816.0,1937.0,10.0,1959,1947.0,-12.0,0.0,0.0,-1.0,1900-1959,0.0,,0.0,,,,,
67384,2025,1,19,7,2025-01-19,DL,19790,9E,20363,5040,11057,1105703,31057,CLT,"Charlotte, NC",12478,1247805,31703,JFK,"New York, NY",1746,,,,,,1700-1759,,,,,1959,,,,,,1900-1959,1.0,B,0.0,,,,,
67385,2025,1,20,1,2025-01-20,DL,19790,9E,20363,5040,11057,1105703,31057,CLT,"Charlotte, NC",12478,1247805,31703,JFK,"New York, NY",1746,2040.0,174.0,174.0,1.0,11.0,1700-1759,24.0,2104.0,2220.0,12.0,1959,2232.0,153.0,153.0,1.0,10.0,1900-1959,0.0,,0.0,16.0,0.0,0.0,0.0,137.0
67386,2025,1,21,2,2025-01-21,DL,19790,9E,20363,5040,11057,1105703,31057,CLT,"Charlotte, NC",12478,1247805,31703,JFK,"New York, NY",1746,1816.0,30.0,30.0,1.0,2.0,1700-1759,50.0,1906.0,2016.0,9.0,1959,2025.0,26.0,26.0,1.0,1.0,1900-1959,0.0,,0.0,0.0,0.0,0.0,0.0,26.0
67387,2025,1,22,3,2025-01-22,DL,19790,9E,20363,5040,11057,1105703,31057,CLT,"Charlotte, NC",12478,1247805,31703,JFK,"New York, NY",1746,2147.0,241.0,241.0,1.0,12.0,1700-1759,22.0,2209.0,2329.0,6.0,1959,2335.0,216.0,216.0,1.0,12.0,1900-1959,0.0,,0.0,216.0,0.0,0.0,0.0,0.0
67388,2025,1,23,4,2025-01-23,DL,19790,9E,20363,5040,11057,1105703,31057,CLT,"Charlotte, NC",12478,1247805,31703,JFK,"New York, NY",1746,1741.0,-5.0,0.0,0.0,-1.0,1700-1759,13.0,1754.0,1913.0,7.0,1959,1920.0,-39.0,0.0,0.0,-2.0,1900-1959,0.0,,0.0,,,,,
67389,2025,1,24,5,2025-01-24,DL,19790,9E,20363,5040,11057,1105703,31057,CLT,"Charlotte, NC",12478,1247805,31703,JFK,"New York, NY",1746,1743.0,-3.0,0.0,0.0,-1.0,1700-1759,32.0,1815.0,1929.0,8.0,1959,1937.0,-22.0,0.0,0.0,-2.0,1900-1959,0.0,,0.0,,,,,
67390,2025,1,25,6,2025-01-25,DL,19790,9E,20363,5040,11057,1105703,31057,CLT,"Charlotte, NC",12478,1247805,31703,JFK,"New York, NY",1746,1738.0,-8.0,0.0,0.0,-1.0,1700-1759,16.0,1754.0,1917.0,35.0,1959,1952.0,-7.0,0.0,0.0,-1.0,1900-1959,0.0,,0.0,,,,,
67391,2025,1,26,7,2025-01-26,DL,19790,9E,20363,5040,11057,1105703,31057,CLT,"Charlotte, NC",12478,1247805,31703,JFK,"New York, NY",1746,1742.0,-4.0,0.0,0.0,-1.0,1700-1759,30.0,1812.0,1936.0,10.0,1959,1946.0,-13.0,0.0,0.0,-1.0,1900-1959,0.0,,0.0,,,,,
67392,2025,1,27,1,2025-01-27,DL,19790,9E,20363,5040,11057,1105703,31057,CLT,"Charlotte, NC",12478,1247805,31703,JFK,"New York, NY",1746,1741.0,-5.0,0.0,0.0,-1.0,1700-1759,28.0,1809.0,1923.0,18.0,1959,1941.0,-18.0,0.0,0.0,-2.0,1900-1959,0.0,,0.0,,,,,
67393,2025,1,28,2,2025-01-28,DL,19790,9E,20363,5040,11057,1105703,31057,CLT,"Charlotte, NC",12478,1247805,31703,JFK,"New York, NY",1746,1738.0,-8.0,0.0,0.0,-1.0,1700-1759,17.0,1755.0,1916.0,7.0,1959,1923.0,-36.0,0.0,0.0,-2.0,1900-1959,0.0,,0.0,,,,,
67394,2025,1,29,3,2025-01-29,DL,19790,9E,20363,5040,11057,1105703,31057,CLT,"Charlotte, NC",12478,1247805,31703,JFK,"New York, NY",1746,1735.0,-11.0,0.0,0.0,-1.0,1700-1759,18.0,1753.0,1916.0,17.0,1959,1933.0,-26.0,0.0,0.0,-2.0,1900-1959,0.0,,0.0,,,,,
67395,2025,1,30,4,2025-01-30,DL,19790,9E,20363,5040,11057,1105703,31057,CLT,"Charlotte, NC",12478,1247805,31703,JFK,"New York, NY",1746,1741.0,-5.0,0.0,0.0,-1.0,1700-1759,19.0,1800.0,1926.0,10.0,1959,1936.0,-23.0,0.0,0.0,-2.0,1900-1959,0.0,,0.0,,,,,
67396,2025,1,31,5,2025-01-31,DL,19790,9E,20363,5040,11057,1105703,31057,CLT,"Charlotte, NC",12478,1247805,31703,JFK,"New York, NY",1746,1739.0,-7.0,0.0,0.0,-1.0,1700-1759,22.0,1801.0,1927.0,8.0,1959,1935.0,-24.0,0.0,0.0,-2.0,1900-1959,0.0,,0.0,,,,,
67746,2025,1,6,1,2025-01-06,DL,19790,9E,20363,5052,11057,1105703,31057,CLT,"Charlotte, NC",12478,1247805,31703,JFK,"New York, NY",1056,1220.0,84.0,84.0,1.0,5.0,1000-1059,25.0,1245.0,1357.0,10.0,1253,1407.0,74.0,74.0,1.0,4.0,1200-1259,0.0,,0.0,70.0,0.0,0.0,0.0,4.0
67747,2025,1,7,2,2025-01-07,DL,19790,9E,20363,5052,11057,1105703,31057,CLT,"Charlotte, NC",12478,1247805,31703,JFK,"New York, NY",1056,1100.0,4.0,4.0,0.0,0.0,1000-1059,22.0,1122.0,1240.0,8.0,1253,1248.0,-5.0,0.0,0.0,-1.0,1200-1259,0.0,,0.0,,,,,
67748,2025,1,8,3,2025-01-08,DL,19790,9E,20363,5052,11057,1105703,31057,CLT,"Charlotte, NC",12478,1247805,31703,JFK,"New York, NY",1056,1054.0,-2.0,0.0,0.0,-1.0,1000-1059,21.0,1115.0,1235.0,7.0,1253,1242.0,-11.0,0.0,0.0,-1.0,1200-1259,0.0,,0.0,,,,,
67749,2025,1,9,4,2025-01-09,DL,19790,9E,20363,5052,11057,1105703,31057,CLT,"Charlotte, NC",12478,1247805,31703,JFK,"New York, NY",1056,1306.0,130.0,130.0,1.0,8.0,1000-1059,38.0,1344.0,1505.0,7.0,1253,1512.0,139.0,139.0,1.0,9.0,1200-1259,0.0,,0.0,130.0,0.0,9.0,0.0,0.0
67750,2025,1,10,5,2025-01-10,DL,19790,9E,20363,5052,11057,1105703,31057,CLT,"Charlotte, NC",12478,1247805,31703,JFK,"New York, NY",1056,1054.0,-2.0,0.0,0.0,-1.0,1000-1059,23.0,1117.0,1233.0,7.0,1253,1240.0,-13.0,0.0,0.0,-1.0,1200-1259,0.0,,0.0,,,,,
67751,2025,1,11,6,2025-01-11,DL,19790,9E,20363,5052,11057,1105703,31057,CLT,"Charlotte, NC",12478,1247805,31703,JFK,"New York, NY",1056,1152.0,56.0,56.0,1.0,3.0,1000-1059,30.0,1222.0,1341.0,10.0,1253,1351.0,58.0,58.0,1.0,3.0,1200-1259,0.0,,0.0,10.0,0.0,2.0,0.0,46.0
67752,2025,1,12,7,2025-01-12,DL,19790,9E,20363,5052,11057,1105703,31057,CLT,"Charlotte, NC",12478,1247805,31703,JFK,"New York, NY",1056,1058.0,2.0,2.0,0.0,0.0,1000-1059,20.0,1118.0,1232.0,7.0,1253,1239.0,-14.0,0.0,0.0,-1.0,1200-1259,0.0,,0.0,,,,,
67753,2025,1,13,1,2025-01-13,DL,19790,9E,20363,5052,11057,1105703,31057,CLT,"Charlotte, NC",12478,1247805,31703,JFK,"New York, NY",1056,1111.0,15.0,15.0,1.0,1.0,1000-1059,26.0,1137.0,1258.0,12.0,1253,1310.0,17.0,17.0,1.0,1.0,1200-1259,0.0,,0.0,0.0,0.0,2.0,0.0,15.0
67754,2025,1,14,2,2025-01-14,DL,19790,9E,20363,5052,11057,1105703,31057,CLT,"Charlotte, NC",12478,1247805,31703,JFK,"New York, NY",1056,1059.0,3.0,3.0,0.0,0.0,1000-1059,26.0,1125.0,1237.0,7.0,1253,1244.0,-9.0,0.0,0.0,-1.0,1200-1259,0.0,,0.0,,,,,
67755,2025,1,15,3,2025-01-15,DL,19790,9E,20363,5052,11057,1105703,31057,CLT,"Charlotte, NC",12478,1247805,31703,JFK,"New York, NY",1056,1049.0,-7.0,0.0,0.0,-1.0,1000-1059,22.0,1111.0,1227.0,6.0,1253,1233.0,-20.0,0.0,0.0,-2.0,1200-1259,0.0,,0.0,,,,,
67756,2025,1,16,4,2025-01-16,DL,19790,9E,20363,5052,11057,1105703,31057,CLT,"Charlotte, NC",12478,1247805,31703,JFK,"New York, NY",1056,1054.0,-2.0,0.0,0.0,-1.0,1000-1059,26.0,1120.0,1241.0,11.0,1253,1252.0,-1.0,0.0,0.0,-1.0,1200-1259,0.0,,0.0,,,,,
67757,2025,1,17,5,2025-01-17,DL,19790,9E,20363,5052,11057,1105703,31057,CLT,"Charlotte, NC",12478,1247805,31703,JFK,"New York, NY",1056,1057.0,1.0,1.0,0.0,0.0,1000-1059,27.0,1124.0,1250.0,9.0,1253,1259.0,6.0,6.0,0.0,0.0,1200-1259,0.0,,0.0,,,,,
67758,2025,1,18,6,2025-01-18,DL,19790,9E,20363,5052,11057,1105703,31057,CLT,"Charlotte, NC",12478,1247805,31703,JFK,"New York, NY",1056,1056.0,0.0,0.0,0.0,0.0,1000-1059,72.0,1208.0,1325.0,8.0,1253,1333.0,40.0,40.0,1.0,2.0,1200-1259,0.0,,0.0,0.0,0.0,40.0,0.0,0.0
67759,2025,1,19,7,2025-01-19,DL,19790,9E,20363,5052,11057,1105703,31057,CLT,"Charlotte, NC",12478,1247805,31703,JFK,"New York, NY",1056,1056.0,0.0,0.0,0.0,0.0,1000-1059,33.0,1129.0,1235.0,10.0,1253,1245.0,-8.0,0.0,0.0,-1.0,1200-1259,0.0,,0.0,,,,,
67760,2025,1,20,1,2025-01-20,DL,19790,9E,20363,5052,11057,1105703,31057,CLT,"Charlotte, NC",12478,1247805,31703,JFK,"New York, NY",1056,1929.0,513.0,513.0,1.0,12.0,1000-1059,39.0,2008.0,2131.0,11.0,1253,2142.0,529.0,529.0,1.0,12.0,1200-1259,0.0,,0.0,0.0,0.0,25.0,0.0,504.0
67761,2025,1,21,2,2025-01-21,DL,19790,9E,20363,5052,11057,1105703,31057,CLT,"Charlotte, NC",12478,1247805,31703,JFK,"New York, NY",1056,1106.0,10.0,10.0,0.0,0.0,1000-1059,25.0,1131.0,1237.0,6.0,1253,1243.0,-10.0,0.0,0.0,-1.0,1200-1259,0.0,,0.0,,,,,
67762,2025,1,22,3,2025-01-22,DL,19790,9E,20363,5052,11057,1105703,31057,CLT,"Charlotte, NC",12478,1247805,31703,JFK,"New York, NY",1056,1333.0,157.0,157.0,1.0,10.0,1000-1059,28.0,1401.0,1514.0,9.0,1253,1523.0,150.0,150.0,1.0,10.0,1200-1259,0.0,,0.0,0.0,0.0,0.0,0.0,150.0
67763,2025,1,23,4,2025-01-23,DL,19790,9E,20363,5052,11057,1105703,31057,CLT,"Charlotte, NC",12478,1247805,31703,JFK,"New York, NY",1056,1052.0,-4.0,0.0,0.0,-1.0,1000-1059,27.0,1119.0,1233.0,8.0,1253,1241.0,-12.0,0.0,0.0,-1.0,1200-1259,0.0,,0.0,,,,,
67764,2025,1,24,5,2025-01-24,DL,19790,9E,20363,5052,11057,1105703,31057,CLT,"Charlotte, NC",12478,1247805,31703,JFK,"New York, NY",1056,1050.0,-6.0,0.0,0.0,-1.0,1000-1059,21.0,1111.0,1220.0,6.0,1253,1226.0,-27.0,0.0,0.0,-2.0,1200-1259,0.0,,0.0,,,,,
67765,2025,1,25,6,2025-01-25,DL,19790,9E,20363,5052,11057,1105703,31057,CLT,"Charlotte, NC",12478,1247805,31703,JFK,"New York, NY",1056,1047.0,-9.0,0.0,0.0,-1.0,1000-1059,30.0,1117.0,1232.0,5.0,1253,1237.0,-16.0,0.0,0.0,-2.0,1200-1259,0.0,,0.0,,,,,
67766,2025,1,26,7,2025-01-26,DL,19790,9E,20363,5052,11057,1105703,31057,CLT,"Charlotte, NC",12478,1247805,31703,JFK,"New York, NY",1056,1049.0,-7.0,0.0,0.0,-1.0,1000-1059,25.0,1114.0,1231.0,6.0,1253,1237.0,-16.0,0.0,0.0,-2.0,1200-1259,0.0,,0.0,,,,,
67767,2025,1,27,1,2025-01-27,DL,19790,9E,20363,5052,11057,1105703,31057,CLT,"Charlotte, NC",12478,1247805,31703,JFK,"New York, NY",1056,1114.0,18.0,18.0,1.0,1.0,1000-1059,31.0,1145.0,1257.0,12.0,1253,1309.0,16.0,16.0,1.0,1.0,1200-1259,0.0,,0.0,0.0,0.0,0.0,0.0,16.0
67768,2025,1,28,2,2025-01-28,DL,19790,9E,20363,5052,11057,1105703,31057,CLT,"Charlotte, NC",12478,1247805,31703,JFK,"New York, NY",1056,1051.0,-5.0,0.0,0.0,-1.0,1000-1059,31.0,1122.0,1241.0,9.0,1253,1250.0,-3.0,0.0,0.0,-1.0,1200-1259,0.0,,0.0,,,,,
67769,2025,1,29,3,2025-01-29,DL,19790,9E,20363,5052,11057,1105703,31057,CLT,"Charlotte, NC",12478,1247805,31703,JFK,"New York, NY",1056,1107.0,11.0,11.0,0.0,0.0,1000-1059,23.0,1130.0,1246.0,10.0,1253,1256.0,3.0,3.0,0.0,0.0,1200-1259,0.0,,0.0,,,,,
67770,2025,1,30,4,2025-01-30,DL,19790,9E,20363,5052,11057,1105703,31057,CLT,"Charlotte, NC",12478,1247805,31703,JFK,"New York, NY",1056,1052.0,-4.0,0.0,0.0,-1.0,1000-1059,21.0,1113.0,1232.0,7.0,1253,1239.0,-14.0,0.0,0.0,-1.0,1200-1259,0.0,,0.0,,,,,
67771,2025,1,31,5,2025-01-31,DL,19790,9E,20363,5052,11057,1105703,31057,CLT,"Charlotte, NC",12478,1247805,31703,JFK,"New York, NY",1056,1102.0,6.0,6.0,0.0,0.0,1000-1059,27.0,1129.0,1247.0,6.0,1253,1253.0,0.0,0.0,0.0,0.0,1200-1259,0.0,,0.0,,,,,
67798,2025,1,2,4,2025-01-02,DL,19790,9E,20363,5053,11057,1105703,31057,CLT,"Charlotte, NC",12478,1247805,31703,JFK,"New York, NY",1633,1659.0,26.0,26.0,1.0,1.0,1600-1659,21.0,1720.0,1835.0,15.0,1848,1850.0,2.0,2.0,0.0,0.0,1800-1859,0.0,,0.0,,,,,
67799,2025,1,3,5,2025-01-03,DL,19790,9E,20363,5053,11057,1105703,31057,CLT,"Charlotte, NC",12478,1247805,31703,JFK,"New York, NY",1633,1631.0,-2.0,0.0,0.0,-1.0,1600-1659,20.0,1651.0,1814.0,11.0,1848,1825.0,-23.0,0.0,0.0,-2.0,1800-1859,0.0,,0.0,,,,,
67800,2025,1,4,6,2025-01-04,DL,19790,9E,20363,5053,11057,1105703,31057,CLT,"Charlotte, NC",12478,1247805,31703,JFK,"New York, NY",1633,1628.0,-5.0,0.0,0.0,-1.0,1600-1659,45.0,1713.0,1839.0,10.0,1848,1849.0,1.0,1.0,0.0,0.0,1800-1859,0.0,,0.0,,,,,
67801,2025,1,5,7,2025-01-05,DL,19790,9E,20363,5053,11057,1105703,31057,CLT,"Charlotte, NC",12478,1247805,31703,JFK,"New York, NY",1745,1744.0,-1.0,0.0,0.0,-1.0,1700-1759,14.0,1758.0,1914.0,20.0,2003,1934.0,-29.0,0.0,0.0,-2.0,2000-2059,0.0,,0.0,,,,,
67820,2025,1,6,1,2025-01-06,DL,19790,9E,20363,5055,11057,1105703,31057,CLT,"Charlotte, NC",10397,1039707,30397,ATL,"Atlanta, GA",1430,1540.0,70.0,70.0,1.0,4.0,1400-1459,34.0,1614.0,1704.0,7.0,1558,1711.0,73.0,73.0,1.0,4.0,1500-1559,0.0,,0.0,5.0,0.0,3.0,0.0,65.0
67821,2025,1,7,2,2025-01-07,DL,19790,9E,20363,5055,11057,1105703,31057,CLT,"Charlotte, NC",10397,1039707,30397,ATL,"Atlanta, GA",1430,1425.0,-5.0,0.0,0.0,-1.0,1400-1459,22.0,1447.0,1529.0,13.0,1558,1542.0,-16.0,0.0,0.0,-2.0,1500-1559,0.0,,0.0,,,,,
67822,2025,1,8,3,2025-01-08,DL,19790,9E,20363,5055,11057,1105703,31057,CLT,"Charlotte, NC",10397,1039707,30397,ATL,"Atlanta, GA",1430,1431.0,1.0,1.0,0.0,0.0,1400-1459,26.0,1457.0,1544.0,6.0,1558,1550.0,-8.0,0.0,0.0,-1.0,1500-1559,0.0,,0.0,,,,,
67823,2025,1,9,4,2025-01-09,DL,19790,9E,20363,5055,11057,1105703,31057,CLT,"Charlotte, NC",10397,1039707,30397,ATL,"Atlanta, GA",1430,1539.0,69.0,69.0,1.0,4.0,1400-1459,16.0,1555.0,1642.0,10.0,1558,1652.0,54.0,54.0,1.0,3.0,1500-1559,0.0,,0.0,16.0,0.0,0.0,0.0,38.0
67824,2025,1,10,5,2025-01-10,DL,19790,9E,20363,5055,11057,1105703,31057,CLT,"Charlotte, NC",10397,1039707,30397,ATL,"Atlanta, GA",1430,,,,,,1400-1459,,,,,1558,,,,,,1500-1559,1.0,B,0.0,,,,,
67825,2025,1,12,7,2025-01-12,DL,19790,9E,20363,5055,11057,1105703,31057,CLT,"Charlotte, NC",10397,1039707,30397,ATL,"Atlanta, GA",1430,1659.0,149.0,149.0,1.0,9.0,1400-1459,24.0,1723.0,1809.0,5.0,1558,1814.0,136.0,136.0,1.0,9.0,1500-1559,0.0,,0.0,0.0,0.0,8.0,0.0,128.0
68292,2025,1,6,1,2025-01-06,DL,19790,9E,20363,5079,11057,1105703,31057,CLT,"Charlotte, NC",12478,1247805,31703,JFK,"New York, NY",600,557.0,-3.0,0.0,0.0,-1.0,0600-0659,28.0,625.0,736.0,9.0,803,745.0,-18.0,0.0,0.0,-2.0,0800-0859,0.0,,0.0,,,,,
68293,2025,1,7,2,2025-01-07,DL,19790,9E,20363,5079,11057,1105703,31057,CLT,"Charlotte, NC",12478,1247805,31703,JFK,"New York, NY",600,810.0,130.0,130.0,1.0,8.0,0600-0659,51.0,901.0,1021.0,8.0,759,1029.0,150.0,150.0,1.0,10.0,0700-0759,0.0,,0.0,130.0,0.0,20.0,0.0,0.0
68294,2025,1,8,3,2025-01-08,DL,19790,9E,20363,5079,11057,1105703,31057,CLT,"Charlotte, NC",12478,1247805,31703,JFK,"New York, NY",600,607.0,7.0,7.0,0.0,0.0,0600-0659,47.0,654.0,808.0,5.0,759,813.0,14.0,14.0,0.0,0.0,0700-0759,0.0,,0.0,,,,,
68295,2025,1,9,4,2025-01-09,DL,19790,9E,20363,5079,11057,1105703,31057,CLT,"Charlotte, NC",12478,1247805,31703,JFK,"New York, NY",600,603.0,3.0,3.0,0.0,0.0,0600-0659,24.0,627.0,748.0,6.0,759,754.0,-5.0,0.0,0.0,-1.0,0700-0759,0.0,,0.0,,,,,
68296,2025,1,10,5,2025-01-10,DL,19790,9E,20363,5079,11057,1105703,31057,CLT,"Charlotte, NC",12478,1247805,31703,JFK,"New York, NY",600,607.0,7.0,7.0,0.0,0.0,0600-0659,21.0,628.0,750.0,6.0,759,756.0,-3.0,0.0,0.0,-1.0,0700-0759,0.0,,0.0,,,,,
68297,2025,1,11,6,2025-01-11,DL,19790,9E,20363,5079,11057,1105703,31057,CLT,"Charlotte, NC",12478,1247805,31703,JFK,"New York, NY",600,,,,,,0600-0659,,,,,803,,,,,,0800-0859,1.0,B,0.0,,,,,
68298,2025,1,12,7,2025-01-12,DL,19790,9E,20363,5079,11057,1105703,31057,CLT,"Charlotte, NC",12478,1247805,31703,JFK,"New York, NY",600,552.0,-8.0,0.0,0.0,-1.0,0600-0659,42.0,634.0,748.0,6.0,803,754.0,-9.0,0.0,0.0,-1.0,0800-0859,0.0,,0.0,,,,,
68299,2025,1,13,1,2025-01-13,DL,19790,9E,20363,5079,11057,1105703,31057,CLT,"Charlotte, NC",12478,1247805,31703,JFK,"New York, NY",600,551.0,-9.0,0.0,0.0,-1.0,0600-0659,20.0,611.0,727.0,12.0,759,739.0,-20.0,0.0,0.0,-2.0,0700-0759,0.0,,0.0,,,,,
68300,2025,1,14,2,2025-01-14,DL,19790,9E,20363,5079,11057,1105703,31057,CLT,"Charlotte, NC",12478,1247805,31703,JFK,"New York, NY",600,554.0,-6.0,0.0,0.0,-1.0,0600-0659,39.0,633.0,743.0,7.0,759,750.0,-9.0,0.0,0.0,-1.0,0700-0759,0.0,,0.0,,,,,
68301,2025,1,15,3,2025-01-15,DL,19790,9E,20363,5079,11057,1105703,31057,CLT,"Charlotte, NC",12478,1247805,31703,JFK,"New York, NY",600,556.0,-4.0,0.0,0.0,-1.0,0600-0659,23.0,619.0,732.0,8.0,759,740.0,-19.0,0.0,0.0,-2.0,0700-0759,0.0,,0.0,,,,,
68302,2025,1,16,4,2025-01-16,DL,19790,9E,20363,5079,11057,1105703,31057,CLT,"Charlotte, NC",12478,1247805,31703,JFK,"New York, NY",600,555.0,-5.0,0.0,0.0,-1.0,0600-0659,36.0,631.0,751.0,6.0,759,757.0,-2.0,0.0,0.0,-1.0,0700-0759,0.0,,0.0,,,,,
68303,2025,1,17,5,2025-01-17,DL,19790,9E,20363,5079,11057,1105703,31057,CLT,"Charlotte, NC",12478,1247805,31703,JFK,"New York, NY",600,556.0,-4.0,0.0,0.0,-1.0,0600-0659,29.0,625.0,746.0,8.0,759,754.0,-5.0,0.0,0.0,-1.0,0700-0759,0.0,,0.0,,,,,
68304,2025,1,18,6,2025-01-18,DL,19790,9E,20363,5079,11057,1105703,31057,CLT,"Charlotte, NC",12478,1247805,31703,JFK,"New York, NY",600,604.0,4.0,4.0,0.0,0.0,0600-0659,19.0,623.0,740.0,5.0,803,745.0,-18.0,0.0,0.0,-2.0,0800-0859,0.0,,0.0,,,,,
68305,2025,1,19,7,2025-01-19,DL,19790,9E,20363,5079,11057,1105703,31057,CLT,"Charlotte, NC",12478,1247805,31703,JFK,"New York, NY",600,603.0,3.0,3.0,0.0,0.0,0600-0659,18.0,621.0,729.0,14.0,803,743.0,-20.0,0.0,0.0,-2.0,0800-0859,0.0,,0.0,,,,,
68306,2025,1,20,1,2025-01-20,DL,19790,9E,20363,5079,11057,1105703,31057,CLT,"Charlotte, NC",12478,1247805,31703,JFK,"New York, NY",600,557.0,-3.0,0.0,0.0,-1.0,0600-0659,29.0,626.0,735.0,13.0,759,748.0,-11.0,0.0,0.0,-1.0,0700-0759,0.0,,0.0,,,,,
68307,2025,1,21,2,2025-01-21,DL,19790,9E,20363,5079,11057,1105703,31057,CLT,"Charlotte, NC",12478,1247805,31703,JFK,"New York, NY",600,640.0,40.0,40.0,1.0,2.0,0600-0659,18.0,658.0,812.0,21.0,759,833.0,34.0,34.0,1.0,2.0,0700-0759,0.0,,0.0,34.0,0.0,0.0,0.0,0.0
68308,2025,1,22,3,2025-01-22,DL,19790,9E,20363,5079,11057,1105703,31057,CLT,"Charlotte, NC",12478,1247805,31703,JFK,"New York, NY",600,555.0,-5.0,0.0,0.0,-1.0,0600-0659,25.0,620.0,728.0,12.0,759,740.0,-19.0,0.0,0.0,-2.0,0700-0759,0.0,,0.0,,,,,
68309,2025,1,23,4,2025-01-23,DL,19790,9E,20363,5079,11057,1105703,31057,CLT,"Charlotte, NC",12478,1247805,31703,JFK,"New York, NY",600,555.0,-5.0,0.0,0.0,-1.0,0600-0659,31.0,626.0,738.0,10.0,759,748.0,-11.0,0.0,0.0,-1.0,0700-0759,0.0,,0.0,,,,,
68310,2025,1,24,5,2025-01-24,DL,19790,9E,20363,5079,11057,1105703,31057,CLT,"Charlotte, NC",12478,1247805,31703,JFK,"New York, NY",600,555.0,-5.0,0.0,0.0,-1.0,0600-0659,50.0,645.0,757.0,10.0,759,807.0,8.0,8.0,0.0,0.0,0700-0759,0.0,,0.0,,,,,
68311,2025,1,25,6,2025-01-25,DL,19790,9E,20363,5079,11057,1105703,31057,CLT,"Charlotte, NC",12478,1247805,31703,JFK,"New York, NY",600,603.0,3.0,3.0,0.0,0.0,0600-0659,36.0,639.0,752.0,7.0,803,759.0,-4.0,0.0,0.0,-1.0,0800-0859,0.0,,0.0,,,,,
68312,2025,1,26,7,2025-01-26,DL,19790,9E,20363,5079,11057,1105703,31057,CLT,"Charlotte, NC",12478,1247805,31703,JFK,"New York, NY",600,555.0,-5.0,0.0,0.0,-1.0,0600-0659,19.0,614.0,732.0,14.0,803,746.0,-17.0,0.0,0.0,-2.0,0800-0859,0.0,,0.0,,,,,
68313,2025,1,27,1,2025-01-27,DL,19790,9E,20363,5079,11057,1105703,31057,CLT,"Charlotte, NC",12478,1247805,31703,JFK,"New York, NY",600,600.0,0.0,0.0,0.0,0.0,0600-0659,22.0,622.0,736.0,11.0,759,747.0,-12.0,0.0,0.0,-1.0,0700-0759,0.0,,0.0,,,,,
68314,2025,1,28,2,2025-01-28,DL,19790,9E,20363,5079,11057,1105703,31057,CLT,"Charlotte, NC",12478,1247805,31703,JFK,"New York, NY",600,552.0,-8.0,0.0,0.0,-1.0,0600-0659,62.0,654.0,816.0,11.0,759,827.0,28.0,28.0,1.0,1.0,0700-0759,0.0,,0.0,0.0,0.0,28.0,0.0,0.0
68315,2025,1,29,3,2025-01-29,DL,19790,9E,20363,5079,11057,1105703,31057,CLT,"Charlotte, NC",12478,1247805,31703,JFK,"New York, NY",600,545.0,-15.0,0.0,0.0,-1.0,0600-0659,28.0,613.0,734.0,11.0,759,745.0,-14.0,0.0,0.0,-1.0,0700-0759,0.0,,0.0,,,,,
68316,2025,1,30,4,2025-01-30,DL,19790,9E,20363,5079,11057,1105703,31057,CLT,"Charlotte, NC",12478,1247805,31703,JFK,"New York, NY",600,553.0,-7.0,0.0,0.0,-1.0,0600-0659,27.0,620.0,740.0,12.0,759,752.0,-7.0,0.0,0.0,-1.0,0700-0759,0.0,,0.0,,,,,
68317,2025,1,31,5,2025-01-31,DL,19790,9E,20363,5079,11057,1105703,31057,CLT,"Charlotte, NC",12478,1247805,31703,JFK,"New York, NY",600,557.0,-3.0,0.0,0.0,-1.0,0600-0659,36.0,633.0,750.0,11.0,759,801.0,2.0,2.0,0.0,0.0,0700-0759,0.0,,0.0,,,,,
69811,2025,1,13,1,2025-01-13,DL,19790,9E,20363,5152,11057,1105703,31057,CLT,"Charlotte, NC",10397,1039707,30397,ATL,"Atlanta, GA",1430,1449.0,19.0,19.0,1.0,1.0,1400-1459,28.0,1517.0,1607.0,10.0,1558,1617.0,19.0,19.0,1.0,1.0,1500-1559,0.0,,0.0,19.0,0.0,0.0,0.0,0.0
69812,2025,1,14,2,2025-01-14,DL,19790,9E,20363,5152,11057,1105703,31057,CLT,"Charlotte, NC",10397,1039707,30397,ATL,"Atlanta, GA",1430,1435.0,5.0,5.0,0.0,0.0,1400-1459,20.0,1455.0,1540.0,7.0,1558,1547.0,-11.0,0.0,0.0,-1.0,1500-1559,0.0,,0.0,,,,,
69813,2025,1,15,3,2025-01-15,DL,19790,9E,20363,5152,11057,1105703,31057,CLT,"Charlotte, NC",10397,1039707,30397,ATL,"Atlanta, GA",1430,1427.0,-3.0,0.0,0.0,-1.0,1400-1459,24.0,1451.0,1538.0,8.0,1558,1546.0,-12.0,0.0,0.0,-1.0,1500-1559,0.0,,0.0,,,,,
69814,2025,1,16,4,2025-01-16,DL,19790,9E,20363,5152,11057,1105703,31057,CLT,"Charlotte, NC",10397,1039707,30397,ATL,"Atlanta, GA",1430,1430.0,0.0,0.0,0.0,0.0,1400-1459,14.0,1444.0,1529.0,8.0,1558,1537.0,-21.0,0.0,0.0,-2.0,1500-1559,0.0,,0.0,,,,,
69815,2025,1,17,5,2025-01-17,DL,19790,9E,20363,5152,11057,1105703,31057,CLT,"Charlotte, NC",10397,1039707,30397,ATL,"Atlanta, GA",1430,1430.0,0.0,0.0,0.0,0.0,1400-1459,13.0,1443.0,1526.0,6.0,1558,1532.0,-26.0,0.0,0.0,-2.0,1500-1559,0.0,,0.0,,,,,
74125,2025,1,1,3,2025-01-01,DL,19790,9E,20363,5336,11057,1105703,31057,CLT,"Charlotte, NC",10397,1039707,30397,ATL,"Atlanta, GA",1300,1254.0,-6.0,0.0,0.0,-1.0,1300-1359,22.0,1316.0,1403.0,7.0,1427,1410.0,-17.0,0.0,0.0,-2.0,1400-1459,0.0,,0.0,,,,,
74126,2025,1,2,4,2025-01-02,DL,19790,9E,20363,5336,11057,1105703,31057,CLT,"Charlotte, NC",10397,1039707,30397,ATL,"Atlanta, GA",1146,1137.0,-9.0,0.0,0.0,-1.0,1100-1159,29.0,1206.0,1251.0,4.0,1319,1255.0,-24.0,0.0,0.0,-2.0,1300-1359,0.0,,0.0,,,,,
74127,2025,1,3,5,2025-01-03,DL,19790,9E,20363,5336,11057,1105703,31057,CLT,"Charlotte, NC",10397,1039707,30397,ATL,"Atlanta, GA",1146,1304.0,78.0,78.0,1.0,5.0,1100-1159,33.0,1337.0,1424.0,5.0,1319,1429.0,70.0,70.0,1.0,4.0,1300-1359,0.0,,0.0,70.0,0.0,0.0,0.0,0.0
74128,2025,1,4,6,2025-01-04,DL,19790,9E,20363,5336,11057,1105703,31057,CLT,"Charlotte, NC",10397,1039707,30397,ATL,"Atlanta, GA",1146,1144.0,-2.0,0.0,0.0,-1.0,1100-1159,16.0,1200.0,1248.0,5.0,1319,1253.0,-26.0,0.0,0.0,-2.0,1300-1359,0.0,,0.0,,,,,
74129,2025,1,5,7,2025-01-05,DL,19790,9E,20363,5336,11057,1105703,31057,CLT,"Charlotte, NC",10397,1039707,30397,ATL,"Atlanta, GA",1146,1143.0,-3.0,0.0,0.0,-1.0,1100-1159,23.0,1206.0,1252.0,5.0,1319,1257.0,-22.0,0.0,0.0,-2.0,1300-1359,0.0,,0.0,,,,,
76117,2025,1,2,4,2025-01-02,DL,19790,9E,20363,5435,11057,1105703,31057,CLT,"Charlotte, NC",10397,1039707,30397,ATL,"Atlanta, GA",1959,1943.0,-16.0,0.0,0.0,-2.0,1900-1959,28.0,2011.0,2054.0,21.0,2129,2115.0,-14.0,0.0,0.0,-1.0,2100-2159,0.0,,0.0,,,,,
76118,2025,1,3,5,2025-01-03,DL,19790,9E,20363,5435,11057,1105703,31057,CLT,"Charlotte, NC",10397,1039707,30397,ATL,"Atlanta, GA",1959,1959.0,0.0,0.0,0.0,0.0,1900-1959,23.0,2022.0,2109.0,9.0,2129,2118.0,-11.0,0.0,0.0,-1.0,2100-2159,0.0,,0.0,,,,,
76119,2025,1,4,6,2025-01-04,DL,19790,9E,20363,5435,11057,1105703,31057,CLT,"Charlotte, NC",10397,1039707,30397,ATL,"Atlanta, GA",1959,1957.0,-2.0,0.0,0.0,-1.0,1900-1959,19.0,2016.0,2100.0,17.0,2129,2117.0,-12.0,0.0,0.0,-1.0,2100-2159,0.0,,0.0,,,,,
76120,2025,1,5,7,2025-01-05,DL,19790,9E,20363,5435,11057,1105703,31057,CLT,"Charlotte, NC",10397,1039707,30397,ATL,"Atlanta, GA",1959,1955.0,-4.0,0.0,0.0,-1.0,1900-1959,19.0,2014.0,2104.0,14.0,2129,2118.0,-11.0,0.0,0.0,-1.0,2100-2159,0.0,,0.0,,,,,
76259,2025,1,2,4,2025-01-02,DL,19790,9E,20363,5441,11057,1105703,31057,CLT,"Charlotte, NC",10397,1039707,30397,ATL,"Atlanta, GA",1824,1821.0,-3.0,0.0,0.0,-1.0,1800-1859,23.0,1844.0,1929.0,7.0,2000,1936.0,-24.0,0.0,0.0,-2.0,2000-2059,0.0,,0.0,,,,,
76260,2025,1,3,5,2025-01-03,DL,19790,9E,20363,5441,11057,1105703,31057,CLT,"Charlotte, NC",10397,1039707,30397,ATL,"Atlanta, GA",1824,1817.0,-7.0,0.0,0.0,-1.0,1800-1859,29.0,1846.0,1936.0,8.0,2000,1944.0,-16.0,0.0,0.0,-2.0,2000-2059,0.0,,0.0,,,,,
76261,2025,1,4,6,2025-01-04,DL,19790,9E,20363,5441,11057,1105703,31057,CLT,"Charlotte, NC",10397,1039707,30397,ATL,"Atlanta, GA",1825,1823.0,-2.0,0.0,0.0,-1.0,1800-1859,37.0,1900.0,1945.0,11.0,2001,1956.0,-5.0,0.0,0.0,-1.0,2000-2059,0.0,,0.0,,,,,
76262,2025,1,5,7,2025-01-05,DL,19790,9E,20363,5441,11057,1105703,31057,CLT,"Charlotte, NC",10397,1039707,30397,ATL,"Atlanta, GA",1825,1827.0,2.0,2.0,0.0,0.0,1800-1859,34.0,1901.0,1956.0,7.0,2001,2003.0,2.0,2.0,0.0,0.0,2000-2059,0.0,,0.0,,,,,
78214,2025,1,1,3,2025-01-01,F9,20436,F9,20436,3109,11057,1105703,31057,CLT,"Charlotte, NC",11298,1129806,30194,DFW,"Dallas/Fort Worth, TX",1853,1859.0,6.0,6.0,0.0,0.0,1800-1859,26.0,1925.0,2121.0,20.0,2052,2141.0,49.0,49.0,1.0,3.0,2000-2059,0.0,,0.0,0.0,0.0,43.0,0.0,6.0
78969,2025,1,2,4,2025-01-02,F9,20436,F9,20436,2985,11057,1105703,31057,CLT,"Charlotte, NC",11292,1129202,30325,DEN,"Denver, CO",1102,1052.0,-10.0,0.0,0.0,-1.0,1100-1159,22.0,1114.0,1233.0,12.0,1301,1245.0,-16.0,0.0,0.0,-2.0,1300-1359,0.0,,0.0,,,,,
79255,2025,1,2,4,2025-01-02,F9,20436,F9,20436,3141,11057,1105703,31057,CLT,"Charlotte, NC",13930,1393008,30977,ORD,"Chicago, IL",1813,1821.0,8.0,8.0,0.0,0.0,1800-1859,34.0,1855.0,1930.0,15.0,1936,1945.0,9.0,9.0,0.0,0.0,1900-1959,0.0,,0.0,,,,,
79449,2025,1,3,5,2025-01-03,F9,20436,F9,20436,2985,11057,1105703,31057,CLT,"Charlotte, NC",11292,1129202,30325,DEN,"Denver, CO",1309,1329.0,20.0,20.0,1.0,1.0,1300-1359,28.0,1357.0,1522.0,21.0,1515,1543.0,28.0,28.0,1.0,1.0,1500-1559,0.0,,0.0,19.0,0.0,8.0,0.0,1.0
79548,2025,1,3,5,2025-01-03,F9,20436,F9,20436,3109,11057,1105703,31057,CLT,"Charlotte, NC",11298,1129806,30194,DFW,"Dallas/Fort Worth, TX",1240,1225.0,-15.0,0.0,0.0,-1.0,1200-1259,11.0,1236.0,1404.0,9.0,1439,1413.0,-26.0,0.0,0.0,-2.0,1400-1459,0.0,,0.0,,,,,
80578,2025,1,4,6,2025-01-04,F9,20436,F9,20436,2985,11057,1105703,31057,CLT,"Charlotte, NC",11292,1129202,30325,DEN,"Denver, CO",1215,1224.0,9.0,9.0,0.0,0.0,1200-1259,16.0,1240.0,1354.0,8.0,1415,1402.0,-13.0,0.0,0.0,-1.0,1400-1459,0.0,,0.0,,,,,
80871,2025,1,5,7,2025-01-05,F9,20436,F9,20436,3141,11057,1105703,31057,CLT,"Charlotte, NC",13930,1393008,30977,ORD,"Chicago, IL",1813,1804.0,-9.0,0.0,0.0,-1.0,1800-1859,16.0,1820.0,1857.0,22.0,1936,1919.0,-17.0,0.0,0.0,-2.0,1900-1959,0.0,,0.0,,,,,
80891,2025,1,5,7,2025-01-05,F9,20436,F9,20436,2985,11057,1105703,31057,CLT,"Charlotte, NC",11292,1129202,30325,DEN,"Denver, CO",1102,1114.0,12.0,12.0,0.0,0.0,1100-1159,21.0,1135.0,1251.0,11.0,1301,1302.0,1.0,1.0,0.0,0.0,1300-1359,0.0,,0.0,,,,,
81671,2025,1,6,1,2025-01-06,F9,20436,F9,20436,3109,11057,1105703,31057,CLT,"Charlotte, NC",11298,1129806,30194,DFW,"Dallas/Fort Worth, TX",1240,1249.0,9.0,9.0,0.0,0.0,1200-1259,15.0,1304.0,1438.0,24.0,1439,1502.0,23.0,23.0,1.0,1.0,1400-1459,0.0,,0.0,0.0,0.0,14.0,0.0,9.0
81730,2025,1,6,1,2025-01-06,F9,20436,F9,20436,2985,11057,1105703,31057,CLT,"Charlotte, NC",11292,1129202,30325,DEN,"Denver, CO",1309,1307.0,-2.0,0.0,0.0,-1.0,1300-1359,17.0,1324.0,1443.0,11.0,1515,1454.0,-21.0,0.0,0.0,-2.0,1500-1559,0.0,,0.0,,,,,
82784,2025,1,9,4,2025-01-09,F9,20436,F9,20436,3109,11057,1105703,31057,CLT,"Charlotte, NC",11298,1129806,30194,DFW,"Dallas/Fort Worth, TX",1240,,,,,,1200-1259,,,,,1439,,,,,,1400-1459,1.0,B,0.0,,,,,
82878,2025,1,9,4,2025-01-09,F9,20436,F9,20436,1361,11057,1105703,31057,CLT,"Charlotte, NC",11292,1129202,30325,DEN,"Denver, CO",1915,1905.0,-10.0,0.0,0.0,-1.0,1900-1959,18.0,1923.0,2026.0,12.0,2111,2038.0,-33.0,0.0,0.0,-2.0,2100-2159,0.0,,0.0,,,,,
83399,2025,1,10,5,2025-01-10,F9,20436,F9,20436,3109,11057,1105703,31057,CLT,"Charlotte, NC",11298,1129806,30194,DFW,"Dallas/Fort Worth, TX",1240,,,,,,1200-1259,,,,,1439,,,,,,1400-1459,1.0,B,0.0,,,,,
83706,2025,1,10,5,2025-01-10,F9,20436,F9,20436,2985,11057,1105703,31057,CLT,"Charlotte, NC",11292,1129202,30325,DEN,"Denver, CO",1707,,,,,,1700-1759,,,,,1908,,,,,,1900-1959,1.0,B,0.0,,,,,
84457,2025,1,12,7,2025-01-12,F9,20436,F9,20436,3109,11057,1105703,31057,CLT,"Charlotte, NC",11298,1129806,30194,DFW,"Dallas/Fort Worth, TX",1240,1233.0,-7.0,0.0,0.0,-1.0,1200-1259,18.0,1251.0,1422.0,7.0,1439,1429.0,-10.0,0.0,0.0,-1.0,1400-1459,0.0,,0.0,,,,,
84462,2025,1,12,7,2025-01-12,F9,20436,F9,20436,1361,11057,1105703,31057,CLT,"Charlotte, NC",11292,1129202,30325,DEN,"Denver, CO",1915,1905.0,-10.0,0.0,0.0,-1.0,1900-1959,19.0,1924.0,2053.0,19.0,2111,2112.0,1.0,1.0,0.0,0.0,2100-2159,0.0,,0.0,,,,,
85023,2025,1,13,1,2025-01-13,F9,20436,F9,20436,3109,11057,1105703,31057,CLT,"Charlotte, NC",11298,1129806,30194,DFW,"Dallas/Fort Worth, TX",1240,1227.0,-13.0,0.0,0.0,-1.0,1200-1259,58.0,1325.0,1502.0,13.0,1439,1515.0,36.0,36.0,1.0,2.0,1400-1459,0.0,,0.0,0.0,0.0,36.0,0.0,0.0
85199,2025,1,13,1,2025-01-13,F9,20436,F9,20436,1361,11057,1105703,31057,CLT,"Charlotte, NC",11292,1129202,30325,DEN,"Denver, CO",1915,1913.0,-2.0,0.0,0.0,-1.0,1900-1959,14.0,1927.0,2048.0,13.0,2111,2101.0,-10.0,0.0,0.0,-1.0,2100-2159,0.0,,0.0,,,,,
86029,2025,1,16,4,2025-01-16,F9,20436,F9,20436,3109,11057,1105703,31057,CLT,"Charlotte, NC",11298,1129806,30194,DFW,"Dallas/Fort Worth, TX",1246,1236.0,-10.0,0.0,0.0,-1.0,1200-1259,21.0,1257.0,1414.0,7.0,1453,1421.0,-32.0,0.0,0.0,-2.0,1400-1459,0.0,,0.0,,,,,
86195,2025,1,16,4,2025-01-16,F9,20436,F9,20436,1361,11057,1105703,31057,CLT,"Charlotte, NC",11292,1129202,30325,DEN,"Denver, CO",1915,1909.0,-6.0,0.0,0.0,-1.0,1900-1959,22.0,1931.0,2034.0,7.0,2110,2041.0,-29.0,0.0,0.0,-2.0,2100-2159,0.0,,0.0,,,,,
86428,2025,1,17,5,2025-01-17,F9,20436,F9,20436,3109,11057,1105703,31057,CLT,"Charlotte, NC",11298,1129806,30194,DFW,"Dallas/Fort Worth, TX",1246,1236.0,-10.0,0.0,0.0,-1.0,1200-1259,14.0,1250.0,1415.0,7.0,1453,1422.0,-31.0,0.0,0.0,-2.0,1400-1459,0.0,,0.0,,,,,
86978,2025,1,17,5,2025-01-17,F9,20436,F9,20436,2985,11057,1105703,31057,CLT,"Charlotte, NC",11292,1129202,30325,DEN,"Denver, CO",1708,1703.0,-5.0,0.0,0.0,-1.0,1700-1759,23.0,1726.0,1829.0,11.0,1910,1840.0,-30.0,0.0,0.0,-2.0,1900-1959,0.0,,0.0,,,,,
87715,2025,1,19,7,2025-01-19,F9,20436,F9,20436,3109,11057,1105703,31057,CLT,"Charlotte, NC",11298,1129806,30194,DFW,"Dallas/Fort Worth, TX",1246,1238.0,-8.0,0.0,0.0,-1.0,1200-1259,21.0,1259.0,1431.0,14.0,1453,1445.0,-8.0,0.0,0.0,-1.0,1400-1459,0.0,,0.0,,,,,
87806,2025,1,19,7,2025-01-19,F9,20436,F9,20436,1361,11057,1105703,31057,CLT,"Charlotte, NC",11292,1129202,30325,DEN,"Denver, CO",1915,1906.0,-9.0,0.0,0.0,-1.0,1900-1959,23.0,1929.0,2051.0,10.0,2110,2101.0,-9.0,0.0,0.0,-1.0,2100-2159,0.0,,0.0,,,,,
88438,2025,1,20,1,2025-01-20,F9,20436,F9,20436,1361,11057,1105703,31057,CLT,"Charlotte, NC",11292,1129202,30325,DEN,"Denver, CO",1915,1914.0,-1.0,0.0,0.0,-1.0,1900-1959,21.0,1935.0,2104.0,21.0,2110,2125.0,15.0,15.0,1.0,1.0,2100-2159,0.0,,0.0,0.0,0.0,15.0,0.0,0.0
88556,2025,1,20,1,2025-01-20,F9,20436,F9,20436,3109,11057,1105703,31057,CLT,"Charlotte, NC",11298,1129806,30194,DFW,"Dallas/Fort Worth, TX",1246,849.0,1203.0,1203.0,1.0,12.0,1200-1259,23.0,912.0,1058.0,18.0,1453,1116.0,1223.0,1223.0,1.0,12.0,1400-1459,0.0,,0.0,1223.0,0.0,0.0,0.0,0.0
89352,2025,1,23,4,2025-01-23,F9,20436,F9,20436,3109,11057,1105703,31057,CLT,"Charlotte, NC",11298,1129806,30194,DFW,"Dallas/Fort Worth, TX",1246,1236.0,-10.0,0.0,0.0,-1.0,1200-1259,20.0,1256.0,1439.0,15.0,1453,1454.0,1.0,1.0,0.0,0.0,1400-1459,0.0,,0.0,,,,,
89671,2025,1,23,4,2025-01-23,F9,20436,F9,20436,1361,11057,1105703,31057,CLT,"Charlotte, NC",11292,1129202,30325,DEN,"Denver, CO",1915,1924.0,9.0,9.0,0.0,0.0,1900-1959,17.0,1941.0,2058.0,11.0,2110,2109.0,-1.0,0.0,0.0,-1.0,2100-2159,0.0,,0.0,,,,,
89746,2025,1,24,5,2025-01-24,F9,20436,F9,20436,3109,11057,1105703,31057,CLT,"Charlotte, NC",11298,1129806,30194,DFW,"Dallas/Fort Worth, TX",1246,1239.0,-7.0,0.0,0.0,-1.0,1200-1259,15.0,1254.0,1420.0,9.0,1453,1429.0,-24.0,0.0,0.0,-2.0,1400-1459,0.0,,0.0,,,,,
90289,2025,1,24,5,2025-01-24,F9,20436,F9,20436,2985,11057,1105703,31057,CLT,"Charlotte, NC",11292,1129202,30325,DEN,"Denver, CO",1708,1704.0,-4.0,0.0,0.0,-1.0,1700-1759,21.0,1725.0,1842.0,16.0,1910,1858.0,-12.0,0.0,0.0,-1.0,1900-1959,0.0,,0.0,,,,,
90841,2025,1,26,7,2025-01-26,F9,20436,F9,20436,3109,11057,1105703,31057,CLT,"Charlotte, NC",11298,1129806,30194,DFW,"Dallas/Fort Worth, TX",1246,1232.0,-14.0,0.0,0.0,-1.0,1200-1259,20.0,1252.0,1425.0,17.0,1453,1442.0,-11.0,0.0,0.0,-1.0,1400-1459,0.0,,0.0,,,,,
90863,2025,1,26,7,2025-01-26,F9,20436,F9,20436,1361,11057,1105703,31057,CLT,"Charlotte, NC",11292,1129202,30325,DEN,"Denver, CO",1915,1905.0,-10.0,0.0,0.0,-1.0,1900-1959,15.0,1920.0,2048.0,16.0,2110,2104.0,-6.0,0.0,0.0,-1.0,2100-2159,0.0,,0.0,,,,,
91561,2025,1,27,1,2025-01-27,F9,20436,F9,20436,3109,11057,1105703,31057,CLT,"Charlotte, NC",11298,1129806,30194,DFW,"Dallas/Fort Worth, TX",1246,1242.0,-4.0,0.0,0.0,-1.0,1200-1259,25.0,1307.0,1450.0,12.0,1453,1502.0,9.0,9.0,0.0,0.0,1400-1459,0.0,,0.0,,,,,
91872,2025,1,27,1,2025-01-27,F9,20436,F9,20436,1361,11057,1105703,31057,CLT,"Charlotte, NC",11292,1129202,30325,DEN,"Denver, CO",1915,1912.0,-3.0,0.0,0.0,-1.0,1900-1959,17.0,1929.0,2057.0,38.0,2110,2135.0,25.0,25.0,1.0,1.0,2100-2159,0.0,,0.0,0.0,0.0,25.0,0.0,0.0
92606,2025,1,30,4,2025-01-30,F9,20436,F9,20436,3109,11057,1105703,31057,CLT,"Charlotte, NC",11298,1129806,30194,DFW,"Dallas/Fort Worth, TX",1246,1244.0,-2.0,0.0,0.0,-1.0,1200-1259,27.0,1311.0,1442.0,19.0,1453,1501.0,8.0,8.0,0.0,0.0,1400-1459,0.0,,0.0,,,,,
92956,2025,1,30,4,2025-01-30,F9,20436,F9,20436,1361,11057,1105703,31057,CLT,"Charlotte, NC",11292,1129202,30325,DEN,"Denver, CO",1915,1917.0,2.0,2.0,0.0,0.0,1900-1959,14.0,1931.0,2038.0,9.0,2110,2047.0,-23.0,0.0,0.0,-2.0,2100-2159,0.0,,0.0,,,,,
93273,2025,1,31,5,2025-01-31,F9,20436,F9,20436,3109,11057,1105703,31057,CLT,"Charlotte, NC",11298,1129806,30194,DFW,"Dallas/Fort Worth, TX",1246,1310.0,24.0,24.0,1.0,1.0,1200-1259,47.0,1357.0,1534.0,14.0,1453,1548.0,55.0,55.0,1.0,3.0,1400-1459,0.0,,0.0,9.0,0.0,31.0,0.0,15.0
93599,2025,1,31,5,2025-01-31,F9,20436,F9,20436,2985,11057,1105703,31057,CLT,"Charlotte, NC",11292,1129202,30325,DEN,"Denver, CO",1708,1701.0,-7.0,0.0,0.0,-1.0,1700-1759,19.0,1720.0,1828.0,10.0,1910,1838.0,-32.0,0.0,0.0,-2.0,1900-1959,0.0,,0.0,,,,,
128126,2025,1,1,3,2025-01-01,AA,19805,MQ,20398,3988,11057,1105703,31057,CLT,"Charlotte, NC",10397,1039707,30397,ATL,"Atlanta, GA",1150,1148.0,-2.0,0.0,0.0,-1.0,1100-1159,14.0,1202.0,1248.0,9.0,1319,1257.0,-22.0,0.0,0.0,-2.0,1300-1359,0.0,,0.0,,,,,
128127,2025,1,2,4,2025-01-02,AA,19805,MQ,20398,3988,11057,1105703,31057,CLT,"Charlotte, NC",10397,1039707,30397,ATL,"Atlanta, GA",1150,1149.0,-1.0,0.0,0.0,-1.0,1100-1159,23.0,1212.0,1300.0,6.0,1319,1306.0,-13.0,0.0,0.0,-1.0,1300-1359,0.0,,0.0,,,,,
128128,2025,1,3,5,2025-01-03,AA,19805,MQ,20398,3988,11057,1105703,31057,CLT,"Charlotte, NC",10397,1039707,30397,ATL,"Atlanta, GA",1150,1440.0,170.0,170.0,1.0,11.0,1100-1159,44.0,1524.0,1610.0,6.0,1319,1616.0,177.0,177.0,1.0,11.0,1300-1359,0.0,,0.0,170.0,0.0,7.0,0.0,0.0
128129,2025,1,5,7,2025-01-05,AA,19805,MQ,20398,3988,11057,1105703,31057,CLT,"Charlotte, NC",10397,1039707,30397,ATL,"Atlanta, GA",1150,1150.0,0.0,0.0,0.0,0.0,1100-1159,24.0,1214.0,1304.0,9.0,1319,1313.0,-6.0,0.0,0.0,-1.0,1300-1359,0.0,,0.0,,,,,
128130,2025,1,6,1,2025-01-06,AA,19805,MQ,20398,3988,11057,1105703,31057,CLT,"Charlotte, NC",10397,1039707,30397,ATL,"Atlanta, GA",1150,1148.0,-2.0,0.0,0.0,-1.0,1100-1159,24.0,1212.0,1301.0,6.0,1319,1307.0,-12.0,0.0,0.0,-1.0,1300-1359,0.0,,0.0,,,,,
138586,2025,1,1,3,2025-01-01,NK,20416,NK,20416,210,11057,1105703,31057,CLT,"Charlotte, NC",11298,1129806,30194,DFW,"Dallas/Fort Worth, TX",2049,2100.0,11.0,11.0,0.0,0.0,2000-2059,24.0,2124.0,2303.0,8.0,2248,2311.0,23.0,23.0,1.0,1.0,2200-2259,0.0,,0.0,11.0,0.0,12.0,0.0,0.0
138587,2025,1,2,4,2025-01-02,NK,20416,NK,20416,210,11057,1105703,31057,CLT,"Charlotte, NC",11298,1129806,30194,DFW,"Dallas/Fort Worth, TX",2049,2132.0,43.0,43.0,1.0,2.0,2000-2059,18.0,2150.0,2307.0,8.0,2248,2315.0,27.0,27.0,1.0,1.0,2200-2259,0.0,,0.0,5.0,0.0,1.0,0.0,21.0
138588,2025,1,3,5,2025-01-03,NK,20416,NK,20416,210,11057,1105703,31057,CLT,"Charlotte, NC",11298,1129806,30194,DFW,"Dallas/Fort Worth, TX",2049,2215.0,86.0,86.0,1.0,5.0,2000-2059,17.0,2232.0,2358.0,10.0,2248,8.0,80.0,80.0,1.0,5.0,2200-2259,0.0,,0.0,7.0,0.0,1.0,0.0,72.0
138589,2025,1,4,6,2025-01-04,NK,20416,NK,20416,210,11057,1105703,31057,CLT,"Charlotte, NC",11298,1129806,30194,DFW,"Dallas/Fort Worth, TX",2049,2102.0,13.0,13.0,0.0,0.0,2000-2059,29.0,2131.0,2259.0,13.0,2248,2312.0,24.0,24.0,1.0,1.0,2200-2259,0.0,,0.0,0.0,0.0,11.0,0.0,13.0
138590,2025,1,5,7,2025-01-05,NK,20416,NK,20416,210,11057,1105703,31057,CLT,"Charlotte, NC",11298,1129806,30194,DFW,"Dallas/Fort Worth, TX",2049,2216.0,87.0,87.0,1.0,5.0,2000-2059,11.0,2227.0,7.0,25.0,2248,32.0,104.0,104.0,1.0,6.0,2200-2259,0.0,,0.0,23.0,0.0,81.0,0.0,0.0
138591,2025,1,6,1,2025-01-06,NK,20416,NK,20416,210,11057,1105703,31057,CLT,"Charlotte, NC",11298,1129806,30194,DFW,"Dallas/Fort Worth, TX",2049,2048.0,-1.0,0.0,0.0,-1.0,2000-2059,25.0,2113.0,2246.0,18.0,2248,2304.0,16.0,16.0,1.0,1.0,2200-2259,0.0,,0.0,0.0,0.0,16.0,0.0,0.0
138592,2025,1,7,2,2025-01-07,NK,20416,NK,20416,210,11057,1105703,31057,CLT,"Charlotte, NC",11298,1129806,30194,DFW,"Dallas/Fort Worth, TX",2049,2037.0,-12.0,0.0,0.0,-1.0,2000-2059,15.0,2052.0,2226.0,6.0,2248,2232.0,-16.0,0.0,0.0,-2.0,2200-2259,0.0,,0.0,,,,,
138593,2025,1,8,3,2025-01-08,NK,20416,NK,20416,210,11057,1105703,31057,CLT,"Charlotte, NC",11298,1129806,30194,DFW,"Dallas/Fort Worth, TX",2049,,,,,,2000-2059,,,,,2248,,,,,,2200-2259,1.0,B,0.0,,,,,
143427,2025,1,1,3,2025-01-01,NK,20416,NK,20416,390,11057,1105703,31057,CLT,"Charlotte, NC",12892,1289208,32575,LAX,"Los Angeles, CA",2125,2137.0,12.0,12.0,0.0,0.0,2100-2159,17.0,2154.0,13.0,9.0,2359,22.0,23.0,23.0,1.0,1.0,2300-2359,0.0,,0.0,7.0,0.0,11.0,0.0,5.0
143428,2025,1,2,4,2025-01-02,NK,20416,NK,20416,390,11057,1105703,31057,CLT,"Charlotte, NC",12892,1289208,32575,LAX,"Los Angeles, CA",2125,2120.0,-5.0,0.0,0.0,-1.0,2100-2159,20.0,2140.0,2342.0,9.0,2359,2351.0,-8.0,0.0,0.0,-1.0,2300-2359,0.0,,0.0,,,,,
143429,2025,1,3,5,2025-01-03,NK,20416,NK,20416,390,11057,1105703,31057,CLT,"Charlotte, NC",12892,1289208,32575,LAX,"Los Angeles, CA",2125,2122.0,-3.0,0.0,0.0,-1.0,2100-2159,22.0,2144.0,2354.0,17.0,2359,11.0,12.0,12.0,0.0,0.0,2300-2359,0.0,,0.0,,,,,
143430,2025,1,4,6,2025-01-04,NK,20416,NK,20416,390,11057,1105703,31057,CLT,"Charlotte, NC",12892,1289208,32575,LAX,"Los Angeles, CA",2125,2146.0,21.0,21.0,1.0,1.0,2100-2159,14.0,2200.0,23.0,9.0,2359,32.0,33.0,33.0,1.0,2.0,2300-2359,0.0,,0.0,0.0,0.0,33.0,0.0,0.0
143431,2025,1,5,7,2025-01-05,NK,20416,NK,20416,390,11057,1105703,31057,CLT,"Charlotte, NC",12892,1289208,32575,LAX,"Los Angeles, CA",2125,2124.0,-1.0,0.0,0.0,-1.0,2100-2159,25.0,2149.0,2350.0,8.0,2359,2358.0,-1.0,0.0,0.0,-1.0,2300-2359,0.0,,0.0,,,,,
143432,2025,1,6,1,2025-01-06,NK,20416,NK,20416,390,11057,1105703,31057,CLT,"Charlotte, NC",12892,1289208,32575,LAX,"Los Angeles, CA",2125,2125.0,0.0,0.0,0.0,0.0,2100-2159,16.0,2141.0,2338.0,7.0,2359,2345.0,-14.0,0.0,0.0,-1.0,2300-2359,0.0,,0.0,,,,,
143433,2025,1,7,2,2025-01-07,NK,20416,NK,20416,390,11057,1105703,31057,CLT,"Charlotte, NC",12892,1289208,32575,LAX,"Los Angeles, CA",2125,2323.0,118.0,118.0,1.0,7.0,2100-2159,16.0,2339.0,134.0,3.0,2359,137.0,98.0,98.0,1.0,6.0,2300-2359,0.0,,0.0,60.0,0.0,38.0,0.0,0.0
143434,2025,1,8,3,2025-01-08,NK,20416,NK,20416,390,11057,1105703,31057,CLT,"Charlotte, NC",12892,1289208,32575,LAX,"Los Angeles, CA",2125,2118.0,-7.0,0.0,0.0,-1.0,2100-2159,14.0,2132.0,2319.0,7.0,2359,2326.0,-33.0,0.0,0.0,-2.0,2300-2359,0.0,,0.0,,,,,
149285,2025,1,1,3,2025-01-01,AA,19805,OH,20397,5019,11057,1105703,31057,CLT,"Charlotte, NC",10397,1039707,30397,ATL,"Atlanta, GA",900,855.0,-5.0,0.0,0.0,-1.0,0900-0959,21.0,916.0,1001.0,5.0,1027,1006.0,-21.0,0.0,0.0,-2.0,1000-1059,0.0,,0.0,,,,,
149286,2025,1,2,4,2025-01-02,AA,19805,OH,20397,5019,11057,1105703,31057,CLT,"Charlotte, NC",10397,1039707,30397,ATL,"Atlanta, GA",900,858.0,-2.0,0.0,0.0,-1.0,0900-0959,16.0,914.0,958.0,5.0,1027,1003.0,-24.0,0.0,0.0,-2.0,1000-1059,0.0,,0.0,,,,,
149287,2025,1,3,5,2025-01-03,AA,19805,OH,20397,5019,11057,1105703,31057,CLT,"Charlotte, NC",10397,1039707,30397,ATL,"Atlanta, GA",900,857.0,-3.0,0.0,0.0,-1.0,0900-0959,19.0,916.0,1003.0,7.0,1027,1010.0,-17.0,0.0,0.0,-2.0,1000-1059,0.0,,0.0,,,,,
149288,2025,1,5,7,2025-01-05,AA,19805,OH,20397,5019,11057,1105703,31057,CLT,"Charlotte, NC",10397,1039707,30397,ATL,"Atlanta, GA",900,914.0,14.0,14.0,0.0,0.0,0900-0959,38.0,952.0,1038.0,7.0,1027,1045.0,18.0,18.0,1.0,1.0,1000-1059,0.0,,0.0,14.0,0.0,4.0,0.0,0.0
149289,2025,1,6,1,2025-01-06,AA,19805,OH,20397,5019,11057,1105703,31057,CLT,"Charlotte, NC",10397,1039707,30397,ATL,"Atlanta, GA",900,855.0,-5.0,0.0,0.0,-1.0,0900-0959,19.0,914.0,1005.0,5.0,1027,1010.0,-17.0,0.0,0.0,-2.0,1000-1059,0.0,,0.0,,,,,
149290,2025,1,7,2,2025-01-07,AA,19805,OH,20397,5019,11057,1105703,31057,CLT,"Charlotte, NC",10397,1039707,30397,ATL,"Atlanta, GA",900,913.0,13.0,13.0,0.0,0.0,0900-0959,36.0,949.0,1035.0,5.0,1033,1040.0,7.0,7.0,0.0,0.0,1000-1059,0.0,,0.0,,,,,
149291,2025,1,8,3,2025-01-08,AA,19805,OH,20397,5019,11057,1105703,31057,CLT,"Charlotte, NC",10397,1039707,30397,ATL,"Atlanta, GA",900,855.0,-5.0,0.0,0.0,-1.0,0900-0959,21.0,916.0,1000.0,5.0,1033,1005.0,-28.0,0.0,0.0,-2.0,1000-1059,0.0,,0.0,,,,,
149292,2025,1,9,4,2025-01-09,AA,19805,OH,20397,5019,11057,1105703,31057,CLT,"Charlotte, NC",10397,1039707,30397,ATL,"Atlanta, GA",900,856.0,-4.0,0.0,0.0,-1.0,0900-0959,24.0,920.0,1004.0,5.0,1033,1009.0,-24.0,0.0,0.0,-2.0,1000-1059,0.0,,0.0,,,,,
149293,2025,1,10,5,2025-01-10,AA,19805,OH,20397,5019,11057,1105703,31057,CLT,"Charlotte, NC",10397,1039707,30397,ATL,"Atlanta, GA",900,,,,,,0900-0959,,,,,1033,,,,,,1000-1059,1.0,B,0.0,,,,,
149294,2025,1,11,6,2025-01-11,AA,19805,OH,20397,5019,11057,1105703,31057,CLT,"Charlotte, NC",10397,1039707,30397,ATL,"Atlanta, GA",900,,,,,,0900-0959,,,,,1033,,,,,,1000-1059,1.0,B,0.0,,,,,
149295,2025,1,12,7,2025-01-12,AA,19805,OH,20397,5019,11057,1105703,31057,CLT,"Charlotte, NC",10397,1039707,30397,ATL,"Atlanta, GA",900,857.0,-3.0,0.0,0.0,-1.0,0900-0959,27.0,924.0,1008.0,5.0,1033,1013.0,-20.0,0.0,0.0,-2.0,1000-1059,0.0,,0.0,,,,,
149296,2025,1,13,1,2025-01-13,AA,19805,OH,20397,5019,11057,1105703,31057,CLT,"Charlotte, NC",10397,1039707,30397,ATL,"Atlanta, GA",900,854.0,-6.0,0.0,0.0,-1.0,0900-0959,24.0,918.0,1005.0,41.0,1033,1046.0,13.0,13.0,0.0,0.0,1000-1059,0.0,,0.0,,,,,
149297,2025,1,14,2,2025-01-14,AA,19805,OH,20397,5019,11057,1105703,31057,CLT,"Charlotte, NC",10397,1039707,30397,ATL,"Atlanta, GA",900,901.0,1.0,1.0,0.0,0.0,0900-0959,23.0,924.0,1012.0,6.0,1033,1018.0,-15.0,0.0,0.0,-1.0,1000-1059,0.0,,0.0,,,,,
149298,2025,1,15,3,2025-01-15,AA,19805,OH,20397,5019,11057,1105703,31057,CLT,"Charlotte, NC",10397,1039707,30397,ATL,"Atlanta, GA",900,854.0,-6.0,0.0,0.0,-1.0,0900-0959,20.0,914.0,1000.0,6.0,1033,1006.0,-27.0,0.0,0.0,-2.0,1000-1059,0.0,,0.0,,,,,
149299,2025,1,16,4,2025-01-16,AA,19805,OH,20397,5019,11057,1105703,31057,CLT,"Charlotte, NC",10397,1039707,30397,ATL,"Atlanta, GA",900,853.0,-7.0,0.0,0.0,-1.0,0900-0959,18.0,911.0,956.0,9.0,1033,1005.0,-28.0,0.0,0.0,-2.0,1000-1059,0.0,,0.0,,,,,
149300,2025,1,17,5,2025-01-17,AA,19805,OH,20397,5019,11057,1105703,31057,CLT,"Charlotte, NC",10397,1039707,30397,ATL,"Atlanta, GA",900,853.0,-7.0,0.0,0.0,-1.0,0900-0959,21.0,914.0,956.0,4.0,1033,1000.0,-33.0,0.0,0.0,-2.0,1000-1059,0.0,,0.0,,,,,
149301,2025,1,18,6,2025-01-18,AA,19805,OH,20397,5019,11057,1105703,31057,CLT,"Charlotte, NC",10397,1039707,30397,ATL,"Atlanta, GA",900,857.0,-3.0,0.0,0.0,-1.0,0900-0959,24.0,921.0,1015.0,7.0,1033,1022.0,-11.0,0.0,0.0,-1.0,1000-1059,0.0,,0.0,,,,,
149302,2025,1,19,7,2025-01-19,AA,19805,OH,20397,5019,11057,1105703,31057,CLT,"Charlotte, NC",10397,1039707,30397,ATL,"Atlanta, GA",900,853.0,-7.0,0.0,0.0,-1.0,0900-0959,38.0,931.0,1019.0,6.0,1033,1025.0,-8.0,0.0,0.0,-1.0,1000-1059,0.0,,0.0,,,,,
149303,2025,1,20,1,2025-01-20,AA,19805,OH,20397,5019,11057,1105703,31057,CLT,"Charlotte, NC",10397,1039707,30397,ATL,"Atlanta, GA",900,901.0,1.0,1.0,0.0,0.0,0900-0959,37.0,938.0,1025.0,5.0,1033,1030.0,-3.0,0.0,0.0,-1.0,1000-1059,0.0,,0.0,,,,,
149304,2025,1,21,2,2025-01-21,AA,19805,OH,20397,5019,11057,1105703,31057,CLT,"Charlotte, NC",10397,1039707,30397,ATL,"Atlanta, GA",900,857.0,-3.0,0.0,0.0,-1.0,0900-0959,26.0,923.0,1014.0,20.0,1033,1034.0,1.0,1.0,0.0,0.0,1000-1059,0.0,,0.0,,,,,
149305,2025,1,22,3,2025-01-22,AA,19805,OH,20397,5019,11057,1105703,31057,CLT,"Charlotte, NC",10397,1039707,30397,ATL,"Atlanta, GA",900,907.0,7.0,7.0,0.0,0.0,0900-0959,30.0,937.0,1032.0,11.0,1033,1043.0,10.0,10.0,0.0,0.0,1000-1059,0.0,,0.0,,,,,
149306,2025,1,23,4,2025-01-23,AA,19805,OH,20397,5019,11057,1105703,31057,CLT,"Charlotte, NC",10397,1039707,30397,ATL,"Atlanta, GA",900,858.0,-2.0,0.0,0.0,-1.0,0900-0959,24.0,922.0,1009.0,5.0,1033,1014.0,-19.0,0.0,0.0,-2.0,1000-1059,0.0,,0.0,,,,,
149307,2025,1,24,5,2025-01-24,AA,19805,OH,20397,5019,11057,1105703,31057,CLT,"Charlotte, NC",10397,1039707,30397,ATL,"Atlanta, GA",900,900.0,0.0,0.0,0.0,0.0,0900-0959,20.0,920.0,1015.0,5.0,1033,1020.0,-13.0,0.0,0.0,-1.0,1000-1059,0.0,,0.0,,,,,
149308,2025,1,25,6,2025-01-25,AA,19805,OH,20397,5019,11057,1105703,31057,CLT,"Charlotte, NC",10397,1039707,30397,ATL,"Atlanta, GA",900,853.0,-7.0,0.0,0.0,-1.0,0900-0959,15.0,908.0,953.0,5.0,1033,958.0,-35.0,0.0,0.0,-2.0,1000-1059,0.0,,0.0,,,,,
149309,2025,1,26,7,2025-01-26,AA,19805,OH,20397,5019,11057,1105703,31057,CLT,"Charlotte, NC",10397,1039707,30397,ATL,"Atlanta, GA",900,855.0,-5.0,0.0,0.0,-1.0,0900-0959,40.0,935.0,1018.0,5.0,1033,1023.0,-10.0,0.0,0.0,-1.0,1000-1059,0.0,,0.0,,,,,
149310,2025,1,27,1,2025-01-27,AA,19805,OH,20397,5019,11057,1105703,31057,CLT,"Charlotte, NC",10397,1039707,30397,ATL,"Atlanta, GA",900,854.0,-6.0,0.0,0.0,-1.0,0900-0959,26.0,920.0,1009.0,7.0,1033,1016.0,-17.0,0.0,0.0,-2.0,1000-1059,0.0,,0.0,,,,,
149311,2025,1,28,2,2025-01-28,AA,19805,OH,20397,5019,11057,1105703,31057,CLT,"Charlotte, NC",10397,1039707,30397,ATL,"Atlanta, GA",900,858.0,-2.0,0.0,0.0,-1.0,0900-0959,51.0,949.0,1033.0,5.0,1033,1038.0,5.0,5.0,0.0,0.0,1000-1059,0.0,,0.0,,,,,
149312,2025,1,29,3,2025-01-29,AA,19805,OH,20397,5019,11057,1105703,31057,CLT,"Charlotte, NC",10397,1039707,30397,ATL,"Atlanta, GA",900,852.0,-8.0,0.0,0.0,-1.0,0900-0959,28.0,920.0,1007.0,10.0,1033,1017.0,-16.0,0.0,0.0,-2.0,1000-1059,0.0,,0.0,,,,,
149313,2025,1,30,4,2025-01-30,AA,19805,OH,20397,5019,11057,1105703,31057,CLT,"Charlotte, NC",10397,1039707,30397,ATL,"Atlanta, GA",900,854.0,-6.0,0.0,0.0,-1.0,0900-0959,20.0,914.0,1002.0,8.0,1033,1010.0,-23.0,0.0,0.0,-2.0,1000-1059,0.0,,0.0,,,,,
149314,2025,1,31,5,2025-01-31,AA,19805,OH,20397,5019,11057,1105703,31057,CLT,"Charlotte, NC",10397,1039707,30397,ATL,"Atlanta, GA",900,854.0,-6.0,0.0,0.0,-1.0,0900-0959,32.0,926.0,1016.0,10.0,1033,1026.0,-7.0,0.0,0.0,-1.0,1000-1059,0.0,,0.0,,,,,
149315,2025,1,7,2,2025-01-07,AA,19805,OH,20397,5021,11057,1105703,31057,CLT,"Charlotte, NC",10397,1039707,30397,ATL,"Atlanta, GA",1353,1351.0,-2.0,0.0,0.0,-1.0,1300-1359,24.0,1415.0,1458.0,5.0,1517,1503.0,-14.0,0.0,0.0,-1.0,1500-1559,0.0,,0.0,,,,,
149316,2025,1,8,3,2025-01-08,AA,19805,OH,20397,5021,11057,1105703,31057,CLT,"Charlotte, NC",10397,1039707,30397,ATL,"Atlanta, GA",1353,1347.0,-6.0,0.0,0.0,-1.0,1300-1359,23.0,1410.0,1457.0,7.0,1517,1504.0,-13.0,0.0,0.0,-1.0,1500-1559,0.0,,0.0,,,,,
149317,2025,1,9,4,2025-01-09,AA,19805,OH,20397,5021,11057,1105703,31057,CLT,"Charlotte, NC",10397,1039707,30397,ATL,"Atlanta, GA",1353,1347.0,-6.0,0.0,0.0,-1.0,1300-1359,22.0,1409.0,1453.0,6.0,1517,1459.0,-18.0,0.0,0.0,-2.0,1500-1559,0.0,,0.0,,,,,
149318,2025,1,10,5,2025-01-10,AA,19805,OH,20397,5021,11057,1105703,31057,CLT,"Charlotte, NC",10397,1039707,30397,ATL,"Atlanta, GA",1353,,,,,,1300-1359,,,,,1517,,,,,,1500-1559,1.0,B,0.0,,,,,
149319,2025,1,11,6,2025-01-11,AA,19805,OH,20397,5021,11057,1105703,31057,CLT,"Charlotte, NC",10397,1039707,30397,ATL,"Atlanta, GA",1353,1415.0,22.0,22.0,1.0,1.0,1300-1359,18.0,1433.0,1514.0,6.0,1517,1520.0,3.0,3.0,0.0,0.0,1500-1559,0.0,,0.0,,,,,
149320,2025,1,12,7,2025-01-12,AA,19805,OH,20397,5021,11057,1105703,31057,CLT,"Charlotte, NC",10397,1039707,30397,ATL,"Atlanta, GA",1353,1359.0,6.0,6.0,0.0,0.0,1300-1359,19.0,1418.0,1504.0,6.0,1517,1510.0,-7.0,0.0,0.0,-1.0,1500-1559,0.0,,0.0,,,,,
149321,2025,1,13,1,2025-01-13,AA,19805,OH,20397,5021,11057,1105703,31057,CLT,"Charlotte, NC",10397,1039707,30397,ATL,"Atlanta, GA",1353,1350.0,-3.0,0.0,0.0,-1.0,1300-1359,21.0,1411.0,1457.0,5.0,1517,1502.0,-15.0,0.0,0.0,-1.0,1500-1559,0.0,,0.0,,,,,
149322,2025,1,14,2,2025-01-14,AA,19805,OH,20397,5021,11057,1105703,31057,CLT,"Charlotte, NC",10397,1039707,30397,ATL,"Atlanta, GA",1353,1354.0,1.0,1.0,0.0,0.0,1300-1359,21.0,1415.0,1505.0,6.0,1517,1511.0,-6.0,0.0,0.0,-1.0,1500-1559,0.0,,0.0,,,,,
149323,2025,1,15,3,2025-01-15,AA,19805,OH,20397,5021,11057,1105703,31057,CLT,"Charlotte, NC",10397,1039707,30397,ATL,"Atlanta, GA",1353,1349.0,-4.0,0.0,0.0,-1.0,1300-1359,25.0,1414.0,1500.0,5.0,1517,1505.0,-12.0,0.0,0.0,-1.0,1500-1559,0.0,,0.0,,,,,
149324,2025,1,16,4,2025-01-16,AA,19805,OH,20397,5021,11057,1105703,31057,CLT,"Charlotte, NC",10397,1039707,30397,ATL,"Atlanta, GA",1353,1346.0,-7.0,0.0,0.0,-1.0,1300-1359,26.0,1412.0,1500.0,7.0,1517,1507.0,-10.0,0.0,0.0,-1.0,1500-1559,0.0,,0.0,,,,,
149325,2025,1,17,5,2025-01-17,AA,19805,OH,20397,5021,11057,1105703,31057,CLT,"Charlotte, NC",10397,1039707,30397,ATL,"Atlanta, GA",1353,1345.0,-8.0,0.0,0.0,-1.0,1300-1359,21.0,1406.0,1450.0,17.0,1517,1507.0,-10.0,0.0,0.0,-1.0,1500-1559,0.0,,0.0,,,,,
149326,2025,1,18,6,2025-01-18,AA,19805,OH,20397,5021,11057,1105703,31057,CLT,"Charlotte, NC",10397,1039707,30397,ATL,"Atlanta, GA",1353,1423.0,30.0,30.0,1.0,2.0,1300-1359,37.0,1500.0,1547.0,4.0,1517,1551.0,34.0,34.0,1.0,2.0,1500-1559,0.0,,0.0,30.0,0.0,4.0,0.0,0.0
149327,2025,1,19,7,2025-01-19,AA,19805,OH,20397,5021,11057,1105703,31057,CLT,"Charlotte, NC",10397,1039707,30397,ATL,"Atlanta, GA",1353,1351.0,-2.0,0.0,0.0,-1.0,1300-1359,13.0,1404.0,1454.0,11.0,1517,1505.0,-12.0,0.0,0.0,-1.0,1500-1559,0.0,,0.0,,,,,
149328,2025,1,20,1,2025-01-20,AA,19805,OH,20397,5021,11057,1105703,31057,CLT,"Charlotte, NC",10397,1039707,30397,ATL,"Atlanta, GA",1353,1414.0,21.0,21.0,1.0,1.0,1300-1359,40.0,1454.0,1545.0,5.0,1517,1550.0,33.0,33.0,1.0,2.0,1500-1559,0.0,,0.0,21.0,0.0,12.0,0.0,0.0
149329,2025,1,21,2,2025-01-21,AA,19805,OH,20397,5021,11057,1105703,31057,CLT,"Charlotte, NC",10397,1039707,30397,ATL,"Atlanta, GA",1353,1350.0,-3.0,0.0,0.0,-1.0,1300-1359,31.0,1421.0,1513.0,5.0,1517,1518.0,1.0,1.0,0.0,0.0,1500-1559,0.0,,0.0,,,,,
149330,2025,1,22,3,2025-01-22,AA,19805,OH,20397,5021,11057,1105703,31057,CLT,"Charlotte, NC",10397,1039707,30397,ATL,"Atlanta, GA",1353,1351.0,-2.0,0.0,0.0,-1.0,1300-1359,22.0,1413.0,1501.0,9.0,1517,1510.0,-7.0,0.0,0.0,-1.0,1500-1559,0.0,,0.0,,,,,
149331,2025,1,23,4,2025-01-23,AA,19805,OH,20397,5021,11057,1105703,31057,CLT,"Charlotte, NC",10397,1039707,30397,ATL,"Atlanta, GA",1353,1408.0,15.0,15.0,1.0,1.0,1300-1359,21.0,1429.0,1518.0,5.0,1517,1523.0,6.0,6.0,0.0,0.0,1500-1559,0.0,,0.0,,,,,
149332,2025,1,24,5,2025-01-24,AA,19805,OH,20397,5021,11057,1105703,31057,CLT,"Charlotte, NC",10397,1039707,30397,ATL,"Atlanta, GA",1353,1350.0,-3.0,0.0,0.0,-1.0,1300-1359,17.0,1407.0,1452.0,5.0,1517,1457.0,-20.0,0.0,0.0,-2.0,1500-1559,0.0,,0.0,,,,,
149333,2025,1,25,6,2025-01-25,AA,19805,OH,20397,5021,11057,1105703,31057,CLT,"Charlotte, NC",10397,1039707,30397,ATL,"Atlanta, GA",1353,1346.0,-7.0,0.0,0.0,-1.0,1300-1359,30.0,1416.0,1502.0,6.0,1517,1508.0,-9.0,0.0,0.0,-1.0,1500-1559,0.0,,0.0,,,,,
149334,2025,1,26,7,2025-01-26,AA,19805,OH,20397,5021,11057,1105703,31057,CLT,"Charlotte, NC",10397,1039707,30397,ATL,"Atlanta, GA",1353,1346.0,-7.0,0.0,0.0,-1.0,1300-1359,29.0,1415.0,1503.0,6.0,1517,1509.0,-8.0,0.0,0.0,-1.0,1500-1559,0.0,,0.0,,,,,
149335,2025,1,27,1,2025-01-27,AA,19805,OH,20397,5021,11057,1105703,31057,CLT,"Charlotte, NC",10397,1039707,30397,ATL,"Atlanta, GA",1353,1345.0,-8.0,0.0,0.0,-1.0,1300-1359,32.0,1417.0,1506.0,9.0,1517,1515.0,-2.0,0.0,0.0,-1.0,1500-1559,0.0,,0.0,,,,,
149336,2025,1,28,2,2025-01-28,AA,19805,OH,20397,5021,11057,1105703,31057,CLT,"Charlotte, NC",10397,1039707,30397,ATL,"Atlanta, GA",1353,1437.0,44.0,44.0,1.0,2.0,1300-1359,32.0,1509.0,1556.0,6.0,1517,1602.0,45.0,45.0,1.0,3.0,1500-1559,0.0,,0.0,0.0,0.0,1.0,0.0,44.0
149337,2025,1,29,3,2025-01-29,AA,19805,OH,20397,5021,11057,1105703,31057,CLT,"Charlotte, NC",10397,1039707,30397,ATL,"Atlanta, GA",1353,1347.0,-6.0,0.0,0.0,-1.0,1300-1359,18.0,1405.0,1451.0,5.0,1517,1456.0,-21.0,0.0,0.0,-2.0,1500-1559,0.0,,0.0,,,,,
149338,2025,1,30,4,2025-01-30,AA,19805,OH,20397,5021,11057,1105703,31057,CLT,"Charlotte, NC",10397,1039707,30397,ATL,"Atlanta, GA",1353,1447.0,54.0,54.0,1.0,3.0,1300-1359,32.0,1519.0,1607.0,8.0,1517,1615.0,58.0,58.0,1.0,3.0,1500-1559,0.0,,0.0,3.0,0.0,4.0,0.0,51.0
149339,2025,1,31,5,2025-01-31,AA,19805,OH,20397,5021,11057,1105703,31057,CLT,"Charlotte, NC",10397,1039707,30397,ATL,"Atlanta, GA",1353,1407.0,14.0,14.0,0.0,0.0,1300-1359,22.0,1429.0,1518.0,7.0,1517,1525.0,8.0,8.0,0.0,0.0,1500-1559,0.0,,0.0,,,,,
149370,2025,1,1,3,2025-01-01,AA,19805,OH,20397,5022,11057,1105703,31057,CLT,"Charlotte, NC",10397,1039707,30397,ATL,"Atlanta, GA",1615,1721.0,66.0,66.0,1.0,4.0,1600-1659,18.0,1739.0,1828.0,8.0,1733,1836.0,63.0,63.0,1.0,4.0,1700-1759,0.0,,0.0,63.0,0.0,0.0,0.0,0.0
149371,2025,1,2,4,2025-01-02,AA,19805,OH,20397,5022,11057,1105703,31057,CLT,"Charlotte, NC",10397,1039707,30397,ATL,"Atlanta, GA",1615,1611.0,-4.0,0.0,0.0,-1.0,1600-1659,18.0,1629.0,1714.0,32.0,1733,1746.0,13.0,13.0,0.0,0.0,1700-1759,0.0,,0.0,,,,,
149372,2025,1,3,5,2025-01-03,AA,19805,OH,20397,5022,11057,1105703,31057,CLT,"Charlotte, NC",10397,1039707,30397,ATL,"Atlanta, GA",1615,1627.0,12.0,12.0,0.0,0.0,1600-1659,21.0,1648.0,1738.0,5.0,1733,1743.0,10.0,10.0,0.0,0.0,1700-1759,0.0,,0.0,,,,,
149373,2025,1,4,6,2025-01-04,AA,19805,OH,20397,5022,11057,1105703,31057,CLT,"Charlotte, NC",10397,1039707,30397,ATL,"Atlanta, GA",1615,1623.0,8.0,8.0,0.0,0.0,1600-1659,23.0,1646.0,1734.0,6.0,1733,1740.0,7.0,7.0,0.0,0.0,1700-1759,0.0,,0.0,,,,,
149374,2025,1,5,7,2025-01-05,AA,19805,OH,20397,5022,11057,1105703,31057,CLT,"Charlotte, NC",10397,1039707,30397,ATL,"Atlanta, GA",1615,1657.0,42.0,42.0,1.0,2.0,1600-1659,34.0,1731.0,1826.0,9.0,1733,1835.0,62.0,62.0,1.0,4.0,1700-1759,0.0,,0.0,7.0,0.0,20.0,0.0,35.0
149375,2025,1,6,1,2025-01-06,AA,19805,OH,20397,5022,11057,1105703,31057,CLT,"Charlotte, NC",10397,1039707,30397,ATL,"Atlanta, GA",1615,1643.0,28.0,28.0,1.0,1.0,1600-1659,18.0,1701.0,1745.0,48.0,1733,1833.0,60.0,60.0,1.0,4.0,1700-1759,0.0,,0.0,23.0,0.0,32.0,0.0,5.0
150639,2025,1,1,3,2025-01-01,AA,19805,OH,20397,5059,11057,1105703,31057,CLT,"Charlotte, NC",10397,1039707,30397,ATL,"Atlanta, GA",1823,1816.0,-7.0,0.0,0.0,-1.0,1800-1859,34.0,1850.0,1941.0,11.0,1950,1952.0,2.0,2.0,0.0,0.0,1900-1959,0.0,,0.0,,,,,
150640,2025,1,2,4,2025-01-02,AA,19805,OH,20397,5059,11057,1105703,31057,CLT,"Charlotte, NC",10397,1039707,30397,ATL,"Atlanta, GA",1823,1818.0,-5.0,0.0,0.0,-1.0,1800-1859,28.0,1846.0,1932.0,6.0,1950,1938.0,-12.0,0.0,0.0,-1.0,1900-1959,0.0,,0.0,,,,,
150641,2025,1,3,5,2025-01-03,AA,19805,OH,20397,5059,11057,1105703,31057,CLT,"Charlotte, NC",10397,1039707,30397,ATL,"Atlanta, GA",1823,1818.0,-5.0,0.0,0.0,-1.0,1800-1859,25.0,1843.0,1931.0,8.0,1950,1939.0,-11.0,0.0,0.0,-1.0,1900-1959,0.0,,0.0,,,,,
150642,2025,1,4,6,2025-01-04,AA,19805,OH,20397,5059,11057,1105703,31057,CLT,"Charlotte, NC",10397,1039707,30397,ATL,"Atlanta, GA",1823,1817.0,-6.0,0.0,0.0,-1.0,1800-1859,30.0,1847.0,1932.0,8.0,1950,1940.0,-10.0,0.0,0.0,-1.0,1900-1959,0.0,,0.0,,,,,
150643,2025,1,5,7,2025-01-05,AA,19805,OH,20397,5059,11057,1105703,31057,CLT,"Charlotte, NC",10397,1039707,30397,ATL,"Atlanta, GA",1823,1822.0,-1.0,0.0,0.0,-1.0,1800-1859,46.0,1908.0,2006.0,7.0,1950,2013.0,23.0,23.0,1.0,1.0,1900-1959,0.0,,0.0,0.0,0.0,23.0,0.0,0.0
150644,2025,1,6,1,2025-01-06,AA,19805,OH,20397,5059,11057,1105703,31057,CLT,"Charlotte, NC",10397,1039707,30397,ATL,"Atlanta, GA",1823,1914.0,51.0,51.0,1.0,3.0,1800-1859,30.0,1944.0,2028.0,5.0,1950,2033.0,43.0,43.0,1.0,2.0,1900-1959,0.0,,0.0,20.0,0.0,0.0,0.0,23.0
152649,2025,1,7,2,2025-01-07,AA,19805,OH,20397,5121,11057,1105703,31057,CLT,"Charlotte, NC",10397,1039707,30397,ATL,"Atlanta, GA",1617,1613.0,-4.0,0.0,0.0,-1.0,1600-1659,16.0,1629.0,1710.0,6.0,1742,1716.0,-26.0,0.0,0.0,-2.0,1700-1759,0.0,,0.0,,,,,
152650,2025,1,8,3,2025-01-08,AA,19805,OH,20397,5121,11057,1105703,31057,CLT,"Charlotte, NC",10397,1039707,30397,ATL,"Atlanta, GA",1617,1611.0,-6.0,0.0,0.0,-1.0,1600-1659,22.0,1633.0,1722.0,5.0,1742,1727.0,-15.0,0.0,0.0,-1.0,1700-1759,0.0,,0.0,,,,,
152651,2025,1,9,4,2025-01-09,AA,19805,OH,20397,5121,11057,1105703,31057,CLT,"Charlotte, NC",10397,1039707,30397,ATL,"Atlanta, GA",1617,1628.0,11.0,11.0,0.0,0.0,1600-1659,22.0,1650.0,1736.0,5.0,1742,1741.0,-1.0,0.0,0.0,-1.0,1700-1759,0.0,,0.0,,,,,
152652,2025,1,10,5,2025-01-10,AA,19805,OH,20397,5121,11057,1105703,31057,CLT,"Charlotte, NC",10397,1039707,30397,ATL,"Atlanta, GA",1617,,,,,,1600-1659,,,,,1742,,,,,,1700-1759,1.0,B,0.0,,,,,
152653,2025,1,11,6,2025-01-11,AA,19805,OH,20397,5121,11057,1105703,31057,CLT,"Charlotte, NC",10397,1039707,30397,ATL,"Atlanta, GA",1617,1643.0,26.0,26.0,1.0,1.0,1600-1659,20.0,1703.0,1746.0,4.0,1742,1750.0,8.0,8.0,0.0,0.0,1700-1759,0.0,,0.0,,,,,
152654,2025,1,12,7,2025-01-12,AA,19805,OH,20397,5121,11057,1105703,31057,CLT,"Charlotte, NC",10397,1039707,30397,ATL,"Atlanta, GA",1617,1952.0,215.0,215.0,1.0,12.0,1600-1659,18.0,2010.0,2055.0,8.0,1742,2103.0,201.0,201.0,1.0,12.0,1700-1759,0.0,,0.0,37.0,0.0,0.0,0.0,164.0
152655,2025,1,13,1,2025-01-13,AA,19805,OH,20397,5121,11057,1105703,31057,CLT,"Charlotte, NC",10397,1039707,30397,ATL,"Atlanta, GA",1617,1613.0,-4.0,0.0,0.0,-1.0,1600-1659,21.0,1634.0,1720.0,5.0,1742,1725.0,-17.0,0.0,0.0,-2.0,1700-1759,0.0,,0.0,,,,,
152656,2025,1,14,2,2025-01-14,AA,19805,OH,20397,5121,11057,1105703,31057,CLT,"Charlotte, NC",10397,1039707,30397,ATL,"Atlanta, GA",1617,1612.0,-5.0,0.0,0.0,-1.0,1600-1659,14.0,1626.0,1713.0,5.0,1742,1718.0,-24.0,0.0,0.0,-2.0,1700-1759,0.0,,0.0,,,,,
152657,2025,1,15,3,2025-01-15,AA,19805,OH,20397,5121,11057,1105703,31057,CLT,"Charlotte, NC",10397,1039707,30397,ATL,"Atlanta, GA",1617,1616.0,-1.0,0.0,0.0,-1.0,1600-1659,26.0,1642.0,1730.0,6.0,1742,1736.0,-6.0,0.0,0.0,-1.0,1700-1759,0.0,,0.0,,,,,
152658,2025,1,16,4,2025-01-16,AA,19805,OH,20397,5121,11057,1105703,31057,CLT,"Charlotte, NC",10397,1039707,30397,ATL,"Atlanta, GA",1617,1611.0,-6.0,0.0,0.0,-1.0,1600-1659,16.0,1627.0,1711.0,15.0,1742,1726.0,-16.0,0.0,0.0,-2.0,1700-1759,0.0,,0.0,,,,,
152659,2025,1,17,5,2025-01-17,AA,19805,OH,20397,5121,11057,1105703,31057,CLT,"Charlotte, NC",10397,1039707,30397,ATL,"Atlanta, GA",1617,1615.0,-2.0,0.0,0.0,-1.0,1600-1659,27.0,1642.0,1727.0,6.0,1742,1733.0,-9.0,0.0,0.0,-1.0,1700-1759,0.0,,0.0,,,,,
152660,2025,1,18,6,2025-01-18,AA,19805,OH,20397,5121,11057,1105703,31057,CLT,"Charlotte, NC",10397,1039707,30397,ATL,"Atlanta, GA",1617,1611.0,-6.0,0.0,0.0,-1.0,1600-1659,26.0,1637.0,1723.0,10.0,1742,1733.0,-9.0,0.0,0.0,-1.0,1700-1759,0.0,,0.0,,,,,
152661,2025,1,19,7,2025-01-19,AA,19805,OH,20397,5121,11057,1105703,31057,CLT,"Charlotte, NC",10397,1039707,30397,ATL,"Atlanta, GA",1617,1628.0,11.0,11.0,0.0,0.0,1600-1659,45.0,1713.0,1803.0,6.0,1742,1809.0,27.0,27.0,1.0,1.0,1700-1759,0.0,,0.0,0.0,0.0,16.0,0.0,11.0
152662,2025,1,20,1,2025-01-20,AA,19805,OH,20397,5121,11057,1105703,31057,CLT,"Charlotte, NC",10397,1039707,30397,ATL,"Atlanta, GA",1617,1615.0,-2.0,0.0,0.0,-1.0,1600-1659,19.0,1634.0,1720.0,6.0,1742,1726.0,-16.0,0.0,0.0,-2.0,1700-1759,0.0,,0.0,,,,,
152663,2025,1,21,2,2025-01-21,AA,19805,OH,20397,5121,11057,1105703,31057,CLT,"Charlotte, NC",10397,1039707,30397,ATL,"Atlanta, GA",1617,1612.0,-5.0,0.0,0.0,-1.0,1600-1659,36.0,1648.0,1742.0,6.0,1742,1748.0,6.0,6.0,0.0,0.0,1700-1759,0.0,,0.0,,,,,
152664,2025,1,22,3,2025-01-22,AA,19805,OH,20397,5121,11057,1105703,31057,CLT,"Charlotte, NC",10397,1039707,30397,ATL,"Atlanta, GA",1617,1630.0,13.0,13.0,0.0,0.0,1600-1659,20.0,1650.0,1738.0,8.0,1742,1746.0,4.0,4.0,0.0,0.0,1700-1759,0.0,,0.0,,,,,
152665,2025,1,23,4,2025-01-23,AA,19805,OH,20397,5121,11057,1105703,31057,CLT,"Charlotte, NC",10397,1039707,30397,ATL,"Atlanta, GA",1617,1613.0,-4.0,0.0,0.0,-1.0,1600-1659,43.0,1656.0,1744.0,6.0,1742,1750.0,8.0,8.0,0.0,0.0,1700-1759,0.0,,0.0,,,,,
152666,2025,1,24,5,2025-01-24,AA,19805,OH,20397,5121,11057,1105703,31057,CLT,"Charlotte, NC",10397,1039707,30397,ATL,"Atlanta, GA",1617,1619.0,2.0,2.0,0.0,0.0,1600-1659,17.0,1636.0,1722.0,6.0,1742,1728.0,-14.0,0.0,0.0,-1.0,1700-1759,0.0,,0.0,,,,,
152667,2025,1,25,6,2025-01-25,AA,19805,OH,20397,5121,11057,1105703,31057,CLT,"Charlotte, NC",10397,1039707,30397,ATL,"Atlanta, GA",1617,1617.0,0.0,0.0,0.0,0.0,1600-1659,36.0,1653.0,1738.0,5.0,1742,1743.0,1.0,1.0,0.0,0.0,1700-1759,0.0,,0.0,,,,,
152668,2025,1,26,7,2025-01-26,AA,19805,OH,20397,5121,11057,1105703,31057,CLT,"Charlotte, NC",10397,1039707,30397,ATL,"Atlanta, GA",1617,1623.0,6.0,6.0,0.0,0.0,1600-1659,22.0,1645.0,1732.0,15.0,1742,1747.0,5.0,5.0,0.0,0.0,1700-1759,0.0,,0.0,,,,,
152669,2025,1,27,1,2025-01-27,AA,19805,OH,20397,5121,11057,1105703,31057,CLT,"Charlotte, NC",10397,1039707,30397,ATL,"Atlanta, GA",1617,1612.0,-5.0,0.0,0.0,-1.0,1600-1659,47.0,1659.0,1748.0,13.0,1742,1801.0,19.0,19.0,1.0,1.0,1700-1759,0.0,,0.0,0.0,0.0,19.0,0.0,0.0
152670,2025,1,28,2,2025-01-28,AA,19805,OH,20397,5121,11057,1105703,31057,CLT,"Charlotte, NC",10397,1039707,30397,ATL,"Atlanta, GA",1617,1613.0,-4.0,0.0,0.0,-1.0,1600-1659,20.0,1633.0,1719.0,9.0,1742,1728.0,-14.0,0.0,0.0,-1.0,1700-1759,0.0,,0.0,,,,,
152671,2025,1,29,3,2025-01-29,AA,19805,OH,20397,5121,11057,1105703,31057,CLT,"Charlotte, NC",10397,1039707,30397,ATL,"Atlanta, GA",1617,1613.0,-4.0,0.0,0.0,-1.0,1600-1659,26.0,1639.0,1725.0,6.0,1742,1731.0,-11.0,0.0,0.0,-1.0,1700-1759,0.0,,0.0,,,,,
152672,2025,1,30,4,2025-01-30,AA,19805,OH,20397,5121,11057,1105703,31057,CLT,"Charlotte, NC",10397,1039707,30397,ATL,"Atlanta, GA",1617,1615.0,-2.0,0.0,0.0,-1.0,1600-1659,23.0,1638.0,1724.0,11.0,1742,1735.0,-7.0,0.0,0.0,-1.0,1700-1759,0.0,,0.0,,,,,
152673,2025,1,31,5,2025-01-31,AA,19805,OH,20397,5121,11057,1105703,31057,CLT,"Charlotte, NC",10397,1039707,30397,ATL,"Atlanta, GA",1617,1630.0,13.0,13.0,0.0,0.0,1600-1659,27.0,1657.0,1751.0,5.0,1742,1756.0,14.0,14.0,0.0,0.0,1700-1759,0.0,,0.0,,,,,
154421,2025,1,2,4,2025-01-02,AA,19805,OH,20397,5176,11057,1105703,31057,CLT,"Charlotte, NC",10397,1039707,30397,ATL,"Atlanta, GA",715,709.0,-6.0,0.0,0.0,-1.0,0700-0759,37.0,746.0,832.0,8.0,838,840.0,2.0,2.0,0.0,0.0,0800-0859,0.0,,0.0,,,,,
154422,2025,1,3,5,2025-01-03,AA,19805,OH,20397,5176,11057,1105703,31057,CLT,"Charlotte, NC",10397,1039707,30397,ATL,"Atlanta, GA",715,709.0,-6.0,0.0,0.0,-1.0,0700-0759,23.0,732.0,820.0,9.0,838,829.0,-9.0,0.0,0.0,-1.0,0800-0859,0.0,,0.0,,,,,
154423,2025,1,5,7,2025-01-05,AA,19805,OH,20397,5176,11057,1105703,31057,CLT,"Charlotte, NC",10397,1039707,30397,ATL,"Atlanta, GA",715,710.0,-5.0,0.0,0.0,-1.0,0700-0759,17.0,727.0,814.0,6.0,838,820.0,-18.0,0.0,0.0,-2.0,0800-0859,0.0,,0.0,,,,,
154424,2025,1,6,1,2025-01-06,AA,19805,OH,20397,5176,11057,1105703,31057,CLT,"Charlotte, NC",10397,1039707,30397,ATL,"Atlanta, GA",715,713.0,-2.0,0.0,0.0,-1.0,0700-0759,47.0,800.0,851.0,5.0,838,856.0,18.0,18.0,1.0,1.0,0800-0859,0.0,,0.0,0.0,0.0,18.0,0.0,0.0
154425,2025,1,9,4,2025-01-09,AA,19805,OH,20397,5176,11057,1105703,31057,CLT,"Charlotte, NC",10397,1039707,30397,ATL,"Atlanta, GA",716,712.0,-4.0,0.0,0.0,-1.0,0700-0759,20.0,732.0,816.0,7.0,844,823.0,-21.0,0.0,0.0,-2.0,0800-0859,0.0,,0.0,,,,,
154426,2025,1,12,7,2025-01-12,AA,19805,OH,20397,5176,11057,1105703,31057,CLT,"Charlotte, NC",10397,1039707,30397,ATL,"Atlanta, GA",716,742.0,26.0,26.0,1.0,1.0,0700-0759,54.0,836.0,917.0,7.0,844,924.0,40.0,40.0,1.0,2.0,0800-0859,0.0,,0.0,26.0,0.0,14.0,0.0,0.0
154427,2025,1,16,4,2025-01-16,AA,19805,OH,20397,5176,11057,1105703,31057,CLT,"Charlotte, NC",10397,1039707,30397,ATL,"Atlanta, GA",716,709.0,-7.0,0.0,0.0,-1.0,0700-0759,36.0,745.0,832.0,7.0,844,839.0,-5.0,0.0,0.0,-1.0,0800-0859,0.0,,0.0,,,,,
154428,2025,1,23,4,2025-01-23,AA,19805,OH,20397,5176,11057,1105703,31057,CLT,"Charlotte, NC",10397,1039707,30397,ATL,"Atlanta, GA",716,711.0,-5.0,0.0,0.0,-1.0,0700-0759,34.0,745.0,834.0,6.0,844,840.0,-4.0,0.0,0.0,-1.0,0800-0859,0.0,,0.0,,,,,
154429,2025,1,26,7,2025-01-26,AA,19805,OH,20397,5176,11057,1105703,31057,CLT,"Charlotte, NC",10397,1039707,30397,ATL,"Atlanta, GA",716,800.0,44.0,44.0,1.0,2.0,0700-0759,32.0,832.0,920.0,5.0,844,925.0,41.0,41.0,1.0,2.0,0800-0859,0.0,,0.0,41.0,0.0,0.0,0.0,0.0
154430,2025,1,30,4,2025-01-30,AA,19805,OH,20397,5176,11057,1105703,31057,CLT,"Charlotte, NC",10397,1039707,30397,ATL,"Atlanta, GA",716,713.0,-3.0,0.0,0.0,-1.0,0700-0759,29.0,742.0,828.0,13.0,844,841.0,-3.0,0.0,0.0,-1.0,0800-0859,0.0,,0.0,,,,,
156228,2025,1,7,2,2025-01-07,AA,19805,OH,20397,5226,11057,1105703,31057,CLT,"Charlotte, NC",10397,1039707,30397,ATL,"Atlanta, GA",1819,1828.0,9.0,9.0,0.0,0.0,1800-1859,20.0,1848.0,1933.0,9.0,1948,1942.0,-6.0,0.0,0.0,-1.0,1900-1959,0.0,,0.0,,,,,
156229,2025,1,8,3,2025-01-08,AA,19805,OH,20397,5226,11057,1105703,31057,CLT,"Charlotte, NC",10397,1039707,30397,ATL,"Atlanta, GA",1819,1814.0,-5.0,0.0,0.0,-1.0,1800-1859,29.0,1843.0,1934.0,10.0,1948,1944.0,-4.0,0.0,0.0,-1.0,1900-1959,0.0,,0.0,,,,,
156230,2025,1,9,4,2025-01-09,AA,19805,OH,20397,5226,11057,1105703,31057,CLT,"Charlotte, NC",10397,1039707,30397,ATL,"Atlanta, GA",1819,1815.0,-4.0,0.0,0.0,-1.0,1800-1859,36.0,1851.0,1935.0,38.0,1948,2013.0,25.0,25.0,1.0,1.0,1900-1959,0.0,,0.0,0.0,0.0,25.0,0.0,0.0
156231,2025,1,10,5,2025-01-10,AA,19805,OH,20397,5226,11057,1105703,31057,CLT,"Charlotte, NC",10397,1039707,30397,ATL,"Atlanta, GA",1819,,,,,,1800-1859,,,,,1948,,,,,,1900-1959,1.0,B,0.0,,,,,
156232,2025,1,11,6,2025-01-11,AA,19805,OH,20397,5226,11057,1105703,31057,CLT,"Charlotte, NC",10397,1039707,30397,ATL,"Atlanta, GA",1819,1841.0,22.0,22.0,1.0,1.0,1800-1859,24.0,1905.0,1948.0,6.0,1948,1954.0,6.0,6.0,0.0,0.0,1900-1959,0.0,,0.0,,,,,
156233,2025,1,12,7,2025-01-12,AA,19805,OH,20397,5226,11057,1105703,31057,CLT,"Charlotte, NC",10397,1039707,30397,ATL,"Atlanta, GA",1819,1850.0,31.0,31.0,1.0,2.0,1800-1859,28.0,1918.0,2002.0,4.0,1948,2006.0,18.0,18.0,1.0,1.0,1900-1959,0.0,,0.0,18.0,0.0,0.0,0.0,0.0
156234,2025,1,13,1,2025-01-13,AA,19805,OH,20397,5226,11057,1105703,31057,CLT,"Charlotte, NC",10397,1039707,30397,ATL,"Atlanta, GA",1819,1943.0,84.0,84.0,1.0,5.0,1800-1859,18.0,2001.0,2048.0,6.0,1948,2054.0,66.0,66.0,1.0,4.0,1900-1959,0.0,,0.0,0.0,0.0,0.0,0.0,66.0
156235,2025,1,14,2,2025-01-14,AA,19805,OH,20397,5226,11057,1105703,31057,CLT,"Charlotte, NC",10397,1039707,30397,ATL,"Atlanta, GA",1819,1858.0,39.0,39.0,1.0,2.0,1800-1859,19.0,1917.0,2004.0,8.0,1948,2012.0,24.0,24.0,1.0,1.0,1900-1959,0.0,,0.0,24.0,0.0,0.0,0.0,0.0
156236,2025,1,15,3,2025-01-15,AA,19805,OH,20397,5226,11057,1105703,31057,CLT,"Charlotte, NC",10397,1039707,30397,ATL,"Atlanta, GA",1819,1813.0,-6.0,0.0,0.0,-1.0,1800-1859,38.0,1851.0,1938.0,9.0,1948,1947.0,-1.0,0.0,0.0,-1.0,1900-1959,0.0,,0.0,,,,,
156237,2025,1,16,4,2025-01-16,AA,19805,OH,20397,5226,11057,1105703,31057,CLT,"Charlotte, NC",10397,1039707,30397,ATL,"Atlanta, GA",1819,1812.0,-7.0,0.0,0.0,-1.0,1800-1859,30.0,1842.0,1929.0,4.0,1948,1933.0,-15.0,0.0,0.0,-1.0,1900-1959,0.0,,0.0,,,,,
156238,2025,1,17,5,2025-01-17,AA,19805,OH,20397,5226,11057,1105703,31057,CLT,"Charlotte, NC",10397,1039707,30397,ATL,"Atlanta, GA",1819,1813.0,-6.0,0.0,0.0,-1.0,1800-1859,28.0,1841.0,1925.0,9.0,1948,1934.0,-14.0,0.0,0.0,-1.0,1900-1959,0.0,,0.0,,,,,
156239,2025,1,18,6,2025-01-18,AA,19805,OH,20397,5226,11057,1105703,31057,CLT,"Charlotte, NC",10397,1039707,30397,ATL,"Atlanta, GA",1819,1811.0,-8.0,0.0,0.0,-1.0,1800-1859,40.0,1851.0,1941.0,5.0,1948,1946.0,-2.0,0.0,0.0,-1.0,1900-1959,0.0,,0.0,,,,,
156240,2025,1,19,7,2025-01-19,AA,19805,OH,20397,5226,11057,1105703,31057,CLT,"Charlotte, NC",10397,1039707,30397,ATL,"Atlanta, GA",1819,1948.0,89.0,89.0,1.0,5.0,1800-1859,20.0,2008.0,2104.0,7.0,1948,2111.0,83.0,83.0,1.0,5.0,1900-1959,0.0,,0.0,83.0,0.0,0.0,0.0,0.0
156241,2025,1,20,1,2025-01-20,AA,19805,OH,20397,5226,11057,1105703,31057,CLT,"Charlotte, NC",10397,1039707,30397,ATL,"Atlanta, GA",1819,1813.0,-6.0,0.0,0.0,-1.0,1800-1859,30.0,1843.0,1935.0,5.0,1948,1940.0,-8.0,0.0,0.0,-1.0,1900-1959,0.0,,0.0,,,,,
156242,2025,1,21,2,2025-01-21,AA,19805,OH,20397,5226,11057,1105703,31057,CLT,"Charlotte, NC",10397,1039707,30397,ATL,"Atlanta, GA",1819,1945.0,86.0,86.0,1.0,5.0,1800-1859,117.0,2142.0,2230.0,7.0,1948,2237.0,169.0,169.0,1.0,11.0,1900-1959,0.0,,0.0,0.0,0.0,169.0,0.0,0.0
156243,2025,1,22,3,2025-01-22,AA,19805,OH,20397,5226,11057,1105703,31057,CLT,"Charlotte, NC",10397,1039707,30397,ATL,"Atlanta, GA",1819,1814.0,-5.0,0.0,0.0,-1.0,1800-1859,27.0,1841.0,1929.0,9.0,1948,1938.0,-10.0,0.0,0.0,-1.0,1900-1959,0.0,,0.0,,,,,
156244,2025,1,23,4,2025-01-23,AA,19805,OH,20397,5226,11057,1105703,31057,CLT,"Charlotte, NC",10397,1039707,30397,ATL,"Atlanta, GA",1819,1819.0,0.0,0.0,0.0,0.0,1800-1859,34.0,1853.0,1942.0,9.0,1948,1951.0,3.0,3.0,0.0,0.0,1900-1959,0.0,,0.0,,,,,
156245,2025,1,24,5,2025-01-24,AA,19805,OH,20397,5226,11057,1105703,31057,CLT,"Charlotte, NC",10397,1039707,30397,ATL,"Atlanta, GA",1819,1813.0,-6.0,0.0,0.0,-1.0,1800-1859,28.0,1841.0,1925.0,6.0,1948,1931.0,-17.0,0.0,0.0,-2.0,1900-1959,0.0,,0.0,,,,,
156246,2025,1,25,6,2025-01-25,AA,19805,OH,20397,5226,11057,1105703,31057,CLT,"Charlotte, NC",10397,1039707,30397,ATL,"Atlanta, GA",1819,1814.0,-5.0,0.0,0.0,-1.0,1800-1859,39.0,1853.0,1939.0,6.0,1948,1945.0,-3.0,0.0,0.0,-1.0,1900-1959,0.0,,0.0,,,,,
156247,2025,1,26,7,2025-01-26,AA,19805,OH,20397,5226,11057,1105703,31057,CLT,"Charlotte, NC",10397,1039707,30397,ATL,"Atlanta, GA",1819,1829.0,10.0,10.0,0.0,0.0,1800-1859,26.0,1855.0,1943.0,11.0,1948,1954.0,6.0,6.0,0.0,0.0,1900-1959,0.0,,0.0,,,,,
156248,2025,1,27,1,2025-01-27,AA,19805,OH,20397,5226,11057,1105703,31057,CLT,"Charlotte, NC",10397,1039707,30397,ATL,"Atlanta, GA",1819,1848.0,29.0,29.0,1.0,1.0,1800-1859,40.0,1928.0,2015.0,9.0,1948,2024.0,36.0,36.0,1.0,2.0,1900-1959,0.0,,0.0,8.0,0.0,7.0,0.0,21.0
156249,2025,1,28,2,2025-01-28,AA,19805,OH,20397,5226,11057,1105703,31057,CLT,"Charlotte, NC",10397,1039707,30397,ATL,"Atlanta, GA",1819,1813.0,-6.0,0.0,0.0,-1.0,1800-1859,31.0,1844.0,1926.0,9.0,1948,1935.0,-13.0,0.0,0.0,-1.0,1900-1959,0.0,,0.0,,,,,
156250,2025,1,29,3,2025-01-29,AA,19805,OH,20397,5226,11057,1105703,31057,CLT,"Charlotte, NC",10397,1039707,30397,ATL,"Atlanta, GA",1819,1812.0,-7.0,0.0,0.0,-1.0,1800-1859,27.0,1839.0,1926.0,6.0,1948,1932.0,-16.0,0.0,0.0,-2.0,1900-1959,0.0,,0.0,,,,,
156251,2025,1,30,4,2025-01-30,AA,19805,OH,20397,5226,11057,1105703,31057,CLT,"Charlotte, NC",10397,1039707,30397,ATL,"Atlanta, GA",1819,,,,,,1800-1859,,,,,1948,,,,,,1900-1959,1.0,A,0.0,,,,,
156252,2025,1,31,5,2025-01-31,AA,19805,OH,20397,5226,11057,1105703,31057,CLT,"Charlotte, NC",10397,1039707,30397,ATL,"Atlanta, GA",1819,1820.0,1.0,1.0,0.0,0.0,1800-1859,28.0,1848.0,1938.0,8.0,1948,1946.0,-2.0,0.0,0.0,-1.0,1900-1959,0.0,,0.0,,,,,
168294,2025,1,2,4,2025-01-02,AA,19805,OH,20397,5588,11057,1105703,31057,CLT,"Charlotte, NC",10397,1039707,30397,ATL,"Atlanta, GA",2254,2249.0,-5.0,0.0,0.0,-1.0,2200-2259,28.0,2317.0,1.0,6.0,26,7.0,-19.0,0.0,0.0,-2.0,0001-0559,0.0,,0.0,,,,,
168295,2025,1,4,6,2025-01-04,AA,19805,OH,20397,5588,11057,1105703,31057,CLT,"Charlotte, NC",10397,1039707,30397,ATL,"Atlanta, GA",2254,2253.0,-1.0,0.0,0.0,-1.0,2200-2259,20.0,2313.0,2357.0,9.0,26,6.0,-20.0,0.0,0.0,-2.0,0001-0559,0.0,,0.0,,,,,
168296,2025,1,5,7,2025-01-05,AA,19805,OH,20397,5588,11057,1105703,31057,CLT,"Charlotte, NC",10397,1039707,30397,ATL,"Atlanta, GA",2254,2249.0,-5.0,0.0,0.0,-1.0,2200-2259,30.0,2319.0,6.0,8.0,26,14.0,-12.0,0.0,0.0,-1.0,0001-0559,0.0,,0.0,,,,,
235652,2025,1,28,2,2025-01-28,UA,19977,UA,19977,1377,11057,1105703,31057,CLT,"Charlotte, NC",11292,1129202,30325,DEN,"Denver, CO",1610,1604.0,-6.0,0.0,0.0,-1.0,1600-1659,10.0,1614.0,1731.0,10.0,1806,1741.0,-25.0,0.0,0.0,-2.0,1800-1859,0.0,,0.0,,,,,
235768,2025,1,28,2,2025-01-28,UA,19977,UA,19977,1256,11057,1105703,31057,CLT,"Charlotte, NC",11292,1129202,30325,DEN,"Denver, CO",808,759.0,-9.0,0.0,0.0,-1.0,0800-0859,11.0,810.0,923.0,5.0,1006,928.0,-38.0,0.0,0.0,-2.0,1000-1059,0.0,,0.0,,,,,
236476,2025,1,27,1,2025-01-27,UA,19977,UA,19977,2672,11057,1105703,31057,CLT,"Charlotte, NC",13930,1393008,30977,ORD,"Chicago, IL",630,620.0,-10.0,0.0,0.0,-1.0,0600-0659,15.0,635.0,708.0,25.0,745,733.0,-12.0,0.0,0.0,-1.0,0700-0759,0.0,,0.0,,,,,
237607,2025,1,27,1,2025-01-27,UA,19977,UA,19977,1377,11057,1105703,31057,CLT,"Charlotte, NC",11292,1129202,30325,DEN,"Denver, CO",1610,1603.0,-7.0,0.0,0.0,-1.0,1600-1659,13.0,1616.0,1737.0,26.0,1806,1803.0,-3.0,0.0,0.0,-1.0,1800-1859,0.0,,0.0,,,,,
237733,2025,1,27,1,2025-01-27,UA,19977,UA,19977,1256,11057,1105703,31057,CLT,"Charlotte, NC",11292,1129202,30325,DEN,"Denver, CO",808,759.0,-9.0,0.0,0.0,-1.0,0800-0859,18.0,817.0,943.0,20.0,1006,1003.0,-3.0,0.0,0.0,-1.0,1000-1059,0.0,,0.0,,,,,
238512,2025,1,26,7,2025-01-26,UA,19977,UA,19977,2672,11057,1105703,31057,CLT,"Charlotte, NC",13930,1393008,30977,ORD,"Chicago, IL",625,645.0,20.0,20.0,1.0,1.0,0600-0659,17.0,702.0,738.0,6.0,740,744.0,4.0,4.0,0.0,0.0,0700-0759,0.0,,0.0,,,,,
239639,2025,1,26,7,2025-01-26,UA,19977,UA,19977,1377,11057,1105703,31057,CLT,"Charlotte, NC",11292,1129202,30325,DEN,"Denver, CO",1610,1602.0,-8.0,0.0,0.0,-1.0,1600-1659,16.0,1618.0,1745.0,5.0,1806,1750.0,-16.0,0.0,0.0,-2.0,1800-1859,0.0,,0.0,,,,,
239766,2025,1,26,7,2025-01-26,UA,19977,UA,19977,1256,11057,1105703,31057,CLT,"Charlotte, NC",11292,1129202,30325,DEN,"Denver, CO",808,800.0,-8.0,0.0,0.0,-1.0,0800-0859,19.0,819.0,954.0,11.0,1006,1005.0,-1.0,0.0,0.0,-1.0,1000-1059,0.0,,0.0,,,,,
240537,2025,1,25,6,2025-01-25,UA,19977,UA,19977,2672,11057,1105703,31057,CLT,"Charlotte, NC",13930,1393008,30977,ORD,"Chicago, IL",625,626.0,1.0,1.0,0.0,0.0,0600-0659,17.0,643.0,721.0,13.0,740,734.0,-6.0,0.0,0.0,-1.0,0700-0759,0.0,,0.0,,,,,
241538,2025,1,25,6,2025-01-25,UA,19977,UA,19977,1377,11057,1105703,31057,CLT,"Charlotte, NC",11292,1129202,30325,DEN,"Denver, CO",1610,1612.0,2.0,2.0,0.0,0.0,1600-1659,17.0,1629.0,1755.0,16.0,1806,1811.0,5.0,5.0,0.0,0.0,1800-1859,0.0,,0.0,,,,,
241650,2025,1,25,6,2025-01-25,UA,19977,UA,19977,1256,11057,1105703,31057,CLT,"Charlotte, NC",11292,1129202,30325,DEN,"Denver, CO",808,804.0,-4.0,0.0,0.0,-1.0,0800-0859,35.0,839.0,1017.0,10.0,1006,1027.0,21.0,21.0,1.0,1.0,1000-1059,0.0,,0.0,0.0,0.0,21.0,0.0,0.0
242414,2025,1,17,5,2025-01-17,UA,19977,UA,19977,2672,11057,1105703,31057,CLT,"Charlotte, NC",13930,1393008,30977,ORD,"Chicago, IL",630,623.0,-7.0,0.0,0.0,-1.0,0600-0659,15.0,638.0,714.0,6.0,745,720.0,-25.0,0.0,0.0,-2.0,0700-0759,0.0,,0.0,,,,,
243549,2025,1,17,5,2025-01-17,UA,19977,UA,19977,1377,11057,1105703,31057,CLT,"Charlotte, NC",11292,1129202,30325,DEN,"Denver, CO",1610,1607.0,-3.0,0.0,0.0,-1.0,1600-1659,11.0,1618.0,1730.0,22.0,1806,1752.0,-14.0,0.0,0.0,-1.0,1800-1859,0.0,,0.0,,,,,
243676,2025,1,17,5,2025-01-17,UA,19977,UA,19977,1256,11057,1105703,31057,CLT,"Charlotte, NC",11292,1129202,30325,DEN,"Denver, CO",808,802.0,-6.0,0.0,0.0,-1.0,0800-0859,20.0,822.0,925.0,9.0,1006,934.0,-32.0,0.0,0.0,-2.0,1000-1059,0.0,,0.0,,,,,
244460,2025,1,16,4,2025-01-16,UA,19977,UA,19977,2672,11057,1105703,31057,CLT,"Charlotte, NC",13930,1393008,30977,ORD,"Chicago, IL",630,623.0,-7.0,0.0,0.0,-1.0,0600-0659,17.0,640.0,723.0,13.0,745,736.0,-9.0,0.0,0.0,-1.0,0700-0759,0.0,,0.0,,,,,
245599,2025,1,16,4,2025-01-16,UA,19977,UA,19977,1377,11057,1105703,31057,CLT,"Charlotte, NC",11292,1129202,30325,DEN,"Denver, CO",1610,1615.0,5.0,5.0,0.0,0.0,1600-1659,14.0,1629.0,1742.0,10.0,1806,1752.0,-14.0,0.0,0.0,-1.0,1800-1859,0.0,,0.0,,,,,
245727,2025,1,16,4,2025-01-16,UA,19977,UA,19977,1256,11057,1105703,31057,CLT,"Charlotte, NC",11292,1129202,30325,DEN,"Denver, CO",808,759.0,-9.0,0.0,0.0,-1.0,0800-0859,25.0,824.0,951.0,8.0,1006,959.0,-7.0,0.0,0.0,-1.0,1000-1059,0.0,,0.0,,,,,
246511,2025,1,15,3,2025-01-15,UA,19977,UA,19977,2672,11057,1105703,31057,CLT,"Charlotte, NC",13930,1393008,30977,ORD,"Chicago, IL",630,625.0,-5.0,0.0,0.0,-1.0,0600-0659,20.0,645.0,724.0,27.0,745,751.0,6.0,6.0,0.0,0.0,0700-0759,0.0,,0.0,,,,,
247603,2025,1,15,3,2025-01-15,UA,19977,UA,19977,1377,11057,1105703,31057,CLT,"Charlotte, NC",11292,1129202,30325,DEN,"Denver, CO",1610,1619.0,9.0,9.0,0.0,0.0,1600-1659,20.0,1639.0,1752.0,11.0,1806,1803.0,-3.0,0.0,0.0,-1.0,1800-1859,0.0,,0.0,,,,,
247725,2025,1,15,3,2025-01-15,UA,19977,UA,19977,1256,11057,1105703,31057,CLT,"Charlotte, NC",11292,1129202,30325,DEN,"Denver, CO",808,805.0,-3.0,0.0,0.0,-1.0,0800-0859,16.0,821.0,944.0,21.0,1006,1005.0,-1.0,0.0,0.0,-1.0,1000-1059,0.0,,0.0,,,,,
248457,2025,1,14,2,2025-01-14,UA,19977,UA,19977,2672,11057,1105703,31057,CLT,"Charlotte, NC",13930,1393008,30977,ORD,"Chicago, IL",630,622.0,-8.0,0.0,0.0,-1.0,0600-0659,29.0,651.0,737.0,21.0,745,758.0,13.0,13.0,0.0,0.0,0700-0759,0.0,,0.0,,,,,
249197,2025,1,4,6,2025-01-04,UA,19977,UA,19977,1377,11057,1105703,31057,CLT,"Charlotte, NC",11292,1129202,30325,DEN,"Denver, CO",1615,1618.0,3.0,3.0,0.0,0.0,1600-1659,14.0,1632.0,1759.0,37.0,1811,1836.0,25.0,25.0,1.0,1.0,1800-1859,0.0,,0.0,0.0,0.0,25.0,0.0,0.0
249316,2025,1,4,6,2025-01-04,UA,19977,UA,19977,1256,11057,1105703,31057,CLT,"Charlotte, NC",11292,1129202,30325,DEN,"Denver, CO",807,804.0,-3.0,0.0,0.0,-1.0,0800-0859,16.0,820.0,949.0,22.0,1005,1011.0,6.0,6.0,0.0,0.0,1000-1059,0.0,,0.0,,,,,
250087,2025,1,3,5,2025-01-03,UA,19977,UA,19977,2672,11057,1105703,31057,CLT,"Charlotte, NC",13930,1393008,30977,ORD,"Chicago, IL",628,632.0,4.0,4.0,0.0,0.0,0600-0659,19.0,651.0,725.0,23.0,743,748.0,5.0,5.0,0.0,0.0,0700-0759,0.0,,0.0,,,,,
250792,2025,1,3,5,2025-01-03,UA,19977,UA,19977,1935,11057,1105703,31057,CLT,"Charlotte, NC",13930,1393008,30977,ORD,"Chicago, IL",1100,1055.0,-5.0,0.0,0.0,-1.0,1100-1159,13.0,1108.0,1151.0,8.0,1215,1159.0,-16.0,0.0,0.0,-2.0,1200-1259,0.0,,0.0,,,,,
251300,2025,1,3,5,2025-01-03,UA,19977,UA,19977,1377,11057,1105703,31057,CLT,"Charlotte, NC",11292,1129202,30325,DEN,"Denver, CO",1615,1606.0,-9.0,0.0,0.0,-1.0,1600-1659,16.0,1622.0,1756.0,14.0,1811,1810.0,-1.0,0.0,0.0,-1.0,1800-1859,0.0,,0.0,,,,,
251426,2025,1,3,5,2025-01-03,UA,19977,UA,19977,1256,11057,1105703,31057,CLT,"Charlotte, NC",11292,1129202,30325,DEN,"Denver, CO",807,845.0,38.0,38.0,1.0,2.0,0800-0859,14.0,859.0,1024.0,7.0,1005,1031.0,26.0,26.0,1.0,1.0,1000-1059,0.0,,0.0,26.0,0.0,0.0,0.0,0.0
252237,2025,1,2,4,2025-01-02,UA,19977,UA,19977,2672,11057,1105703,31057,CLT,"Charlotte, NC",13930,1393008,30977,ORD,"Chicago, IL",645,639.0,-6.0,0.0,0.0,-1.0,0600-0659,16.0,655.0,740.0,7.0,800,747.0,-13.0,0.0,0.0,-1.0,0800-0859,0.0,,0.0,,,,,
252946,2025,1,2,4,2025-01-02,UA,19977,UA,19977,1935,11057,1105703,31057,CLT,"Charlotte, NC",13930,1393008,30977,ORD,"Chicago, IL",1100,1058.0,-2.0,0.0,0.0,-1.0,1100-1159,27.0,1125.0,1159.0,6.0,1215,1205.0,-10.0,0.0,0.0,-1.0,1200-1259,0.0,,0.0,,,,,
253454,2025,1,2,4,2025-01-02,UA,19977,UA,19977,1377,11057,1105703,31057,CLT,"Charlotte, NC",11292,1129202,30325,DEN,"Denver, CO",1615,1607.0,-8.0,0.0,0.0,-1.0,1600-1659,17.0,1624.0,1754.0,12.0,1811,1806.0,-5.0,0.0,0.0,-1.0,1800-1859,0.0,,0.0,,,,,
253581,2025,1,2,4,2025-01-02,UA,19977,UA,19977,1256,11057,1105703,31057,CLT,"Charlotte, NC",11292,1129202,30325,DEN,"Denver, CO",807,922.0,75.0,75.0,1.0,5.0,0800-0859,20.0,942.0,1110.0,8.0,1005,1118.0,73.0,73.0,1.0,4.0,1000-1059,0.0,,0.0,73.0,0.0,0.0,0.0,0.0
255063,2025,1,1,3,2025-01-01,UA,19977,UA,19977,1935,11057,1105703,31057,CLT,"Charlotte, NC",13930,1393008,30977,ORD,"Chicago, IL",1100,1050.0,-10.0,0.0,0.0,-1.0,1100-1159,13.0,1103.0,1140.0,13.0,1215,1153.0,-22.0,0.0,0.0,-2.0,1200-1259,0.0,,0.0,,,,,
255560,2025,1,1,3,2025-01-01,UA,19977,UA,19977,1377,11057,1105703,31057,CLT,"Charlotte, NC",11292,1129202,30325,DEN,"Denver, CO",1615,1610.0,-5.0,0.0,0.0,-1.0,1600-1659,15.0,1625.0,1754.0,13.0,1811,1807.0,-4.0,0.0,0.0,-1.0,1800-1859,0.0,,0.0,,,,,
255661,2025,1,31,5,2025-01-31,UA,19977,UA,19977,2672,11057,1105703,31057,CLT,"Charlotte, NC",13930,1393008,30977,ORD,"Chicago, IL",630,624.0,-6.0,0.0,0.0,-1.0,0600-0659,16.0,640.0,736.0,43.0,745,819.0,34.0,34.0,1.0,2.0,0700-0759,0.0,,0.0,0.0,0.0,34.0,0.0,0.0
256797,2025,1,31,5,2025-01-31,UA,19977,UA,19977,1377,11057,1105703,31057,CLT,"Charlotte, NC",11292,1129202,30325,DEN,"Denver, CO",1610,1606.0,-4.0,0.0,0.0,-1.0,1600-1659,14.0,1620.0,1734.0,16.0,1806,1750.0,-16.0,0.0,0.0,-2.0,1800-1859,0.0,,0.0,,,,,
256924,2025,1,31,5,2025-01-31,UA,19977,UA,19977,1256,11057,1105703,31057,CLT,"Charlotte, NC",11292,1129202,30325,DEN,"Denver, CO",808,756.0,-12.0,0.0,0.0,-1.0,0800-0859,16.0,812.0,926.0,34.0,1006,1000.0,-6.0,0.0,0.0,-1.0,1000-1059,0.0,,0.0,,,,,
257710,2025,1,30,4,2025-01-30,UA,19977,UA,19977,2672,11057,1105703,31057,CLT,"Charlotte, NC",13930,1393008,30977,ORD,"Chicago, IL",630,625.0,-5.0,0.0,0.0,-1.0,0600-0659,20.0,645.0,724.0,13.0,745,737.0,-8.0,0.0,0.0,-1.0,0700-0759,0.0,,0.0,,,,,
258851,2025,1,30,4,2025-01-30,UA,19977,UA,19977,1377,11057,1105703,31057,CLT,"Charlotte, NC",11292,1129202,30325,DEN,"Denver, CO",1610,1607.0,-3.0,0.0,0.0,-1.0,1600-1659,30.0,1637.0,1751.0,12.0,1806,1803.0,-3.0,0.0,0.0,-1.0,1800-1859,0.0,,0.0,,,,,
258978,2025,1,30,4,2025-01-30,UA,19977,UA,19977,1256,11057,1105703,31057,CLT,"Charlotte, NC",11292,1129202,30325,DEN,"Denver, CO",808,759.0,-9.0,0.0,0.0,-1.0,0800-0859,13.0,812.0,925.0,31.0,1006,956.0,-10.0,0.0,0.0,-1.0,1000-1059,0.0,,0.0,,,,,
259764,2025,1,29,3,2025-01-29,UA,19977,UA,19977,2672,11057,1105703,31057,CLT,"Charlotte, NC",13930,1393008,30977,ORD,"Chicago, IL",630,619.0,-11.0,0.0,0.0,-1.0,0600-0659,12.0,631.0,709.0,5.0,745,714.0,-31.0,0.0,0.0,-2.0,0700-0759,0.0,,0.0,,,,,
260856,2025,1,29,3,2025-01-29,UA,19977,UA,19977,1377,11057,1105703,31057,CLT,"Charlotte, NC",11292,1129202,30325,DEN,"Denver, CO",1610,1559.0,-11.0,0.0,0.0,-1.0,1600-1659,14.0,1613.0,1743.0,10.0,1806,1753.0,-13.0,0.0,0.0,-1.0,1800-1859,0.0,,0.0,,,,,
260978,2025,1,29,3,2025-01-29,UA,19977,UA,19977,1256,11057,1105703,31057,CLT,"Charlotte, NC",11292,1129202,30325,DEN,"Denver, CO",808,801.0,-7.0,0.0,0.0,-1.0,0800-0859,12.0,813.0,946.0,10.0,1006,956.0,-10.0,0.0,0.0,-1.0,1000-1059,0.0,,0.0,,,,,
261714,2025,1,28,2,2025-01-28,UA,19977,UA,19977,2672,11057,1105703,31057,CLT,"Charlotte, NC",13930,1393008,30977,ORD,"Chicago, IL",630,622.0,-8.0,0.0,0.0,-1.0,0600-0659,13.0,635.0,712.0,35.0,745,747.0,2.0,2.0,0.0,0.0,0700-0759,0.0,,0.0,,,,,
263091,2025,1,14,2,2025-01-14,UA,19977,UA,19977,1377,11057,1105703,31057,CLT,"Charlotte, NC",11292,1129202,30325,DEN,"Denver, CO",1610,1604.0,-6.0,0.0,0.0,-1.0,1600-1659,14.0,1618.0,1756.0,10.0,1806,1806.0,0.0,0.0,0.0,0.0,1800-1859,0.0,,0.0,,,,,
263207,2025,1,14,2,2025-01-14,UA,19977,UA,19977,1256,11057,1105703,31057,CLT,"Charlotte, NC",11292,1129202,30325,DEN,"Denver, CO",808,759.0,-9.0,0.0,0.0,-1.0,0800-0859,15.0,814.0,949.0,9.0,1006,958.0,-8.0,0.0,0.0,-1.0,1000-1059,0.0,,0.0,,,,,
263915,2025,1,13,1,2025-01-13,UA,19977,UA,19977,2672,11057,1105703,31057,CLT,"Charlotte, NC",13930,1393008,30977,ORD,"Chicago, IL",630,620.0,-10.0,0.0,0.0,-1.0,0600-0659,19.0,639.0,720.0,10.0,745,730.0,-15.0,0.0,0.0,-1.0,0700-0759,0.0,,0.0,,,,,
265045,2025,1,13,1,2025-01-13,UA,19977,UA,19977,1377,11057,1105703,31057,CLT,"Charlotte, NC",11292,1129202,30325,DEN,"Denver, CO",1610,1604.0,-6.0,0.0,0.0,-1.0,1600-1659,15.0,1619.0,1758.0,14.0,1806,1812.0,6.0,6.0,0.0,0.0,1800-1859,0.0,,0.0,,,,,
265172,2025,1,13,1,2025-01-13,UA,19977,UA,19977,1256,11057,1105703,31057,CLT,"Charlotte, NC",11292,1129202,30325,DEN,"Denver, CO",808,802.0,-6.0,0.0,0.0,-1.0,0800-0859,14.0,816.0,949.0,10.0,1006,959.0,-7.0,0.0,0.0,-1.0,1000-1059,0.0,,0.0,,,,,
265949,2025,1,12,7,2025-01-12,UA,19977,UA,19977,2672,11057,1105703,31057,CLT,"Charlotte, NC",13930,1393008,30977,ORD,"Chicago, IL",625,617.0,-8.0,0.0,0.0,-1.0,0600-0659,18.0,635.0,714.0,14.0,740,728.0,-12.0,0.0,0.0,-1.0,0700-0759,0.0,,0.0,,,,,
267076,2025,1,12,7,2025-01-12,UA,19977,UA,19977,1377,11057,1105703,31057,CLT,"Charlotte, NC",11292,1129202,30325,DEN,"Denver, CO",1610,1606.0,-4.0,0.0,0.0,-1.0,1600-1659,16.0,1622.0,1744.0,8.0,1806,1752.0,-14.0,0.0,0.0,-1.0,1800-1859,0.0,,0.0,,,,,
267204,2025,1,12,7,2025-01-12,UA,19977,UA,19977,1256,11057,1105703,31057,CLT,"Charlotte, NC",11292,1129202,30325,DEN,"Denver, CO",808,807.0,-1.0,0.0,0.0,-1.0,0800-0859,33.0,840.0,1002.0,12.0,1006,1014.0,8.0,8.0,0.0,0.0,1000-1059,0.0,,0.0,,,,,
267973,2025,1,11,6,2025-01-11,UA,19977,UA,19977,2672,11057,1105703,31057,CLT,"Charlotte, NC",13930,1393008,30977,ORD,"Chicago, IL",625,625.0,0.0,0.0,0.0,0.0,0600-0659,66.0,731.0,804.0,14.0,740,818.0,38.0,38.0,1.0,2.0,0700-0759,0.0,,0.0,0.0,0.0,38.0,0.0,0.0
268975,2025,1,11,6,2025-01-11,UA,19977,UA,19977,1377,11057,1105703,31057,CLT,"Charlotte, NC",11292,1129202,30325,DEN,"Denver, CO",1610,1630.0,20.0,20.0,1.0,1.0,1600-1659,24.0,1654.0,1816.0,11.0,1806,1827.0,21.0,21.0,1.0,1.0,1800-1859,0.0,,0.0,0.0,0.0,21.0,0.0,0.0
269087,2025,1,11,6,2025-01-11,UA,19977,UA,19977,1256,11057,1105703,31057,CLT,"Charlotte, NC",11292,1129202,30325,DEN,"Denver, CO",808,802.0,-6.0,0.0,0.0,-1.0,0800-0859,66.0,908.0,1028.0,5.0,1006,1033.0,27.0,27.0,1.0,1.0,1000-1059,0.0,,0.0,0.0,0.0,27.0,0.0,0.0
269247,2025,1,1,3,2025-01-01,UA,19977,UA,19977,1256,11057,1105703,31057,CLT,"Charlotte, NC",11292,1129202,30325,DEN,"Denver, CO",807,757.0,-10.0,0.0,0.0,-1.0,0800-0859,13.0,810.0,951.0,25.0,1005,1016.0,11.0,11.0,0.0,0.0,1000-1059,0.0,,0.0,,,,,
270272,2025,1,24,5,2025-01-24,UA,19977,UA,19977,2672,11057,1105703,31057,CLT,"Charlotte, NC",13930,1393008,30977,ORD,"Chicago, IL",630,621.0,-9.0,0.0,0.0,-1.0,0600-0659,52.0,713.0,741.0,11.0,745,752.0,7.0,7.0,0.0,0.0,0700-0759,0.0,,0.0,,,,,
271407,2025,1,24,5,2025-01-24,UA,19977,UA,19977,1377,11057,1105703,31057,CLT,"Charlotte, NC",11292,1129202,30325,DEN,"Denver, CO",1610,1635.0,25.0,25.0,1.0,1.0,1600-1659,18.0,1653.0,1816.0,9.0,1806,1825.0,19.0,19.0,1.0,1.0,1800-1859,0.0,,0.0,19.0,0.0,0.0,0.0,0.0
271533,2025,1,24,5,2025-01-24,UA,19977,UA,19977,1256,11057,1105703,31057,CLT,"Charlotte, NC",11292,1129202,30325,DEN,"Denver, CO",808,,,,,,0800-0859,,,,,1006,,,,,,1000-1059,1.0,A,0.0,,,,,
272319,2025,1,23,4,2025-01-23,UA,19977,UA,19977,2672,11057,1105703,31057,CLT,"Charlotte, NC",13930,1393008,30977,ORD,"Chicago, IL",630,622.0,-8.0,0.0,0.0,-1.0,0600-0659,15.0,637.0,711.0,13.0,745,724.0,-21.0,0.0,0.0,-2.0,0700-0759,0.0,,0.0,,,,,
273459,2025,1,23,4,2025-01-23,UA,19977,UA,19977,1377,11057,1105703,31057,CLT,"Charlotte, NC",11292,1129202,30325,DEN,"Denver, CO",1610,1609.0,-1.0,0.0,0.0,-1.0,1600-1659,14.0,1623.0,1740.0,12.0,1806,1752.0,-14.0,0.0,0.0,-1.0,1800-1859,0.0,,0.0,,,,,
273586,2025,1,23,4,2025-01-23,UA,19977,UA,19977,1256,11057,1105703,31057,CLT,"Charlotte, NC",11292,1129202,30325,DEN,"Denver, CO",808,810.0,2.0,2.0,0.0,0.0,0800-0859,18.0,828.0,947.0,13.0,1006,1000.0,-6.0,0.0,0.0,-1.0,1000-1059,0.0,,0.0,,,,,
274372,2025,1,22,3,2025-01-22,UA,19977,UA,19977,2672,11057,1105703,31057,CLT,"Charlotte, NC",13930,1393008,30977,ORD,"Chicago, IL",630,625.0,-5.0,0.0,0.0,-1.0,0600-0659,16.0,641.0,710.0,15.0,745,725.0,-20.0,0.0,0.0,-2.0,0700-0759,0.0,,0.0,,,,,
275464,2025,1,22,3,2025-01-22,UA,19977,UA,19977,1377,11057,1105703,31057,CLT,"Charlotte, NC",11292,1129202,30325,DEN,"Denver, CO",1610,1609.0,-1.0,0.0,0.0,-1.0,1600-1659,16.0,1625.0,1750.0,12.0,1806,1802.0,-4.0,0.0,0.0,-1.0,1800-1859,0.0,,0.0,,,,,
275586,2025,1,22,3,2025-01-22,UA,19977,UA,19977,1256,11057,1105703,31057,CLT,"Charlotte, NC",11292,1129202,30325,DEN,"Denver, CO",808,806.0,-2.0,0.0,0.0,-1.0,0800-0859,22.0,828.0,949.0,7.0,1006,956.0,-10.0,0.0,0.0,-1.0,1000-1059,0.0,,0.0,,,,,
276327,2025,1,21,2,2025-01-21,UA,19977,UA,19977,2672,11057,1105703,31057,CLT,"Charlotte, NC",13930,1393008,30977,ORD,"Chicago, IL",630,629.0,-1.0,0.0,0.0,-1.0,0600-0659,17.0,646.0,723.0,4.0,745,727.0,-18.0,0.0,0.0,-2.0,0700-0759,0.0,,0.0,,,,,
277412,2025,1,10,5,2025-01-10,UA,19977,UA,19977,2672,11057,1105703,31057,CLT,"Charlotte, NC",13930,1393008,30977,ORD,"Chicago, IL",630,627.0,-3.0,0.0,0.0,-1.0,0600-0659,18.0,645.0,719.0,15.0,745,734.0,-11.0,0.0,0.0,-1.0,0700-0759,0.0,,0.0,,,,,
278552,2025,1,10,5,2025-01-10,UA,19977,UA,19977,1377,11057,1105703,31057,CLT,"Charlotte, NC",11292,1129202,30325,DEN,"Denver, CO",1610,1559.0,-11.0,0.0,0.0,-1.0,1600-1659,43.0,1642.0,1756.0,15.0,1806,1811.0,5.0,5.0,0.0,0.0,1800-1859,0.0,,0.0,,,,,
278679,2025,1,10,5,2025-01-10,UA,19977,UA,19977,1256,11057,1105703,31057,CLT,"Charlotte, NC",11292,1129202,30325,DEN,"Denver, CO",808,800.0,-8.0,0.0,0.0,-1.0,0800-0859,18.0,818.0,940.0,15.0,1006,955.0,-11.0,0.0,0.0,-1.0,1000-1059,0.0,,0.0,,,,,
279465,2025,1,9,4,2025-01-09,UA,19977,UA,19977,2672,11057,1105703,31057,CLT,"Charlotte, NC",13930,1393008,30977,ORD,"Chicago, IL",630,620.0,-10.0,0.0,0.0,-1.0,0600-0659,18.0,638.0,716.0,7.0,745,723.0,-22.0,0.0,0.0,-2.0,0700-0759,0.0,,0.0,,,,,
280604,2025,1,9,4,2025-01-09,UA,19977,UA,19977,1377,11057,1105703,31057,CLT,"Charlotte, NC",11292,1129202,30325,DEN,"Denver, CO",1610,1613.0,3.0,3.0,0.0,0.0,1600-1659,12.0,1625.0,1753.0,11.0,1806,1804.0,-2.0,0.0,0.0,-1.0,1800-1859,0.0,,0.0,,,,,
280732,2025,1,9,4,2025-01-09,UA,19977,UA,19977,1256,11057,1105703,31057,CLT,"Charlotte, NC",11292,1129202,30325,DEN,"Denver, CO",808,759.0,-9.0,0.0,0.0,-1.0,0800-0859,20.0,819.0,939.0,12.0,1006,951.0,-15.0,0.0,0.0,-1.0,1000-1059,0.0,,0.0,,,,,
281516,2025,1,8,3,2025-01-08,UA,19977,UA,19977,2672,11057,1105703,31057,CLT,"Charlotte, NC",13930,1393008,30977,ORD,"Chicago, IL",630,621.0,-9.0,0.0,0.0,-1.0,0600-0659,41.0,702.0,743.0,11.0,745,754.0,9.0,9.0,0.0,0.0,0700-0759,0.0,,0.0,,,,,
282609,2025,1,8,3,2025-01-08,UA,19977,UA,19977,1377,11057,1105703,31057,CLT,"Charlotte, NC",11292,1129202,30325,DEN,"Denver, CO",1610,1603.0,-7.0,0.0,0.0,-1.0,1600-1659,14.0,1617.0,1730.0,21.0,1806,1751.0,-15.0,0.0,0.0,-1.0,1800-1859,0.0,,0.0,,,,,
282731,2025,1,8,3,2025-01-08,UA,19977,UA,19977,1256,11057,1105703,31057,CLT,"Charlotte, NC",11292,1129202,30325,DEN,"Denver, CO",808,801.0,-7.0,0.0,0.0,-1.0,0800-0859,14.0,815.0,938.0,9.0,1006,947.0,-19.0,0.0,0.0,-2.0,1000-1059,0.0,,0.0,,,,,
283470,2025,1,7,2,2025-01-07,UA,19977,UA,19977,2672,11057,1105703,31057,CLT,"Charlotte, NC",13930,1393008,30977,ORD,"Chicago, IL",630,622.0,-8.0,0.0,0.0,-1.0,0600-0659,16.0,638.0,711.0,12.0,745,723.0,-22.0,0.0,0.0,-2.0,0700-0759,0.0,,0.0,,,,,
284209,2025,1,21,2,2025-01-21,UA,19977,UA,19977,1377,11057,1105703,31057,CLT,"Charlotte, NC",11292,1129202,30325,DEN,"Denver, CO",1610,1608.0,-2.0,0.0,0.0,-1.0,1600-1659,14.0,1622.0,1745.0,21.0,1806,1806.0,0.0,0.0,0.0,0.0,1800-1859,0.0,,0.0,,,,,
284325,2025,1,21,2,2025-01-21,UA,19977,UA,19977,1256,11057,1105703,31057,CLT,"Charlotte, NC",11292,1129202,30325,DEN,"Denver, CO",808,834.0,26.0,26.0,1.0,1.0,0800-0859,14.0,848.0,1020.0,7.0,1006,1027.0,21.0,21.0,1.0,1.0,1000-1059,0.0,,0.0,21.0,0.0,0.0,0.0,0.0
285037,2025,1,20,1,2025-01-20,UA,19977,UA,19977,2672,11057,1105703,31057,CLT,"Charlotte, NC",13930,1393008,30977,ORD,"Chicago, IL",630,633.0,3.0,3.0,0.0,0.0,0600-0659,20.0,653.0,731.0,7.0,745,738.0,-7.0,0.0,0.0,-1.0,0700-0759,0.0,,0.0,,,,,
286179,2025,1,20,1,2025-01-20,UA,19977,UA,19977,1377,11057,1105703,31057,CLT,"Charlotte, NC",11292,1129202,30325,DEN,"Denver, CO",1610,1639.0,29.0,29.0,1.0,1.0,1600-1659,15.0,1654.0,1818.0,16.0,1806,1834.0,28.0,28.0,1.0,1.0,1800-1859,0.0,,0.0,13.0,0.0,0.0,0.0,15.0
286310,2025,1,20,1,2025-01-20,UA,19977,UA,19977,1256,11057,1105703,31057,CLT,"Charlotte, NC",11292,1129202,30325,DEN,"Denver, CO",808,801.0,-7.0,0.0,0.0,-1.0,0800-0859,13.0,814.0,937.0,30.0,1006,1007.0,1.0,1.0,0.0,0.0,1000-1059,0.0,,0.0,,,,,
287101,2025,1,19,7,2025-01-19,UA,19977,UA,19977,2672,11057,1105703,31057,CLT,"Charlotte, NC",13930,1393008,30977,ORD,"Chicago, IL",625,621.0,-4.0,0.0,0.0,-1.0,0600-0659,15.0,636.0,701.0,20.0,740,721.0,-19.0,0.0,0.0,-2.0,0700-0759,0.0,,0.0,,,,,
288169,2025,1,19,7,2025-01-19,UA,19977,UA,19977,1377,11057,1105703,31057,CLT,"Charlotte, NC",11292,1129202,30325,DEN,"Denver, CO",1610,1831.0,141.0,141.0,1.0,9.0,1600-1659,19.0,1850.0,2009.0,10.0,1806,2019.0,133.0,133.0,1.0,8.0,1800-1859,0.0,,0.0,0.0,0.0,8.0,0.0,125.0
288289,2025,1,19,7,2025-01-19,UA,19977,UA,19977,1256,11057,1105703,31057,CLT,"Charlotte, NC",11292,1129202,30325,DEN,"Denver, CO",808,759.0,-9.0,0.0,0.0,-1.0,0800-0859,14.0,813.0,941.0,42.0,1006,1023.0,17.0,17.0,1.0,1.0,1000-1059,0.0,,0.0,0.0,0.0,17.0,0.0,0.0
289019,2025,1,18,6,2025-01-18,UA,19977,UA,19977,2672,11057,1105703,31057,CLT,"Charlotte, NC",13930,1393008,30977,ORD,"Chicago, IL",625,624.0,-1.0,0.0,0.0,-1.0,0600-0659,15.0,639.0,713.0,9.0,739,722.0,-17.0,0.0,0.0,-2.0,0700-0759,0.0,,0.0,,,,,
290027,2025,1,18,6,2025-01-18,UA,19977,UA,19977,1377,11057,1105703,31057,CLT,"Charlotte, NC",11292,1129202,30325,DEN,"Denver, CO",1610,1604.0,-6.0,0.0,0.0,-1.0,1600-1659,12.0,1616.0,1741.0,15.0,1806,1756.0,-10.0,0.0,0.0,-1.0,1800-1859,0.0,,0.0,,,,,
290139,2025,1,18,6,2025-01-18,UA,19977,UA,19977,1256,11057,1105703,31057,CLT,"Charlotte, NC",11292,1129202,30325,DEN,"Denver, CO",808,805.0,-3.0,0.0,0.0,-1.0,0800-0859,20.0,825.0,958.0,44.0,1006,1042.0,36.0,36.0,1.0,2.0,1000-1059,0.0,,0.0,0.0,0.0,36.0,0.0,0.0
291396,2025,1,7,2,2025-01-07,UA,19977,UA,19977,1377,11057,1105703,31057,CLT,"Charlotte, NC",11292,1129202,30325,DEN,"Denver, CO",1610,1606.0,-4.0,0.0,0.0,-1.0,1600-1659,13.0,1619.0,1739.0,15.0,1806,1754.0,-12.0,0.0,0.0,-1.0,1800-1859,0.0,,0.0,,,,,
291513,2025,1,7,2,2025-01-07,UA,19977,UA,19977,1256,11057,1105703,31057,CLT,"Charlotte, NC",11292,1129202,30325,DEN,"Denver, CO",808,806.0,-2.0,0.0,0.0,-1.0,0800-0859,14.0,820.0,939.0,14.0,1006,953.0,-13.0,0.0,0.0,-1.0,1000-1059,0.0,,0.0,,,,,
292247,2025,1,6,1,2025-01-06,UA,19977,UA,19977,2672,11057,1105703,31057,CLT,"Charlotte, NC",13930,1393008,30977,ORD,"Chicago, IL",645,638.0,-7.0,0.0,0.0,-1.0,0600-0659,23.0,701.0,813.0,16.0,800,829.0,29.0,29.0,1.0,1.0,0800-0859,0.0,,0.0,0.0,0.0,29.0,0.0,0.0
292961,2025,1,6,1,2025-01-06,UA,19977,UA,19977,1935,11057,1105703,31057,CLT,"Charlotte, NC",13930,1393008,30977,ORD,"Chicago, IL",1100,1328.0,148.0,148.0,1.0,9.0,1100-1159,15.0,1343.0,1422.0,24.0,1215,1446.0,151.0,151.0,1.0,10.0,1200-1259,0.0,,0.0,0.0,0.0,3.0,0.0,148.0
293466,2025,1,6,1,2025-01-06,UA,19977,UA,19977,1377,11057,1105703,31057,CLT,"Charlotte, NC",11292,1129202,30325,DEN,"Denver, CO",1615,1610.0,-5.0,0.0,0.0,-1.0,1600-1659,14.0,1624.0,1746.0,10.0,1811,1756.0,-15.0,0.0,0.0,-1.0,1800-1859,0.0,,0.0,,,,,
293593,2025,1,6,1,2025-01-06,UA,19977,UA,19977,1256,11057,1105703,31057,CLT,"Charlotte, NC",11292,1129202,30325,DEN,"Denver, CO",807,804.0,-3.0,0.0,0.0,-1.0,0800-0859,29.0,833.0,1011.0,6.0,1005,1017.0,12.0,12.0,0.0,0.0,1000-1059,0.0,,0.0,,,,,
294395,2025,1,5,7,2025-01-05,UA,19977,UA,19977,2672,11057,1105703,31057,CLT,"Charlotte, NC",13930,1393008,30977,ORD,"Chicago, IL",645,642.0,-3.0,0.0,0.0,-1.0,0600-0659,21.0,703.0,740.0,16.0,800,756.0,-4.0,0.0,0.0,-1.0,0800-0859,0.0,,0.0,,,,,
295089,2025,1,5,7,2025-01-05,UA,19977,UA,19977,1935,11057,1105703,31057,CLT,"Charlotte, NC",13930,1393008,30977,ORD,"Chicago, IL",1100,1059.0,-1.0,0.0,0.0,-1.0,1100-1159,31.0,1130.0,1209.0,16.0,1215,1225.0,10.0,10.0,0.0,0.0,1200-1259,0.0,,0.0,,,,,
295597,2025,1,5,7,2025-01-05,UA,19977,UA,19977,1377,11057,1105703,31057,CLT,"Charlotte, NC",11292,1129202,30325,DEN,"Denver, CO",1615,1611.0,-4.0,0.0,0.0,-1.0,1600-1659,10.0,1621.0,1739.0,8.0,1811,1747.0,-24.0,0.0,0.0,-2.0,1800-1859,0.0,,0.0,,,,,
295723,2025,1,5,7,2025-01-05,UA,19977,UA,19977,1256,11057,1105703,31057,CLT,"Charlotte, NC",11292,1129202,30325,DEN,"Denver, CO",807,822.0,15.0,15.0,1.0,1.0,0800-0859,14.0,836.0,956.0,52.0,1005,1048.0,43.0,43.0,1.0,2.0,1000-1059,0.0,,0.0,15.0,0.0,28.0,0.0,0.0
296511,2025,1,4,6,2025-01-04,UA,19977,UA,19977,2672,11057,1105703,31057,CLT,"Charlotte, NC",13930,1393008,30977,ORD,"Chicago, IL",630,645.0,15.0,15.0,1.0,1.0,0600-0659,28.0,713.0,759.0,10.0,745,809.0,24.0,24.0,1.0,1.0,0700-0759,0.0,,0.0,15.0,0.0,9.0,0.0,0.0
297169,2025,1,4,6,2025-01-04,UA,19977,UA,19977,1935,11057,1105703,31057,CLT,"Charlotte, NC",13930,1393008,30977,ORD,"Chicago, IL",1100,1058.0,-2.0,0.0,0.0,-1.0,1100-1159,25.0,1123.0,1208.0,6.0,1215,1214.0,-1.0,0.0,0.0,-1.0,1200-1259,0.0,,0.0,,,,,
300863,2025,1,1,3,2025-01-01,AA,19805,AA,19805,311,11057,1105703,31057,CLT,"Charlotte, NC",11298,1129806,30194,DFW,"Dallas/Fort Worth, TX",2041,2046.0,5.0,5.0,0.0,0.0,2000-2059,22.0,2108.0,2235.0,13.0,2249,2248.0,-1.0,0.0,0.0,-1.0,2200-2259,0.0,,0.0,,,,,
300864,2025,1,2,4,2025-01-02,AA,19805,AA,19805,311,11057,1105703,31057,CLT,"Charlotte, NC",11298,1129806,30194,DFW,"Dallas/Fort Worth, TX",2041,2050.0,9.0,9.0,0.0,0.0,2000-2059,38.0,2128.0,2303.0,7.0,2249,2310.0,21.0,21.0,1.0,1.0,2200-2259,0.0,,0.0,9.0,0.0,12.0,0.0,0.0
300865,2025,1,3,5,2025-01-03,AA,19805,AA,19805,311,11057,1105703,31057,CLT,"Charlotte, NC",11298,1129806,30194,DFW,"Dallas/Fort Worth, TX",2041,2038.0,-3.0,0.0,0.0,-1.0,2000-2059,14.0,2052.0,2213.0,5.0,2249,2218.0,-31.0,0.0,0.0,-2.0,2200-2259,0.0,,0.0,,,,,
300866,2025,1,4,6,2025-01-04,AA,19805,AA,19805,311,11057,1105703,31057,CLT,"Charlotte, NC",11298,1129806,30194,DFW,"Dallas/Fort Worth, TX",2041,2045.0,4.0,4.0,0.0,0.0,2000-2059,19.0,2104.0,2225.0,7.0,2249,2232.0,-17.0,0.0,0.0,-2.0,2200-2259,0.0,,0.0,,,,,
300867,2025,1,5,7,2025-01-05,AA,19805,AA,19805,311,11057,1105703,31057,CLT,"Charlotte, NC",11298,1129806,30194,DFW,"Dallas/Fort Worth, TX",2041,2107.0,26.0,26.0,1.0,1.0,2000-2059,16.0,2123.0,2309.0,31.0,2249,2340.0,51.0,51.0,1.0,3.0,2200-2259,0.0,,0.0,8.0,0.0,25.0,0.0,18.0
300868,2025,1,6,1,2025-01-06,AA,19805,AA,19805,311,11057,1105703,31057,CLT,"Charlotte, NC",11298,1129806,30194,DFW,"Dallas/Fort Worth, TX",2041,2118.0,37.0,37.0,1.0,2.0,2000-2059,18.0,2136.0,2306.0,13.0,2249,2319.0,30.0,30.0,1.0,2.0,2200-2259,0.0,,0.0,24.0,0.0,0.0,0.0,6.0
302020,2025,1,1,3,2025-01-01,AA,19805,AA,19805,374,11057,1105703,31057,CLT,"Charlotte, NC",12478,1247805,31703,JFK,"New York, NY",1309,1325.0,16.0,16.0,1.0,1.0,1300-1359,13.0,1338.0,1450.0,7.0,1501,1457.0,-4.0,0.0,0.0,-1.0,1500-1559,0.0,,0.0,,,,,
302021,2025,1,2,4,2025-01-02,AA,19805,AA,19805,374,11057,1105703,31057,CLT,"Charlotte, NC",12478,1247805,31703,JFK,"New York, NY",1309,1323.0,14.0,14.0,0.0,0.0,1300-1359,23.0,1346.0,1457.0,6.0,1501,1503.0,2.0,2.0,0.0,0.0,1500-1559,0.0,,0.0,,,,,
302022,2025,1,3,5,2025-01-03,AA,19805,AA,19805,374,11057,1105703,31057,CLT,"Charlotte, NC",12478,1247805,31703,JFK,"New York, NY",1309,1308.0,-1.0,0.0,0.0,-1.0,1300-1359,19.0,1327.0,1440.0,6.0,1501,1446.0,-15.0,0.0,0.0,-1.0,1500-1559,0.0,,0.0,,,,,
302023,2025,1,5,7,2025-01-05,AA,19805,AA,19805,374,11057,1105703,31057,CLT,"Charlotte, NC",12478,1247805,31703,JFK,"New York, NY",1309,1309.0,0.0,0.0,0.0,0.0,1300-1359,24.0,1333.0,1453.0,4.0,1501,1457.0,-4.0,0.0,0.0,-1.0,1500-1559,0.0,,0.0,,,,,
302024,2025,1,6,1,2025-01-06,AA,19805,AA,19805,374,11057,1105703,31057,CLT,"Charlotte, NC",12478,1247805,31703,JFK,"New York, NY",1309,1419.0,70.0,70.0,1.0,4.0,1300-1359,15.0,1434.0,1547.0,10.0,1459,1557.0,58.0,58.0,1.0,3.0,1400-1459,0.0,,0.0,7.0,0.0,0.0,0.0,51.0
302025,2025,1,7,2,2025-01-07,AA,19805,AA,19805,374,11057,1105703,31057,CLT,"Charlotte, NC",12478,1247805,31703,JFK,"New York, NY",1306,1309.0,3.0,3.0,0.0,0.0,1300-1359,26.0,1335.0,1453.0,6.0,1459,1459.0,0.0,0.0,0.0,0.0,1400-1459,0.0,,0.0,,,,,
302026,2025,1,8,3,2025-01-08,AA,19805,AA,19805,374,11057,1105703,31057,CLT,"Charlotte, NC",12478,1247805,31703,JFK,"New York, NY",1306,1305.0,-1.0,0.0,0.0,-1.0,1300-1359,31.0,1336.0,1453.0,7.0,1459,1500.0,1.0,1.0,0.0,0.0,1400-1459,0.0,,0.0,,,,,
302027,2025,1,9,4,2025-01-09,AA,19805,AA,19805,374,11057,1105703,31057,CLT,"Charlotte, NC",12478,1247805,31703,JFK,"New York, NY",1306,1304.0,-2.0,0.0,0.0,-1.0,1300-1359,18.0,1322.0,1447.0,6.0,1459,1453.0,-6.0,0.0,0.0,-1.0,1400-1459,0.0,,0.0,,,,,
302028,2025,1,10,5,2025-01-10,AA,19805,AA,19805,374,11057,1105703,31057,CLT,"Charlotte, NC",12478,1247805,31703,JFK,"New York, NY",1306,1530.0,144.0,144.0,1.0,9.0,1300-1359,57.0,1627.0,1740.0,5.0,1459,1745.0,166.0,166.0,1.0,11.0,1400-1459,0.0,,0.0,0.0,0.0,22.0,0.0,144.0
302029,2025,1,11,6,2025-01-11,AA,19805,AA,19805,374,11057,1105703,31057,CLT,"Charlotte, NC",12478,1247805,31703,JFK,"New York, NY",1306,1426.0,80.0,80.0,1.0,5.0,1300-1359,17.0,1443.0,1557.0,5.0,1459,1602.0,63.0,63.0,1.0,4.0,1400-1459,0.0,,0.0,4.0,0.0,0.0,0.0,59.0
302030,2025,1,12,7,2025-01-12,AA,19805,AA,19805,374,11057,1105703,31057,CLT,"Charlotte, NC",12478,1247805,31703,JFK,"New York, NY",1306,1313.0,7.0,7.0,0.0,0.0,1300-1359,21.0,1334.0,1453.0,4.0,1459,1457.0,-2.0,0.0,0.0,-1.0,1400-1459,0.0,,0.0,,,,,
302031,2025,1,13,1,2025-01-13,AA,19805,AA,19805,374,11057,1105703,31057,CLT,"Charlotte, NC",12478,1247805,31703,JFK,"New York, NY",1306,1306.0,0.0,0.0,0.0,0.0,1300-1359,24.0,1330.0,1455.0,10.0,1459,1505.0,6.0,6.0,0.0,0.0,1400-1459,0.0,,0.0,,,,,
302032,2025,1,14,2,2025-01-14,AA,19805,AA,19805,374,11057,1105703,31057,CLT,"Charlotte, NC",12478,1247805,31703,JFK,"New York, NY",1306,1300.0,-6.0,0.0,0.0,-1.0,1300-1359,15.0,1315.0,1427.0,7.0,1459,1434.0,-25.0,0.0,0.0,-2.0,1400-1459,0.0,,0.0,,,,,
302033,2025,1,15,3,2025-01-15,AA,19805,AA,19805,374,11057,1105703,31057,CLT,"Charlotte, NC",12478,1247805,31703,JFK,"New York, NY",1306,1300.0,-6.0,0.0,0.0,-1.0,1300-1359,19.0,1319.0,1444.0,6.0,1459,1450.0,-9.0,0.0,0.0,-1.0,1400-1459,0.0,,0.0,,,,,
302034,2025,1,16,4,2025-01-16,AA,19805,AA,19805,374,11057,1105703,31057,CLT,"Charlotte, NC",12478,1247805,31703,JFK,"New York, NY",1306,1310.0,4.0,4.0,0.0,0.0,1300-1359,16.0,1326.0,1449.0,10.0,1459,1459.0,0.0,0.0,0.0,0.0,1400-1459,0.0,,0.0,,,,,
302035,2025,1,17,5,2025-01-17,AA,19805,AA,19805,374,11057,1105703,31057,CLT,"Charlotte, NC",12478,1247805,31703,JFK,"New York, NY",1306,1439.0,93.0,93.0,1.0,6.0,1300-1359,48.0,1527.0,1650.0,8.0,1459,1658.0,119.0,119.0,1.0,7.0,1400-1459,0.0,,0.0,20.0,0.0,26.0,0.0,73.0
302036,2025,1,18,6,2025-01-18,AA,19805,AA,19805,374,11057,1105703,31057,CLT,"Charlotte, NC",12478,1247805,31703,JFK,"New York, NY",1306,1306.0,0.0,0.0,0.0,0.0,1300-1359,13.0,1319.0,1439.0,9.0,1459,1448.0,-11.0,0.0,0.0,-1.0,1400-1459,0.0,,0.0,,,,,
302037,2025,1,19,7,2025-01-19,AA,19805,AA,19805,374,11057,1105703,31057,CLT,"Charlotte, NC",12478,1247805,31703,JFK,"New York, NY",1306,1450.0,104.0,104.0,1.0,6.0,1300-1359,43.0,1533.0,1639.0,13.0,1459,1652.0,113.0,113.0,1.0,7.0,1400-1459,0.0,,0.0,0.0,104.0,9.0,0.0,0.0
302038,2025,1,20,1,2025-01-20,AA,19805,AA,19805,374,11057,1105703,31057,CLT,"Charlotte, NC",12478,1247805,31703,JFK,"New York, NY",1306,1423.0,77.0,77.0,1.0,5.0,1300-1359,16.0,1439.0,1550.0,6.0,1459,1556.0,57.0,57.0,1.0,3.0,1400-1459,0.0,,0.0,1.0,0.0,0.0,0.0,56.0
302039,2025,1,21,2,2025-01-21,AA,19805,AA,19805,374,11057,1105703,31057,CLT,"Charlotte, NC",12478,1247805,31703,JFK,"New York, NY",1306,1302.0,-4.0,0.0,0.0,-1.0,1300-1359,23.0,1325.0,1437.0,5.0,1459,1442.0,-17.0,0.0,0.0,-2.0,1400-1459,0.0,,0.0,,,,,
302040,2025,1,22,3,2025-01-22,AA,19805,AA,19805,374,11057,1105703,31057,CLT,"Charlotte, NC",12478,1247805,31703,JFK,"New York, NY",1306,1300.0,-6.0,0.0,0.0,-1.0,1300-1359,13.0,1313.0,1429.0,5.0,1459,1434.0,-25.0,0.0,0.0,-2.0,1400-1459,0.0,,0.0,,,,,
302041,2025,1,23,4,2025-01-23,AA,19805,AA,19805,374,11057,1105703,31057,CLT,"Charlotte, NC",12478,1247805,31703,JFK,"New York, NY",1306,1311.0,5.0,5.0,0.0,0.0,1300-1359,23.0,1334.0,1450.0,7.0,1459,1457.0,-2.0,0.0,0.0,-1.0,1400-1459,0.0,,0.0,,,,,
302042,2025,1,24,5,2025-01-24,AA,19805,AA,19805,374,11057,1105703,31057,CLT,"Charlotte, NC",12478,1247805,31703,JFK,"New York, NY",1306,1303.0,-3.0,0.0,0.0,-1.0,1300-1359,14.0,1317.0,1423.0,5.0,1459,1428.0,-31.0,0.0,0.0,-2.0,1400-1459,0.0,,0.0,,,,,
302043,2025,1,25,6,2025-01-25,AA,19805,AA,19805,374,11057,1105703,31057,CLT,"Charlotte, NC",12478,1247805,31703,JFK,"New York, NY",1306,1306.0,0.0,0.0,0.0,0.0,1300-1359,15.0,1321.0,1440.0,5.0,1459,1445.0,-14.0,0.0,0.0,-1.0,1400-1459,0.0,,0.0,,,,,
302044,2025,1,26,7,2025-01-26,AA,19805,AA,19805,374,11057,1105703,31057,CLT,"Charlotte, NC",12478,1247805,31703,JFK,"New York, NY",1306,1322.0,16.0,16.0,1.0,1.0,1300-1359,15.0,1337.0,1459.0,12.0,1459,1511.0,12.0,12.0,0.0,0.0,1400-1459,0.0,,0.0,,,,,
302045,2025,1,27,1,2025-01-27,AA,19805,AA,19805,374,11057,1105703,31057,CLT,"Charlotte, NC",12478,1247805,31703,JFK,"New York, NY",1306,1301.0,-5.0,0.0,0.0,-1.0,1300-1359,28.0,1329.0,1442.0,5.0,1459,1447.0,-12.0,0.0,0.0,-1.0,1400-1459,0.0,,0.0,,,,,
302046,2025,1,28,2,2025-01-28,AA,19805,AA,19805,374,11057,1105703,31057,CLT,"Charlotte, NC",12478,1247805,31703,JFK,"New York, NY",1306,1300.0,-6.0,0.0,0.0,-1.0,1300-1359,25.0,1325.0,1448.0,6.0,1459,1454.0,-5.0,0.0,0.0,-1.0,1400-1459,0.0,,0.0,,,,,
302047,2025,1,29,3,2025-01-29,AA,19805,AA,19805,374,11057,1105703,31057,CLT,"Charlotte, NC",12478,1247805,31703,JFK,"New York, NY",1306,1305.0,-1.0,0.0,0.0,-1.0,1300-1359,13.0,1318.0,1441.0,5.0,1459,1446.0,-13.0,0.0,0.0,-1.0,1400-1459,0.0,,0.0,,,,,
302048,2025,1,30,4,2025-01-30,AA,19805,AA,19805,374,11057,1105703,31057,CLT,"Charlotte, NC",12478,1247805,31703,JFK,"New York, NY",1307,1620.0,193.0,193.0,1.0,12.0,1300-1359,19.0,1639.0,1805.0,19.0,1500,1824.0,204.0,204.0,1.0,12.0,1500-1559,0.0,,0.0,73.0,0.0,11.0,0.0,120.0
302049,2025,1,31,5,2025-01-31,AA,19805,AA,19805,374,11057,1105703,31057,CLT,"Charlotte, NC",12478,1247805,31703,JFK,"New York, NY",1307,1303.0,-4.0,0.0,0.0,-1.0,1300-1359,27.0,1330.0,1449.0,11.0,1500,1500.0,0.0,0.0,0.0,0.0,1500-1559,0.0,,0.0,,,,,
302050,2025,1,1,3,2025-01-01,AA,19805,AA,19805,375,11057,1105703,31057,CLT,"Charlotte, NC",11298,1129806,30194,DFW,"Dallas/Fort Worth, TX",1800,1756.0,-4.0,0.0,0.0,-1.0,1800-1859,15.0,1811.0,1936.0,21.0,2000,1957.0,-3.0,0.0,0.0,-1.0,2000-2059,0.0,,0.0,,,,,
302051,2025,1,2,4,2025-01-02,AA,19805,AA,19805,375,11057,1105703,31057,CLT,"Charlotte, NC",11298,1129806,30194,DFW,"Dallas/Fort Worth, TX",1800,1756.0,-4.0,0.0,0.0,-1.0,1800-1859,11.0,1807.0,1945.0,18.0,2000,2003.0,3.0,3.0,0.0,0.0,2000-2059,0.0,,0.0,,,,,
302052,2025,1,3,5,2025-01-03,AA,19805,AA,19805,375,11057,1105703,31057,CLT,"Charlotte, NC",11298,1129806,30194,DFW,"Dallas/Fort Worth, TX",1800,1803.0,3.0,3.0,0.0,0.0,1800-1859,21.0,1824.0,1943.0,27.0,2000,2010.0,10.0,10.0,0.0,0.0,2000-2059,0.0,,0.0,,,,,
302053,2025,1,4,6,2025-01-04,AA,19805,AA,19805,375,11057,1105703,31057,CLT,"Charlotte, NC",11298,1129806,30194,DFW,"Dallas/Fort Worth, TX",1800,1758.0,-2.0,0.0,0.0,-1.0,1800-1859,11.0,1809.0,1939.0,13.0,2000,1952.0,-8.0,0.0,0.0,-1.0,2000-2059,0.0,,0.0,,,,,
302054,2025,1,5,7,2025-01-05,AA,19805,AA,19805,375,11057,1105703,31057,CLT,"Charlotte, NC",11298,1129806,30194,DFW,"Dallas/Fort Worth, TX",1800,1852.0,52.0,52.0,1.0,3.0,1800-1859,66.0,1958.0,2142.0,41.0,2000,2223.0,143.0,143.0,1.0,9.0,2000-2059,0.0,,0.0,0.0,0.0,143.0,0.0,0.0
302055,2025,1,6,1,2025-01-06,AA,19805,AA,19805,375,11057,1105703,31057,CLT,"Charlotte, NC",11298,1129806,30194,DFW,"Dallas/Fort Worth, TX",1800,1813.0,13.0,13.0,0.0,0.0,1800-1859,13.0,1826.0,1958.0,23.0,2000,2021.0,21.0,21.0,1.0,1.0,2000-2059,0.0,,0.0,6.0,0.0,8.0,0.0,7.0
302056,2025,1,7,2,2025-01-07,AA,19805,AA,19805,375,11057,1105703,31057,CLT,"Charlotte, NC",11298,1129806,30194,DFW,"Dallas/Fort Worth, TX",1819,1816.0,-3.0,0.0,0.0,-1.0,1800-1859,15.0,1831.0,2000.0,20.0,2018,2020.0,2.0,2.0,0.0,0.0,2000-2059,0.0,,0.0,,,,,
302057,2025,1,8,3,2025-01-08,AA,19805,AA,19805,375,11057,1105703,31057,CLT,"Charlotte, NC",11298,1129806,30194,DFW,"Dallas/Fort Worth, TX",1819,1833.0,14.0,14.0,0.0,0.0,1800-1859,14.0,1847.0,2010.0,6.0,2018,2016.0,-2.0,0.0,0.0,-1.0,2000-2059,0.0,,0.0,,,,,
302058,2025,1,9,4,2025-01-09,AA,19805,AA,19805,375,11057,1105703,31057,CLT,"Charlotte, NC",11298,1129806,30194,DFW,"Dallas/Fort Worth, TX",1759,,,,,,1700-1759,,,,,1958,,,,,,1900-1959,1.0,B,0.0,,,,,
302059,2025,1,10,5,2025-01-10,AA,19805,AA,19805,375,11057,1105703,31057,CLT,"Charlotte, NC",11298,1129806,30194,DFW,"Dallas/Fort Worth, TX",1819,,,,,,1800-1859,,,,,2018,,,,,,2000-2059,1.0,B,0.0,,,,,
302060,2025,1,11,6,2025-01-11,AA,19805,AA,19805,375,11057,1105703,31057,CLT,"Charlotte, NC",11298,1129806,30194,DFW,"Dallas/Fort Worth, TX",1819,1819.0,0.0,0.0,0.0,0.0,1800-1859,14.0,1833.0,1959.0,17.0,2018,2016.0,-2.0,0.0,0.0,-1.0,2000-2059,0.0,,0.0,,,,,
302061,2025,1,12,7,2025-01-12,AA,19805,AA,19805,375,11057,1105703,31057,CLT,"Charlotte, NC",11298,1129806,30194,DFW,"Dallas/Fort Worth, TX",1759,1755.0,-4.0,0.0,0.0,-1.0,1700-1759,13.0,1808.0,1940.0,37.0,1958,2017.0,19.0,19.0,1.0,1.0,1900-1959,0.0,,0.0,0.0,0.0,19.0,0.0,0.0
302062,2025,1,13,1,2025-01-13,AA,19805,AA,19805,375,11057,1105703,31057,CLT,"Charlotte, NC",11298,1129806,30194,DFW,"Dallas/Fort Worth, TX",1819,1813.0,-6.0,0.0,0.0,-1.0,1800-1859,13.0,1826.0,2018.0,7.0,2018,2025.0,7.0,7.0,0.0,0.0,2000-2059,0.0,,0.0,,,,,
302063,2025,1,14,2,2025-01-14,AA,19805,AA,19805,375,11057,1105703,31057,CLT,"Charlotte, NC",11298,1129806,30194,DFW,"Dallas/Fort Worth, TX",1819,1818.0,-1.0,0.0,0.0,-1.0,1800-1859,17.0,1835.0,2005.0,9.0,2018,2014.0,-4.0,0.0,0.0,-1.0,2000-2059,0.0,,0.0,,,,,
302064,2025,1,15,3,2025-01-15,AA,19805,AA,19805,375,11057,1105703,31057,CLT,"Charlotte, NC",11298,1129806,30194,DFW,"Dallas/Fort Worth, TX",1819,1815.0,-4.0,0.0,0.0,-1.0,1800-1859,12.0,1827.0,2008.0,13.0,2018,2021.0,3.0,3.0,0.0,0.0,2000-2059,0.0,,0.0,,,,,
302065,2025,1,16,4,2025-01-16,AA,19805,AA,19805,375,11057,1105703,31057,CLT,"Charlotte, NC",11298,1129806,30194,DFW,"Dallas/Fort Worth, TX",1759,1758.0,-1.0,0.0,0.0,-1.0,1700-1759,13.0,1811.0,1929.0,22.0,1958,1951.0,-7.0,0.0,0.0,-1.0,1900-1959,0.0,,0.0,,,,,
302066,2025,1,17,5,2025-01-17,AA,19805,AA,19805,375,11057,1105703,31057,CLT,"Charlotte, NC",11298,1129806,30194,DFW,"Dallas/Fort Worth, TX",1819,1818.0,-1.0,0.0,0.0,-1.0,1800-1859,27.0,1845.0,2010.0,20.0,2018,2030.0,12.0,12.0,0.0,0.0,2000-2059,0.0,,0.0,,,,,
302067,2025,1,18,6,2025-01-18,AA,19805,AA,19805,375,11057,1105703,31057,CLT,"Charlotte, NC",11298,1129806,30194,DFW,"Dallas/Fort Worth, TX",1819,1813.0,-6.0,0.0,0.0,-1.0,1800-1859,12.0,1825.0,2006.0,11.0,2018,2017.0,-1.0,0.0,0.0,-1.0,2000-2059,0.0,,0.0,,,,,
302068,2025,1,19,7,2025-01-19,AA,19805,AA,19805,375,11057,1105703,31057,CLT,"Charlotte, NC",11298,1129806,30194,DFW,"Dallas/Fort Worth, TX",1759,1757.0,-2.0,0.0,0.0,-1.0,1700-1759,13.0,1810.0,1947.0,10.0,1958,1957.0,-1.0,0.0,0.0,-1.0,1900-1959,0.0,,0.0,,,,,
302069,2025,1,20,1,2025-01-20,AA,19805,AA,19805,375,11057,1105703,31057,CLT,"Charlotte, NC",11298,1129806,30194,DFW,"Dallas/Fort Worth, TX",1819,1820.0,1.0,1.0,0.0,0.0,1800-1859,16.0,1836.0,2025.0,21.0,2018,2046.0,28.0,28.0,1.0,1.0,2000-2059,0.0,,0.0,1.0,0.0,27.0,0.0,0.0
302070,2025,1,21,2,2025-01-21,AA,19805,AA,19805,375,11057,1105703,31057,CLT,"Charlotte, NC",11298,1129806,30194,DFW,"Dallas/Fort Worth, TX",1819,1825.0,6.0,6.0,0.0,0.0,1800-1859,66.0,1931.0,2052.0,34.0,2018,2126.0,68.0,68.0,1.0,4.0,2000-2059,0.0,,0.0,0.0,0.0,62.0,0.0,6.0
302071,2025,1,22,3,2025-01-22,AA,19805,AA,19805,375,11057,1105703,31057,CLT,"Charlotte, NC",11298,1129806,30194,DFW,"Dallas/Fort Worth, TX",1819,1818.0,-1.0,0.0,0.0,-1.0,1800-1859,20.0,1838.0,2005.0,5.0,2018,2010.0,-8.0,0.0,0.0,-1.0,2000-2059,0.0,,0.0,,,,,
302072,2025,1,23,4,2025-01-23,AA,19805,AA,19805,375,11057,1105703,31057,CLT,"Charlotte, NC",11298,1129806,30194,DFW,"Dallas/Fort Worth, TX",1759,1754.0,-5.0,0.0,0.0,-1.0,1700-1759,12.0,1806.0,1943.0,18.0,1958,2001.0,3.0,3.0,0.0,0.0,1900-1959,0.0,,0.0,,,,,
302073,2025,1,24,5,2025-01-24,AA,19805,AA,19805,375,11057,1105703,31057,CLT,"Charlotte, NC",11298,1129806,30194,DFW,"Dallas/Fort Worth, TX",1819,1816.0,-3.0,0.0,0.0,-1.0,1800-1859,19.0,1835.0,1958.0,11.0,2018,2009.0,-9.0,0.0,0.0,-1.0,2000-2059,0.0,,0.0,,,,,
302074,2025,1,25,6,2025-01-25,AA,19805,AA,19805,375,11057,1105703,31057,CLT,"Charlotte, NC",11298,1129806,30194,DFW,"Dallas/Fort Worth, TX",1819,1813.0,-6.0,0.0,0.0,-1.0,1800-1859,11.0,1824.0,1952.0,19.0,2018,2011.0,-7.0,0.0,0.0,-1.0,2000-2059,0.0,,0.0,,,,,
302075,2025,1,26,7,2025-01-26,AA,19805,AA,19805,375,11057,1105703,31057,CLT,"Charlotte, NC",11298,1129806,30194,DFW,"Dallas/Fort Worth, TX",1759,1759.0,0.0,0.0,0.0,0.0,1700-1759,17.0,1816.0,1955.0,18.0,1958,2013.0,15.0,15.0,1.0,1.0,1900-1959,0.0,,0.0,0.0,0.0,15.0,0.0,0.0
302076,2025,1,27,1,2025-01-27,AA,19805,AA,19805,375,11057,1105703,31057,CLT,"Charlotte, NC",11298,1129806,30194,DFW,"Dallas/Fort Worth, TX",1819,1821.0,2.0,2.0,0.0,0.0,1800-1859,14.0,1835.0,2006.0,21.0,2018,2027.0,9.0,9.0,0.0,0.0,2000-2059,0.0,,0.0,,,,,
302077,2025,1,28,2,2025-01-28,AA,19805,AA,19805,375,11057,1105703,31057,CLT,"Charlotte, NC",11298,1129806,30194,DFW,"Dallas/Fort Worth, TX",1819,1812.0,-7.0,0.0,0.0,-1.0,1800-1859,11.0,1823.0,1950.0,33.0,2018,2023.0,5.0,5.0,0.0,0.0,2000-2059,0.0,,0.0,,,,,
302078,2025,1,29,3,2025-01-29,AA,19805,AA,19805,375,11057,1105703,31057,CLT,"Charlotte, NC",11298,1129806,30194,DFW,"Dallas/Fort Worth, TX",1819,1818.0,-1.0,0.0,0.0,-1.0,1800-1859,19.0,1837.0,2025.0,89.0,2018,2154.0,96.0,96.0,1.0,6.0,2000-2059,0.0,,0.0,0.0,0.0,96.0,0.0,0.0
302079,2025,1,30,4,2025-01-30,AA,19805,AA,19805,375,11057,1105703,31057,CLT,"Charlotte, NC",11298,1129806,30194,DFW,"Dallas/Fort Worth, TX",1759,1757.0,-2.0,0.0,0.0,-1.0,1700-1759,15.0,1812.0,1938.0,19.0,1958,1957.0,-1.0,0.0,0.0,-1.0,1900-1959,0.0,,0.0,,,,,
302080,2025,1,31,5,2025-01-31,AA,19805,AA,19805,375,11057,1105703,31057,CLT,"Charlotte, NC",11298,1129806,30194,DFW,"Dallas/Fort Worth, TX",1819,1817.0,-2.0,0.0,0.0,-1.0,1800-1859,13.0,1830.0,2008.0,13.0,2018,2021.0,3.0,3.0,0.0,0.0,2000-2059,0.0,,0.0,,,,,
303727,2025,1,1,3,2025-01-01,AA,19805,AA,19805,454,11057,1105703,31057,CLT,"Charlotte, NC",12478,1247805,31703,JFK,"New York, NY",1620,1619.0,-1.0,0.0,0.0,-1.0,1600-1659,15.0,1634.0,1747.0,14.0,1808,1801.0,-7.0,0.0,0.0,-1.0,1800-1859,0.0,,0.0,,,,,
303728,2025,1,2,4,2025-01-02,AA,19805,AA,19805,454,11057,1105703,31057,CLT,"Charlotte, NC",12478,1247805,31703,JFK,"New York, NY",1619,1618.0,-1.0,0.0,0.0,-1.0,1600-1659,12.0,1630.0,1742.0,5.0,1808,1747.0,-21.0,0.0,0.0,-2.0,1800-1859,0.0,,0.0,,,,,
303729,2025,1,3,5,2025-01-03,AA,19805,AA,19805,454,11057,1105703,31057,CLT,"Charlotte, NC",12478,1247805,31703,JFK,"New York, NY",1619,1647.0,28.0,28.0,1.0,1.0,1600-1659,13.0,1700.0,1820.0,15.0,1808,1835.0,27.0,27.0,1.0,1.0,1800-1859,0.0,,0.0,27.0,0.0,0.0,0.0,0.0
303730,2025,1,4,6,2025-01-04,AA,19805,AA,19805,454,11057,1105703,31057,CLT,"Charlotte, NC",12478,1247805,31703,JFK,"New York, NY",1620,1721.0,61.0,61.0,1.0,4.0,1600-1659,15.0,1736.0,1858.0,5.0,1808,1903.0,55.0,55.0,1.0,3.0,1800-1859,0.0,,0.0,55.0,0.0,0.0,0.0,0.0
303731,2025,1,5,7,2025-01-05,AA,19805,AA,19805,454,11057,1105703,31057,CLT,"Charlotte, NC",12478,1247805,31703,JFK,"New York, NY",1619,1625.0,6.0,6.0,0.0,0.0,1600-1659,34.0,1659.0,1820.0,6.0,1808,1826.0,18.0,18.0,1.0,1.0,1800-1859,0.0,,0.0,6.0,0.0,12.0,0.0,0.0
303732,2025,1,6,1,2025-01-06,AA,19805,AA,19805,454,11057,1105703,31057,CLT,"Charlotte, NC",12478,1247805,31703,JFK,"New York, NY",1615,1901.0,166.0,166.0,1.0,11.0,1600-1659,15.0,1916.0,2129.0,6.0,1759,2135.0,216.0,216.0,1.0,12.0,1700-1759,0.0,,0.0,9.0,0.0,50.0,0.0,157.0
303857,2025,1,1,3,2025-01-01,AA,19805,AA,19805,459,11057,1105703,31057,CLT,"Charlotte, NC",11292,1129202,30325,DEN,"Denver, CO",1715,1709.0,-6.0,0.0,0.0,-1.0,1700-1759,19.0,1728.0,1847.0,9.0,1853,1856.0,3.0,3.0,0.0,0.0,1800-1859,0.0,,0.0,,,,,
303858,2025,1,2,4,2025-01-02,AA,19805,AA,19805,459,11057,1105703,31057,CLT,"Charlotte, NC",11292,1129202,30325,DEN,"Denver, CO",1715,1813.0,58.0,58.0,1.0,3.0,1700-1759,13.0,1826.0,1958.0,8.0,1853,2006.0,73.0,73.0,1.0,4.0,1800-1859,0.0,,0.0,50.0,0.0,15.0,8.0,0.0
303859,2025,1,3,5,2025-01-03,AA,19805,AA,19805,459,11057,1105703,31057,CLT,"Charlotte, NC",11292,1129202,30325,DEN,"Denver, CO",1715,1940.0,145.0,145.0,1.0,9.0,1700-1759,15.0,1955.0,2125.0,6.0,1853,2131.0,158.0,158.0,1.0,10.0,1800-1859,0.0,,0.0,2.0,0.0,13.0,0.0,143.0
303860,2025,1,4,6,2025-01-04,AA,19805,AA,19805,459,11057,1105703,31057,CLT,"Charlotte, NC",11292,1129202,30325,DEN,"Denver, CO",1715,1714.0,-1.0,0.0,0.0,-1.0,1700-1759,16.0,1730.0,1846.0,30.0,1853,1916.0,23.0,23.0,1.0,1.0,1800-1859,0.0,,0.0,0.0,0.0,23.0,0.0,0.0
303861,2025,1,5,7,2025-01-05,AA,19805,AA,19805,459,11057,1105703,31057,CLT,"Charlotte, NC",11292,1129202,30325,DEN,"Denver, CO",1715,1712.0,-3.0,0.0,0.0,-1.0,1700-1759,14.0,1726.0,1833.0,11.0,1853,1844.0,-9.0,0.0,0.0,-1.0,1800-1859,0.0,,0.0,,,,,
303862,2025,1,6,1,2025-01-06,AA,19805,AA,19805,459,11057,1105703,31057,CLT,"Charlotte, NC",11292,1129202,30325,DEN,"Denver, CO",1715,1738.0,23.0,23.0,1.0,1.0,1700-1759,15.0,1753.0,1902.0,8.0,1853,1910.0,17.0,17.0,1.0,1.0,1800-1859,0.0,,0.0,0.0,0.0,0.0,0.0,17.0
303863,2025,1,7,2,2025-01-07,AA,19805,AA,19805,459,11057,1105703,31057,CLT,"Charlotte, NC",11292,1129202,30325,DEN,"Denver, CO",1623,1619.0,-4.0,0.0,0.0,-1.0,1600-1659,20.0,1639.0,1800.0,10.0,1807,1810.0,3.0,3.0,0.0,0.0,1800-1859,0.0,,0.0,,,,,
303864,2025,1,8,3,2025-01-08,AA,19805,AA,19805,459,11057,1105703,31057,CLT,"Charlotte, NC",11292,1129202,30325,DEN,"Denver, CO",1623,1704.0,41.0,41.0,1.0,2.0,1600-1659,15.0,1719.0,1825.0,8.0,1807,1833.0,26.0,26.0,1.0,1.0,1800-1859,0.0,,0.0,3.0,0.0,0.0,0.0,23.0
303865,2025,1,9,4,2025-01-09,AA,19805,AA,19805,459,11057,1105703,31057,CLT,"Charlotte, NC",11292,1129202,30325,DEN,"Denver, CO",1623,1734.0,71.0,71.0,1.0,4.0,1600-1659,13.0,1747.0,1912.0,7.0,1807,1919.0,72.0,72.0,1.0,4.0,1800-1859,0.0,,0.0,0.0,0.0,1.0,0.0,71.0
303866,2025,1,10,5,2025-01-10,AA,19805,AA,19805,459,11057,1105703,31057,CLT,"Charlotte, NC",11292,1129202,30325,DEN,"Denver, CO",1623,1622.0,-1.0,0.0,0.0,-1.0,1600-1659,53.0,1715.0,1816.0,7.0,1807,1823.0,16.0,16.0,1.0,1.0,1800-1859,0.0,,0.0,0.0,0.0,16.0,0.0,0.0
303867,2025,1,11,6,2025-01-11,AA,19805,AA,19805,459,11057,1105703,31057,CLT,"Charlotte, NC",11292,1129202,30325,DEN,"Denver, CO",1623,1621.0,-2.0,0.0,0.0,-1.0,1600-1659,28.0,1649.0,1808.0,8.0,1807,1816.0,9.0,9.0,0.0,0.0,1800-1859,0.0,,0.0,,,,,
303868,2025,1,12,7,2025-01-12,AA,19805,AA,19805,459,11057,1105703,31057,CLT,"Charlotte, NC",11292,1129202,30325,DEN,"Denver, CO",1623,1623.0,0.0,0.0,0.0,0.0,1600-1659,17.0,1640.0,1800.0,12.0,1807,1812.0,5.0,5.0,0.0,0.0,1800-1859,0.0,,0.0,,,,,
303869,2025,1,13,1,2025-01-13,AA,19805,AA,19805,459,11057,1105703,31057,CLT,"Charlotte, NC",11292,1129202,30325,DEN,"Denver, CO",1623,1619.0,-4.0,0.0,0.0,-1.0,1600-1659,12.0,1631.0,1752.0,16.0,1807,1808.0,1.0,1.0,0.0,0.0,1800-1859,0.0,,0.0,,,,,
303870,2025,1,14,2,2025-01-14,AA,19805,AA,19805,459,11057,1105703,31057,CLT,"Charlotte, NC",11292,1129202,30325,DEN,"Denver, CO",1623,1614.0,-9.0,0.0,0.0,-1.0,1600-1659,11.0,1625.0,1750.0,12.0,1807,1802.0,-5.0,0.0,0.0,-1.0,1800-1859,0.0,,0.0,,,,,
303871,2025,1,15,3,2025-01-15,AA,19805,AA,19805,459,11057,1105703,31057,CLT,"Charlotte, NC",11292,1129202,30325,DEN,"Denver, CO",1623,1620.0,-3.0,0.0,0.0,-1.0,1600-1659,15.0,1635.0,1747.0,9.0,1807,1756.0,-11.0,0.0,0.0,-1.0,1800-1859,0.0,,0.0,,,,,
303872,2025,1,16,4,2025-01-16,AA,19805,AA,19805,459,11057,1105703,31057,CLT,"Charlotte, NC",11292,1129202,30325,DEN,"Denver, CO",1623,1617.0,-6.0,0.0,0.0,-1.0,1600-1659,20.0,1637.0,1741.0,15.0,1807,1756.0,-11.0,0.0,0.0,-1.0,1800-1859,0.0,,0.0,,,,,
303873,2025,1,17,5,2025-01-17,AA,19805,AA,19805,459,11057,1105703,31057,CLT,"Charlotte, NC",11292,1129202,30325,DEN,"Denver, CO",1623,1620.0,-3.0,0.0,0.0,-1.0,1600-1659,16.0,1636.0,1749.0,10.0,1807,1759.0,-8.0,0.0,0.0,-1.0,1800-1859,0.0,,0.0,,,,,
303874,2025,1,18,6,2025-01-18,AA,19805,AA,19805,459,11057,1105703,31057,CLT,"Charlotte, NC",11292,1129202,30325,DEN,"Denver, CO",1623,1616.0,-7.0,0.0,0.0,-1.0,1600-1659,13.0,1629.0,1752.0,18.0,1807,1810.0,3.0,3.0,0.0,0.0,1800-1859,0.0,,0.0,,,,,
303875,2025,1,19,7,2025-01-19,AA,19805,AA,19805,459,11057,1105703,31057,CLT,"Charlotte, NC",11292,1129202,30325,DEN,"Denver, CO",1623,1621.0,-2.0,0.0,0.0,-1.0,1600-1659,12.0,1633.0,1759.0,8.0,1807,1807.0,0.0,0.0,0.0,0.0,1800-1859,0.0,,0.0,,,,,
303876,2025,1,20,1,2025-01-20,AA,19805,AA,19805,459,11057,1105703,31057,CLT,"Charlotte, NC",11292,1129202,30325,DEN,"Denver, CO",1623,1645.0,22.0,22.0,1.0,1.0,1600-1659,14.0,1659.0,1833.0,9.0,1807,1842.0,35.0,35.0,1.0,2.0,1800-1859,0.0,,0.0,5.0,0.0,13.0,0.0,17.0
303877,2025,1,21,2,2025-01-21,AA,19805,AA,19805,459,11057,1105703,31057,CLT,"Charlotte, NC",11292,1129202,30325,DEN,"Denver, CO",1623,1615.0,-8.0,0.0,0.0,-1.0,1600-1659,12.0,1627.0,1750.0,8.0,1807,1758.0,-9.0,0.0,0.0,-1.0,1800-1859,0.0,,0.0,,,,,
303878,2025,1,22,3,2025-01-22,AA,19805,AA,19805,459,11057,1105703,31057,CLT,"Charlotte, NC",11292,1129202,30325,DEN,"Denver, CO",1623,1622.0,-1.0,0.0,0.0,-1.0,1600-1659,20.0,1642.0,1759.0,11.0,1807,1810.0,3.0,3.0,0.0,0.0,1800-1859,0.0,,0.0,,,,,
303879,2025,1,23,4,2025-01-23,AA,19805,AA,19805,459,11057,1105703,31057,CLT,"Charlotte, NC",11292,1129202,30325,DEN,"Denver, CO",1623,1630.0,7.0,7.0,0.0,0.0,1600-1659,14.0,1644.0,1757.0,11.0,1807,1808.0,1.0,1.0,0.0,0.0,1800-1859,0.0,,0.0,,,,,
303880,2025,1,24,5,2025-01-24,AA,19805,AA,19805,459,11057,1105703,31057,CLT,"Charlotte, NC",11292,1129202,30325,DEN,"Denver, CO",1623,1631.0,8.0,8.0,0.0,0.0,1600-1659,16.0,1647.0,1808.0,12.0,1807,1820.0,13.0,13.0,0.0,0.0,1800-1859,0.0,,0.0,,,,,
303881,2025,1,25,6,2025-01-25,AA,19805,AA,19805,459,11057,1105703,31057,CLT,"Charlotte, NC",11292,1129202,30325,DEN,"Denver, CO",1623,1723.0,60.0,60.0,1.0,4.0,1600-1659,13.0,1736.0,1854.0,10.0,1807,1904.0,57.0,57.0,1.0,3.0,1800-1859,0.0,,0.0,0.0,0.0,0.0,0.0,57.0
303882,2025,1,26,7,2025-01-26,AA,19805,AA,19805,459,11057,1105703,31057,CLT,"Charlotte, NC",11292,1129202,30325,DEN,"Denver, CO",1623,1618.0,-5.0,0.0,0.0,-1.0,1600-1659,16.0,1634.0,1802.0,9.0,1807,1811.0,4.0,4.0,0.0,0.0,1800-1859,0.0,,0.0,,,,,
303883,2025,1,27,1,2025-01-27,AA,19805,AA,19805,459,11057,1105703,31057,CLT,"Charlotte, NC",11292,1129202,30325,DEN,"Denver, CO",1623,1620.0,-3.0,0.0,0.0,-1.0,1600-1659,19.0,1639.0,1746.0,14.0,1807,1800.0,-7.0,0.0,0.0,-1.0,1800-1859,0.0,,0.0,,,,,
303884,2025,1,28,2,2025-01-28,AA,19805,AA,19805,459,11057,1105703,31057,CLT,"Charlotte, NC",11292,1129202,30325,DEN,"Denver, CO",1623,1638.0,15.0,15.0,1.0,1.0,1600-1659,16.0,1654.0,1758.0,12.0,1807,1810.0,3.0,3.0,0.0,0.0,1800-1859,0.0,,0.0,,,,,
303885,2025,1,29,3,2025-01-29,AA,19805,AA,19805,459,11057,1105703,31057,CLT,"Charlotte, NC",11292,1129202,30325,DEN,"Denver, CO",1623,1623.0,0.0,0.0,0.0,0.0,1600-1659,14.0,1637.0,1750.0,12.0,1807,1802.0,-5.0,0.0,0.0,-1.0,1800-1859,0.0,,0.0,,,,,
303886,2025,1,30,4,2025-01-30,AA,19805,AA,19805,459,11057,1105703,31057,CLT,"Charlotte, NC",11292,1129202,30325,DEN,"Denver, CO",1623,1620.0,-3.0,0.0,0.0,-1.0,1600-1659,15.0,1635.0,1750.0,13.0,1807,1803.0,-4.0,0.0,0.0,-1.0,1800-1859,0.0,,0.0,,,,,
303887,2025,1,31,5,2025-01-31,AA,19805,AA,19805,459,11057,1105703,31057,CLT,"Charlotte, NC",11292,1129202,30325,DEN,"Denver, CO",1623,1617.0,-6.0,0.0,0.0,-1.0,1600-1659,20.0,1637.0,1747.0,10.0,1807,1757.0,-10.0,0.0,0.0,-1.0,1800-1859,0.0,,0.0,,,,,
304644,2025,1,2,4,2025-01-02,AA,19805,AA,19805,493,11057,1105703,31057,CLT,"Charlotte, NC",12478,1247805,31703,JFK,"New York, NY",804,802.0,-2.0,0.0,0.0,-1.0,0800-0859,24.0,826.0,937.0,9.0,952,946.0,-6.0,0.0,0.0,-1.0,0900-0959,0.0,,0.0,,,,,
304645,2025,1,3,5,2025-01-03,AA,19805,AA,19805,493,11057,1105703,31057,CLT,"Charlotte, NC",12478,1247805,31703,JFK,"New York, NY",804,807.0,3.0,3.0,0.0,0.0,0800-0859,20.0,827.0,942.0,6.0,952,948.0,-4.0,0.0,0.0,-1.0,0900-0959,0.0,,0.0,,,,,
304646,2025,1,5,7,2025-01-05,AA,19805,AA,19805,493,11057,1105703,31057,CLT,"Charlotte, NC",12478,1247805,31703,JFK,"New York, NY",804,801.0,-3.0,0.0,0.0,-1.0,0800-0859,12.0,813.0,930.0,8.0,952,938.0,-14.0,0.0,0.0,-1.0,0900-0959,0.0,,0.0,,,,,
304647,2025,1,6,1,2025-01-06,AA,19805,AA,19805,493,11057,1105703,31057,CLT,"Charlotte, NC",12478,1247805,31703,JFK,"New York, NY",804,801.0,-3.0,0.0,0.0,-1.0,0800-0859,16.0,817.0,932.0,9.0,952,941.0,-11.0,0.0,0.0,-1.0,0900-0959,0.0,,0.0,,,,,
304648,2025,1,7,2,2025-01-07,AA,19805,AA,19805,493,11057,1105703,31057,CLT,"Charlotte, NC",12478,1247805,31703,JFK,"New York, NY",800,801.0,1.0,1.0,0.0,0.0,0800-0859,17.0,818.0,935.0,6.0,953,941.0,-12.0,0.0,0.0,-1.0,0900-0959,0.0,,0.0,,,,,
304649,2025,1,8,3,2025-01-08,AA,19805,AA,19805,493,11057,1105703,31057,CLT,"Charlotte, NC",12478,1247805,31703,JFK,"New York, NY",800,755.0,-5.0,0.0,0.0,-1.0,0800-0859,13.0,808.0,923.0,4.0,953,927.0,-26.0,0.0,0.0,-2.0,0900-0959,0.0,,0.0,,,,,
304650,2025,1,9,4,2025-01-09,AA,19805,AA,19805,493,11057,1105703,31057,CLT,"Charlotte, NC",12478,1247805,31703,JFK,"New York, NY",800,753.0,-7.0,0.0,0.0,-1.0,0800-0859,20.0,813.0,933.0,5.0,953,938.0,-15.0,0.0,0.0,-1.0,0900-0959,0.0,,0.0,,,,,
304651,2025,1,10,5,2025-01-10,AA,19805,AA,19805,493,11057,1105703,31057,CLT,"Charlotte, NC",12478,1247805,31703,JFK,"New York, NY",800,812.0,12.0,12.0,0.0,0.0,0800-0859,17.0,829.0,952.0,5.0,953,957.0,4.0,4.0,0.0,0.0,0900-0959,0.0,,0.0,,,,,
304652,2025,1,11,6,2025-01-11,AA,19805,AA,19805,493,11057,1105703,31057,CLT,"Charlotte, NC",12478,1247805,31703,JFK,"New York, NY",806,849.0,43.0,43.0,1.0,2.0,0800-0859,13.0,902.0,1019.0,5.0,959,1024.0,25.0,25.0,1.0,1.0,0900-0959,0.0,,0.0,0.0,0.0,0.0,0.0,25.0
304653,2025,1,12,7,2025-01-12,AA,19805,AA,19805,493,11057,1105703,31057,CLT,"Charlotte, NC",12478,1247805,31703,JFK,"New York, NY",800,755.0,-5.0,0.0,0.0,-1.0,0800-0859,19.0,814.0,930.0,6.0,953,936.0,-17.0,0.0,0.0,-2.0,0900-0959,0.0,,0.0,,,,,
304654,2025,1,13,1,2025-01-13,AA,19805,AA,19805,493,11057,1105703,31057,CLT,"Charlotte, NC",12478,1247805,31703,JFK,"New York, NY",800,755.0,-5.0,0.0,0.0,-1.0,0800-0859,14.0,809.0,924.0,10.0,953,934.0,-19.0,0.0,0.0,-2.0,0900-0959,0.0,,0.0,,,,,
304655,2025,1,14,2,2025-01-14,AA,19805,AA,19805,493,11057,1105703,31057,CLT,"Charlotte, NC",12478,1247805,31703,JFK,"New York, NY",800,757.0,-3.0,0.0,0.0,-1.0,0800-0859,13.0,810.0,921.0,8.0,953,929.0,-24.0,0.0,0.0,-2.0,0900-0959,0.0,,0.0,,,,,
304656,2025,1,15,3,2025-01-15,AA,19805,AA,19805,493,11057,1105703,31057,CLT,"Charlotte, NC",12478,1247805,31703,JFK,"New York, NY",800,758.0,-2.0,0.0,0.0,-1.0,0800-0859,22.0,820.0,937.0,5.0,953,942.0,-11.0,0.0,0.0,-1.0,0900-0959,0.0,,0.0,,,,,
304657,2025,1,16,4,2025-01-16,AA,19805,AA,19805,493,11057,1105703,31057,CLT,"Charlotte, NC",12478,1247805,31703,JFK,"New York, NY",800,755.0,-5.0,0.0,0.0,-1.0,0800-0859,12.0,807.0,926.0,10.0,953,936.0,-17.0,0.0,0.0,-2.0,0900-0959,0.0,,0.0,,,,,
304658,2025,1,17,5,2025-01-17,AA,19805,AA,19805,493,11057,1105703,31057,CLT,"Charlotte, NC",12478,1247805,31703,JFK,"New York, NY",800,801.0,1.0,1.0,0.0,0.0,0800-0859,16.0,817.0,942.0,10.0,953,952.0,-1.0,0.0,0.0,-1.0,0900-0959,0.0,,0.0,,,,,
304659,2025,1,18,6,2025-01-18,AA,19805,AA,19805,493,11057,1105703,31057,CLT,"Charlotte, NC",12478,1247805,31703,JFK,"New York, NY",806,802.0,-4.0,0.0,0.0,-1.0,0800-0859,22.0,824.0,940.0,10.0,959,950.0,-9.0,0.0,0.0,-1.0,0900-0959,0.0,,0.0,,,,,
304660,2025,1,19,7,2025-01-19,AA,19805,AA,19805,493,11057,1105703,31057,CLT,"Charlotte, NC",12478,1247805,31703,JFK,"New York, NY",800,755.0,-5.0,0.0,0.0,-1.0,0800-0859,17.0,812.0,915.0,10.0,953,925.0,-28.0,0.0,0.0,-2.0,0900-0959,0.0,,0.0,,,,,
304661,2025,1,20,1,2025-01-20,AA,19805,AA,19805,493,11057,1105703,31057,CLT,"Charlotte, NC",12478,1247805,31703,JFK,"New York, NY",800,758.0,-2.0,0.0,0.0,-1.0,0800-0859,15.0,813.0,922.0,7.0,953,929.0,-24.0,0.0,0.0,-2.0,0900-0959,0.0,,0.0,,,,,
304662,2025,1,21,2,2025-01-21,AA,19805,AA,19805,493,11057,1105703,31057,CLT,"Charlotte, NC",12478,1247805,31703,JFK,"New York, NY",800,757.0,-3.0,0.0,0.0,-1.0,0800-0859,13.0,810.0,918.0,6.0,953,924.0,-29.0,0.0,0.0,-2.0,0900-0959,0.0,,0.0,,,,,
304663,2025,1,22,3,2025-01-22,AA,19805,AA,19805,493,11057,1105703,31057,CLT,"Charlotte, NC",12478,1247805,31703,JFK,"New York, NY",800,753.0,-7.0,0.0,0.0,-1.0,0800-0859,18.0,811.0,921.0,7.0,953,928.0,-25.0,0.0,0.0,-2.0,0900-0959,0.0,,0.0,,,,,
304664,2025,1,23,4,2025-01-23,AA,19805,AA,19805,493,11057,1105703,31057,CLT,"Charlotte, NC",12478,1247805,31703,JFK,"New York, NY",800,752.0,-8.0,0.0,0.0,-1.0,0800-0859,13.0,805.0,918.0,18.0,953,936.0,-17.0,0.0,0.0,-2.0,0900-0959,0.0,,0.0,,,,,
304665,2025,1,24,5,2025-01-24,AA,19805,AA,19805,493,11057,1105703,31057,CLT,"Charlotte, NC",12478,1247805,31703,JFK,"New York, NY",800,758.0,-2.0,0.0,0.0,-1.0,0800-0859,14.0,812.0,918.0,7.0,953,925.0,-28.0,0.0,0.0,-2.0,0900-0959,0.0,,0.0,,,,,
304666,2025,1,25,6,2025-01-25,AA,19805,AA,19805,493,11057,1105703,31057,CLT,"Charlotte, NC",12478,1247805,31703,JFK,"New York, NY",806,759.0,-7.0,0.0,0.0,-1.0,0800-0859,10.0,809.0,924.0,5.0,959,929.0,-30.0,0.0,0.0,-2.0,0900-0959,0.0,,0.0,,,,,
304667,2025,1,26,7,2025-01-26,AA,19805,AA,19805,493,11057,1105703,31057,CLT,"Charlotte, NC",12478,1247805,31703,JFK,"New York, NY",800,755.0,-5.0,0.0,0.0,-1.0,0800-0859,15.0,810.0,926.0,10.0,953,936.0,-17.0,0.0,0.0,-2.0,0900-0959,0.0,,0.0,,,,,
304668,2025,1,27,1,2025-01-27,AA,19805,AA,19805,493,11057,1105703,31057,CLT,"Charlotte, NC",12478,1247805,31703,JFK,"New York, NY",800,757.0,-3.0,0.0,0.0,-1.0,0800-0859,14.0,811.0,924.0,6.0,953,930.0,-23.0,0.0,0.0,-2.0,0900-0959,0.0,,0.0,,,,,
304669,2025,1,28,2,2025-01-28,AA,19805,AA,19805,493,11057,1105703,31057,CLT,"Charlotte, NC",12478,1247805,31703,JFK,"New York, NY",800,755.0,-5.0,0.0,0.0,-1.0,0800-0859,18.0,813.0,929.0,4.0,953,933.0,-20.0,0.0,0.0,-2.0,0900-0959,0.0,,0.0,,,,,
304670,2025,1,29,3,2025-01-29,AA,19805,AA,19805,493,11057,1105703,31057,CLT,"Charlotte, NC",12478,1247805,31703,JFK,"New York, NY",800,753.0,-7.0,0.0,0.0,-1.0,0800-0859,12.0,805.0,925.0,9.0,953,934.0,-19.0,0.0,0.0,-2.0,0900-0959,0.0,,0.0,,,,,
304671,2025,1,30,4,2025-01-30,AA,19805,AA,19805,493,11057,1105703,31057,CLT,"Charlotte, NC",12478,1247805,31703,JFK,"New York, NY",800,755.0,-5.0,0.0,0.0,-1.0,0800-0859,14.0,809.0,928.0,8.0,953,936.0,-17.0,0.0,0.0,-2.0,0900-0959,0.0,,0.0,,,,,
304672,2025,1,31,5,2025-01-31,AA,19805,AA,19805,493,11057,1105703,31057,CLT,"Charlotte, NC",12478,1247805,31703,JFK,"New York, NY",800,756.0,-4.0,0.0,0.0,-1.0,0800-0859,31.0,827.0,943.0,15.0,953,958.0,5.0,5.0,0.0,0.0,0900-0959,0.0,,0.0,,,,,
305187,2025,1,2,4,2025-01-02,AA,19805,AA,19805,522,11057,1105703,31057,CLT,"Charlotte, NC",11298,1129806,30194,DFW,"Dallas/Fort Worth, TX",2237,2255.0,18.0,18.0,1.0,1.0,2200-2259,14.0,2309.0,43.0,9.0,41,52.0,11.0,11.0,0.0,0.0,0001-0559,0.0,,0.0,,,,,
305188,2025,1,3,5,2025-01-03,AA,19805,AA,19805,522,11057,1105703,31057,CLT,"Charlotte, NC",11298,1129806,30194,DFW,"Dallas/Fort Worth, TX",2237,2236.0,-1.0,0.0,0.0,-1.0,2200-2259,14.0,2250.0,10.0,6.0,41,16.0,-25.0,0.0,0.0,-2.0,0001-0559,0.0,,0.0,,,,,
305189,2025,1,4,6,2025-01-04,AA,19805,AA,19805,522,11057,1105703,31057,CLT,"Charlotte, NC",11298,1129806,30194,DFW,"Dallas/Fort Worth, TX",2237,2246.0,9.0,9.0,0.0,0.0,2200-2259,16.0,2302.0,24.0,6.0,41,30.0,-11.0,0.0,0.0,-1.0,0001-0559,0.0,,0.0,,,,,
305190,2025,1,5,7,2025-01-05,AA,19805,AA,19805,522,11057,1105703,31057,CLT,"Charlotte, NC",11298,1129806,30194,DFW,"Dallas/Fort Worth, TX",2237,2352.0,75.0,75.0,1.0,5.0,2200-2259,15.0,7.0,141.0,5.0,41,146.0,65.0,65.0,1.0,4.0,0001-0559,0.0,,0.0,46.0,0.0,0.0,0.0,19.0
305191,2025,1,6,1,2025-01-06,AA,19805,AA,19805,522,11057,1105703,31057,CLT,"Charlotte, NC",11298,1129806,30194,DFW,"Dallas/Fort Worth, TX",2237,2239.0,2.0,2.0,0.0,0.0,2200-2259,40.0,2319.0,48.0,7.0,41,55.0,14.0,14.0,0.0,0.0,0001-0559,0.0,,0.0,,,,,
305192,2025,1,7,2,2025-01-07,AA,19805,AA,19805,522,11057,1105703,31057,CLT,"Charlotte, NC",11298,1129806,30194,DFW,"Dallas/Fort Worth, TX",2252,2240.0,-12.0,0.0,0.0,-1.0,2200-2259,14.0,2254.0,27.0,8.0,52,35.0,-17.0,0.0,0.0,-2.0,0001-0559,0.0,,0.0,,,,,
305193,2025,1,8,3,2025-01-08,AA,19805,AA,19805,522,11057,1105703,31057,CLT,"Charlotte, NC",11298,1129806,30194,DFW,"Dallas/Fort Worth, TX",2252,,,,,,2200-2259,,,,,52,,,,,,0001-0559,1.0,B,0.0,,,,,
305194,2025,1,9,4,2025-01-09,AA,19805,AA,19805,522,11057,1105703,31057,CLT,"Charlotte, NC",11298,1129806,30194,DFW,"Dallas/Fort Worth, TX",2252,,,,,,2200-2259,,,,,52,,,,,,0001-0559,1.0,B,0.0,,,,,
305195,2025,1,10,5,2025-01-10,AA,19805,AA,19805,522,11057,1105703,31057,CLT,"Charlotte, NC",11298,1129806,30194,DFW,"Dallas/Fort Worth, TX",2252,,,,,,2200-2259,,,,,52,,,,,,0001-0559,1.0,B,0.0,,,,,
305196,2025,1,11,6,2025-01-11,AA,19805,AA,19805,522,11057,1105703,31057,CLT,"Charlotte, NC",11298,1129806,30194,DFW,"Dallas/Fort Worth, TX",2252,2252.0,0.0,0.0,0.0,0.0,2200-2259,13.0,2305.0,17.0,7.0,52,24.0,-28.0,0.0,0.0,-2.0,0001-0559,0.0,,0.0,,,,,
305197,2025,1,12,7,2025-01-12,AA,19805,AA,19805,522,11057,1105703,31057,CLT,"Charlotte, NC",11298,1129806,30194,DFW,"Dallas/Fort Worth, TX",2252,2248.0,-4.0,0.0,0.0,-1.0,2200-2259,17.0,2305.0,35.0,6.0,52,41.0,-11.0,0.0,0.0,-1.0,0001-0559,0.0,,0.0,,,,,
305198,2025,1,13,1,2025-01-13,AA,19805,AA,19805,522,11057,1105703,31057,CLT,"Charlotte, NC",11298,1129806,30194,DFW,"Dallas/Fort Worth, TX",2252,2245.0,-7.0,0.0,0.0,-1.0,2200-2259,14.0,2259.0,26.0,6.0,52,32.0,-20.0,0.0,0.0,-2.0,0001-0559,0.0,,0.0,,,,,
305199,2025,1,14,2,2025-01-14,AA,19805,AA,19805,522,11057,1105703,31057,CLT,"Charlotte, NC",11298,1129806,30194,DFW,"Dallas/Fort Worth, TX",2252,2304.0,12.0,12.0,0.0,0.0,2200-2259,27.0,2331.0,124.0,11.0,52,135.0,43.0,43.0,1.0,2.0,0001-0559,0.0,,0.0,12.0,0.0,31.0,0.0,0.0
305200,2025,1,15,3,2025-01-15,AA,19805,AA,19805,522,11057,1105703,31057,CLT,"Charlotte, NC",11298,1129806,30194,DFW,"Dallas/Fort Worth, TX",2252,2243.0,-9.0,0.0,0.0,-1.0,2200-2259,15.0,2258.0,27.0,5.0,52,32.0,-20.0,0.0,0.0,-2.0,0001-0559,0.0,,0.0,,,,,
305201,2025,1,16,4,2025-01-16,AA,19805,AA,19805,522,11057,1105703,31057,CLT,"Charlotte, NC",11298,1129806,30194,DFW,"Dallas/Fort Worth, TX",2252,2305.0,13.0,13.0,0.0,0.0,2200-2259,26.0,2331.0,48.0,14.0,52,102.0,10.0,10.0,0.0,0.0,0001-0559,0.0,,0.0,,,,,
305202,2025,1,17,5,2025-01-17,AA,19805,AA,19805,522,11057,1105703,31057,CLT,"Charlotte, NC",11298,1129806,30194,DFW,"Dallas/Fort Worth, TX",2252,2246.0,-6.0,0.0,0.0,-1.0,2200-2259,17.0,2303.0,52.0,8.0,52,100.0,8.0,8.0,0.0,0.0,0001-0559,0.0,,0.0,,,,,
305203,2025,1,18,6,2025-01-18,AA,19805,AA,19805,522,11057,1105703,31057,CLT,"Charlotte, NC",11298,1129806,30194,DFW,"Dallas/Fort Worth, TX",2252,2239.0,-13.0,0.0,0.0,-1.0,2200-2259,13.0,2252.0,22.0,5.0,52,27.0,-25.0,0.0,0.0,-2.0,0001-0559,0.0,,0.0,,,,,
305204,2025,1,19,7,2025-01-19,AA,19805,AA,19805,522,11057,1105703,31057,CLT,"Charlotte, NC",11298,1129806,30194,DFW,"Dallas/Fort Worth, TX",2252,2247.0,-5.0,0.0,0.0,-1.0,2200-2259,14.0,2301.0,38.0,7.0,52,45.0,-7.0,0.0,0.0,-1.0,0001-0559,0.0,,0.0,,,,,
305205,2025,1,20,1,2025-01-20,AA,19805,AA,19805,522,11057,1105703,31057,CLT,"Charlotte, NC",11298,1129806,30194,DFW,"Dallas/Fort Worth, TX",2252,2252.0,0.0,0.0,0.0,0.0,2200-2259,17.0,2309.0,36.0,6.0,52,42.0,-10.0,0.0,0.0,-1.0,0001-0559,0.0,,0.0,,,,,
305206,2025,1,21,2,2025-01-21,AA,19805,AA,19805,522,11057,1105703,31057,CLT,"Charlotte, NC",11298,1129806,30194,DFW,"Dallas/Fort Worth, TX",2252,2333.0,41.0,41.0,1.0,2.0,2200-2259,43.0,16.0,142.0,5.0,52,147.0,55.0,55.0,1.0,3.0,0001-0559,0.0,,0.0,0.0,37.0,14.0,0.0,4.0
305207,2025,1,22,3,2025-01-22,AA,19805,AA,19805,522,11057,1105703,31057,CLT,"Charlotte, NC",11298,1129806,30194,DFW,"Dallas/Fort Worth, TX",2252,2248.0,-4.0,0.0,0.0,-1.0,2200-2259,13.0,2301.0,27.0,4.0,52,31.0,-21.0,0.0,0.0,-2.0,0001-0559,0.0,,0.0,,,,,
305208,2025,1,23,4,2025-01-23,AA,19805,AA,19805,522,11057,1105703,31057,CLT,"Charlotte, NC",11298,1129806,30194,DFW,"Dallas/Fort Worth, TX",2252,2243.0,-9.0,0.0,0.0,-1.0,2200-2259,17.0,2300.0,34.0,11.0,52,45.0,-7.0,0.0,0.0,-1.0,0001-0559,0.0,,0.0,,,,,
305209,2025,1,24,5,2025-01-24,AA,19805,AA,19805,522,11057,1105703,31057,CLT,"Charlotte, NC",11298,1129806,30194,DFW,"Dallas/Fort Worth, TX",2252,2338.0,46.0,46.0,1.0,3.0,2200-2259,16.0,2354.0,133.0,12.0,52,145.0,53.0,53.0,1.0,3.0,0001-0559,0.0,,0.0,46.0,0.0,7.0,0.0,0.0
305210,2025,1,25,6,2025-01-25,AA,19805,AA,19805,522,11057,1105703,31057,CLT,"Charlotte, NC",11298,1129806,30194,DFW,"Dallas/Fort Worth, TX",2252,2252.0,0.0,0.0,0.0,0.0,2200-2259,14.0,2306.0,26.0,6.0,52,32.0,-20.0,0.0,0.0,-2.0,0001-0559,0.0,,0.0,,,,,
305211,2025,1,26,7,2025-01-26,AA,19805,AA,19805,522,11057,1105703,31057,CLT,"Charlotte, NC",11298,1129806,30194,DFW,"Dallas/Fort Worth, TX",2252,2255.0,3.0,3.0,0.0,0.0,2200-2259,18.0,2313.0,109.0,7.0,52,116.0,24.0,24.0,1.0,1.0,0001-0559,0.0,,0.0,3.0,0.0,21.0,0.0,0.0
305212,2025,1,27,1,2025-01-27,AA,19805,AA,19805,522,11057,1105703,31057,CLT,"Charlotte, NC",11298,1129806,30194,DFW,"Dallas/Fort Worth, TX",2252,2247.0,-5.0,0.0,0.0,-1.0,2200-2259,16.0,2303.0,24.0,8.0,52,32.0,-20.0,0.0,0.0,-2.0,0001-0559,0.0,,0.0,,,,,
305213,2025,1,28,2,2025-01-28,AA,19805,AA,19805,522,11057,1105703,31057,CLT,"Charlotte, NC",11298,1129806,30194,DFW,"Dallas/Fort Worth, TX",2252,2237.0,-15.0,0.0,0.0,-1.0,2200-2259,16.0,2253.0,9.0,10.0,52,19.0,-33.0,0.0,0.0,-2.0,0001-0559,0.0,,0.0,,,,,
305214,2025,1,29,3,2025-01-29,AA,19805,AA,19805,522,11057,1105703,31057,CLT,"Charlotte, NC",11298,1129806,30194,DFW,"Dallas/Fort Worth, TX",2252,,,,,,2200-2259,,,,,52,,,,,,0001-0559,1.0,B,0.0,,,,,
305215,2025,1,30,4,2025-01-30,AA,19805,AA,19805,522,11057,1105703,31057,CLT,"Charlotte, NC",11298,1129806,30194,DFW,"Dallas/Fort Worth, TX",2252,2251.0,-1.0,0.0,0.0,-1.0,2200-2259,37.0,2328.0,132.0,10.0,52,142.0,50.0,50.0,1.0,3.0,0001-0559,0.0,,0.0,0.0,0.0,50.0,0.0,0.0
305216,2025,1,31,5,2025-01-31,AA,19805,AA,19805,522,11057,1105703,31057,CLT,"Charlotte, NC",11298,1129806,30194,DFW,"Dallas/Fort Worth, TX",2252,2249.0,-3.0,0.0,0.0,-1.0,2200-2259,13.0,2302.0,35.0,8.0,52,43.0,-9.0,0.0,0.0,-1.0,0001-0559,0.0,,0.0,,,,,
307522,2025,1,7,2,2025-01-07,AA,19805,AA,19805,1636,11057,1105703,31057,CLT,"Charlotte, NC",11292,1129202,30325,DEN,"Denver, CO",1135,1137.0,2.0,2.0,0.0,0.0,1100-1159,47.0,1224.0,1347.0,8.0,1335,1355.0,20.0,20.0,1.0,1.0,1300-1359,0.0,,0.0,2.0,0.0,18.0,0.0,0.0
307523,2025,1,8,3,2025-01-08,AA,19805,AA,19805,1636,11057,1105703,31057,CLT,"Charlotte, NC",11292,1129202,30325,DEN,"Denver, CO",1135,1132.0,-3.0,0.0,0.0,-1.0,1100-1159,20.0,1152.0,1312.0,9.0,1335,1321.0,-14.0,0.0,0.0,-1.0,1300-1359,0.0,,0.0,,,,,
307524,2025,1,9,4,2025-01-09,AA,19805,AA,19805,1636,11057,1105703,31057,CLT,"Charlotte, NC",11292,1129202,30325,DEN,"Denver, CO",1135,1133.0,-2.0,0.0,0.0,-1.0,1100-1159,27.0,1200.0,1320.0,12.0,1335,1332.0,-3.0,0.0,0.0,-1.0,1300-1359,0.0,,0.0,,,,,
307525,2025,1,10,5,2025-01-10,AA,19805,AA,19805,1636,11057,1105703,31057,CLT,"Charlotte, NC",11292,1129202,30325,DEN,"Denver, CO",1135,1146.0,11.0,11.0,0.0,0.0,1100-1159,12.0,1158.0,1312.0,9.0,1335,1321.0,-14.0,0.0,0.0,-1.0,1300-1359,0.0,,0.0,,,,,
307526,2025,1,11,6,2025-01-11,AA,19805,AA,19805,1636,11057,1105703,31057,CLT,"Charlotte, NC",11292,1129202,30325,DEN,"Denver, CO",1135,1149.0,14.0,14.0,0.0,0.0,1100-1159,14.0,1203.0,1318.0,9.0,1335,1327.0,-8.0,0.0,0.0,-1.0,1300-1359,0.0,,0.0,,,,,
307527,2025,1,12,7,2025-01-12,AA,19805,AA,19805,1636,11057,1105703,31057,CLT,"Charlotte, NC",11292,1129202,30325,DEN,"Denver, CO",1135,1131.0,-4.0,0.0,0.0,-1.0,1100-1159,25.0,1156.0,1314.0,6.0,1335,1320.0,-15.0,0.0,0.0,-1.0,1300-1359,0.0,,0.0,,,,,
307528,2025,1,13,1,2025-01-13,AA,19805,AA,19805,1636,11057,1105703,31057,CLT,"Charlotte, NC",11292,1129202,30325,DEN,"Denver, CO",1135,1133.0,-2.0,0.0,0.0,-1.0,1100-1159,23.0,1156.0,1312.0,9.0,1335,1321.0,-14.0,0.0,0.0,-1.0,1300-1359,0.0,,0.0,,,,,
307529,2025,1,14,2,2025-01-14,AA,19805,AA,19805,1636,11057,1105703,31057,CLT,"Charlotte, NC",11292,1129202,30325,DEN,"Denver, CO",1135,1133.0,-2.0,0.0,0.0,-1.0,1100-1159,20.0,1153.0,1325.0,11.0,1335,1336.0,1.0,1.0,0.0,0.0,1300-1359,0.0,,0.0,,,,,
307530,2025,1,15,3,2025-01-15,AA,19805,AA,19805,1636,11057,1105703,31057,CLT,"Charlotte, NC",11292,1129202,30325,DEN,"Denver, CO",1135,1134.0,-1.0,0.0,0.0,-1.0,1100-1159,12.0,1146.0,1255.0,8.0,1335,1303.0,-32.0,0.0,0.0,-2.0,1300-1359,0.0,,0.0,,,,,
307531,2025,1,16,4,2025-01-16,AA,19805,AA,19805,1636,11057,1105703,31057,CLT,"Charlotte, NC",11292,1129202,30325,DEN,"Denver, CO",1135,1131.0,-4.0,0.0,0.0,-1.0,1100-1159,20.0,1151.0,1301.0,5.0,1335,1306.0,-29.0,0.0,0.0,-2.0,1300-1359,0.0,,0.0,,,,,
307532,2025,1,17,5,2025-01-17,AA,19805,AA,19805,1636,11057,1105703,31057,CLT,"Charlotte, NC",11292,1129202,30325,DEN,"Denver, CO",1135,1131.0,-4.0,0.0,0.0,-1.0,1100-1159,40.0,1211.0,1316.0,9.0,1335,1325.0,-10.0,0.0,0.0,-1.0,1300-1359,0.0,,0.0,,,,,
307533,2025,1,18,6,2025-01-18,AA,19805,AA,19805,1636,11057,1105703,31057,CLT,"Charlotte, NC",11292,1129202,30325,DEN,"Denver, CO",930,930.0,0.0,0.0,0.0,0.0,0900-0959,20.0,950.0,1113.0,10.0,1128,1123.0,-5.0,0.0,0.0,-1.0,1100-1159,0.0,,0.0,,,,,
307534,2025,1,19,7,2025-01-19,AA,19805,AA,19805,1636,11057,1105703,31057,CLT,"Charlotte, NC",11292,1129202,30325,DEN,"Denver, CO",1135,1129.0,-6.0,0.0,0.0,-1.0,1100-1159,24.0,1153.0,1319.0,9.0,1335,1328.0,-7.0,0.0,0.0,-1.0,1300-1359,0.0,,0.0,,,,,
307535,2025,1,20,1,2025-01-20,AA,19805,AA,19805,1636,11057,1105703,31057,CLT,"Charlotte, NC",11292,1129202,30325,DEN,"Denver, CO",1135,1151.0,16.0,16.0,1.0,1.0,1100-1159,14.0,1205.0,1341.0,10.0,1335,1351.0,16.0,16.0,1.0,1.0,1300-1359,0.0,,0.0,16.0,0.0,0.0,0.0,0.0
307536,2025,1,21,2,2025-01-21,AA,19805,AA,19805,1636,11057,1105703,31057,CLT,"Charlotte, NC",11292,1129202,30325,DEN,"Denver, CO",1135,1137.0,2.0,2.0,0.0,0.0,1100-1159,15.0,1152.0,1310.0,10.0,1335,1320.0,-15.0,0.0,0.0,-1.0,1300-1359,0.0,,0.0,,,,,
307537,2025,1,22,3,2025-01-22,AA,19805,AA,19805,1636,11057,1105703,31057,CLT,"Charlotte, NC",11292,1129202,30325,DEN,"Denver, CO",1135,1147.0,12.0,12.0,0.0,0.0,1100-1159,8.0,1155.0,1309.0,10.0,1335,1319.0,-16.0,0.0,0.0,-2.0,1300-1359,0.0,,0.0,,,,,
307538,2025,1,23,4,2025-01-23,AA,19805,AA,19805,1636,11057,1105703,31057,CLT,"Charlotte, NC",11292,1129202,30325,DEN,"Denver, CO",1135,1145.0,10.0,10.0,0.0,0.0,1100-1159,20.0,1205.0,1313.0,9.0,1335,1322.0,-13.0,0.0,0.0,-1.0,1300-1359,0.0,,0.0,,,,,
307539,2025,1,24,5,2025-01-24,AA,19805,AA,19805,1636,11057,1105703,31057,CLT,"Charlotte, NC",11292,1129202,30325,DEN,"Denver, CO",1135,1138.0,3.0,3.0,0.0,0.0,1100-1159,14.0,1152.0,1314.0,7.0,1335,1321.0,-14.0,0.0,0.0,-1.0,1300-1359,0.0,,0.0,,,,,
307540,2025,1,25,6,2025-01-25,AA,19805,AA,19805,1636,11057,1105703,31057,CLT,"Charlotte, NC",11292,1129202,30325,DEN,"Denver, CO",1135,1131.0,-4.0,0.0,0.0,-1.0,1100-1159,13.0,1144.0,1303.0,9.0,1335,1312.0,-23.0,0.0,0.0,-2.0,1300-1359,0.0,,0.0,,,,,
307541,2025,1,26,7,2025-01-26,AA,19805,AA,19805,1636,11057,1105703,31057,CLT,"Charlotte, NC",11292,1129202,30325,DEN,"Denver, CO",1135,1129.0,-6.0,0.0,0.0,-1.0,1100-1159,19.0,1148.0,1322.0,8.0,1335,1330.0,-5.0,0.0,0.0,-1.0,1300-1359,0.0,,0.0,,,,,
307542,2025,1,27,1,2025-01-27,AA,19805,AA,19805,1636,11057,1105703,31057,CLT,"Charlotte, NC",11292,1129202,30325,DEN,"Denver, CO",1135,1136.0,1.0,1.0,0.0,0.0,1100-1159,26.0,1202.0,1304.0,8.0,1335,1312.0,-23.0,0.0,0.0,-2.0,1300-1359,0.0,,0.0,,,,,
307543,2025,1,28,2,2025-01-28,AA,19805,AA,19805,1636,11057,1105703,31057,CLT,"Charlotte, NC",11292,1129202,30325,DEN,"Denver, CO",1135,1131.0,-4.0,0.0,0.0,-1.0,1100-1159,13.0,1144.0,1246.0,11.0,1335,1257.0,-38.0,0.0,0.0,-2.0,1300-1359,0.0,,0.0,,,,,
307544,2025,1,29,3,2025-01-29,AA,19805,AA,19805,1636,11057,1105703,31057,CLT,"Charlotte, NC",11292,1129202,30325,DEN,"Denver, CO",1135,1149.0,14.0,14.0,0.0,0.0,1100-1159,18.0,1207.0,1321.0,9.0,1335,1330.0,-5.0,0.0,0.0,-1.0,1300-1359,0.0,,0.0,,,,,
307545,2025,1,30,4,2025-01-30,AA,19805,AA,19805,1636,11057,1105703,31057,CLT,"Charlotte, NC",11292,1129202,30325,DEN,"Denver, CO",1135,1144.0,9.0,9.0,0.0,0.0,1100-1159,21.0,1205.0,1317.0,8.0,1335,1325.0,-10.0,0.0,0.0,-1.0,1300-1359,0.0,,0.0,,,,,
307546,2025,1,31,5,2025-01-31,AA,19805,AA,19805,1636,11057,1105703,31057,CLT,"Charlotte, NC",11292,1129202,30325,DEN,"Denver, CO",1135,1138.0,3.0,3.0,0.0,0.0,1100-1159,27.0,1205.0,1315.0,8.0,1335,1323.0,-12.0,0.0,0.0,-1.0,1300-1359,0.0,,0.0,,,,,
308367,2025,1,2,4,2025-01-02,AA,19805,AA,19805,1668,11057,1105703,31057,CLT,"Charlotte, NC",13930,1393008,30977,ORD,"Chicago, IL",940,938.0,-2.0,0.0,0.0,-1.0,0900-0959,22.0,1000.0,1033.0,7.0,1101,1040.0,-21.0,0.0,0.0,-2.0,1100-1159,0.0,,0.0,,,,,
308368,2025,1,3,5,2025-01-03,AA,19805,AA,19805,1668,11057,1105703,31057,CLT,"Charlotte, NC",13930,1393008,30977,ORD,"Chicago, IL",940,939.0,-1.0,0.0,0.0,-1.0,0900-0959,31.0,1010.0,1046.0,9.0,1101,1055.0,-6.0,0.0,0.0,-1.0,1100-1159,0.0,,0.0,,,,,
308369,2025,1,4,6,2025-01-04,AA,19805,AA,19805,1668,11057,1105703,31057,CLT,"Charlotte, NC",13930,1393008,30977,ORD,"Chicago, IL",940,937.0,-3.0,0.0,0.0,-1.0,0900-0959,15.0,952.0,1029.0,7.0,1101,1036.0,-25.0,0.0,0.0,-2.0,1100-1159,0.0,,0.0,,,,,
308370,2025,1,5,7,2025-01-05,AA,19805,AA,19805,1668,11057,1105703,31057,CLT,"Charlotte, NC",13930,1393008,30977,ORD,"Chicago, IL",940,947.0,7.0,7.0,0.0,0.0,0900-0959,33.0,1020.0,1056.0,15.0,1101,1111.0,10.0,10.0,0.0,0.0,1100-1159,0.0,,0.0,,,,,
308371,2025,1,6,1,2025-01-06,AA,19805,AA,19805,1668,11057,1105703,31057,CLT,"Charlotte, NC",13930,1393008,30977,ORD,"Chicago, IL",940,951.0,11.0,11.0,0.0,0.0,0900-0959,18.0,1009.0,1045.0,16.0,1101,1101.0,0.0,0.0,0.0,0.0,1100-1159,0.0,,0.0,,,,,
308372,2025,1,7,2,2025-01-07,AA,19805,AA,19805,1668,11057,1105703,31057,CLT,"Charlotte, NC",13930,1393008,30977,ORD,"Chicago, IL",920,918.0,-2.0,0.0,0.0,-1.0,0900-0959,21.0,939.0,1013.0,11.0,1038,1024.0,-14.0,0.0,0.0,-1.0,1000-1059,0.0,,0.0,,,,,
308373,2025,1,8,3,2025-01-08,AA,19805,AA,19805,1668,11057,1105703,31057,CLT,"Charlotte, NC",13930,1393008,30977,ORD,"Chicago, IL",920,911.0,-9.0,0.0,0.0,-1.0,0900-0959,18.0,929.0,1001.0,60.0,1038,1101.0,23.0,23.0,1.0,1.0,1000-1059,0.0,,0.0,0.0,0.0,23.0,0.0,0.0
308374,2025,1,9,4,2025-01-09,AA,19805,AA,19805,1668,11057,1105703,31057,CLT,"Charlotte, NC",13930,1393008,30977,ORD,"Chicago, IL",920,909.0,-11.0,0.0,0.0,-1.0,0900-0959,22.0,931.0,1003.0,16.0,1038,1019.0,-19.0,0.0,0.0,-2.0,1000-1059,0.0,,0.0,,,,,
308375,2025,1,10,5,2025-01-10,AA,19805,AA,19805,1668,11057,1105703,31057,CLT,"Charlotte, NC",13930,1393008,30977,ORD,"Chicago, IL",920,1314.0,234.0,234.0,1.0,12.0,0900-0959,14.0,1328.0,1404.0,20.0,1038,1424.0,226.0,226.0,1.0,12.0,1000-1059,0.0,,0.0,3.0,0.0,0.0,0.0,223.0
308376,2025,1,11,6,2025-01-11,AA,19805,AA,19805,1668,11057,1105703,31057,CLT,"Charlotte, NC",13930,1393008,30977,ORD,"Chicago, IL",915,,,,,,0900-0959,,,,,1024,,,,,,1000-1059,1.0,B,0.0,,,,,
308377,2025,1,12,7,2025-01-12,AA,19805,AA,19805,1668,11057,1105703,31057,CLT,"Charlotte, NC",13930,1393008,30977,ORD,"Chicago, IL",920,915.0,-5.0,0.0,0.0,-1.0,0900-0959,24.0,939.0,1012.0,17.0,1038,1029.0,-9.0,0.0,0.0,-1.0,1000-1059,0.0,,0.0,,,,,
308378,2025,1,13,1,2025-01-13,AA,19805,AA,19805,1668,11057,1105703,31057,CLT,"Charlotte, NC",13930,1393008,30977,ORD,"Chicago, IL",920,915.0,-5.0,0.0,0.0,-1.0,0900-0959,16.0,931.0,1013.0,9.0,1038,1022.0,-16.0,0.0,0.0,-2.0,1000-1059,0.0,,0.0,,,,,
308379,2025,1,14,2,2025-01-14,AA,19805,AA,19805,1668,11057,1105703,31057,CLT,"Charlotte, NC",13930,1393008,30977,ORD,"Chicago, IL",920,912.0,-8.0,0.0,0.0,-1.0,0900-0959,21.0,933.0,1013.0,18.0,1038,1031.0,-7.0,0.0,0.0,-1.0,1000-1059,0.0,,0.0,,,,,
308380,2025,1,15,3,2025-01-15,AA,19805,AA,19805,1668,11057,1105703,31057,CLT,"Charlotte, NC",13930,1393008,30977,ORD,"Chicago, IL",920,914.0,-6.0,0.0,0.0,-1.0,0900-0959,18.0,932.0,1005.0,7.0,1038,1012.0,-26.0,0.0,0.0,-2.0,1000-1059,0.0,,0.0,,,,,
308381,2025,1,16,4,2025-01-16,AA,19805,AA,19805,1668,11057,1105703,31057,CLT,"Charlotte, NC",13930,1393008,30977,ORD,"Chicago, IL",920,917.0,-3.0,0.0,0.0,-1.0,0900-0959,14.0,931.0,1011.0,11.0,1038,1022.0,-16.0,0.0,0.0,-2.0,1000-1059,0.0,,0.0,,,,,
308382,2025,1,17,5,2025-01-17,AA,19805,AA,19805,1668,11057,1105703,31057,CLT,"Charlotte, NC",13930,1393008,30977,ORD,"Chicago, IL",920,916.0,-4.0,0.0,0.0,-1.0,0900-0959,16.0,932.0,1002.0,11.0,1038,1013.0,-25.0,0.0,0.0,-2.0,1000-1059,0.0,,0.0,,,,,
308383,2025,1,18,6,2025-01-18,AA,19805,AA,19805,1668,11057,1105703,31057,CLT,"Charlotte, NC",13930,1393008,30977,ORD,"Chicago, IL",915,906.0,-9.0,0.0,0.0,-1.0,0900-0959,18.0,924.0,953.0,11.0,1024,1004.0,-20.0,0.0,0.0,-2.0,1000-1059,0.0,,0.0,,,,,
308384,2025,1,19,7,2025-01-19,AA,19805,AA,19805,1668,11057,1105703,31057,CLT,"Charlotte, NC",13930,1393008,30977,ORD,"Chicago, IL",920,917.0,-3.0,0.0,0.0,-1.0,0900-0959,20.0,937.0,1003.0,12.0,1038,1015.0,-23.0,0.0,0.0,-2.0,1000-1059,0.0,,0.0,,,,,
308385,2025,1,20,1,2025-01-20,AA,19805,AA,19805,1668,11057,1105703,31057,CLT,"Charlotte, NC",13930,1393008,30977,ORD,"Chicago, IL",920,918.0,-2.0,0.0,0.0,-1.0,0900-0959,17.0,935.0,1005.0,8.0,1038,1013.0,-25.0,0.0,0.0,-2.0,1000-1059,0.0,,0.0,,,,,
308386,2025,1,21,2,2025-01-21,AA,19805,AA,19805,1668,11057,1105703,31057,CLT,"Charlotte, NC",13930,1393008,30977,ORD,"Chicago, IL",920,1000.0,40.0,40.0,1.0,2.0,0900-0959,18.0,1018.0,1051.0,10.0,1038,1101.0,23.0,23.0,1.0,1.0,1000-1059,0.0,,0.0,23.0,0.0,0.0,0.0,0.0
308387,2025,1,22,3,2025-01-22,AA,19805,AA,19805,1668,11057,1105703,31057,CLT,"Charlotte, NC",13930,1393008,30977,ORD,"Chicago, IL",920,,,,,,0900-0959,,,,,1038,,,,,,1000-1059,1.0,B,0.0,,,,,
308388,2025,1,23,4,2025-01-23,AA,19805,AA,19805,1668,11057,1105703,31057,CLT,"Charlotte, NC",13930,1393008,30977,ORD,"Chicago, IL",920,910.0,-10.0,0.0,0.0,-1.0,0900-0959,34.0,944.0,1016.0,10.0,1038,1026.0,-12.0,0.0,0.0,-1.0,1000-1059,0.0,,0.0,,,,,
308389,2025,1,24,5,2025-01-24,AA,19805,AA,19805,1668,11057,1105703,31057,CLT,"Charlotte, NC",13930,1393008,30977,ORD,"Chicago, IL",920,916.0,-4.0,0.0,0.0,-1.0,0900-0959,19.0,935.0,1005.0,15.0,1038,1020.0,-18.0,0.0,0.0,-2.0,1000-1059,0.0,,0.0,,,,,
308390,2025,1,25,6,2025-01-25,AA,19805,AA,19805,1668,11057,1105703,31057,CLT,"Charlotte, NC",13930,1393008,30977,ORD,"Chicago, IL",915,907.0,-8.0,0.0,0.0,-1.0,0900-0959,21.0,928.0,1003.0,7.0,1024,1010.0,-14.0,0.0,0.0,-1.0,1000-1059,0.0,,0.0,,,,,
308391,2025,1,26,7,2025-01-26,AA,19805,AA,19805,1668,11057,1105703,31057,CLT,"Charlotte, NC",13930,1393008,30977,ORD,"Chicago, IL",920,918.0,-2.0,0.0,0.0,-1.0,0900-0959,19.0,937.0,1009.0,10.0,1038,1019.0,-19.0,0.0,0.0,-2.0,1000-1059,0.0,,0.0,,,,,
308392,2025,1,27,1,2025-01-27,AA,19805,AA,19805,1668,11057,1105703,31057,CLT,"Charlotte, NC",13930,1393008,30977,ORD,"Chicago, IL",920,924.0,4.0,4.0,0.0,0.0,0900-0959,19.0,943.0,1016.0,10.0,1038,1026.0,-12.0,0.0,0.0,-1.0,1000-1059,0.0,,0.0,,,,,
308393,2025,1,28,2,2025-01-28,AA,19805,AA,19805,1668,11057,1105703,31057,CLT,"Charlotte, NC",13930,1393008,30977,ORD,"Chicago, IL",920,916.0,-4.0,0.0,0.0,-1.0,0900-0959,20.0,936.0,1010.0,10.0,1038,1020.0,-18.0,0.0,0.0,-2.0,1000-1059,0.0,,0.0,,,,,
308394,2025,1,29,3,2025-01-29,AA,19805,AA,19805,1668,11057,1105703,31057,CLT,"Charlotte, NC",13930,1393008,30977,ORD,"Chicago, IL",920,918.0,-2.0,0.0,0.0,-1.0,0900-0959,30.0,948.0,1029.0,11.0,1038,1040.0,2.0,2.0,0.0,0.0,1000-1059,0.0,,0.0,,,,,
308395,2025,1,30,4,2025-01-30,AA,19805,AA,19805,1668,11057,1105703,31057,CLT,"Charlotte, NC",13930,1393008,30977,ORD,"Chicago, IL",920,909.0,-11.0,0.0,0.0,-1.0,0900-0959,19.0,928.0,958.0,8.0,1038,1006.0,-32.0,0.0,0.0,-2.0,1000-1059,0.0,,0.0,,,,,
308396,2025,1,31,5,2025-01-31,AA,19805,AA,19805,1668,11057,1105703,31057,CLT,"Charlotte, NC",13930,1393008,30977,ORD,"Chicago, IL",920,916.0,-4.0,0.0,0.0,-1.0,0900-0959,30.0,946.0,1019.0,30.0,1038,1049.0,11.0,11.0,0.0,0.0,1000-1059,0.0,,0.0,,,,,
309113,2025,1,1,3,2025-01-01,AA,19805,AA,19805,1695,11057,1105703,31057,CLT,"Charlotte, NC",11298,1129806,30194,DFW,"Dallas/Fort Worth, TX",920,928.0,8.0,8.0,0.0,0.0,0900-0959,21.0,949.0,1127.0,14.0,1137,1141.0,4.0,4.0,0.0,0.0,1100-1159,0.0,,0.0,,,,,
309114,2025,1,2,4,2025-01-02,AA,19805,AA,19805,1695,11057,1105703,31057,CLT,"Charlotte, NC",11298,1129806,30194,DFW,"Dallas/Fort Worth, TX",920,916.0,-4.0,0.0,0.0,-1.0,0900-0959,14.0,930.0,1104.0,10.0,1137,1114.0,-23.0,0.0,0.0,-2.0,1100-1159,0.0,,0.0,,,,,
309115,2025,1,3,5,2025-01-03,AA,19805,AA,19805,1695,11057,1105703,31057,CLT,"Charlotte, NC",11298,1129806,30194,DFW,"Dallas/Fort Worth, TX",920,942.0,22.0,22.0,1.0,1.0,0900-0959,31.0,1013.0,1128.0,9.0,1137,1137.0,0.0,0.0,0.0,0.0,1100-1159,0.0,,0.0,,,,,
309116,2025,1,4,6,2025-01-04,AA,19805,AA,19805,1695,11057,1105703,31057,CLT,"Charlotte, NC",11298,1129806,30194,DFW,"Dallas/Fort Worth, TX",923,920.0,-3.0,0.0,0.0,-1.0,0900-0959,18.0,938.0,1104.0,12.0,1139,1116.0,-23.0,0.0,0.0,-2.0,1100-1159,0.0,,0.0,,,,,
309117,2025,1,5,7,2025-01-05,AA,19805,AA,19805,1695,11057,1105703,31057,CLT,"Charlotte, NC",11298,1129806,30194,DFW,"Dallas/Fort Worth, TX",920,918.0,-2.0,0.0,0.0,-1.0,0900-0959,22.0,940.0,1142.0,16.0,1137,1158.0,21.0,21.0,1.0,1.0,1100-1159,0.0,,0.0,0.0,0.0,21.0,0.0,0.0
309118,2025,1,6,1,2025-01-06,AA,19805,AA,19805,1695,11057,1105703,31057,CLT,"Charlotte, NC",11298,1129806,30194,DFW,"Dallas/Fort Worth, TX",920,1001.0,41.0,41.0,1.0,2.0,0900-0959,21.0,1022.0,1203.0,15.0,1137,1218.0,41.0,41.0,1.0,2.0,1100-1159,0.0,,0.0,41.0,0.0,0.0,0.0,0.0
309119,2025,1,7,2,2025-01-07,AA,19805,AA,19805,1695,11057,1105703,31057,CLT,"Charlotte, NC",11298,1129806,30194,DFW,"Dallas/Fort Worth, TX",925,921.0,-4.0,0.0,0.0,-1.0,0900-0959,14.0,935.0,1103.0,19.0,1139,1122.0,-17.0,0.0,0.0,-2.0,1100-1159,0.0,,0.0,,,,,
309120,2025,1,8,3,2025-01-08,AA,19805,AA,19805,1695,11057,1105703,31057,CLT,"Charlotte, NC",11298,1129806,30194,DFW,"Dallas/Fort Worth, TX",925,924.0,-1.0,0.0,0.0,-1.0,0900-0959,26.0,950.0,1132.0,9.0,1139,1141.0,2.0,2.0,0.0,0.0,1100-1159,0.0,,0.0,,,,,
309121,2025,1,9,4,2025-01-09,AA,19805,AA,19805,1695,11057,1105703,31057,CLT,"Charlotte, NC",11298,1129806,30194,DFW,"Dallas/Fort Worth, TX",925,925.0,0.0,0.0,0.0,0.0,0900-0959,27.0,952.0,1418.0,16.0,1139,1434.0,,,,,1100-1159,0.0,,1.0,,,,,
309122,2025,1,10,5,2025-01-10,AA,19805,AA,19805,1695,11057,1105703,31057,CLT,"Charlotte, NC",11298,1129806,30194,DFW,"Dallas/Fort Worth, TX",925,933.0,8.0,8.0,0.0,0.0,0900-0959,15.0,948.0,1126.0,49.0,1139,1215.0,36.0,36.0,1.0,2.0,1100-1159,0.0,,0.0,8.0,0.0,28.0,0.0,0.0
309123,2025,1,11,6,2025-01-11,AA,19805,AA,19805,1695,11057,1105703,31057,CLT,"Charlotte, NC",11298,1129806,30194,DFW,"Dallas/Fort Worth, TX",925,,,,,,0900-0959,,,,,1139,,,,,,1100-1159,1.0,B,0.0,,,,,
309124,2025,1,12,7,2025-01-12,AA,19805,AA,19805,1695,11057,1105703,31057,CLT,"Charlotte, NC",11298,1129806,30194,DFW,"Dallas/Fort Worth, TX",925,953.0,28.0,28.0,1.0,1.0,0900-0959,28.0,1021.0,1152.0,6.0,1139,1158.0,19.0,19.0,1.0,1.0,1100-1159,0.0,,0.0,10.0,0.0,0.0,0.0,9.0
309125,2025,1,13,1,2025-01-13,AA,19805,AA,19805,1695,11057,1105703,31057,CLT,"Charlotte, NC",11298,1129806,30194,DFW,"Dallas/Fort Worth, TX",925,923.0,-2.0,0.0,0.0,-1.0,0900-0959,25.0,948.0,1121.0,17.0,1139,1138.0,-1.0,0.0,0.0,-1.0,1100-1159,0.0,,0.0,,,,,
309126,2025,1,14,2,2025-01-14,AA,19805,AA,19805,1695,11057,1105703,31057,CLT,"Charlotte, NC",11298,1129806,30194,DFW,"Dallas/Fort Worth, TX",925,921.0,-4.0,0.0,0.0,-1.0,0900-0959,22.0,943.0,1112.0,12.0,1139,1124.0,-15.0,0.0,0.0,-1.0,1100-1159,0.0,,0.0,,,,,
309127,2025,1,15,3,2025-01-15,AA,19805,AA,19805,1695,11057,1105703,31057,CLT,"Charlotte, NC",11298,1129806,30194,DFW,"Dallas/Fort Worth, TX",925,922.0,-3.0,0.0,0.0,-1.0,0900-0959,23.0,945.0,1106.0,16.0,1139,1122.0,-17.0,0.0,0.0,-2.0,1100-1159,0.0,,0.0,,,,,
309128,2025,1,16,4,2025-01-16,AA,19805,AA,19805,1695,11057,1105703,31057,CLT,"Charlotte, NC",11298,1129806,30194,DFW,"Dallas/Fort Worth, TX",925,923.0,-2.0,0.0,0.0,-1.0,0900-0959,19.0,942.0,1059.0,12.0,1139,1111.0,-28.0,0.0,0.0,-2.0,1100-1159,0.0,,0.0,,,,,
309129,2025,1,17,5,2025-01-17,AA,19805,AA,19805,1695,11057,1105703,31057,CLT,"Charlotte, NC",11298,1129806,30194,DFW,"Dallas/Fort Worth, TX",925,922.0,-3.0,0.0,0.0,-1.0,0900-0959,17.0,939.0,1053.0,3.0,1139,1056.0,-43.0,0.0,0.0,-2.0,1100-1159,0.0,,0.0,,,,,
309130,2025,1,18,6,2025-01-18,AA,19805,AA,19805,1695,11057,1105703,31057,CLT,"Charlotte, NC",11298,1129806,30194,DFW,"Dallas/Fort Worth, TX",925,923.0,-2.0,0.0,0.0,-1.0,0900-0959,19.0,942.0,1105.0,13.0,1139,1118.0,-21.0,0.0,0.0,-2.0,1100-1159,0.0,,0.0,,,,,
309131,2025,1,19,7,2025-01-19,AA,19805,AA,19805,1695,11057,1105703,31057,CLT,"Charlotte, NC",11298,1129806,30194,DFW,"Dallas/Fort Worth, TX",925,924.0,-1.0,0.0,0.0,-1.0,0900-0959,23.0,947.0,1126.0,13.0,1139,1139.0,0.0,0.0,0.0,0.0,1100-1159,0.0,,0.0,,,,,
309132,2025,1,20,1,2025-01-20,AA,19805,AA,19805,1695,11057,1105703,31057,CLT,"Charlotte, NC",11298,1129806,30194,DFW,"Dallas/Fort Worth, TX",925,923.0,-2.0,0.0,0.0,-1.0,0900-0959,16.0,939.0,1127.0,11.0,1139,1138.0,-1.0,0.0,0.0,-1.0,1100-1159,0.0,,0.0,,,,,
309133,2025,1,21,2,2025-01-21,AA,19805,AA,19805,1695,11057,1105703,31057,CLT,"Charlotte, NC",11298,1129806,30194,DFW,"Dallas/Fort Worth, TX",925,922.0,-3.0,0.0,0.0,-1.0,0900-0959,18.0,940.0,1124.0,12.0,1139,1136.0,-3.0,0.0,0.0,-1.0,1100-1159,0.0,,0.0,,,,,
309134,2025,1,22,3,2025-01-22,AA,19805,AA,19805,1695,11057,1105703,31057,CLT,"Charlotte, NC",11298,1129806,30194,DFW,"Dallas/Fort Worth, TX",925,,,,,,0900-0959,,,,,1139,,,,,,1100-1159,1.0,B,0.0,,,,,
309135,2025,1,23,4,2025-01-23,AA,19805,AA,19805,1695,11057,1105703,31057,CLT,"Charlotte, NC",11298,1129806,30194,DFW,"Dallas/Fort Worth, TX",925,923.0,-2.0,0.0,0.0,-1.0,0900-0959,23.0,946.0,1118.0,11.0,1139,1129.0,-10.0,0.0,0.0,-1.0,1100-1159,0.0,,0.0,,,,,
309136,2025,1,24,5,2025-01-24,AA,19805,AA,19805,1695,11057,1105703,31057,CLT,"Charlotte, NC",11298,1129806,30194,DFW,"Dallas/Fort Worth, TX",925,935.0,10.0,10.0,0.0,0.0,0900-0959,27.0,1002.0,1118.0,13.0,1139,1131.0,-8.0,0.0,0.0,-1.0,1100-1159,0.0,,0.0,,,,,
309137,2025,1,25,6,2025-01-25,AA,19805,AA,19805,1695,11057,1105703,31057,CLT,"Charlotte, NC",11298,1129806,30194,DFW,"Dallas/Fort Worth, TX",925,1044.0,79.0,79.0,1.0,5.0,0900-0959,20.0,1104.0,1223.0,12.0,1139,1235.0,56.0,56.0,1.0,3.0,1100-1159,0.0,,0.0,32.0,0.0,0.0,0.0,24.0
309138,2025,1,26,7,2025-01-26,AA,19805,AA,19805,1695,11057,1105703,31057,CLT,"Charlotte, NC",11298,1129806,30194,DFW,"Dallas/Fort Worth, TX",925,932.0,7.0,7.0,0.0,0.0,0900-0959,18.0,950.0,1134.0,16.0,1139,1150.0,11.0,11.0,0.0,0.0,1100-1159,0.0,,0.0,,,,,
309139,2025,1,27,1,2025-01-27,AA,19805,AA,19805,1695,11057,1105703,31057,CLT,"Charlotte, NC",11298,1129806,30194,DFW,"Dallas/Fort Worth, TX",925,932.0,7.0,7.0,0.0,0.0,0900-0959,16.0,948.0,1120.0,14.0,1139,1134.0,-5.0,0.0,0.0,-1.0,1100-1159,0.0,,0.0,,,,,
309140,2025,1,28,2,2025-01-28,AA,19805,AA,19805,1695,11057,1105703,31057,CLT,"Charlotte, NC",11298,1129806,30194,DFW,"Dallas/Fort Worth, TX",925,924.0,-1.0,0.0,0.0,-1.0,0900-0959,24.0,948.0,1555.0,14.0,1139,1609.0,,,,,1100-1159,0.0,,1.0,,,,,
309141,2025,1,29,3,2025-01-29,AA,19805,AA,19805,1695,11057,1105703,31057,CLT,"Charlotte, NC",11298,1129806,30194,DFW,"Dallas/Fort Worth, TX",925,924.0,-1.0,0.0,0.0,-1.0,0900-0959,27.0,951.0,1125.0,16.0,1139,1141.0,2.0,2.0,0.0,0.0,1100-1159,0.0,,0.0,,,,,
309142,2025,1,30,4,2025-01-30,AA,19805,AA,19805,1695,11057,1105703,31057,CLT,"Charlotte, NC",11298,1129806,30194,DFW,"Dallas/Fort Worth, TX",925,925.0,0.0,0.0,0.0,0.0,0900-0959,20.0,945.0,1151.0,15.0,1139,1206.0,27.0,27.0,1.0,1.0,1100-1159,0.0,,0.0,0.0,0.0,27.0,0.0,0.0
309143,2025,1,31,5,2025-01-31,AA,19805,AA,19805,1695,11057,1105703,31057,CLT,"Charlotte, NC",11298,1129806,30194,DFW,"Dallas/Fort Worth, TX",925,924.0,-1.0,0.0,0.0,-1.0,0900-0959,37.0,1001.0,1135.0,7.0,1139,1142.0,3.0,3.0,0.0,0.0,1100-1159,0.0,,0.0,,,,,
309482,2025,1,1,3,2025-01-01,AA,19805,AA,19805,1707,11057,1105703,31057,CLT,"Charlotte, NC",11298,1129806,30194,DFW,"Dallas/Fort Worth, TX",710,708.0,-2.0,0.0,0.0,-1.0,0700-0759,11.0,719.0,854.0,19.0,911,913.0,2.0,2.0,0.0,0.0,0900-0959,0.0,,0.0,,,,,
309483,2025,1,2,4,2025-01-02,AA,19805,AA,19805,1707,11057,1105703,31057,CLT,"Charlotte, NC",11298,1129806,30194,DFW,"Dallas/Fort Worth, TX",710,706.0,-4.0,0.0,0.0,-1.0,0700-0759,11.0,717.0,907.0,14.0,911,921.0,10.0,10.0,0.0,0.0,0900-0959,0.0,,0.0,,,,,
309484,2025,1,3,5,2025-01-03,AA,19805,AA,19805,1707,11057,1105703,31057,CLT,"Charlotte, NC",11298,1129806,30194,DFW,"Dallas/Fort Worth, TX",710,710.0,0.0,0.0,0.0,0.0,0700-0759,17.0,727.0,856.0,16.0,911,912.0,1.0,1.0,0.0,0.0,0900-0959,0.0,,0.0,,,,,
309485,2025,1,4,6,2025-01-04,AA,19805,AA,19805,1707,11057,1105703,31057,CLT,"Charlotte, NC",11298,1129806,30194,DFW,"Dallas/Fort Worth, TX",715,713.0,-2.0,0.0,0.0,-1.0,0700-0759,21.0,734.0,904.0,19.0,916,923.0,7.0,7.0,0.0,0.0,0900-0959,0.0,,0.0,,,,,
309486,2025,1,5,7,2025-01-05,AA,19805,AA,19805,1707,11057,1105703,31057,CLT,"Charlotte, NC",11298,1129806,30194,DFW,"Dallas/Fort Worth, TX",710,711.0,1.0,1.0,0.0,0.0,0700-0759,18.0,729.0,857.0,14.0,911,911.0,0.0,0.0,0.0,0.0,0900-0959,0.0,,0.0,,,,,
309487,2025,1,6,1,2025-01-06,AA,19805,AA,19805,1707,11057,1105703,31057,CLT,"Charlotte, NC",11298,1129806,30194,DFW,"Dallas/Fort Worth, TX",710,707.0,-3.0,0.0,0.0,-1.0,0700-0759,37.0,744.0,919.0,13.0,911,932.0,21.0,21.0,1.0,1.0,0900-0959,0.0,,0.0,0.0,0.0,21.0,0.0,0.0
309488,2025,1,7,2,2025-01-07,AA,19805,AA,19805,1707,11057,1105703,31057,CLT,"Charlotte, NC",11298,1129806,30194,DFW,"Dallas/Fort Worth, TX",712,710.0,-2.0,0.0,0.0,-1.0,0700-0759,23.0,733.0,903.0,18.0,911,921.0,10.0,10.0,0.0,0.0,0900-0959,0.0,,0.0,,,,,
309489,2025,1,8,3,2025-01-08,AA,19805,AA,19805,1707,11057,1105703,31057,CLT,"Charlotte, NC",11298,1129806,30194,DFW,"Dallas/Fort Worth, TX",712,707.0,-5.0,0.0,0.0,-1.0,0700-0759,39.0,746.0,930.0,7.0,911,937.0,26.0,26.0,1.0,1.0,0900-0959,0.0,,0.0,0.0,0.0,26.0,0.0,0.0
309490,2025,1,9,4,2025-01-09,AA,19805,AA,19805,1707,11057,1105703,31057,CLT,"Charlotte, NC",11298,1129806,30194,DFW,"Dallas/Fort Worth, TX",712,737.0,25.0,25.0,1.0,1.0,0700-0759,18.0,755.0,935.0,13.0,911,948.0,37.0,37.0,1.0,2.0,0900-0959,0.0,,0.0,25.0,0.0,12.0,0.0,0.0
309491,2025,1,10,5,2025-01-10,AA,19805,AA,19805,1707,11057,1105703,31057,CLT,"Charlotte, NC",11298,1129806,30194,DFW,"Dallas/Fort Worth, TX",712,708.0,-4.0,0.0,0.0,-1.0,0700-0759,17.0,725.0,1400.0,12.0,911,1412.0,,,,,0900-0959,0.0,,1.0,,,,,
309492,2025,1,11,6,2025-01-11,AA,19805,AA,19805,1707,11057,1105703,31057,CLT,"Charlotte, NC",11298,1129806,30194,DFW,"Dallas/Fort Worth, TX",712,851.0,99.0,99.0,1.0,6.0,0700-0759,12.0,903.0,1021.0,9.0,911,1030.0,79.0,79.0,1.0,5.0,0900-0959,0.0,,0.0,26.0,0.0,0.0,0.0,53.0
309493,2025,1,12,7,2025-01-12,AA,19805,AA,19805,1707,11057,1105703,31057,CLT,"Charlotte, NC",11298,1129806,30194,DFW,"Dallas/Fort Worth, TX",712,709.0,-3.0,0.0,0.0,-1.0,0700-0759,32.0,741.0,907.0,12.0,911,919.0,8.0,8.0,0.0,0.0,0900-0959,0.0,,0.0,,,,,
309494,2025,1,13,1,2025-01-13,AA,19805,AA,19805,1707,11057,1105703,31057,CLT,"Charlotte, NC",11298,1129806,30194,DFW,"Dallas/Fort Worth, TX",712,710.0,-2.0,0.0,0.0,-1.0,0700-0759,15.0,725.0,905.0,16.0,911,921.0,10.0,10.0,0.0,0.0,0900-0959,0.0,,0.0,,,,,
309495,2025,1,14,2,2025-01-14,AA,19805,AA,19805,1707,11057,1105703,31057,CLT,"Charlotte, NC",11298,1129806,30194,DFW,"Dallas/Fort Worth, TX",712,710.0,-2.0,0.0,0.0,-1.0,0700-0759,14.0,724.0,912.0,12.0,911,924.0,13.0,13.0,0.0,0.0,0900-0959,0.0,,0.0,,,,,
309496,2025,1,15,3,2025-01-15,AA,19805,AA,19805,1707,11057,1105703,31057,CLT,"Charlotte, NC",11298,1129806,30194,DFW,"Dallas/Fort Worth, TX",712,708.0,-4.0,0.0,0.0,-1.0,0700-0759,13.0,721.0,909.0,14.0,911,923.0,12.0,12.0,0.0,0.0,0900-0959,0.0,,0.0,,,,,
309497,2025,1,16,4,2025-01-16,AA,19805,AA,19805,1707,11057,1105703,31057,CLT,"Charlotte, NC",11298,1129806,30194,DFW,"Dallas/Fort Worth, TX",712,734.0,22.0,22.0,1.0,1.0,0700-0759,26.0,800.0,914.0,15.0,911,929.0,18.0,18.0,1.0,1.0,0900-0959,0.0,,0.0,18.0,0.0,0.0,0.0,0.0
309498,2025,1,17,5,2025-01-17,AA,19805,AA,19805,1707,11057,1105703,31057,CLT,"Charlotte, NC",11298,1129806,30194,DFW,"Dallas/Fort Worth, TX",712,713.0,1.0,1.0,0.0,0.0,0700-0759,17.0,730.0,859.0,19.0,911,918.0,7.0,7.0,0.0,0.0,0900-0959,0.0,,0.0,,,,,
309499,2025,1,18,6,2025-01-18,AA,19805,AA,19805,1707,11057,1105703,31057,CLT,"Charlotte, NC",11298,1129806,30194,DFW,"Dallas/Fort Worth, TX",712,718.0,6.0,6.0,0.0,0.0,0700-0759,12.0,730.0,915.0,12.0,911,927.0,16.0,16.0,1.0,1.0,0900-0959,0.0,,0.0,6.0,0.0,10.0,0.0,0.0
309500,2025,1,19,7,2025-01-19,AA,19805,AA,19805,1707,11057,1105703,31057,CLT,"Charlotte, NC",11298,1129806,30194,DFW,"Dallas/Fort Worth, TX",712,737.0,25.0,25.0,1.0,1.0,0700-0759,14.0,751.0,927.0,10.0,911,937.0,26.0,26.0,1.0,1.0,0900-0959,0.0,,0.0,25.0,0.0,1.0,0.0,0.0
309501,2025,1,20,1,2025-01-20,AA,19805,AA,19805,1707,11057,1105703,31057,CLT,"Charlotte, NC",11298,1129806,30194,DFW,"Dallas/Fort Worth, TX",712,715.0,3.0,3.0,0.0,0.0,0700-0759,11.0,726.0,912.0,13.0,911,925.0,14.0,14.0,0.0,0.0,0900-0959,0.0,,0.0,,,,,
309502,2025,1,21,2,2025-01-21,AA,19805,AA,19805,1707,11057,1105703,31057,CLT,"Charlotte, NC",11298,1129806,30194,DFW,"Dallas/Fort Worth, TX",712,711.0,-1.0,0.0,0.0,-1.0,0700-0759,17.0,728.0,916.0,16.0,911,932.0,21.0,21.0,1.0,1.0,0900-0959,0.0,,0.0,0.0,0.0,21.0,0.0,0.0
309503,2025,1,22,3,2025-01-22,AA,19805,AA,19805,1707,11057,1105703,31057,CLT,"Charlotte, NC",11298,1129806,30194,DFW,"Dallas/Fort Worth, TX",712,707.0,-5.0,0.0,0.0,-1.0,0700-0759,14.0,721.0,849.0,17.0,911,906.0,-5.0,0.0,0.0,-1.0,0900-0959,0.0,,0.0,,,,,
309504,2025,1,23,4,2025-01-23,AA,19805,AA,19805,1707,11057,1105703,31057,CLT,"Charlotte, NC",11298,1129806,30194,DFW,"Dallas/Fort Worth, TX",712,716.0,4.0,4.0,0.0,0.0,0700-0759,20.0,736.0,920.0,14.0,911,934.0,23.0,23.0,1.0,1.0,0900-0959,0.0,,0.0,4.0,0.0,19.0,0.0,0.0
309505,2025,1,24,5,2025-01-24,AA,19805,AA,19805,1707,11057,1105703,31057,CLT,"Charlotte, NC",11298,1129806,30194,DFW,"Dallas/Fort Worth, TX",712,711.0,-1.0,0.0,0.0,-1.0,0700-0759,12.0,723.0,903.0,22.0,911,925.0,14.0,14.0,0.0,0.0,0900-0959,0.0,,0.0,,,,,
309506,2025,1,25,6,2025-01-25,AA,19805,AA,19805,1707,11057,1105703,31057,CLT,"Charlotte, NC",11298,1129806,30194,DFW,"Dallas/Fort Worth, TX",712,714.0,2.0,2.0,0.0,0.0,0700-0759,15.0,729.0,902.0,15.0,911,917.0,6.0,6.0,0.0,0.0,0900-0959,0.0,,0.0,,,,,
309507,2025,1,26,7,2025-01-26,AA,19805,AA,19805,1707,11057,1105703,31057,CLT,"Charlotte, NC",11298,1129806,30194,DFW,"Dallas/Fort Worth, TX",712,708.0,-4.0,0.0,0.0,-1.0,0700-0759,52.0,800.0,928.0,24.0,911,952.0,41.0,41.0,1.0,2.0,0900-0959,0.0,,0.0,0.0,0.0,41.0,0.0,0.0
309508,2025,1,27,1,2025-01-27,AA,19805,AA,19805,1707,11057,1105703,31057,CLT,"Charlotte, NC",11298,1129806,30194,DFW,"Dallas/Fort Worth, TX",712,709.0,-3.0,0.0,0.0,-1.0,0700-0759,12.0,721.0,908.0,15.0,911,923.0,12.0,12.0,0.0,0.0,0900-0959,0.0,,0.0,,,,,
309509,2025,1,28,2,2025-01-28,AA,19805,AA,19805,1707,11057,1105703,31057,CLT,"Charlotte, NC",11298,1129806,30194,DFW,"Dallas/Fort Worth, TX",712,756.0,44.0,44.0,1.0,2.0,0700-0759,12.0,808.0,938.0,39.0,911,1017.0,66.0,66.0,1.0,4.0,0900-0959,0.0,,0.0,44.0,0.0,22.0,0.0,0.0
309510,2025,1,29,3,2025-01-29,AA,19805,AA,19805,1707,11057,1105703,31057,CLT,"Charlotte, NC",11298,1129806,30194,DFW,"Dallas/Fort Worth, TX",712,710.0,-2.0,0.0,0.0,-1.0,0700-0759,12.0,722.0,849.0,13.0,911,902.0,-9.0,0.0,0.0,-1.0,0900-0959,0.0,,0.0,,,,,
309511,2025,1,30,4,2025-01-30,AA,19805,AA,19805,1707,11057,1105703,31057,CLT,"Charlotte, NC",11298,1129806,30194,DFW,"Dallas/Fort Worth, TX",712,719.0,7.0,7.0,0.0,0.0,0700-0759,15.0,734.0,954.0,19.0,911,1013.0,62.0,62.0,1.0,4.0,0900-0959,0.0,,0.0,7.0,0.0,55.0,0.0,0.0
309512,2025,1,31,5,2025-01-31,AA,19805,AA,19805,1707,11057,1105703,31057,CLT,"Charlotte, NC",11298,1129806,30194,DFW,"Dallas/Fort Worth, TX",712,710.0,-2.0,0.0,0.0,-1.0,0700-0759,25.0,735.0,912.0,15.0,911,927.0,16.0,16.0,1.0,1.0,0900-0959,0.0,,0.0,0.0,0.0,16.0,0.0,0.0
309548,2025,1,1,3,2025-01-01,AA,19805,AA,19805,1709,11057,1105703,31057,CLT,"Charlotte, NC",11298,1129806,30194,DFW,"Dallas/Fort Worth, TX",1359,1356.0,-3.0,0.0,0.0,-1.0,1300-1359,10.0,1406.0,1544.0,5.0,1555,1549.0,-6.0,0.0,0.0,-1.0,1500-1559,0.0,,0.0,,,,,
309549,2025,1,2,4,2025-01-02,AA,19805,AA,19805,1709,11057,1105703,31057,CLT,"Charlotte, NC",11298,1129806,30194,DFW,"Dallas/Fort Worth, TX",1359,1355.0,-4.0,0.0,0.0,-1.0,1300-1359,14.0,1409.0,1541.0,7.0,1555,1548.0,-7.0,0.0,0.0,-1.0,1500-1559,0.0,,0.0,,,,,
309550,2025,1,3,5,2025-01-03,AA,19805,AA,19805,1709,11057,1105703,31057,CLT,"Charlotte, NC",11298,1129806,30194,DFW,"Dallas/Fort Worth, TX",1359,1357.0,-2.0,0.0,0.0,-1.0,1300-1359,14.0,1411.0,1533.0,6.0,1555,1539.0,-16.0,0.0,0.0,-2.0,1500-1559,0.0,,0.0,,,,,
309551,2025,1,4,6,2025-01-04,AA,19805,AA,19805,1709,11057,1105703,31057,CLT,"Charlotte, NC",11298,1129806,30194,DFW,"Dallas/Fort Worth, TX",1359,1400.0,1.0,1.0,0.0,0.0,1300-1359,14.0,1414.0,1550.0,13.0,1555,1603.0,8.0,8.0,0.0,0.0,1500-1559,0.0,,0.0,,,,,
309552,2025,1,5,7,2025-01-05,AA,19805,AA,19805,1709,11057,1105703,31057,CLT,"Charlotte, NC",11298,1129806,30194,DFW,"Dallas/Fort Worth, TX",1359,1523.0,84.0,84.0,1.0,5.0,1300-1359,110.0,1713.0,1923.0,8.0,1555,1931.0,216.0,216.0,1.0,12.0,1500-1559,0.0,,0.0,0.0,0.0,216.0,0.0,0.0
309553,2025,1,6,1,2025-01-06,AA,19805,AA,19805,1709,11057,1105703,31057,CLT,"Charlotte, NC",11298,1129806,30194,DFW,"Dallas/Fort Worth, TX",1359,1355.0,-4.0,0.0,0.0,-1.0,1300-1359,47.0,1442.0,1609.0,8.0,1555,1617.0,22.0,22.0,1.0,1.0,1500-1559,0.0,,0.0,0.0,0.0,22.0,0.0,0.0
309554,2025,1,7,2,2025-01-07,AA,19805,AA,19805,1709,11057,1105703,31057,CLT,"Charlotte, NC",11298,1129806,30194,DFW,"Dallas/Fort Worth, TX",1528,1522.0,-6.0,0.0,0.0,-1.0,1500-1559,23.0,1545.0,1720.0,15.0,1726,1735.0,9.0,9.0,0.0,0.0,1700-1759,0.0,,0.0,,,,,
309555,2025,1,8,3,2025-01-08,AA,19805,AA,19805,1709,11057,1105703,31057,CLT,"Charlotte, NC",11298,1129806,30194,DFW,"Dallas/Fort Worth, TX",1528,1529.0,1.0,1.0,0.0,0.0,1500-1559,13.0,1542.0,1713.0,14.0,1726,1727.0,1.0,1.0,0.0,0.0,1700-1759,0.0,,0.0,,,,,
309556,2025,1,9,4,2025-01-09,AA,19805,AA,19805,1709,11057,1105703,31057,CLT,"Charlotte, NC",11298,1129806,30194,DFW,"Dallas/Fort Worth, TX",1528,,,,,,1500-1559,,,,,1726,,,,,,1700-1759,1.0,B,0.0,,,,,
309557,2025,1,10,5,2025-01-10,AA,19805,AA,19805,1709,11057,1105703,31057,CLT,"Charlotte, NC",11298,1129806,30194,DFW,"Dallas/Fort Worth, TX",1528,,,,,,1500-1559,,,,,1726,,,,,,1700-1759,1.0,B,0.0,,,,,
309558,2025,1,11,6,2025-01-11,AA,19805,AA,19805,1709,11057,1105703,31057,CLT,"Charlotte, NC",11298,1129806,30194,DFW,"Dallas/Fort Worth, TX",1528,1530.0,2.0,2.0,0.0,0.0,1500-1559,10.0,1540.0,1658.0,9.0,1726,1707.0,-19.0,0.0,0.0,-2.0,1700-1759,0.0,,0.0,,,,,
309559,2025,1,12,7,2025-01-12,AA,19805,AA,19805,1709,11057,1105703,31057,CLT,"Charlotte, NC",11298,1129806,30194,DFW,"Dallas/Fort Worth, TX",1528,1523.0,-5.0,0.0,0.0,-1.0,1500-1559,17.0,1540.0,1717.0,15.0,1726,1732.0,6.0,6.0,0.0,0.0,1700-1759,0.0,,0.0,,,,,
309560,2025,1,13,1,2025-01-13,AA,19805,AA,19805,1709,11057,1105703,31057,CLT,"Charlotte, NC",11298,1129806,30194,DFW,"Dallas/Fort Worth, TX",1528,1534.0,6.0,6.0,0.0,0.0,1500-1559,13.0,1547.0,1717.0,19.0,1726,1736.0,10.0,10.0,0.0,0.0,1700-1759,0.0,,0.0,,,,,
309561,2025,1,14,2,2025-01-14,AA,19805,AA,19805,1709,11057,1105703,31057,CLT,"Charlotte, NC",11298,1129806,30194,DFW,"Dallas/Fort Worth, TX",1528,1527.0,-1.0,0.0,0.0,-1.0,1500-1559,12.0,1539.0,1704.0,13.0,1726,1717.0,-9.0,0.0,0.0,-1.0,1700-1759,0.0,,0.0,,,,,
309562,2025,1,15,3,2025-01-15,AA,19805,AA,19805,1709,11057,1105703,31057,CLT,"Charlotte, NC",11298,1129806,30194,DFW,"Dallas/Fort Worth, TX",1528,1544.0,16.0,16.0,1.0,1.0,1500-1559,12.0,1556.0,1738.0,14.0,1726,1752.0,26.0,26.0,1.0,1.0,1700-1759,0.0,,0.0,16.0,0.0,10.0,0.0,0.0
309563,2025,1,16,4,2025-01-16,AA,19805,AA,19805,1709,11057,1105703,31057,CLT,"Charlotte, NC",11298,1129806,30194,DFW,"Dallas/Fort Worth, TX",1528,1526.0,-2.0,0.0,0.0,-1.0,1500-1559,15.0,1541.0,1708.0,12.0,1726,1720.0,-6.0,0.0,0.0,-1.0,1700-1759,0.0,,0.0,,,,,
309564,2025,1,17,5,2025-01-17,AA,19805,AA,19805,1709,11057,1105703,31057,CLT,"Charlotte, NC",11298,1129806,30194,DFW,"Dallas/Fort Worth, TX",1528,1528.0,0.0,0.0,0.0,0.0,1500-1559,14.0,1542.0,1719.0,11.0,1726,1730.0,4.0,4.0,0.0,0.0,1700-1759,0.0,,0.0,,,,,
309565,2025,1,18,6,2025-01-18,AA,19805,AA,19805,1709,11057,1105703,31057,CLT,"Charlotte, NC",11298,1129806,30194,DFW,"Dallas/Fort Worth, TX",1528,1526.0,-2.0,0.0,0.0,-1.0,1500-1559,13.0,1539.0,1704.0,14.0,1726,1718.0,-8.0,0.0,0.0,-1.0,1700-1759,0.0,,0.0,,,,,
309566,2025,1,19,7,2025-01-19,AA,19805,AA,19805,1709,11057,1105703,31057,CLT,"Charlotte, NC",11298,1129806,30194,DFW,"Dallas/Fort Worth, TX",1528,1543.0,15.0,15.0,1.0,1.0,1500-1559,19.0,1602.0,1740.0,10.0,1726,1750.0,24.0,24.0,1.0,1.0,1700-1759,0.0,,0.0,9.0,0.0,9.0,0.0,6.0
309567,2025,1,20,1,2025-01-20,AA,19805,AA,19805,1709,11057,1105703,31057,CLT,"Charlotte, NC",11298,1129806,30194,DFW,"Dallas/Fort Worth, TX",1528,1529.0,1.0,1.0,0.0,0.0,1500-1559,13.0,1542.0,1724.0,14.0,1726,1738.0,12.0,12.0,0.0,0.0,1700-1759,0.0,,0.0,,,,,
309568,2025,1,21,2,2025-01-21,AA,19805,AA,19805,1709,11057,1105703,31057,CLT,"Charlotte, NC",11298,1129806,30194,DFW,"Dallas/Fort Worth, TX",1528,1528.0,0.0,0.0,0.0,0.0,1500-1559,21.0,1549.0,1729.0,14.0,1726,1743.0,17.0,17.0,1.0,1.0,1700-1759,0.0,,0.0,0.0,0.0,17.0,0.0,0.0
309569,2025,1,22,3,2025-01-22,AA,19805,AA,19805,1709,11057,1105703,31057,CLT,"Charlotte, NC",11298,1129806,30194,DFW,"Dallas/Fort Worth, TX",1528,1523.0,-5.0,0.0,0.0,-1.0,1500-1559,12.0,1535.0,1710.0,10.0,1726,1720.0,-6.0,0.0,0.0,-1.0,1700-1759,0.0,,0.0,,,,,
309570,2025,1,23,4,2025-01-23,AA,19805,AA,19805,1709,11057,1105703,31057,CLT,"Charlotte, NC",11298,1129806,30194,DFW,"Dallas/Fort Worth, TX",1528,1528.0,0.0,0.0,0.0,0.0,1500-1559,15.0,1543.0,1712.0,13.0,1726,1725.0,-1.0,0.0,0.0,-1.0,1700-1759,0.0,,0.0,,,,,
309571,2025,1,24,5,2025-01-24,AA,19805,AA,19805,1709,11057,1105703,31057,CLT,"Charlotte, NC",11298,1129806,30194,DFW,"Dallas/Fort Worth, TX",1528,1526.0,-2.0,0.0,0.0,-1.0,1500-1559,24.0,1550.0,1711.0,11.0,1726,1722.0,-4.0,0.0,0.0,-1.0,1700-1759,0.0,,0.0,,,,,
309572,2025,1,25,6,2025-01-25,AA,19805,AA,19805,1709,11057,1105703,31057,CLT,"Charlotte, NC",11298,1129806,30194,DFW,"Dallas/Fort Worth, TX",1528,1526.0,-2.0,0.0,0.0,-1.0,1500-1559,14.0,1540.0,1704.0,13.0,1726,1717.0,-9.0,0.0,0.0,-1.0,1700-1759,0.0,,0.0,,,,,
309573,2025,1,26,7,2025-01-26,AA,19805,AA,19805,1709,11057,1105703,31057,CLT,"Charlotte, NC",11298,1129806,30194,DFW,"Dallas/Fort Worth, TX",1528,1527.0,-1.0,0.0,0.0,-1.0,1500-1559,16.0,1543.0,1724.0,15.0,1726,1739.0,13.0,13.0,0.0,0.0,1700-1759,0.0,,0.0,,,,,
309574,2025,1,27,1,2025-01-27,AA,19805,AA,19805,1709,11057,1105703,31057,CLT,"Charlotte, NC",11298,1129806,30194,DFW,"Dallas/Fort Worth, TX",1528,1527.0,-1.0,0.0,0.0,-1.0,1500-1559,16.0,1543.0,1719.0,15.0,1726,1734.0,8.0,8.0,0.0,0.0,1700-1759,0.0,,0.0,,,,,
309575,2025,1,28,2,2025-01-28,AA,19805,AA,19805,1709,11057,1105703,31057,CLT,"Charlotte, NC",11298,1129806,30194,DFW,"Dallas/Fort Worth, TX",1528,1523.0,-5.0,0.0,0.0,-1.0,1500-1559,14.0,1537.0,1708.0,10.0,1726,1718.0,-8.0,0.0,0.0,-1.0,1700-1759,0.0,,0.0,,,,,
309576,2025,1,29,3,2025-01-29,AA,19805,AA,19805,1709,11057,1105703,31057,CLT,"Charlotte, NC",11298,1129806,30194,DFW,"Dallas/Fort Worth, TX",1528,1527.0,-1.0,0.0,0.0,-1.0,1500-1559,13.0,1540.0,1714.0,14.0,1726,1728.0,2.0,2.0,0.0,0.0,1700-1759,0.0,,0.0,,,,,
309577,2025,1,30,4,2025-01-30,AA,19805,AA,19805,1709,11057,1105703,31057,CLT,"Charlotte, NC",11298,1129806,30194,DFW,"Dallas/Fort Worth, TX",1528,1551.0,23.0,23.0,1.0,1.0,1500-1559,11.0,1602.0,1738.0,17.0,1726,1755.0,29.0,29.0,1.0,1.0,1700-1759,0.0,,0.0,23.0,0.0,6.0,0.0,0.0
309578,2025,1,31,5,2025-01-31,AA,19805,AA,19805,1709,11057,1105703,31057,CLT,"Charlotte, NC",11298,1129806,30194,DFW,"Dallas/Fort Worth, TX",1528,1529.0,1.0,1.0,0.0,0.0,1500-1559,12.0,1541.0,1717.0,13.0,1726,1730.0,4.0,4.0,0.0,0.0,1700-1759,0.0,,0.0,,,,,
309989,2025,1,1,3,2025-01-01,AA,19805,AA,19805,1727,11057,1105703,31057,CLT,"Charlotte, NC",12478,1247805,31703,JFK,"New York, NY",2000,2007.0,7.0,7.0,0.0,0.0,2000-2059,17.0,2024.0,2134.0,7.0,2150,2141.0,-9.0,0.0,0.0,-1.0,2100-2159,0.0,,0.0,,,,,
309990,2025,1,2,4,2025-01-02,AA,19805,AA,19805,1727,11057,1105703,31057,CLT,"Charlotte, NC",12478,1247805,31703,JFK,"New York, NY",2000,1959.0,-1.0,0.0,0.0,-1.0,2000-2059,14.0,2013.0,2122.0,5.0,2150,2127.0,-23.0,0.0,0.0,-2.0,2100-2159,0.0,,0.0,,,,,
309991,2025,1,3,5,2025-01-03,AA,19805,AA,19805,1727,11057,1105703,31057,CLT,"Charlotte, NC",12478,1247805,31703,JFK,"New York, NY",2000,2015.0,15.0,15.0,1.0,1.0,2000-2059,20.0,2035.0,2151.0,5.0,2150,2156.0,6.0,6.0,0.0,0.0,2100-2159,0.0,,0.0,,,,,
309992,2025,1,4,6,2025-01-04,AA,19805,AA,19805,1727,11057,1105703,31057,CLT,"Charlotte, NC",12478,1247805,31703,JFK,"New York, NY",2000,2026.0,26.0,26.0,1.0,1.0,2000-2059,17.0,2043.0,2210.0,7.0,2150,2217.0,27.0,27.0,1.0,1.0,2100-2159,0.0,,0.0,7.0,0.0,1.0,0.0,19.0
309993,2025,1,5,7,2025-01-05,AA,19805,AA,19805,1727,11057,1105703,31057,CLT,"Charlotte, NC",12478,1247805,31703,JFK,"New York, NY",2000,2015.0,15.0,15.0,1.0,1.0,2000-2059,13.0,2028.0,2143.0,13.0,2150,2156.0,6.0,6.0,0.0,0.0,2100-2159,0.0,,0.0,,,,,
309994,2025,1,7,2,2025-01-07,AA,19805,AA,19805,1727,11057,1105703,31057,CLT,"Charlotte, NC",12478,1247805,31703,JFK,"New York, NY",2009,2006.0,-3.0,0.0,0.0,-1.0,2000-2059,23.0,2029.0,2152.0,8.0,2159,2200.0,1.0,1.0,0.0,0.0,2100-2159,0.0,,0.0,,,,,
309995,2025,1,8,3,2025-01-08,AA,19805,AA,19805,1727,11057,1105703,31057,CLT,"Charlotte, NC",12478,1247805,31703,JFK,"New York, NY",2009,2033.0,24.0,24.0,1.0,1.0,2000-2059,14.0,2047.0,2202.0,7.0,2159,2209.0,10.0,10.0,0.0,0.0,2100-2159,0.0,,0.0,,,,,
309996,2025,1,9,4,2025-01-09,AA,19805,AA,19805,1727,11057,1105703,31057,CLT,"Charlotte, NC",12478,1247805,31703,JFK,"New York, NY",2009,2048.0,39.0,39.0,1.0,2.0,2000-2059,105.0,2233.0,2358.0,7.0,2159,5.0,126.0,126.0,1.0,8.0,2100-2159,0.0,,0.0,0.0,0.0,126.0,0.0,0.0
309997,2025,1,10,5,2025-01-10,AA,19805,AA,19805,1727,11057,1105703,31057,CLT,"Charlotte, NC",12478,1247805,31703,JFK,"New York, NY",2009,,,,,,2000-2059,,,,,2159,,,,,,2100-2159,1.0,B,0.0,,,,,
309998,2025,1,11,6,2025-01-11,AA,19805,AA,19805,1727,11057,1105703,31057,CLT,"Charlotte, NC",12478,1247805,31703,JFK,"New York, NY",2007,2001.0,-6.0,0.0,0.0,-1.0,2000-2059,21.0,2022.0,2140.0,9.0,2159,2149.0,-10.0,0.0,0.0,-1.0,2100-2159,0.0,,0.0,,,,,
309999,2025,1,12,7,2025-01-12,AA,19805,AA,19805,1727,11057,1105703,31057,CLT,"Charlotte, NC",12478,1247805,31703,JFK,"New York, NY",2009,2006.0,-3.0,0.0,0.0,-1.0,2000-2059,16.0,2022.0,2144.0,7.0,2159,2151.0,-8.0,0.0,0.0,-1.0,2100-2159,0.0,,0.0,,,,,
310000,2025,1,13,1,2025-01-13,AA,19805,AA,19805,1727,11057,1105703,31057,CLT,"Charlotte, NC",12478,1247805,31703,JFK,"New York, NY",2009,2006.0,-3.0,0.0,0.0,-1.0,2000-2059,15.0,2021.0,2138.0,7.0,2159,2145.0,-14.0,0.0,0.0,-1.0,2100-2159,0.0,,0.0,,,,,
310001,2025,1,14,2,2025-01-14,AA,19805,AA,19805,1727,11057,1105703,31057,CLT,"Charlotte, NC",12478,1247805,31703,JFK,"New York, NY",2009,2005.0,-4.0,0.0,0.0,-1.0,2000-2059,14.0,2019.0,2128.0,6.0,2159,2134.0,-25.0,0.0,0.0,-2.0,2100-2159,0.0,,0.0,,,,,
310002,2025,1,15,3,2025-01-15,AA,19805,AA,19805,1727,11057,1105703,31057,CLT,"Charlotte, NC",12478,1247805,31703,JFK,"New York, NY",2009,2001.0,-8.0,0.0,0.0,-1.0,2000-2059,26.0,2027.0,2143.0,5.0,2159,2148.0,-11.0,0.0,0.0,-1.0,2100-2159,0.0,,0.0,,,,,
310003,2025,1,16,4,2025-01-16,AA,19805,AA,19805,1727,11057,1105703,31057,CLT,"Charlotte, NC",12478,1247805,31703,JFK,"New York, NY",2009,2020.0,11.0,11.0,0.0,0.0,2000-2059,11.0,2031.0,2153.0,9.0,2159,2202.0,3.0,3.0,0.0,0.0,2100-2159,0.0,,0.0,,,,,
310004,2025,1,17,5,2025-01-17,AA,19805,AA,19805,1727,11057,1105703,31057,CLT,"Charlotte, NC",12478,1247805,31703,JFK,"New York, NY",2009,2038.0,29.0,29.0,1.0,1.0,2000-2059,16.0,2054.0,2216.0,13.0,2159,2229.0,30.0,30.0,1.0,2.0,2100-2159,0.0,,0.0,13.0,0.0,1.0,0.0,16.0
310005,2025,1,18,6,2025-01-18,AA,19805,AA,19805,1727,11057,1105703,31057,CLT,"Charlotte, NC",12478,1247805,31703,JFK,"New York, NY",2007,2008.0,1.0,1.0,0.0,0.0,2000-2059,32.0,2040.0,2157.0,11.0,2159,2208.0,9.0,9.0,0.0,0.0,2100-2159,0.0,,0.0,,,,,
310006,2025,1,19,7,2025-01-19,AA,19805,AA,19805,1727,11057,1105703,31057,CLT,"Charlotte, NC",12478,1247805,31703,JFK,"New York, NY",2009,2325.0,196.0,196.0,1.0,12.0,2000-2059,18.0,2343.0,46.0,76.0,2159,202.0,243.0,243.0,1.0,12.0,2100-2159,0.0,,0.0,0.0,0.0,243.0,0.0,0.0
310007,2025,1,20,1,2025-01-20,AA,19805,AA,19805,1727,11057,1105703,31057,CLT,"Charlotte, NC",12478,1247805,31703,JFK,"New York, NY",2009,2013.0,4.0,4.0,0.0,0.0,2000-2059,20.0,2033.0,2145.0,4.0,2159,2149.0,-10.0,0.0,0.0,-1.0,2100-2159,0.0,,0.0,,,,,
310008,2025,1,21,2,2025-01-21,AA,19805,AA,19805,1727,11057,1105703,31057,CLT,"Charlotte, NC",12478,1247805,31703,JFK,"New York, NY",2009,2008.0,-1.0,0.0,0.0,-1.0,2000-2059,75.0,2123.0,2231.0,7.0,2159,2238.0,39.0,39.0,1.0,2.0,2100-2159,0.0,,0.0,0.0,0.0,39.0,0.0,0.0
310009,2025,1,22,3,2025-01-22,AA,19805,AA,19805,1727,11057,1105703,31057,CLT,"Charlotte, NC",12478,1247805,31703,JFK,"New York, NY",2009,2009.0,0.0,0.0,0.0,0.0,2000-2059,13.0,2022.0,2133.0,5.0,2159,2138.0,-21.0,0.0,0.0,-2.0,2100-2159,0.0,,0.0,,,,,
310010,2025,1,23,4,2025-01-23,AA,19805,AA,19805,1727,11057,1105703,31057,CLT,"Charlotte, NC",12478,1247805,31703,JFK,"New York, NY",2009,2021.0,12.0,12.0,0.0,0.0,2000-2059,14.0,2035.0,2148.0,12.0,2159,2200.0,1.0,1.0,0.0,0.0,2100-2159,0.0,,0.0,,,,,
310011,2025,1,24,5,2025-01-24,AA,19805,AA,19805,1727,11057,1105703,31057,CLT,"Charlotte, NC",12478,1247805,31703,JFK,"New York, NY",2009,2007.0,-2.0,0.0,0.0,-1.0,2000-2059,16.0,2023.0,2139.0,12.0,2159,2151.0,-8.0,0.0,0.0,-1.0,2100-2159,0.0,,0.0,,,,,
310012,2025,1,25,6,2025-01-25,AA,19805,AA,19805,1727,11057,1105703,31057,CLT,"Charlotte, NC",12478,1247805,31703,JFK,"New York, NY",2007,2005.0,-2.0,0.0,0.0,-1.0,2000-2059,11.0,2016.0,2135.0,15.0,2159,2150.0,-9.0,0.0,0.0,-1.0,2100-2159,0.0,,0.0,,,,,
310013,2025,1,26,7,2025-01-26,AA,19805,AA,19805,1727,11057,1105703,31057,CLT,"Charlotte, NC",12478,1247805,31703,JFK,"New York, NY",2009,2006.0,-3.0,0.0,0.0,-1.0,2000-2059,12.0,2018.0,2134.0,4.0,2159,2138.0,-21.0,0.0,0.0,-2.0,2100-2159,0.0,,0.0,,,,,
310014,2025,1,27,1,2025-01-27,AA,19805,AA,19805,1727,11057,1105703,31057,CLT,"Charlotte, NC",12478,1247805,31703,JFK,"New York, NY",2009,2006.0,-3.0,0.0,0.0,-1.0,2000-2059,24.0,2030.0,2145.0,6.0,2159,2151.0,-8.0,0.0,0.0,-1.0,2100-2159,0.0,,0.0,,,,,
310015,2025,1,28,2,2025-01-28,AA,19805,AA,19805,1727,11057,1105703,31057,CLT,"Charlotte, NC",12478,1247805,31703,JFK,"New York, NY",2009,2004.0,-5.0,0.0,0.0,-1.0,2000-2059,17.0,2021.0,2137.0,4.0,2159,2141.0,-18.0,0.0,0.0,-2.0,2100-2159,0.0,,0.0,,,,,
310016,2025,1,29,3,2025-01-29,AA,19805,AA,19805,1727,11057,1105703,31057,CLT,"Charlotte, NC",12478,1247805,31703,JFK,"New York, NY",2009,2003.0,-6.0,0.0,0.0,-1.0,2000-2059,12.0,2015.0,2130.0,7.0,2159,2137.0,-22.0,0.0,0.0,-2.0,2100-2159,0.0,,0.0,,,,,
310017,2025,1,30,4,2025-01-30,AA,19805,AA,19805,1727,11057,1105703,31057,CLT,"Charlotte, NC",12478,1247805,31703,JFK,"New York, NY",2009,2007.0,-2.0,0.0,0.0,-1.0,2000-2059,14.0,2021.0,2141.0,9.0,2159,2150.0,-9.0,0.0,0.0,-1.0,2100-2159,0.0,,0.0,,,,,
310018,2025,1,31,5,2025-01-31,AA,19805,AA,19805,1727,11057,1105703,31057,CLT,"Charlotte, NC",12478,1247805,31703,JFK,"New York, NY",2009,2000.0,-9.0,0.0,0.0,-1.0,2000-2059,19.0,2019.0,2152.0,13.0,2159,2205.0,6.0,6.0,0.0,0.0,2100-2159,0.0,,0.0,,,,,
313384,2025,1,1,3,2025-01-01,AA,19805,AA,19805,1848,11057,1105703,31057,CLT,"Charlotte, NC",13930,1393008,30977,ORD,"Chicago, IL",1638,1639.0,1.0,1.0,0.0,0.0,1600-1659,13.0,1652.0,1728.0,8.0,1743,1736.0,-7.0,0.0,0.0,-1.0,1700-1759,0.0,,0.0,,,,,
314648,2025,1,1,3,2025-01-01,AA,19805,AA,19805,1887,11057,1105703,31057,CLT,"Charlotte, NC",12892,1289208,32575,LAX,"Los Angeles, CA",1503,1458.0,-5.0,0.0,0.0,-1.0,1500-1559,25.0,1523.0,1738.0,5.0,1729,1743.0,14.0,14.0,0.0,0.0,1700-1759,0.0,,0.0,,,,,
314649,2025,1,2,4,2025-01-02,AA,19805,AA,19805,1887,11057,1105703,31057,CLT,"Charlotte, NC",12892,1289208,32575,LAX,"Los Angeles, CA",1503,1512.0,9.0,9.0,0.0,0.0,1500-1559,20.0,1532.0,1728.0,7.0,1729,1735.0,6.0,6.0,0.0,0.0,1700-1759,0.0,,0.0,,,,,
314650,2025,1,3,5,2025-01-03,AA,19805,AA,19805,1887,11057,1105703,31057,CLT,"Charlotte, NC",12892,1289208,32575,LAX,"Los Angeles, CA",1503,1547.0,44.0,44.0,1.0,2.0,1500-1559,18.0,1605.0,1751.0,7.0,1729,1758.0,29.0,29.0,1.0,1.0,1700-1759,0.0,,0.0,29.0,0.0,0.0,0.0,0.0
314651,2025,1,4,6,2025-01-04,AA,19805,AA,19805,1887,11057,1105703,31057,CLT,"Charlotte, NC",12892,1289208,32575,LAX,"Los Angeles, CA",1503,1550.0,47.0,47.0,1.0,3.0,1500-1559,15.0,1605.0,1757.0,7.0,1729,1804.0,35.0,35.0,1.0,2.0,1700-1759,0.0,,0.0,11.0,0.0,0.0,0.0,24.0
314652,2025,1,5,7,2025-01-05,AA,19805,AA,19805,1887,11057,1105703,31057,CLT,"Charlotte, NC",12892,1289208,32575,LAX,"Los Angeles, CA",1503,1502.0,-1.0,0.0,0.0,-1.0,1500-1559,9.0,1511.0,1656.0,12.0,1729,1708.0,-21.0,0.0,0.0,-2.0,1700-1759,0.0,,0.0,,,,,
314653,2025,1,6,1,2025-01-06,AA,19805,AA,19805,1887,11057,1105703,31057,CLT,"Charlotte, NC",12892,1289208,32575,LAX,"Los Angeles, CA",1503,1513.0,10.0,10.0,0.0,0.0,1500-1559,13.0,1526.0,1719.0,5.0,1729,1724.0,-5.0,0.0,0.0,-1.0,1700-1759,0.0,,0.0,,,,,
315544,2025,1,9,4,2025-01-09,AA,19805,AA,19805,2837,11057,1105703,31057,CLT,"Charlotte, NC",11292,1129202,30325,DEN,"Denver, CO",1836,1832.0,-4.0,0.0,0.0,-1.0,1800-1859,22.0,1854.0,2020.0,10.0,2024,2030.0,6.0,6.0,0.0,0.0,2000-2059,0.0,,0.0,,,,,
315545,2025,1,10,5,2025-01-10,AA,19805,AA,19805,2837,11057,1105703,31057,CLT,"Charlotte, NC",11292,1129202,30325,DEN,"Denver, CO",1836,,,,,,1800-1859,,,,,2024,,,,,,2000-2059,1.0,B,0.0,,,,,
315546,2025,1,12,7,2025-01-12,AA,19805,AA,19805,2837,11057,1105703,31057,CLT,"Charlotte, NC",11292,1129202,30325,DEN,"Denver, CO",1836,1832.0,-4.0,0.0,0.0,-1.0,1800-1859,25.0,1857.0,2028.0,10.0,2024,2038.0,14.0,14.0,0.0,0.0,2000-2059,0.0,,0.0,,,,,
315547,2025,1,13,1,2025-01-13,AA,19805,AA,19805,2837,11057,1105703,31057,CLT,"Charlotte, NC",11292,1129202,30325,DEN,"Denver, CO",1836,1830.0,-6.0,0.0,0.0,-1.0,1800-1859,14.0,1844.0,2010.0,8.0,2024,2018.0,-6.0,0.0,0.0,-1.0,2000-2059,0.0,,0.0,,,,,
315548,2025,1,16,4,2025-01-16,AA,19805,AA,19805,2837,11057,1105703,31057,CLT,"Charlotte, NC",11292,1129202,30325,DEN,"Denver, CO",1836,1830.0,-6.0,0.0,0.0,-1.0,1800-1859,30.0,1900.0,2012.0,24.0,2024,2036.0,12.0,12.0,0.0,0.0,2000-2059,0.0,,0.0,,,,,
315549,2025,1,17,5,2025-01-17,AA,19805,AA,19805,2837,11057,1105703,31057,CLT,"Charlotte, NC",11292,1129202,30325,DEN,"Denver, CO",1836,1829.0,-7.0,0.0,0.0,-1.0,1800-1859,18.0,1847.0,1954.0,19.0,2024,2013.0,-11.0,0.0,0.0,-1.0,2000-2059,0.0,,0.0,,,,,
315550,2025,1,19,7,2025-01-19,AA,19805,AA,19805,2837,11057,1105703,31057,CLT,"Charlotte, NC",11292,1129202,30325,DEN,"Denver, CO",1836,2010.0,94.0,94.0,1.0,6.0,1800-1859,12.0,2022.0,2141.0,19.0,2024,2200.0,96.0,96.0,1.0,6.0,2000-2059,0.0,,0.0,94.0,0.0,2.0,0.0,0.0
315551,2025,1,20,1,2025-01-20,AA,19805,AA,19805,2837,11057,1105703,31057,CLT,"Charlotte, NC",11292,1129202,30325,DEN,"Denver, CO",1836,1845.0,9.0,9.0,0.0,0.0,1800-1859,19.0,1904.0,2024.0,7.0,2024,2031.0,7.0,7.0,0.0,0.0,2000-2059,0.0,,0.0,,,,,
315552,2025,1,23,4,2025-01-23,AA,19805,AA,19805,2837,11057,1105703,31057,CLT,"Charlotte, NC",11292,1129202,30325,DEN,"Denver, CO",1836,1832.0,-4.0,0.0,0.0,-1.0,1800-1859,17.0,1849.0,1958.0,18.0,2024,2016.0,-8.0,0.0,0.0,-1.0,2000-2059,0.0,,0.0,,,,,
315553,2025,1,24,5,2025-01-24,AA,19805,AA,19805,2837,11057,1105703,31057,CLT,"Charlotte, NC",11292,1129202,30325,DEN,"Denver, CO",1836,1833.0,-3.0,0.0,0.0,-1.0,1800-1859,15.0,1848.0,2007.0,10.0,2024,2017.0,-7.0,0.0,0.0,-1.0,2000-2059,0.0,,0.0,,,,,
315554,2025,1,26,7,2025-01-26,AA,19805,AA,19805,2837,11057,1105703,31057,CLT,"Charlotte, NC",11292,1129202,30325,DEN,"Denver, CO",1836,1844.0,8.0,8.0,0.0,0.0,1800-1859,16.0,1900.0,2032.0,7.0,2024,2039.0,15.0,15.0,1.0,1.0,2000-2059,0.0,,0.0,8.0,0.0,7.0,0.0,0.0
315555,2025,1,27,1,2025-01-27,AA,19805,AA,19805,2837,11057,1105703,31057,CLT,"Charlotte, NC",11292,1129202,30325,DEN,"Denver, CO",1836,1927.0,51.0,51.0,1.0,3.0,1800-1859,18.0,1945.0,2054.0,12.0,2024,2106.0,42.0,42.0,1.0,2.0,2000-2059,0.0,,0.0,28.0,0.0,0.0,0.0,14.0
315556,2025,1,30,4,2025-01-30,AA,19805,AA,19805,2837,11057,1105703,31057,CLT,"Charlotte, NC",11292,1129202,30325,DEN,"Denver, CO",1836,1839.0,3.0,3.0,0.0,0.0,1800-1859,16.0,1855.0,2001.0,7.0,2024,2008.0,-16.0,0.0,0.0,-2.0,2000-2059,0.0,,0.0,,,,,
315557,2025,1,31,5,2025-01-31,AA,19805,AA,19805,2837,11057,1105703,31057,CLT,"Charlotte, NC",11292,1129202,30325,DEN,"Denver, CO",1836,1842.0,6.0,6.0,0.0,0.0,1800-1859,24.0,1906.0,2010.0,5.0,2024,2015.0,-9.0,0.0,0.0,-1.0,2000-2059,0.0,,0.0,,,,,
315570,2025,1,1,3,2025-01-01,AA,19805,AA,19805,2838,11057,1105703,31057,CLT,"Charlotte, NC",11298,1129806,30194,DFW,"Dallas/Fort Worth, TX",1639,1634.0,-5.0,0.0,0.0,-1.0,1600-1659,14.0,1648.0,1826.0,18.0,1845,1844.0,-1.0,0.0,0.0,-1.0,1800-1859,0.0,,0.0,,,,,
315571,2025,1,2,4,2025-01-02,AA,19805,AA,19805,2838,11057,1105703,31057,CLT,"Charlotte, NC",11298,1129806,30194,DFW,"Dallas/Fort Worth, TX",1639,1638.0,-1.0,0.0,0.0,-1.0,1600-1659,19.0,1657.0,1827.0,19.0,1845,1846.0,1.0,1.0,0.0,0.0,1800-1859,0.0,,0.0,,,,,
315572,2025,1,3,5,2025-01-03,AA,19805,AA,19805,2838,11057,1105703,31057,CLT,"Charlotte, NC",11298,1129806,30194,DFW,"Dallas/Fort Worth, TX",1639,1635.0,-4.0,0.0,0.0,-1.0,1600-1659,18.0,1653.0,1817.0,21.0,1845,1838.0,-7.0,0.0,0.0,-1.0,1800-1859,0.0,,0.0,,,,,
315573,2025,1,4,6,2025-01-04,AA,19805,AA,19805,2838,11057,1105703,31057,CLT,"Charlotte, NC",11298,1129806,30194,DFW,"Dallas/Fort Worth, TX",1639,1639.0,0.0,0.0,0.0,0.0,1600-1659,26.0,1705.0,1832.0,16.0,1845,1848.0,3.0,3.0,0.0,0.0,1800-1859,0.0,,0.0,,,,,
315574,2025,1,5,7,2025-01-05,AA,19805,AA,19805,2838,11057,1105703,31057,CLT,"Charlotte, NC",11298,1129806,30194,DFW,"Dallas/Fort Worth, TX",1639,1635.0,-4.0,0.0,0.0,-1.0,1600-1659,60.0,1735.0,1950.0,11.0,1845,2001.0,76.0,76.0,1.0,5.0,1800-1859,0.0,,0.0,0.0,0.0,76.0,0.0,0.0
315575,2025,1,6,1,2025-01-06,AA,19805,AA,19805,2838,11057,1105703,31057,CLT,"Charlotte, NC",11298,1129806,30194,DFW,"Dallas/Fort Worth, TX",1639,1635.0,-4.0,0.0,0.0,-1.0,1600-1659,14.0,1649.0,1820.0,12.0,1845,1832.0,-13.0,0.0,0.0,-1.0,1800-1859,0.0,,0.0,,,,,
315576,2025,1,7,2,2025-01-07,AA,19805,AA,19805,2838,11057,1105703,31057,CLT,"Charlotte, NC",11298,1129806,30194,DFW,"Dallas/Fort Worth, TX",1641,1639.0,-2.0,0.0,0.0,-1.0,1600-1659,15.0,1654.0,1824.0,12.0,1845,1836.0,-9.0,0.0,0.0,-1.0,1800-1859,0.0,,0.0,,,,,
315577,2025,1,8,3,2025-01-08,AA,19805,AA,19805,2838,11057,1105703,31057,CLT,"Charlotte, NC",11298,1129806,30194,DFW,"Dallas/Fort Worth, TX",1641,1646.0,5.0,5.0,0.0,0.0,1600-1659,15.0,1701.0,1834.0,13.0,1845,1847.0,2.0,2.0,0.0,0.0,1800-1859,0.0,,0.0,,,,,
315578,2025,1,9,4,2025-01-09,AA,19805,AA,19805,2838,11057,1105703,31057,CLT,"Charlotte, NC",11298,1129806,30194,DFW,"Dallas/Fort Worth, TX",1641,,,,,,1600-1659,,,,,1845,,,,,,1800-1859,1.0,B,0.0,,,,,
315579,2025,1,10,5,2025-01-10,AA,19805,AA,19805,2838,11057,1105703,31057,CLT,"Charlotte, NC",11298,1129806,30194,DFW,"Dallas/Fort Worth, TX",1641,,,,,,1600-1659,,,,,1845,,,,,,1800-1859,1.0,B,0.0,,,,,
315580,2025,1,11,6,2025-01-11,AA,19805,AA,19805,2838,11057,1105703,31057,CLT,"Charlotte, NC",11298,1129806,30194,DFW,"Dallas/Fort Worth, TX",1641,1641.0,0.0,0.0,0.0,0.0,1600-1659,15.0,1656.0,1815.0,13.0,1845,1828.0,-17.0,0.0,0.0,-2.0,1800-1859,0.0,,0.0,,,,,
315581,2025,1,12,7,2025-01-12,AA,19805,AA,19805,2838,11057,1105703,31057,CLT,"Charlotte, NC",11298,1129806,30194,DFW,"Dallas/Fort Worth, TX",1641,1639.0,-2.0,0.0,0.0,-1.0,1600-1659,19.0,1658.0,1828.0,27.0,1845,1855.0,10.0,10.0,0.0,0.0,1800-1859,0.0,,0.0,,,,,
315582,2025,1,13,1,2025-01-13,AA,19805,AA,19805,2838,11057,1105703,31057,CLT,"Charlotte, NC",11298,1129806,30194,DFW,"Dallas/Fort Worth, TX",1641,1638.0,-3.0,0.0,0.0,-1.0,1600-1659,15.0,1653.0,1818.0,21.0,1845,1839.0,-6.0,0.0,0.0,-1.0,1800-1859,0.0,,0.0,,,,,
315583,2025,1,14,2,2025-01-14,AA,19805,AA,19805,2838,11057,1105703,31057,CLT,"Charlotte, NC",11298,1129806,30194,DFW,"Dallas/Fort Worth, TX",1641,1644.0,3.0,3.0,0.0,0.0,1600-1659,16.0,1700.0,1826.0,7.0,1845,1833.0,-12.0,0.0,0.0,-1.0,1800-1859,0.0,,0.0,,,,,
315584,2025,1,15,3,2025-01-15,AA,19805,AA,19805,2838,11057,1105703,31057,CLT,"Charlotte, NC",11298,1129806,30194,DFW,"Dallas/Fort Worth, TX",1641,1640.0,-1.0,0.0,0.0,-1.0,1600-1659,19.0,1659.0,1833.0,22.0,1845,1855.0,10.0,10.0,0.0,0.0,1800-1859,0.0,,0.0,,,,,
315585,2025,1,16,4,2025-01-16,AA,19805,AA,19805,2838,11057,1105703,31057,CLT,"Charlotte, NC",11298,1129806,30194,DFW,"Dallas/Fort Worth, TX",1641,1639.0,-2.0,0.0,0.0,-1.0,1600-1659,33.0,1712.0,1830.0,7.0,1845,1837.0,-8.0,0.0,0.0,-1.0,1800-1859,0.0,,0.0,,,,,
315586,2025,1,17,5,2025-01-17,AA,19805,AA,19805,2838,11057,1105703,31057,CLT,"Charlotte, NC",11298,1129806,30194,DFW,"Dallas/Fort Worth, TX",1641,1640.0,-1.0,0.0,0.0,-1.0,1600-1659,18.0,1658.0,1842.0,25.0,1845,1907.0,22.0,22.0,1.0,1.0,1800-1859,0.0,,0.0,0.0,0.0,22.0,0.0,0.0
315587,2025,1,18,6,2025-01-18,AA,19805,AA,19805,2838,11057,1105703,31057,CLT,"Charlotte, NC",11298,1129806,30194,DFW,"Dallas/Fort Worth, TX",1641,1635.0,-6.0,0.0,0.0,-1.0,1600-1659,15.0,1650.0,1820.0,28.0,1845,1848.0,3.0,3.0,0.0,0.0,1800-1859,0.0,,0.0,,,,,
315588,2025,1,19,7,2025-01-19,AA,19805,AA,19805,2838,11057,1105703,31057,CLT,"Charlotte, NC",11298,1129806,30194,DFW,"Dallas/Fort Worth, TX",1641,1708.0,27.0,27.0,1.0,1.0,1600-1659,21.0,1729.0,1905.0,17.0,1845,1922.0,37.0,37.0,1.0,2.0,1800-1859,0.0,,0.0,27.0,0.0,10.0,0.0,0.0
315589,2025,1,20,1,2025-01-20,AA,19805,AA,19805,2838,11057,1105703,31057,CLT,"Charlotte, NC",11298,1129806,30194,DFW,"Dallas/Fort Worth, TX",1641,1637.0,-4.0,0.0,0.0,-1.0,1600-1659,15.0,1652.0,1832.0,12.0,1845,1844.0,-1.0,0.0,0.0,-1.0,1800-1859,0.0,,0.0,,,,,
315590,2025,1,21,2,2025-01-21,AA,19805,AA,19805,2838,11057,1105703,31057,CLT,"Charlotte, NC",11298,1129806,30194,DFW,"Dallas/Fort Worth, TX",1641,1638.0,-3.0,0.0,0.0,-1.0,1600-1659,20.0,1658.0,1822.0,21.0,1845,1843.0,-2.0,0.0,0.0,-1.0,1800-1859,0.0,,0.0,,,,,
315591,2025,1,22,3,2025-01-22,AA,19805,AA,19805,2838,11057,1105703,31057,CLT,"Charlotte, NC",11298,1129806,30194,DFW,"Dallas/Fort Worth, TX",1641,1637.0,-4.0,0.0,0.0,-1.0,1600-1659,19.0,1656.0,1826.0,22.0,1845,1848.0,3.0,3.0,0.0,0.0,1800-1859,0.0,,0.0,,,,,
315592,2025,1,23,4,2025-01-23,AA,19805,AA,19805,2838,11057,1105703,31057,CLT,"Charlotte, NC",11298,1129806,30194,DFW,"Dallas/Fort Worth, TX",1641,1639.0,-2.0,0.0,0.0,-1.0,1600-1659,15.0,1654.0,1840.0,12.0,1845,1852.0,7.0,7.0,0.0,0.0,1800-1859,0.0,,0.0,,,,,
315593,2025,1,24,5,2025-01-24,AA,19805,AA,19805,2838,11057,1105703,31057,CLT,"Charlotte, NC",11298,1129806,30194,DFW,"Dallas/Fort Worth, TX",1641,1651.0,10.0,10.0,0.0,0.0,1600-1659,14.0,1705.0,1826.0,17.0,1845,1843.0,-2.0,0.0,0.0,-1.0,1800-1859,0.0,,0.0,,,,,
315594,2025,1,25,6,2025-01-25,AA,19805,AA,19805,2838,11057,1105703,31057,CLT,"Charlotte, NC",11298,1129806,30194,DFW,"Dallas/Fort Worth, TX",1641,1642.0,1.0,1.0,0.0,0.0,1600-1659,30.0,1712.0,1836.0,12.0,1845,1848.0,3.0,3.0,0.0,0.0,1800-1859,0.0,,0.0,,,,,
315595,2025,1,26,7,2025-01-26,AA,19805,AA,19805,2838,11057,1105703,31057,CLT,"Charlotte, NC",11298,1129806,30194,DFW,"Dallas/Fort Worth, TX",1641,1638.0,-3.0,0.0,0.0,-1.0,1600-1659,15.0,1653.0,1838.0,13.0,1845,1851.0,6.0,6.0,0.0,0.0,1800-1859,0.0,,0.0,,,,,
315596,2025,1,27,1,2025-01-27,AA,19805,AA,19805,2838,11057,1105703,31057,CLT,"Charlotte, NC",11298,1129806,30194,DFW,"Dallas/Fort Worth, TX",1641,1642.0,1.0,1.0,0.0,0.0,1600-1659,47.0,1729.0,1858.0,12.0,1845,1910.0,25.0,25.0,1.0,1.0,1800-1859,0.0,,0.0,1.0,0.0,24.0,0.0,0.0
315597,2025,1,28,2,2025-01-28,AA,19805,AA,19805,2838,11057,1105703,31057,CLT,"Charlotte, NC",11298,1129806,30194,DFW,"Dallas/Fort Worth, TX",1641,1636.0,-5.0,0.0,0.0,-1.0,1600-1659,21.0,1657.0,1822.0,21.0,1845,1843.0,-2.0,0.0,0.0,-1.0,1800-1859,0.0,,0.0,,,,,
315598,2025,1,29,3,2025-01-29,AA,19805,AA,19805,2838,11057,1105703,31057,CLT,"Charlotte, NC",11298,1129806,30194,DFW,"Dallas/Fort Worth, TX",1641,1644.0,3.0,3.0,0.0,0.0,1600-1659,28.0,1712.0,1848.0,33.0,1845,1921.0,36.0,36.0,1.0,2.0,1800-1859,0.0,,0.0,3.0,0.0,33.0,0.0,0.0
315599,2025,1,30,4,2025-01-30,AA,19805,AA,19805,2838,11057,1105703,31057,CLT,"Charlotte, NC",11298,1129806,30194,DFW,"Dallas/Fort Worth, TX",1641,1638.0,-3.0,0.0,0.0,-1.0,1600-1659,21.0,1659.0,1841.0,15.0,1845,1856.0,11.0,11.0,0.0,0.0,1800-1859,0.0,,0.0,,,,,
315600,2025,1,31,5,2025-01-31,AA,19805,AA,19805,2838,11057,1105703,31057,CLT,"Charlotte, NC",11298,1129806,30194,DFW,"Dallas/Fort Worth, TX",1641,1634.0,-7.0,0.0,0.0,-1.0,1600-1659,16.0,1650.0,1826.0,6.0,1845,1832.0,-13.0,0.0,0.0,-1.0,1800-1859,0.0,,0.0,,,,,
315722,2025,1,1,3,2025-01-01,AA,19805,AA,19805,2843,11057,1105703,31057,CLT,"Charlotte, NC",13930,1393008,30977,ORD,"Chicago, IL",744,737.0,-7.0,0.0,0.0,-1.0,0700-0759,13.0,750.0,826.0,16.0,855,842.0,-13.0,0.0,0.0,-1.0,0800-0859,0.0,,0.0,,,,,
315723,2025,1,2,4,2025-01-02,AA,19805,AA,19805,2843,11057,1105703,31057,CLT,"Charlotte, NC",13930,1393008,30977,ORD,"Chicago, IL",744,743.0,-1.0,0.0,0.0,-1.0,0700-0759,32.0,815.0,847.0,10.0,855,857.0,2.0,2.0,0.0,0.0,0800-0859,0.0,,0.0,,,,,
315724,2025,1,3,5,2025-01-03,AA,19805,AA,19805,2843,11057,1105703,31057,CLT,"Charlotte, NC",13930,1393008,30977,ORD,"Chicago, IL",744,921.0,97.0,97.0,1.0,6.0,0700-0759,17.0,938.0,1013.0,15.0,855,1028.0,93.0,93.0,1.0,6.0,0800-0859,0.0,,0.0,93.0,0.0,0.0,0.0,0.0
315725,2025,1,4,6,2025-01-04,AA,19805,AA,19805,2843,11057,1105703,31057,CLT,"Charlotte, NC",13930,1393008,30977,ORD,"Chicago, IL",744,743.0,-1.0,0.0,0.0,-1.0,0700-0759,13.0,756.0,841.0,11.0,855,852.0,-3.0,0.0,0.0,-1.0,0800-0859,0.0,,0.0,,,,,
315726,2025,1,5,7,2025-01-05,AA,19805,AA,19805,2843,11057,1105703,31057,CLT,"Charlotte, NC",13930,1393008,30977,ORD,"Chicago, IL",744,740.0,-4.0,0.0,0.0,-1.0,0700-0759,27.0,807.0,841.0,8.0,855,849.0,-6.0,0.0,0.0,-1.0,0800-0859,0.0,,0.0,,,,,
315727,2025,1,6,1,2025-01-06,AA,19805,AA,19805,2843,11057,1105703,31057,CLT,"Charlotte, NC",13930,1393008,30977,ORD,"Chicago, IL",744,749.0,5.0,5.0,0.0,0.0,0700-0759,76.0,905.0,955.0,15.0,855,1010.0,75.0,75.0,1.0,5.0,0800-0859,0.0,,0.0,5.0,0.0,70.0,0.0,0.0
315728,2025,1,7,2,2025-01-07,AA,19805,AA,19805,2843,11057,1105703,31057,CLT,"Charlotte, NC",13930,1393008,30977,ORD,"Chicago, IL",720,713.0,-7.0,0.0,0.0,-1.0,0700-0759,21.0,734.0,806.0,10.0,830,816.0,-14.0,0.0,0.0,-1.0,0800-0859,0.0,,0.0,,,,,
315729,2025,1,8,3,2025-01-08,AA,19805,AA,19805,2843,11057,1105703,31057,CLT,"Charlotte, NC",13930,1393008,30977,ORD,"Chicago, IL",720,714.0,-6.0,0.0,0.0,-1.0,0700-0759,13.0,727.0,804.0,12.0,830,816.0,-14.0,0.0,0.0,-1.0,0800-0859,0.0,,0.0,,,,,
315730,2025,1,9,4,2025-01-09,AA,19805,AA,19805,2843,11057,1105703,31057,CLT,"Charlotte, NC",13930,1393008,30977,ORD,"Chicago, IL",720,717.0,-3.0,0.0,0.0,-1.0,0700-0759,14.0,731.0,806.0,11.0,830,817.0,-13.0,0.0,0.0,-1.0,0800-0859,0.0,,0.0,,,,,
315731,2025,1,10,5,2025-01-10,AA,19805,AA,19805,2843,11057,1105703,31057,CLT,"Charlotte, NC",13930,1393008,30977,ORD,"Chicago, IL",720,716.0,-4.0,0.0,0.0,-1.0,0700-0759,15.0,731.0,836.0,24.0,830,900.0,30.0,30.0,1.0,2.0,0800-0859,0.0,,0.0,0.0,0.0,30.0,0.0,0.0
315732,2025,1,11,6,2025-01-11,AA,19805,AA,19805,2843,11057,1105703,31057,CLT,"Charlotte, NC",13930,1393008,30977,ORD,"Chicago, IL",720,716.0,-4.0,0.0,0.0,-1.0,0700-0759,83.0,839.0,916.0,10.0,830,926.0,56.0,56.0,1.0,3.0,0800-0859,0.0,,0.0,0.0,0.0,56.0,0.0,0.0
315733,2025,1,12,7,2025-01-12,AA,19805,AA,19805,2843,11057,1105703,31057,CLT,"Charlotte, NC",13930,1393008,30977,ORD,"Chicago, IL",720,717.0,-3.0,0.0,0.0,-1.0,0700-0759,28.0,745.0,816.0,10.0,830,826.0,-4.0,0.0,0.0,-1.0,0800-0859,0.0,,0.0,,,,,
315734,2025,1,13,1,2025-01-13,AA,19805,AA,19805,2843,11057,1105703,31057,CLT,"Charlotte, NC",13930,1393008,30977,ORD,"Chicago, IL",720,716.0,-4.0,0.0,0.0,-1.0,0700-0759,15.0,731.0,802.0,14.0,830,816.0,-14.0,0.0,0.0,-1.0,0800-0859,0.0,,0.0,,,,,
315735,2025,1,14,2,2025-01-14,AA,19805,AA,19805,2843,11057,1105703,31057,CLT,"Charlotte, NC",13930,1393008,30977,ORD,"Chicago, IL",720,712.0,-8.0,0.0,0.0,-1.0,0700-0759,24.0,736.0,819.0,11.0,830,830.0,0.0,0.0,0.0,0.0,0800-0859,0.0,,0.0,,,,,
315736,2025,1,15,3,2025-01-15,AA,19805,AA,19805,2843,11057,1105703,31057,CLT,"Charlotte, NC",13930,1393008,30977,ORD,"Chicago, IL",720,713.0,-7.0,0.0,0.0,-1.0,0700-0759,16.0,729.0,803.0,9.0,830,812.0,-18.0,0.0,0.0,-2.0,0800-0859,0.0,,0.0,,,,,
315737,2025,1,16,4,2025-01-16,AA,19805,AA,19805,2843,11057,1105703,31057,CLT,"Charlotte, NC",13930,1393008,30977,ORD,"Chicago, IL",720,725.0,5.0,5.0,0.0,0.0,0700-0759,27.0,752.0,834.0,13.0,830,847.0,17.0,17.0,1.0,1.0,0800-0859,0.0,,0.0,5.0,0.0,12.0,0.0,0.0
315738,2025,1,17,5,2025-01-17,AA,19805,AA,19805,2843,11057,1105703,31057,CLT,"Charlotte, NC",13930,1393008,30977,ORD,"Chicago, IL",720,709.0,-11.0,0.0,0.0,-1.0,0700-0759,16.0,725.0,800.0,9.0,830,809.0,-21.0,0.0,0.0,-2.0,0800-0859,0.0,,0.0,,,,,
315739,2025,1,18,6,2025-01-18,AA,19805,AA,19805,2843,11057,1105703,31057,CLT,"Charlotte, NC",13930,1393008,30977,ORD,"Chicago, IL",720,720.0,0.0,0.0,0.0,0.0,0700-0759,25.0,745.0,815.0,11.0,830,826.0,-4.0,0.0,0.0,-1.0,0800-0859,0.0,,0.0,,,,,
315740,2025,1,19,7,2025-01-19,AA,19805,AA,19805,2843,11057,1105703,31057,CLT,"Charlotte, NC",13930,1393008,30977,ORD,"Chicago, IL",720,722.0,2.0,2.0,0.0,0.0,0700-0759,13.0,735.0,804.0,33.0,830,837.0,7.0,7.0,0.0,0.0,0800-0859,0.0,,0.0,,,,,
315741,2025,1,20,1,2025-01-20,AA,19805,AA,19805,2843,11057,1105703,31057,CLT,"Charlotte, NC",13930,1393008,30977,ORD,"Chicago, IL",720,719.0,-1.0,0.0,0.0,-1.0,0700-0759,16.0,735.0,808.0,25.0,830,833.0,3.0,3.0,0.0,0.0,0800-0859,0.0,,0.0,,,,,
315742,2025,1,21,2,2025-01-21,AA,19805,AA,19805,2843,11057,1105703,31057,CLT,"Charlotte, NC",13930,1393008,30977,ORD,"Chicago, IL",720,718.0,-2.0,0.0,0.0,-1.0,0700-0759,11.0,729.0,804.0,10.0,830,814.0,-16.0,0.0,0.0,-2.0,0800-0859,0.0,,0.0,,,,,
315743,2025,1,22,3,2025-01-22,AA,19805,AA,19805,2843,11057,1105703,31057,CLT,"Charlotte, NC",13930,1393008,30977,ORD,"Chicago, IL",720,720.0,0.0,0.0,0.0,0.0,0700-0759,14.0,734.0,812.0,13.0,830,825.0,-5.0,0.0,0.0,-1.0,0800-0859,0.0,,0.0,,,,,
315744,2025,1,23,4,2025-01-23,AA,19805,AA,19805,2843,11057,1105703,31057,CLT,"Charlotte, NC",13930,1393008,30977,ORD,"Chicago, IL",720,819.0,59.0,59.0,1.0,3.0,0700-0759,15.0,834.0,905.0,10.0,830,915.0,45.0,45.0,1.0,3.0,0800-0859,0.0,,0.0,45.0,0.0,0.0,0.0,0.0
315745,2025,1,24,5,2025-01-24,AA,19805,AA,19805,2843,11057,1105703,31057,CLT,"Charlotte, NC",13930,1393008,30977,ORD,"Chicago, IL",720,716.0,-4.0,0.0,0.0,-1.0,0700-0759,45.0,801.0,828.0,18.0,830,846.0,16.0,16.0,1.0,1.0,0800-0859,0.0,,0.0,0.0,0.0,16.0,0.0,0.0
315746,2025,1,25,6,2025-01-25,AA,19805,AA,19805,2843,11057,1105703,31057,CLT,"Charlotte, NC",13930,1393008,30977,ORD,"Chicago, IL",720,713.0,-7.0,0.0,0.0,-1.0,0700-0759,12.0,725.0,807.0,13.0,830,820.0,-10.0,0.0,0.0,-1.0,0800-0859,0.0,,0.0,,,,,
315747,2025,1,26,7,2025-01-26,AA,19805,AA,19805,2843,11057,1105703,31057,CLT,"Charlotte, NC",13930,1393008,30977,ORD,"Chicago, IL",720,721.0,1.0,1.0,0.0,0.0,0700-0759,12.0,733.0,809.0,10.0,830,819.0,-11.0,0.0,0.0,-1.0,0800-0859,0.0,,0.0,,,,,
315748,2025,1,27,1,2025-01-27,AA,19805,AA,19805,2843,11057,1105703,31057,CLT,"Charlotte, NC",13930,1393008,30977,ORD,"Chicago, IL",720,714.0,-6.0,0.0,0.0,-1.0,0700-0759,15.0,729.0,803.0,9.0,830,812.0,-18.0,0.0,0.0,-2.0,0800-0859,0.0,,0.0,,,,,
315749,2025,1,28,2,2025-01-28,AA,19805,AA,19805,2843,11057,1105703,31057,CLT,"Charlotte, NC",13930,1393008,30977,ORD,"Chicago, IL",720,714.0,-6.0,0.0,0.0,-1.0,0700-0759,31.0,745.0,819.0,16.0,830,835.0,5.0,5.0,0.0,0.0,0800-0859,0.0,,0.0,,,,,
315750,2025,1,29,3,2025-01-29,AA,19805,AA,19805,2843,11057,1105703,31057,CLT,"Charlotte, NC",13930,1393008,30977,ORD,"Chicago, IL",720,714.0,-6.0,0.0,0.0,-1.0,0700-0759,14.0,728.0,807.0,14.0,830,821.0,-9.0,0.0,0.0,-1.0,0800-0859,0.0,,0.0,,,,,
315751,2025,1,30,4,2025-01-30,AA,19805,AA,19805,2843,11057,1105703,31057,CLT,"Charlotte, NC",13930,1393008,30977,ORD,"Chicago, IL",720,713.0,-7.0,0.0,0.0,-1.0,0700-0759,17.0,730.0,801.0,15.0,830,816.0,-14.0,0.0,0.0,-1.0,0800-0859,0.0,,0.0,,,,,
315752,2025,1,31,5,2025-01-31,AA,19805,AA,19805,2843,11057,1105703,31057,CLT,"Charlotte, NC",13930,1393008,30977,ORD,"Chicago, IL",720,712.0,-8.0,0.0,0.0,-1.0,0700-0759,14.0,726.0,810.0,10.0,830,820.0,-10.0,0.0,0.0,-1.0,0800-0859,0.0,,0.0,,,,,
318597,2025,1,7,2,2025-01-07,AA,19805,AA,19805,2947,11057,1105703,31057,CLT,"Charlotte, NC",12892,1289208,32575,LAX,"Los Angeles, CA",1505,1501.0,-4.0,0.0,0.0,-1.0,1500-1559,15.0,1516.0,1721.0,9.0,1736,1730.0,-6.0,0.0,0.0,-1.0,1700-1759,0.0,,0.0,,,,,
318598,2025,1,8,3,2025-01-08,AA,19805,AA,19805,2947,11057,1105703,31057,CLT,"Charlotte, NC",12892,1289208,32575,LAX,"Los Angeles, CA",1505,1503.0,-2.0,0.0,0.0,-1.0,1500-1559,21.0,1524.0,1658.0,10.0,1736,1708.0,-28.0,0.0,0.0,-2.0,1700-1759,0.0,,0.0,,,,,
318599,2025,1,9,4,2025-01-09,AA,19805,AA,19805,2947,11057,1105703,31057,CLT,"Charlotte, NC",12892,1289208,32575,LAX,"Los Angeles, CA",1505,1504.0,-1.0,0.0,0.0,-1.0,1500-1559,24.0,1528.0,1730.0,6.0,1736,1736.0,0.0,0.0,0.0,0.0,1700-1759,0.0,,0.0,,,,,
318600,2025,1,10,5,2025-01-10,AA,19805,AA,19805,2947,11057,1105703,31057,CLT,"Charlotte, NC",12892,1289208,32575,LAX,"Los Angeles, CA",1505,1519.0,14.0,14.0,0.0,0.0,1500-1559,39.0,1558.0,1734.0,6.0,1736,1740.0,4.0,4.0,0.0,0.0,1700-1759,0.0,,0.0,,,,,
318601,2025,1,11,6,2025-01-11,AA,19805,AA,19805,2947,11057,1105703,31057,CLT,"Charlotte, NC",12892,1289208,32575,LAX,"Los Angeles, CA",1505,1500.0,-5.0,0.0,0.0,-1.0,1500-1559,15.0,1515.0,1707.0,8.0,1736,1715.0,-21.0,0.0,0.0,-2.0,1700-1759,0.0,,0.0,,,,,
318602,2025,1,12,7,2025-01-12,AA,19805,AA,19805,2947,11057,1105703,31057,CLT,"Charlotte, NC",12892,1289208,32575,LAX,"Los Angeles, CA",1505,1504.0,-1.0,0.0,0.0,-1.0,1500-1559,15.0,1519.0,1728.0,4.0,1736,1732.0,-4.0,0.0,0.0,-1.0,1700-1759,0.0,,0.0,,,,,
318603,2025,1,13,1,2025-01-13,AA,19805,AA,19805,2947,11057,1105703,31057,CLT,"Charlotte, NC",12892,1289208,32575,LAX,"Los Angeles, CA",1505,1500.0,-5.0,0.0,0.0,-1.0,1500-1559,14.0,1514.0,1653.0,6.0,1736,1659.0,-37.0,0.0,0.0,-2.0,1700-1759,0.0,,0.0,,,,,
318604,2025,1,14,2,2025-01-14,AA,19805,AA,19805,2947,11057,1105703,31057,CLT,"Charlotte, NC",12892,1289208,32575,LAX,"Los Angeles, CA",1505,1503.0,-2.0,0.0,0.0,-1.0,1500-1559,13.0,1516.0,1710.0,5.0,1736,1715.0,-21.0,0.0,0.0,-2.0,1700-1759,0.0,,0.0,,,,,
318605,2025,1,15,3,2025-01-15,AA,19805,AA,19805,2947,11057,1105703,31057,CLT,"Charlotte, NC",12892,1289208,32575,LAX,"Los Angeles, CA",1505,1503.0,-2.0,0.0,0.0,-1.0,1500-1559,22.0,1525.0,1659.0,8.0,1736,1707.0,-29.0,0.0,0.0,-2.0,1700-1759,0.0,,0.0,,,,,
318606,2025,1,16,4,2025-01-16,AA,19805,AA,19805,2947,11057,1105703,31057,CLT,"Charlotte, NC",12892,1289208,32575,LAX,"Los Angeles, CA",1505,1505.0,0.0,0.0,0.0,0.0,1500-1559,26.0,1531.0,1713.0,14.0,1736,1727.0,-9.0,0.0,0.0,-1.0,1700-1759,0.0,,0.0,,,,,
318607,2025,1,17,5,2025-01-17,AA,19805,AA,19805,2947,11057,1105703,31057,CLT,"Charlotte, NC",12892,1289208,32575,LAX,"Los Angeles, CA",1505,1504.0,-1.0,0.0,0.0,-1.0,1500-1559,15.0,1519.0,1649.0,11.0,1736,1700.0,-36.0,0.0,0.0,-2.0,1700-1759,0.0,,0.0,,,,,
318608,2025,1,18,6,2025-01-18,AA,19805,AA,19805,2947,11057,1105703,31057,CLT,"Charlotte, NC",12892,1289208,32575,LAX,"Los Angeles, CA",1505,1508.0,3.0,3.0,0.0,0.0,1500-1559,11.0,1519.0,1715.0,7.0,1736,1722.0,-14.0,0.0,0.0,-1.0,1700-1759,0.0,,0.0,,,,,
318609,2025,1,19,7,2025-01-19,AA,19805,AA,19805,2947,11057,1105703,31057,CLT,"Charlotte, NC",12892,1289208,32575,LAX,"Los Angeles, CA",1505,1542.0,37.0,37.0,1.0,2.0,1500-1559,18.0,1600.0,1803.0,6.0,1736,1809.0,33.0,33.0,1.0,2.0,1700-1759,0.0,,0.0,33.0,0.0,0.0,0.0,0.0
318610,2025,1,20,1,2025-01-20,AA,19805,AA,19805,2947,11057,1105703,31057,CLT,"Charlotte, NC",12892,1289208,32575,LAX,"Los Angeles, CA",1505,1500.0,-5.0,0.0,0.0,-1.0,1500-1559,11.0,1511.0,1704.0,13.0,1736,1717.0,-19.0,0.0,0.0,-2.0,1700-1759,0.0,,0.0,,,,,
318611,2025,1,21,2,2025-01-21,AA,19805,AA,19805,2947,11057,1105703,31057,CLT,"Charlotte, NC",12892,1289208,32575,LAX,"Los Angeles, CA",1505,1503.0,-2.0,0.0,0.0,-1.0,1500-1559,13.0,1516.0,1712.0,11.0,1736,1723.0,-13.0,0.0,0.0,-1.0,1700-1759,0.0,,0.0,,,,,
318612,2025,1,22,3,2025-01-22,AA,19805,AA,19805,2947,11057,1105703,31057,CLT,"Charlotte, NC",12892,1289208,32575,LAX,"Los Angeles, CA",1505,1511.0,6.0,6.0,0.0,0.0,1500-1559,16.0,1527.0,1718.0,10.0,1736,1728.0,-8.0,0.0,0.0,-1.0,1700-1759,0.0,,0.0,,,,,
318613,2025,1,23,4,2025-01-23,AA,19805,AA,19805,2947,11057,1105703,31057,CLT,"Charlotte, NC",12892,1289208,32575,LAX,"Los Angeles, CA",1505,1505.0,0.0,0.0,0.0,0.0,1500-1559,11.0,1516.0,1658.0,7.0,1736,1705.0,-31.0,0.0,0.0,-2.0,1700-1759,0.0,,0.0,,,,,
318614,2025,1,24,5,2025-01-24,AA,19805,AA,19805,2947,11057,1105703,31057,CLT,"Charlotte, NC",12892,1289208,32575,LAX,"Los Angeles, CA",1505,1521.0,16.0,16.0,1.0,1.0,1500-1559,35.0,1556.0,1743.0,6.0,1736,1749.0,13.0,13.0,0.0,0.0,1700-1759,0.0,,0.0,,,,,
318615,2025,1,25,6,2025-01-25,AA,19805,AA,19805,2947,11057,1105703,31057,CLT,"Charlotte, NC",12892,1289208,32575,LAX,"Los Angeles, CA",1505,1504.0,-1.0,0.0,0.0,-1.0,1500-1559,10.0,1514.0,1722.0,6.0,1736,1728.0,-8.0,0.0,0.0,-1.0,1700-1759,0.0,,0.0,,,,,
318616,2025,1,26,7,2025-01-26,AA,19805,AA,19805,2947,11057,1105703,31057,CLT,"Charlotte, NC",12892,1289208,32575,LAX,"Los Angeles, CA",1505,1509.0,4.0,4.0,0.0,0.0,1500-1559,18.0,1527.0,1745.0,6.0,1736,1751.0,15.0,15.0,1.0,1.0,1700-1759,0.0,,0.0,4.0,0.0,11.0,0.0,0.0
318617,2025,1,27,1,2025-01-27,AA,19805,AA,19805,2947,11057,1105703,31057,CLT,"Charlotte, NC",12892,1289208,32575,LAX,"Los Angeles, CA",1505,1503.0,-2.0,0.0,0.0,-1.0,1500-1559,19.0,1522.0,1724.0,4.0,1736,1728.0,-8.0,0.0,0.0,-1.0,1700-1759,0.0,,0.0,,,,,
318618,2025,1,28,2,2025-01-28,AA,19805,AA,19805,2947,11057,1105703,31057,CLT,"Charlotte, NC",12892,1289208,32575,LAX,"Los Angeles, CA",1505,1503.0,-2.0,0.0,0.0,-1.0,1500-1559,13.0,1516.0,1709.0,14.0,1736,1723.0,-13.0,0.0,0.0,-1.0,1700-1759,0.0,,0.0,,,,,
318619,2025,1,29,3,2025-01-29,AA,19805,AA,19805,2947,11057,1105703,31057,CLT,"Charlotte, NC",12892,1289208,32575,LAX,"Los Angeles, CA",1505,1500.0,-5.0,0.0,0.0,-1.0,1500-1559,27.0,1527.0,1656.0,7.0,1736,1703.0,-33.0,0.0,0.0,-2.0,1700-1759,0.0,,0.0,,,,,
318620,2025,1,30,4,2025-01-30,AA,19805,AA,19805,2947,11057,1105703,31057,CLT,"Charlotte, NC",12892,1289208,32575,LAX,"Los Angeles, CA",1505,1507.0,2.0,2.0,0.0,0.0,1500-1559,22.0,1529.0,1708.0,8.0,1736,1716.0,-20.0,0.0,0.0,-2.0,1700-1759,0.0,,0.0,,,,,
318621,2025,1,31,5,2025-01-31,AA,19805,AA,19805,2947,11057,1105703,31057,CLT,"Charlotte, NC",12892,1289208,32575,LAX,"Los Angeles, CA",1505,1503.0,-2.0,0.0,0.0,-1.0,1500-1559,15.0,1518.0,1658.0,10.0,1736,1708.0,-28.0,0.0,0.0,-2.0,1700-1759,0.0,,0.0,,,,,
321133,2025,1,1,3,2025-01-01,AA,19805,AA,19805,3057,11057,1105703,31057,CLT,"Charlotte, NC",12892,1289208,32575,LAX,"Los Angeles, CA",906,904.0,-2.0,0.0,0.0,-1.0,0900-0959,22.0,926.0,1131.0,12.0,1131,1143.0,12.0,12.0,0.0,0.0,1100-1159,0.0,,0.0,,,,,
321134,2025,1,2,4,2025-01-02,AA,19805,AA,19805,3057,11057,1105703,31057,CLT,"Charlotte, NC",12892,1289208,32575,LAX,"Los Angeles, CA",906,904.0,-2.0,0.0,0.0,-1.0,0900-0959,13.0,917.0,1113.0,5.0,1131,1118.0,-13.0,0.0,0.0,-1.0,1100-1159,0.0,,0.0,,,,,
321135,2025,1,3,5,2025-01-03,AA,19805,AA,19805,3057,11057,1105703,31057,CLT,"Charlotte, NC",12892,1289208,32575,LAX,"Los Angeles, CA",906,905.0,-1.0,0.0,0.0,-1.0,0900-0959,14.0,919.0,1107.0,5.0,1131,1112.0,-19.0,0.0,0.0,-2.0,1100-1159,0.0,,0.0,,,,,
321136,2025,1,4,6,2025-01-04,AA,19805,AA,19805,3057,11057,1105703,31057,CLT,"Charlotte, NC",12892,1289208,32575,LAX,"Los Angeles, CA",855,852.0,-3.0,0.0,0.0,-1.0,0800-0859,16.0,908.0,1105.0,10.0,1121,1115.0,-6.0,0.0,0.0,-1.0,1100-1159,0.0,,0.0,,,,,
321137,2025,1,5,7,2025-01-05,AA,19805,AA,19805,3057,11057,1105703,31057,CLT,"Charlotte, NC",12892,1289208,32575,LAX,"Los Angeles, CA",906,902.0,-4.0,0.0,0.0,-1.0,0900-0959,17.0,919.0,1100.0,9.0,1131,1109.0,-22.0,0.0,0.0,-2.0,1100-1159,0.0,,0.0,,,,,
321138,2025,1,6,1,2025-01-06,AA,19805,AA,19805,3057,11057,1105703,31057,CLT,"Charlotte, NC",12892,1289208,32575,LAX,"Los Angeles, CA",906,1246.0,220.0,220.0,1.0,12.0,0900-0959,16.0,1302.0,1455.0,9.0,1131,1504.0,213.0,213.0,1.0,12.0,1100-1159,0.0,,0.0,92.0,0.0,0.0,0.0,121.0
322617,2025,1,1,3,2025-01-01,AA,19805,AA,19805,3108,11057,1105703,31057,CLT,"Charlotte, NC",11298,1129806,30194,DFW,"Dallas/Fort Worth, TX",1538,1535.0,-3.0,0.0,0.0,-1.0,1500-1559,11.0,1546.0,1722.0,14.0,1735,1736.0,1.0,1.0,0.0,0.0,1700-1759,0.0,,0.0,,,,,
322618,2025,1,2,4,2025-01-02,AA,19805,AA,19805,3108,11057,1105703,31057,CLT,"Charlotte, NC",11298,1129806,30194,DFW,"Dallas/Fort Worth, TX",1538,1534.0,-4.0,0.0,0.0,-1.0,1500-1559,14.0,1548.0,1722.0,12.0,1735,1734.0,-1.0,0.0,0.0,-1.0,1700-1759,0.0,,0.0,,,,,
322619,2025,1,3,5,2025-01-03,AA,19805,AA,19805,3108,11057,1105703,31057,CLT,"Charlotte, NC",11298,1129806,30194,DFW,"Dallas/Fort Worth, TX",1538,1539.0,1.0,1.0,0.0,0.0,1500-1559,13.0,1552.0,1718.0,11.0,1735,1729.0,-6.0,0.0,0.0,-1.0,1700-1759,0.0,,0.0,,,,,
322620,2025,1,4,6,2025-01-04,AA,19805,AA,19805,3108,11057,1105703,31057,CLT,"Charlotte, NC",11298,1129806,30194,DFW,"Dallas/Fort Worth, TX",1538,1534.0,-4.0,0.0,0.0,-1.0,1500-1559,11.0,1545.0,1710.0,13.0,1735,1723.0,-12.0,0.0,0.0,-1.0,1700-1759,0.0,,0.0,,,,,
322621,2025,1,5,7,2025-01-05,AA,19805,AA,19805,3108,11057,1105703,31057,CLT,"Charlotte, NC",11298,1129806,30194,DFW,"Dallas/Fort Worth, TX",1538,1635.0,57.0,57.0,1.0,3.0,1500-1559,50.0,1725.0,1944.0,37.0,1735,2021.0,166.0,166.0,1.0,11.0,1700-1759,0.0,,0.0,0.0,0.0,166.0,0.0,0.0
322622,2025,1,6,1,2025-01-06,AA,19805,AA,19805,3108,11057,1105703,31057,CLT,"Charlotte, NC",11298,1129806,30194,DFW,"Dallas/Fort Worth, TX",1538,1634.0,56.0,56.0,1.0,3.0,1500-1559,13.0,1647.0,1818.0,13.0,1735,1831.0,56.0,56.0,1.0,3.0,1700-1759,0.0,,0.0,8.0,0.0,0.0,0.0,48.0
323281,2025,1,1,3,2025-01-01,AA,19805,AA,19805,1052,11057,1105703,31057,CLT,"Charlotte, NC",13930,1393008,30977,ORD,"Chicago, IL",1304,1257.0,-7.0,0.0,0.0,-1.0,1300-1359,16.0,1313.0,1346.0,8.0,1412,1354.0,-18.0,0.0,0.0,-2.0,1400-1459,0.0,,0.0,,,,,
323282,2025,1,2,4,2025-01-02,AA,19805,AA,19805,1052,11057,1105703,31057,CLT,"Charlotte, NC",13930,1393008,30977,ORD,"Chicago, IL",1304,1258.0,-6.0,0.0,0.0,-1.0,1300-1359,20.0,1318.0,1352.0,9.0,1412,1401.0,-11.0,0.0,0.0,-1.0,1400-1459,0.0,,0.0,,,,,
323283,2025,1,3,5,2025-01-03,AA,19805,AA,19805,1052,11057,1105703,31057,CLT,"Charlotte, NC",13930,1393008,30977,ORD,"Chicago, IL",1304,1308.0,4.0,4.0,0.0,0.0,1300-1359,14.0,1322.0,1403.0,14.0,1412,1417.0,5.0,5.0,0.0,0.0,1400-1459,0.0,,0.0,,,,,
323284,2025,1,4,6,2025-01-04,AA,19805,AA,19805,1052,11057,1105703,31057,CLT,"Charlotte, NC",13930,1393008,30977,ORD,"Chicago, IL",1304,1303.0,-1.0,0.0,0.0,-1.0,1300-1359,14.0,1317.0,1356.0,7.0,1412,1403.0,-9.0,0.0,0.0,-1.0,1400-1459,0.0,,0.0,,,,,
323285,2025,1,5,7,2025-01-05,AA,19805,AA,19805,1052,11057,1105703,31057,CLT,"Charlotte, NC",13930,1393008,30977,ORD,"Chicago, IL",1304,1259.0,-5.0,0.0,0.0,-1.0,1300-1359,23.0,1322.0,1359.0,20.0,1412,1419.0,7.0,7.0,0.0,0.0,1400-1459,0.0,,0.0,,,,,
323286,2025,1,6,1,2025-01-06,AA,19805,AA,19805,1052,11057,1105703,31057,CLT,"Charlotte, NC",13930,1393008,30977,ORD,"Chicago, IL",1304,1343.0,39.0,39.0,1.0,2.0,1300-1359,15.0,1358.0,1435.0,10.0,1412,1445.0,33.0,33.0,1.0,2.0,1400-1459,0.0,,0.0,0.0,0.0,33.0,0.0,0.0
323287,2025,1,7,2,2025-01-07,AA,19805,AA,19805,1052,11057,1105703,31057,CLT,"Charlotte, NC",13930,1393008,30977,ORD,"Chicago, IL",1305,1300.0,-5.0,0.0,0.0,-1.0,1300-1359,21.0,1321.0,1350.0,10.0,1415,1400.0,-15.0,0.0,0.0,-1.0,1400-1459,0.0,,0.0,,,,,
323288,2025,1,8,3,2025-01-08,AA,19805,AA,19805,1052,11057,1105703,31057,CLT,"Charlotte, NC",13930,1393008,30977,ORD,"Chicago, IL",1305,1259.0,-6.0,0.0,0.0,-1.0,1300-1359,17.0,1316.0,1355.0,9.0,1415,1404.0,-11.0,0.0,0.0,-1.0,1400-1459,0.0,,0.0,,,,,
323289,2025,1,9,4,2025-01-09,AA,19805,AA,19805,1052,11057,1105703,31057,CLT,"Charlotte, NC",13930,1393008,30977,ORD,"Chicago, IL",1305,1317.0,12.0,12.0,0.0,0.0,1300-1359,24.0,1341.0,1419.0,9.0,1415,1428.0,13.0,13.0,0.0,0.0,1400-1459,0.0,,0.0,,,,,
323290,2025,1,10,5,2025-01-10,AA,19805,AA,19805,1052,11057,1105703,31057,CLT,"Charlotte, NC",13930,1393008,30977,ORD,"Chicago, IL",1305,1300.0,-5.0,0.0,0.0,-1.0,1300-1359,13.0,1313.0,1346.0,12.0,1415,1358.0,-17.0,0.0,0.0,-2.0,1400-1459,0.0,,0.0,,,,,
323291,2025,1,11,6,2025-01-11,AA,19805,AA,19805,1052,11057,1105703,31057,CLT,"Charlotte, NC",13930,1393008,30977,ORD,"Chicago, IL",1305,1305.0,0.0,0.0,0.0,0.0,1300-1359,13.0,1318.0,1356.0,7.0,1415,1403.0,-12.0,0.0,0.0,-1.0,1400-1459,0.0,,0.0,,,,,
323292,2025,1,12,7,2025-01-12,AA,19805,AA,19805,1052,11057,1105703,31057,CLT,"Charlotte, NC",13930,1393008,30977,ORD,"Chicago, IL",1305,1301.0,-4.0,0.0,0.0,-1.0,1300-1359,14.0,1315.0,1348.0,16.0,1415,1404.0,-11.0,0.0,0.0,-1.0,1400-1459,0.0,,0.0,,,,,
323293,2025,1,13,1,2025-01-13,AA,19805,AA,19805,1052,11057,1105703,31057,CLT,"Charlotte, NC",13930,1393008,30977,ORD,"Chicago, IL",1305,1259.0,-6.0,0.0,0.0,-1.0,1300-1359,25.0,1324.0,1403.0,8.0,1415,1411.0,-4.0,0.0,0.0,-1.0,1400-1459,0.0,,0.0,,,,,
323294,2025,1,14,2,2025-01-14,AA,19805,AA,19805,1052,11057,1105703,31057,CLT,"Charlotte, NC",13930,1393008,30977,ORD,"Chicago, IL",1305,1300.0,-5.0,0.0,0.0,-1.0,1300-1359,17.0,1317.0,1358.0,9.0,1415,1407.0,-8.0,0.0,0.0,-1.0,1400-1459,0.0,,0.0,,,,,
323295,2025,1,15,3,2025-01-15,AA,19805,AA,19805,1052,11057,1105703,31057,CLT,"Charlotte, NC",13930,1393008,30977,ORD,"Chicago, IL",1305,1301.0,-4.0,0.0,0.0,-1.0,1300-1359,21.0,1322.0,1355.0,10.0,1415,1405.0,-10.0,0.0,0.0,-1.0,1400-1459,0.0,,0.0,,,,,
323296,2025,1,16,4,2025-01-16,AA,19805,AA,19805,1052,11057,1105703,31057,CLT,"Charlotte, NC",13930,1393008,30977,ORD,"Chicago, IL",1305,1341.0,36.0,36.0,1.0,2.0,1300-1359,26.0,1407.0,1458.0,7.0,1415,1505.0,50.0,50.0,1.0,3.0,1400-1459,0.0,,0.0,36.0,0.0,14.0,0.0,0.0
323297,2025,1,17,5,2025-01-17,AA,19805,AA,19805,1052,11057,1105703,31057,CLT,"Charlotte, NC",13930,1393008,30977,ORD,"Chicago, IL",1305,1325.0,20.0,20.0,1.0,1.0,1300-1359,34.0,1359.0,1432.0,12.0,1415,1444.0,29.0,29.0,1.0,1.0,1400-1459,0.0,,0.0,14.0,0.0,9.0,0.0,6.0
323298,2025,1,18,6,2025-01-18,AA,19805,AA,19805,1052,11057,1105703,31057,CLT,"Charlotte, NC",13930,1393008,30977,ORD,"Chicago, IL",1305,1256.0,-9.0,0.0,0.0,-1.0,1300-1359,16.0,1312.0,1342.0,8.0,1415,1350.0,-25.0,0.0,0.0,-2.0,1400-1459,0.0,,0.0,,,,,
323299,2025,1,19,7,2025-01-19,AA,19805,AA,19805,1052,11057,1105703,31057,CLT,"Charlotte, NC",13930,1393008,30977,ORD,"Chicago, IL",1305,1303.0,-2.0,0.0,0.0,-1.0,1300-1359,25.0,1328.0,1402.0,16.0,1415,1418.0,3.0,3.0,0.0,0.0,1400-1459,0.0,,0.0,,,,,
323300,2025,1,20,1,2025-01-20,AA,19805,AA,19805,1052,11057,1105703,31057,CLT,"Charlotte, NC",13930,1393008,30977,ORD,"Chicago, IL",1305,1415.0,70.0,70.0,1.0,4.0,1300-1359,13.0,1428.0,1502.0,7.0,1415,1509.0,54.0,54.0,1.0,3.0,1400-1459,0.0,,0.0,1.0,0.0,0.0,0.0,53.0
323301,2025,1,21,2,2025-01-21,AA,19805,AA,19805,1052,11057,1105703,31057,CLT,"Charlotte, NC",13930,1393008,30977,ORD,"Chicago, IL",1305,1310.0,5.0,5.0,0.0,0.0,1300-1359,12.0,1322.0,1355.0,9.0,1415,1404.0,-11.0,0.0,0.0,-1.0,1400-1459,0.0,,0.0,,,,,
323302,2025,1,22,3,2025-01-22,AA,19805,AA,19805,1052,11057,1105703,31057,CLT,"Charlotte, NC",13930,1393008,30977,ORD,"Chicago, IL",1305,1303.0,-2.0,0.0,0.0,-1.0,1300-1359,13.0,1316.0,1345.0,10.0,1415,1355.0,-20.0,0.0,0.0,-2.0,1400-1459,0.0,,0.0,,,,,
323303,2025,1,23,4,2025-01-23,AA,19805,AA,19805,1052,11057,1105703,31057,CLT,"Charlotte, NC",13930,1393008,30977,ORD,"Chicago, IL",1305,1300.0,-5.0,0.0,0.0,-1.0,1300-1359,14.0,1314.0,1345.0,10.0,1415,1355.0,-20.0,0.0,0.0,-2.0,1400-1459,0.0,,0.0,,,,,
323304,2025,1,24,5,2025-01-24,AA,19805,AA,19805,1052,11057,1105703,31057,CLT,"Charlotte, NC",13930,1393008,30977,ORD,"Chicago, IL",1305,1302.0,-3.0,0.0,0.0,-1.0,1300-1359,16.0,1318.0,1348.0,9.0,1415,1357.0,-18.0,0.0,0.0,-2.0,1400-1459,0.0,,0.0,,,,,
323305,2025,1,25,6,2025-01-25,AA,19805,AA,19805,1052,11057,1105703,31057,CLT,"Charlotte, NC",13930,1393008,30977,ORD,"Chicago, IL",1305,1257.0,-8.0,0.0,0.0,-1.0,1300-1359,11.0,1308.0,1348.0,8.0,1415,1356.0,-19.0,0.0,0.0,-2.0,1400-1459,0.0,,0.0,,,,,
323306,2025,1,26,7,2025-01-26,AA,19805,AA,19805,1052,11057,1105703,31057,CLT,"Charlotte, NC",13930,1393008,30977,ORD,"Chicago, IL",1305,1335.0,30.0,30.0,1.0,2.0,1300-1359,15.0,1350.0,1424.0,10.0,1415,1434.0,19.0,19.0,1.0,1.0,1400-1459,0.0,,0.0,19.0,0.0,0.0,0.0,0.0
323307,2025,1,27,1,2025-01-27,AA,19805,AA,19805,1052,11057,1105703,31057,CLT,"Charlotte, NC",13930,1393008,30977,ORD,"Chicago, IL",1305,1301.0,-4.0,0.0,0.0,-1.0,1300-1359,14.0,1315.0,1351.0,9.0,1415,1400.0,-15.0,0.0,0.0,-1.0,1400-1459,0.0,,0.0,,,,,
323308,2025,1,28,2,2025-01-28,AA,19805,AA,19805,1052,11057,1105703,31057,CLT,"Charlotte, NC",13930,1393008,30977,ORD,"Chicago, IL",1305,1255.0,-10.0,0.0,0.0,-1.0,1300-1359,13.0,1308.0,1341.0,9.0,1415,1350.0,-25.0,0.0,0.0,-2.0,1400-1459,0.0,,0.0,,,,,
323309,2025,1,29,3,2025-01-29,AA,19805,AA,19805,1052,11057,1105703,31057,CLT,"Charlotte, NC",13930,1393008,30977,ORD,"Chicago, IL",1305,1259.0,-6.0,0.0,0.0,-1.0,1300-1359,15.0,1314.0,1352.0,11.0,1415,1403.0,-12.0,0.0,0.0,-1.0,1400-1459,0.0,,0.0,,,,,
323310,2025,1,30,4,2025-01-30,AA,19805,AA,19805,1052,11057,1105703,31057,CLT,"Charlotte, NC",13930,1393008,30977,ORD,"Chicago, IL",1305,1301.0,-4.0,0.0,0.0,-1.0,1300-1359,17.0,1318.0,1357.0,10.0,1415,1407.0,-8.0,0.0,0.0,-1.0,1400-1459,0.0,,0.0,,,,,
323311,2025,1,31,5,2025-01-31,AA,19805,AA,19805,1052,11057,1105703,31057,CLT,"Charlotte, NC",13930,1393008,30977,ORD,"Chicago, IL",1305,1259.0,-6.0,0.0,0.0,-1.0,1300-1359,15.0,1314.0,1354.0,22.0,1415,1416.0,1.0,1.0,0.0,0.0,1400-1459,0.0,,0.0,,,,,
324895,2025,1,20,1,2025-01-20,AA,19805,AA,19805,1112,11057,1105703,31057,CLT,"Charlotte, NC",10397,1039707,30397,ATL,"Atlanta, GA",2020,2031.0,11.0,11.0,0.0,0.0,2000-2059,18.0,2049.0,2132.0,8.0,2138,2140.0,2.0,2.0,0.0,0.0,2100-2159,0.0,,0.0,,,,,
325241,2025,1,7,2,2025-01-07,AA,19805,AA,19805,1141,11057,1105703,31057,CLT,"Charlotte, NC",11298,1129806,30194,DFW,"Dallas/Fort Worth, TX",2035,2026.0,-9.0,0.0,0.0,-1.0,2000-2059,15.0,2041.0,2210.0,8.0,2237,2218.0,-19.0,0.0,0.0,-2.0,2200-2259,0.0,,0.0,,,,,
325242,2025,1,8,3,2025-01-08,AA,19805,AA,19805,1141,11057,1105703,31057,CLT,"Charlotte, NC",11298,1129806,30194,DFW,"Dallas/Fort Worth, TX",2035,,,,,,2000-2059,,,,,2237,,,,,,2200-2259,1.0,B,0.0,,,,,
325243,2025,1,9,4,2025-01-09,AA,19805,AA,19805,1141,11057,1105703,31057,CLT,"Charlotte, NC",11298,1129806,30194,DFW,"Dallas/Fort Worth, TX",2035,,,,,,2000-2059,,,,,2237,,,,,,2200-2259,1.0,B,0.0,,,,,
325244,2025,1,10,5,2025-01-10,AA,19805,AA,19805,1141,11057,1105703,31057,CLT,"Charlotte, NC",11298,1129806,30194,DFW,"Dallas/Fort Worth, TX",2035,,,,,,2000-2059,,,,,2237,,,,,,2200-2259,1.0,B,0.0,,,,,
325245,2025,1,11,6,2025-01-11,AA,19805,AA,19805,1141,11057,1105703,31057,CLT,"Charlotte, NC",11298,1129806,30194,DFW,"Dallas/Fort Worth, TX",2035,2030.0,-5.0,0.0,0.0,-1.0,2000-2059,15.0,2045.0,2218.0,19.0,2237,2237.0,0.0,0.0,0.0,0.0,2200-2259,0.0,,0.0,,,,,
325246,2025,1,12,7,2025-01-12,AA,19805,AA,19805,1141,11057,1105703,31057,CLT,"Charlotte, NC",11298,1129806,30194,DFW,"Dallas/Fort Worth, TX",2035,2038.0,3.0,3.0,0.0,0.0,2000-2059,20.0,2058.0,2237.0,5.0,2237,2242.0,5.0,5.0,0.0,0.0,2200-2259,0.0,,0.0,,,,,
325247,2025,1,13,1,2025-01-13,AA,19805,AA,19805,1141,11057,1105703,31057,CLT,"Charlotte, NC",11298,1129806,30194,DFW,"Dallas/Fort Worth, TX",2035,2033.0,-2.0,0.0,0.0,-1.0,2000-2059,15.0,2048.0,2224.0,7.0,2237,2231.0,-6.0,0.0,0.0,-1.0,2200-2259,0.0,,0.0,,,,,
325248,2025,1,14,2,2025-01-14,AA,19805,AA,19805,1141,11057,1105703,31057,CLT,"Charlotte, NC",11298,1129806,30194,DFW,"Dallas/Fort Worth, TX",2035,2030.0,-5.0,0.0,0.0,-1.0,2000-2059,19.0,2049.0,2229.0,7.0,2237,2236.0,-1.0,0.0,0.0,-1.0,2200-2259,0.0,,0.0,,,,,
325249,2025,1,15,3,2025-01-15,AA,19805,AA,19805,1141,11057,1105703,31057,CLT,"Charlotte, NC",11298,1129806,30194,DFW,"Dallas/Fort Worth, TX",2035,2024.0,-11.0,0.0,0.0,-1.0,2000-2059,17.0,2041.0,2214.0,5.0,2237,2219.0,-18.0,0.0,0.0,-2.0,2200-2259,0.0,,0.0,,,,,
325250,2025,1,16,4,2025-01-16,AA,19805,AA,19805,1141,11057,1105703,31057,CLT,"Charlotte, NC",11298,1129806,30194,DFW,"Dallas/Fort Worth, TX",2035,2032.0,-3.0,0.0,0.0,-1.0,2000-2059,15.0,2047.0,2205.0,5.0,2237,2210.0,-27.0,0.0,0.0,-2.0,2200-2259,0.0,,0.0,,,,,
325251,2025,1,17,5,2025-01-17,AA,19805,AA,19805,1141,11057,1105703,31057,CLT,"Charlotte, NC",11298,1129806,30194,DFW,"Dallas/Fort Worth, TX",2035,2035.0,0.0,0.0,0.0,0.0,2000-2059,18.0,2053.0,2222.0,8.0,2237,2230.0,-7.0,0.0,0.0,-1.0,2200-2259,0.0,,0.0,,,,,
325252,2025,1,18,6,2025-01-18,AA,19805,AA,19805,1141,11057,1105703,31057,CLT,"Charlotte, NC",11298,1129806,30194,DFW,"Dallas/Fort Worth, TX",2035,2028.0,-7.0,0.0,0.0,-1.0,2000-2059,26.0,2054.0,2231.0,6.0,2237,2237.0,0.0,0.0,0.0,0.0,2200-2259,0.0,,0.0,,,,,
325253,2025,1,19,7,2025-01-19,AA,19805,AA,19805,1141,11057,1105703,31057,CLT,"Charlotte, NC",11298,1129806,30194,DFW,"Dallas/Fort Worth, TX",2035,2033.0,-2.0,0.0,0.0,-1.0,2000-2059,15.0,2048.0,2220.0,7.0,2237,2227.0,-10.0,0.0,0.0,-1.0,2200-2259,0.0,,0.0,,,,,
325254,2025,1,20,1,2025-01-20,AA,19805,AA,19805,1141,11057,1105703,31057,CLT,"Charlotte, NC",11298,1129806,30194,DFW,"Dallas/Fort Worth, TX",2035,2034.0,-1.0,0.0,0.0,-1.0,2000-2059,22.0,2056.0,2231.0,9.0,2237,2240.0,3.0,3.0,0.0,0.0,2200-2259,0.0,,0.0,,,,,
325255,2025,1,21,2,2025-01-21,AA,19805,AA,19805,1141,11057,1105703,31057,CLT,"Charlotte, NC",11298,1129806,30194,DFW,"Dallas/Fort Worth, TX",2035,2030.0,-5.0,0.0,0.0,-1.0,2000-2059,80.0,2150.0,2313.0,4.0,2237,2317.0,40.0,40.0,1.0,2.0,2200-2259,0.0,,0.0,0.0,0.0,40.0,0.0,0.0
325256,2025,1,22,3,2025-01-22,AA,19805,AA,19805,1141,11057,1105703,31057,CLT,"Charlotte, NC",11298,1129806,30194,DFW,"Dallas/Fort Worth, TX",2035,2032.0,-3.0,0.0,0.0,-1.0,2000-2059,14.0,2046.0,2221.0,4.0,2237,2225.0,-12.0,0.0,0.0,-1.0,2200-2259,0.0,,0.0,,,,,
325257,2025,1,23,4,2025-01-23,AA,19805,AA,19805,1141,11057,1105703,31057,CLT,"Charlotte, NC",11298,1129806,30194,DFW,"Dallas/Fort Worth, TX",2035,2042.0,7.0,7.0,0.0,0.0,2000-2059,15.0,2057.0,2233.0,14.0,2237,2247.0,10.0,10.0,0.0,0.0,2200-2259,0.0,,0.0,,,,,
325258,2025,1,24,5,2025-01-24,AA,19805,AA,19805,1141,11057,1105703,31057,CLT,"Charlotte, NC",11298,1129806,30194,DFW,"Dallas/Fort Worth, TX",2035,2031.0,-4.0,0.0,0.0,-1.0,2000-2059,14.0,2045.0,2159.0,4.0,2237,2203.0,-34.0,0.0,0.0,-2.0,2200-2259,0.0,,0.0,,,,,
325259,2025,1,25,6,2025-01-25,AA,19805,AA,19805,1141,11057,1105703,31057,CLT,"Charlotte, NC",11298,1129806,30194,DFW,"Dallas/Fort Worth, TX",2035,2043.0,8.0,8.0,0.0,0.0,2000-2059,24.0,2107.0,2231.0,7.0,2237,2238.0,1.0,1.0,0.0,0.0,2200-2259,0.0,,0.0,,,,,
325260,2025,1,26,7,2025-01-26,AA,19805,AA,19805,1141,11057,1105703,31057,CLT,"Charlotte, NC",11298,1129806,30194,DFW,"Dallas/Fort Worth, TX",2035,2041.0,6.0,6.0,0.0,0.0,2000-2059,34.0,2115.0,2247.0,12.0,2237,2259.0,22.0,22.0,1.0,1.0,2200-2259,0.0,,0.0,6.0,0.0,16.0,0.0,0.0
325261,2025,1,27,1,2025-01-27,AA,19805,AA,19805,1141,11057,1105703,31057,CLT,"Charlotte, NC",11298,1129806,30194,DFW,"Dallas/Fort Worth, TX",2035,2034.0,-1.0,0.0,0.0,-1.0,2000-2059,20.0,2054.0,2225.0,6.0,2237,2231.0,-6.0,0.0,0.0,-1.0,2200-2259,0.0,,0.0,,,,,
325262,2025,1,28,2,2025-01-28,AA,19805,AA,19805,1141,11057,1105703,31057,CLT,"Charlotte, NC",11298,1129806,30194,DFW,"Dallas/Fort Worth, TX",2035,2029.0,-6.0,0.0,0.0,-1.0,2000-2059,23.0,2052.0,2214.0,11.0,2237,2225.0,-12.0,0.0,0.0,-1.0,2200-2259,0.0,,0.0,,,,,
325263,2025,1,29,3,2025-01-29,AA,19805,AA,19805,1141,11057,1105703,31057,CLT,"Charlotte, NC",11298,1129806,30194,DFW,"Dallas/Fort Worth, TX",2035,2030.0,-5.0,0.0,0.0,-1.0,2000-2059,,,,,2237,,,,,,2200-2259,1.0,B,0.0,,,,,
325264,2025,1,30,4,2025-01-30,AA,19805,AA,19805,1141,11057,1105703,31057,CLT,"Charlotte, NC",11298,1129806,30194,DFW,"Dallas/Fort Worth, TX",2035,2036.0,1.0,1.0,0.0,0.0,2000-2059,23.0,2059.0,2229.0,7.0,2237,2236.0,-1.0,0.0,0.0,-1.0,2200-2259,0.0,,0.0,,,,,
325265,2025,1,31,5,2025-01-31,AA,19805,AA,19805,1141,11057,1105703,31057,CLT,"Charlotte, NC",11298,1129806,30194,DFW,"Dallas/Fort Worth, TX",2035,2043.0,8.0,8.0,0.0,0.0,2000-2059,20.0,2103.0,2231.0,7.0,2237,2238.0,1.0,1.0,0.0,0.0,2200-2259,0.0,,0.0,,,,,
326398,2025,1,1,3,2025-01-01,AA,19805,AA,19805,1180,11057,1105703,31057,CLT,"Charlotte, NC",13930,1393008,30977,ORD,"Chicago, IL",2225,2230.0,5.0,5.0,0.0,0.0,2200-2259,16.0,2246.0,2322.0,10.0,2337,2332.0,-5.0,0.0,0.0,-1.0,2300-2359,0.0,,0.0,,,,,
326399,2025,1,2,4,2025-01-02,AA,19805,AA,19805,1180,11057,1105703,31057,CLT,"Charlotte, NC",13930,1393008,30977,ORD,"Chicago, IL",2225,2300.0,35.0,35.0,1.0,2.0,2200-2259,24.0,2324.0,2355.0,11.0,2337,6.0,29.0,29.0,1.0,1.0,2300-2359,0.0,,0.0,29.0,0.0,0.0,0.0,0.0
326400,2025,1,3,5,2025-01-03,AA,19805,AA,19805,1180,11057,1105703,31057,CLT,"Charlotte, NC",13930,1393008,30977,ORD,"Chicago, IL",2225,2238.0,13.0,13.0,0.0,0.0,2200-2259,13.0,2251.0,2340.0,9.0,2337,2349.0,12.0,12.0,0.0,0.0,2300-2359,0.0,,0.0,,,,,
326401,2025,1,4,6,2025-01-04,AA,19805,AA,19805,1180,11057,1105703,31057,CLT,"Charlotte, NC",13930,1393008,30977,ORD,"Chicago, IL",2225,2254.0,29.0,29.0,1.0,1.0,2200-2259,12.0,2306.0,2339.0,7.0,2337,2346.0,9.0,9.0,0.0,0.0,2300-2359,0.0,,0.0,,,,,
326402,2025,1,5,7,2025-01-05,AA,19805,AA,19805,1180,11057,1105703,31057,CLT,"Charlotte, NC",13930,1393008,30977,ORD,"Chicago, IL",2225,2237.0,12.0,12.0,0.0,0.0,2200-2259,11.0,2248.0,1714.0,17.0,2337,1731.0,,,,,2300-2359,0.0,,1.0,,,,,
326403,2025,1,6,1,2025-01-06,AA,19805,AA,19805,1180,11057,1105703,31057,CLT,"Charlotte, NC",13930,1393008,30977,ORD,"Chicago, IL",2225,2247.0,22.0,22.0,1.0,1.0,2200-2259,21.0,2308.0,2344.0,11.0,2337,2355.0,18.0,18.0,1.0,1.0,2300-2359,0.0,,0.0,18.0,0.0,0.0,0.0,0.0
326404,2025,1,7,2,2025-01-07,AA,19805,AA,19805,1180,11057,1105703,31057,CLT,"Charlotte, NC",13930,1393008,30977,ORD,"Chicago, IL",2256,2301.0,5.0,5.0,0.0,0.0,2200-2259,17.0,2318.0,2352.0,12.0,9,4.0,-5.0,0.0,0.0,-1.0,0001-0559,0.0,,0.0,,,,,
326405,2025,1,8,3,2025-01-08,AA,19805,AA,19805,1180,11057,1105703,31057,CLT,"Charlotte, NC",13930,1393008,30977,ORD,"Chicago, IL",2256,2242.0,-14.0,0.0,0.0,-1.0,2200-2259,16.0,2258.0,2332.0,8.0,9,2340.0,-29.0,0.0,0.0,-2.0,0001-0559,0.0,,0.0,,,,,
326406,2025,1,9,4,2025-01-09,AA,19805,AA,19805,1180,11057,1105703,31057,CLT,"Charlotte, NC",13930,1393008,30977,ORD,"Chicago, IL",2256,2315.0,19.0,19.0,1.0,1.0,2200-2259,28.0,2343.0,19.0,7.0,9,26.0,17.0,17.0,1.0,1.0,0001-0559,0.0,,0.0,17.0,0.0,0.0,0.0,0.0
326407,2025,1,10,5,2025-01-10,AA,19805,AA,19805,1180,11057,1105703,31057,CLT,"Charlotte, NC",13930,1393008,30977,ORD,"Chicago, IL",2256,,,,,,2200-2259,,,,,9,,,,,,0001-0559,1.0,B,0.0,,,,,
326408,2025,1,11,6,2025-01-11,AA,19805,AA,19805,1180,11057,1105703,31057,CLT,"Charlotte, NC",13930,1393008,30977,ORD,"Chicago, IL",2256,2306.0,10.0,10.0,0.0,0.0,2200-2259,16.0,2322.0,2352.0,9.0,9,1.0,-8.0,0.0,0.0,-1.0,0001-0559,0.0,,0.0,,,,,
326409,2025,1,12,7,2025-01-12,AA,19805,AA,19805,1180,11057,1105703,31057,CLT,"Charlotte, NC",13930,1393008,30977,ORD,"Chicago, IL",2256,2253.0,-3.0,0.0,0.0,-1.0,2200-2259,19.0,2312.0,2344.0,9.0,9,2353.0,-16.0,0.0,0.0,-2.0,0001-0559,0.0,,0.0,,,,,
326410,2025,1,13,1,2025-01-13,AA,19805,AA,19805,1180,11057,1105703,31057,CLT,"Charlotte, NC",13930,1393008,30977,ORD,"Chicago, IL",2256,2253.0,-3.0,0.0,0.0,-1.0,2200-2259,23.0,2316.0,2351.0,10.0,9,1.0,-8.0,0.0,0.0,-1.0,0001-0559,0.0,,0.0,,,,,
326411,2025,1,14,2,2025-01-14,AA,19805,AA,19805,1180,11057,1105703,31057,CLT,"Charlotte, NC",13930,1393008,30977,ORD,"Chicago, IL",2256,2251.0,-5.0,0.0,0.0,-1.0,2200-2259,15.0,2306.0,2338.0,9.0,9,2347.0,-22.0,0.0,0.0,-2.0,0001-0559,0.0,,0.0,,,,,
326412,2025,1,15,3,2025-01-15,AA,19805,AA,19805,1180,11057,1105703,31057,CLT,"Charlotte, NC",13930,1393008,30977,ORD,"Chicago, IL",2256,2251.0,-5.0,0.0,0.0,-1.0,2200-2259,30.0,2321.0,2355.0,7.0,9,2.0,-7.0,0.0,0.0,-1.0,0001-0559,0.0,,0.0,,,,,
326413,2025,1,16,4,2025-01-16,AA,19805,AA,19805,1180,11057,1105703,31057,CLT,"Charlotte, NC",13930,1393008,30977,ORD,"Chicago, IL",2256,2258.0,2.0,2.0,0.0,0.0,2200-2259,31.0,2329.0,5.0,9.0,9,14.0,5.0,5.0,0.0,0.0,0001-0559,0.0,,0.0,,,,,
326414,2025,1,17,5,2025-01-17,AA,19805,AA,19805,1180,11057,1105703,31057,CLT,"Charlotte, NC",13930,1393008,30977,ORD,"Chicago, IL",2256,2246.0,-10.0,0.0,0.0,-1.0,2200-2259,12.0,2258.0,2322.0,8.0,9,2330.0,-39.0,0.0,0.0,-2.0,0001-0559,0.0,,0.0,,,,,
326415,2025,1,18,6,2025-01-18,AA,19805,AA,19805,1180,11057,1105703,31057,CLT,"Charlotte, NC",13930,1393008,30977,ORD,"Chicago, IL",2256,2301.0,5.0,5.0,0.0,0.0,2200-2259,17.0,2318.0,2347.0,7.0,11,2354.0,-17.0,0.0,0.0,-2.0,0001-0559,0.0,,0.0,,,,,
326416,2025,1,19,7,2025-01-19,AA,19805,AA,19805,1180,11057,1105703,31057,CLT,"Charlotte, NC",13930,1393008,30977,ORD,"Chicago, IL",2256,2301.0,5.0,5.0,0.0,0.0,2200-2259,14.0,2315.0,2347.0,6.0,9,2353.0,-16.0,0.0,0.0,-2.0,0001-0559,0.0,,0.0,,,,,
326417,2025,1,20,1,2025-01-20,AA,19805,AA,19805,1180,11057,1105703,31057,CLT,"Charlotte, NC",13930,1393008,30977,ORD,"Chicago, IL",2256,2252.0,-4.0,0.0,0.0,-1.0,2200-2259,20.0,2312.0,2343.0,11.0,9,2354.0,-15.0,0.0,0.0,-1.0,0001-0559,0.0,,0.0,,,,,
326418,2025,1,21,2,2025-01-21,AA,19805,AA,19805,1180,11057,1105703,31057,CLT,"Charlotte, NC",13930,1393008,30977,ORD,"Chicago, IL",2256,2328.0,32.0,32.0,1.0,2.0,2200-2259,17.0,2345.0,13.0,7.0,9,20.0,11.0,11.0,0.0,0.0,0001-0559,0.0,,0.0,,,,,
326419,2025,1,22,3,2025-01-22,AA,19805,AA,19805,1180,11057,1105703,31057,CLT,"Charlotte, NC",13930,1393008,30977,ORD,"Chicago, IL",2256,2255.0,-1.0,0.0,0.0,-1.0,2200-2259,13.0,2308.0,2338.0,7.0,9,2345.0,-24.0,0.0,0.0,-2.0,0001-0559,0.0,,0.0,,,,,
326420,2025,1,23,4,2025-01-23,AA,19805,AA,19805,1180,11057,1105703,31057,CLT,"Charlotte, NC",13930,1393008,30977,ORD,"Chicago, IL",2256,2256.0,0.0,0.0,0.0,0.0,2200-2259,20.0,2316.0,2343.0,11.0,9,2354.0,-15.0,0.0,0.0,-1.0,0001-0559,0.0,,0.0,,,,,
326421,2025,1,24,5,2025-01-24,AA,19805,AA,19805,1180,11057,1105703,31057,CLT,"Charlotte, NC",13930,1393008,30977,ORD,"Chicago, IL",2256,2252.0,-4.0,0.0,0.0,-1.0,2200-2259,21.0,2313.0,2349.0,12.0,9,1.0,-8.0,0.0,0.0,-1.0,0001-0559,0.0,,0.0,,,,,
326422,2025,1,25,6,2025-01-25,AA,19805,AA,19805,1180,11057,1105703,31057,CLT,"Charlotte, NC",13930,1393008,30977,ORD,"Chicago, IL",2256,2255.0,-1.0,0.0,0.0,-1.0,2200-2259,20.0,2315.0,2349.0,9.0,9,2358.0,-11.0,0.0,0.0,-1.0,0001-0559,0.0,,0.0,,,,,
326423,2025,1,26,7,2025-01-26,AA,19805,AA,19805,1180,11057,1105703,31057,CLT,"Charlotte, NC",13930,1393008,30977,ORD,"Chicago, IL",2256,2310.0,14.0,14.0,0.0,0.0,2200-2259,13.0,2323.0,2.0,11.0,9,13.0,4.0,4.0,0.0,0.0,0001-0559,0.0,,0.0,,,,,
326424,2025,1,27,1,2025-01-27,AA,19805,AA,19805,1180,11057,1105703,31057,CLT,"Charlotte, NC",13930,1393008,30977,ORD,"Chicago, IL",2256,2251.0,-5.0,0.0,0.0,-1.0,2200-2259,20.0,2311.0,2341.0,8.0,9,2349.0,-20.0,0.0,0.0,-2.0,0001-0559,0.0,,0.0,,,,,
326425,2025,1,28,2,2025-01-28,AA,19805,AA,19805,1180,11057,1105703,31057,CLT,"Charlotte, NC",13930,1393008,30977,ORD,"Chicago, IL",2256,2245.0,-11.0,0.0,0.0,-1.0,2200-2259,22.0,2307.0,2341.0,8.0,9,2349.0,-20.0,0.0,0.0,-2.0,0001-0559,0.0,,0.0,,,,,
326426,2025,1,29,3,2025-01-29,AA,19805,AA,19805,1180,11057,1105703,31057,CLT,"Charlotte, NC",13930,1393008,30977,ORD,"Chicago, IL",2256,2256.0,0.0,0.0,0.0,0.0,2200-2259,18.0,2314.0,2358.0,7.0,9,5.0,-4.0,0.0,0.0,-1.0,0001-0559,0.0,,0.0,,,,,
326427,2025,1,30,4,2025-01-30,AA,19805,AA,19805,1180,11057,1105703,31057,CLT,"Charlotte, NC",13930,1393008,30977,ORD,"Chicago, IL",2256,2254.0,-2.0,0.0,0.0,-1.0,2200-2259,26.0,2320.0,2353.0,10.0,9,3.0,-6.0,0.0,0.0,-1.0,0001-0559,0.0,,0.0,,,,,
326428,2025,1,31,5,2025-01-31,AA,19805,AA,19805,1180,11057,1105703,31057,CLT,"Charlotte, NC",13930,1393008,30977,ORD,"Chicago, IL",2256,2257.0,1.0,1.0,0.0,0.0,2200-2259,19.0,2316.0,2349.0,9.0,9,2358.0,-11.0,0.0,0.0,-1.0,0001-0559,0.0,,0.0,,,,,
326959,2025,1,1,3,2025-01-01,AA,19805,AA,19805,1203,11057,1105703,31057,CLT,"Charlotte, NC",11298,1129806,30194,DFW,"Dallas/Fort Worth, TX",1135,1133.0,-2.0,0.0,0.0,-1.0,1100-1159,18.0,1151.0,1328.0,7.0,1355,1335.0,-20.0,0.0,0.0,-2.0,1300-1359,0.0,,0.0,,,,,
326960,2025,1,2,4,2025-01-02,AA,19805,AA,19805,1203,11057,1105703,31057,CLT,"Charlotte, NC",11298,1129806,30194,DFW,"Dallas/Fort Worth, TX",1135,1134.0,-1.0,0.0,0.0,-1.0,1100-1159,23.0,1157.0,1333.0,9.0,1355,1342.0,-13.0,0.0,0.0,-1.0,1300-1359,0.0,,0.0,,,,,
326961,2025,1,3,5,2025-01-03,AA,19805,AA,19805,1203,11057,1105703,31057,CLT,"Charlotte, NC",11298,1129806,30194,DFW,"Dallas/Fort Worth, TX",1135,1133.0,-2.0,0.0,0.0,-1.0,1100-1159,18.0,1151.0,1313.0,14.0,1355,1327.0,-28.0,0.0,0.0,-2.0,1300-1359,0.0,,0.0,,,,,
326962,2025,1,4,6,2025-01-04,AA,19805,AA,19805,1203,11057,1105703,31057,CLT,"Charlotte, NC",11298,1129806,30194,DFW,"Dallas/Fort Worth, TX",1135,1130.0,-5.0,0.0,0.0,-1.0,1100-1159,21.0,1151.0,1312.0,12.0,1355,1324.0,-31.0,0.0,0.0,-2.0,1300-1359,0.0,,0.0,,,,,
326963,2025,1,5,7,2025-01-05,AA,19805,AA,19805,1203,11057,1105703,31057,CLT,"Charlotte, NC",11298,1129806,30194,DFW,"Dallas/Fort Worth, TX",1135,1249.0,74.0,74.0,1.0,4.0,1100-1159,17.0,1306.0,1451.0,7.0,1355,1458.0,63.0,63.0,1.0,4.0,1300-1359,0.0,,0.0,0.0,0.0,63.0,0.0,0.0
326964,2025,1,6,1,2025-01-06,AA,19805,AA,19805,1203,11057,1105703,31057,CLT,"Charlotte, NC",11298,1129806,30194,DFW,"Dallas/Fort Worth, TX",1135,1134.0,-1.0,0.0,0.0,-1.0,1100-1159,20.0,1154.0,1331.0,12.0,1355,1343.0,-12.0,0.0,0.0,-1.0,1300-1359,0.0,,0.0,,,,,
326965,2025,1,7,2,2025-01-07,AA,19805,AA,19805,1203,11057,1105703,31057,CLT,"Charlotte, NC",11298,1129806,30194,DFW,"Dallas/Fort Worth, TX",1135,1134.0,-1.0,0.0,0.0,-1.0,1100-1159,15.0,1149.0,1320.0,7.0,1349,1327.0,-22.0,0.0,0.0,-2.0,1300-1359,0.0,,0.0,,,,,
326966,2025,1,8,3,2025-01-08,AA,19805,AA,19805,1203,11057,1105703,31057,CLT,"Charlotte, NC",11298,1129806,30194,DFW,"Dallas/Fort Worth, TX",1135,1134.0,-1.0,0.0,0.0,-1.0,1100-1159,24.0,1158.0,1337.0,7.0,1349,1344.0,-5.0,0.0,0.0,-1.0,1300-1359,0.0,,0.0,,,,,
326967,2025,1,9,4,2025-01-09,AA,19805,AA,19805,1203,11057,1105703,31057,CLT,"Charlotte, NC",11298,1129806,30194,DFW,"Dallas/Fort Worth, TX",1135,,,,,,1100-1159,,,,,1349,,,,,,1300-1359,1.0,B,0.0,,,,,
326968,2025,1,10,5,2025-01-10,AA,19805,AA,19805,1203,11057,1105703,31057,CLT,"Charlotte, NC",11298,1129806,30194,DFW,"Dallas/Fort Worth, TX",1135,1155.0,20.0,20.0,1.0,1.0,1100-1159,15.0,1210.0,1355.0,12.0,1349,1407.0,18.0,18.0,1.0,1.0,1300-1359,0.0,,0.0,0.0,0.0,0.0,18.0,0.0
326969,2025,1,11,6,2025-01-11,AA,19805,AA,19805,1203,11057,1105703,31057,CLT,"Charlotte, NC",11298,1129806,30194,DFW,"Dallas/Fort Worth, TX",1135,1145.0,10.0,10.0,0.0,0.0,1100-1159,12.0,1157.0,1318.0,26.0,1349,1344.0,-5.0,0.0,0.0,-1.0,1300-1359,0.0,,0.0,,,,,
326970,2025,1,12,7,2025-01-12,AA,19805,AA,19805,1203,11057,1105703,31057,CLT,"Charlotte, NC",11298,1129806,30194,DFW,"Dallas/Fort Worth, TX",1135,1135.0,0.0,0.0,0.0,0.0,1100-1159,20.0,1155.0,1332.0,10.0,1349,1342.0,-7.0,0.0,0.0,-1.0,1300-1359,0.0,,0.0,,,,,
326971,2025,1,13,1,2025-01-13,AA,19805,AA,19805,1203,11057,1105703,31057,CLT,"Charlotte, NC",11298,1129806,30194,DFW,"Dallas/Fort Worth, TX",1135,1134.0,-1.0,0.0,0.0,-1.0,1100-1159,16.0,1150.0,1329.0,16.0,1349,1345.0,-4.0,0.0,0.0,-1.0,1300-1359,0.0,,0.0,,,,,
326972,2025,1,14,2,2025-01-14,AA,19805,AA,19805,1203,11057,1105703,31057,CLT,"Charlotte, NC",11298,1129806,30194,DFW,"Dallas/Fort Worth, TX",1135,1138.0,3.0,3.0,0.0,0.0,1100-1159,18.0,1156.0,1325.0,11.0,1349,1336.0,-13.0,0.0,0.0,-1.0,1300-1359,0.0,,0.0,,,,,
326973,2025,1,15,3,2025-01-15,AA,19805,AA,19805,1203,11057,1105703,31057,CLT,"Charlotte, NC",11298,1129806,30194,DFW,"Dallas/Fort Worth, TX",1135,1130.0,-5.0,0.0,0.0,-1.0,1100-1159,15.0,1145.0,1323.0,7.0,1349,1330.0,-19.0,0.0,0.0,-2.0,1300-1359,0.0,,0.0,,,,,
326974,2025,1,16,4,2025-01-16,AA,19805,AA,19805,1203,11057,1105703,31057,CLT,"Charlotte, NC",11298,1129806,30194,DFW,"Dallas/Fort Worth, TX",1135,1139.0,4.0,4.0,0.0,0.0,1100-1159,31.0,1210.0,1332.0,11.0,1349,1343.0,-6.0,0.0,0.0,-1.0,1300-1359,0.0,,0.0,,,,,
326975,2025,1,17,5,2025-01-17,AA,19805,AA,19805,1203,11057,1105703,31057,CLT,"Charlotte, NC",11298,1129806,30194,DFW,"Dallas/Fort Worth, TX",1135,1136.0,1.0,1.0,0.0,0.0,1100-1159,36.0,1212.0,1346.0,11.0,1349,1357.0,8.0,8.0,0.0,0.0,1300-1359,0.0,,0.0,,,,,
326976,2025,1,18,6,2025-01-18,AA,19805,AA,19805,1203,11057,1105703,31057,CLT,"Charlotte, NC",11298,1129806,30194,DFW,"Dallas/Fort Worth, TX",1135,1137.0,2.0,2.0,0.0,0.0,1100-1159,17.0,1154.0,1317.0,11.0,1349,1328.0,-21.0,0.0,0.0,-2.0,1300-1359,0.0,,0.0,,,,,
326977,2025,1,19,7,2025-01-19,AA,19805,AA,19805,1203,11057,1105703,31057,CLT,"Charlotte, NC",11298,1129806,30194,DFW,"Dallas/Fort Worth, TX",1135,1132.0,-3.0,0.0,0.0,-1.0,1100-1159,23.0,1155.0,1342.0,11.0,1349,1353.0,4.0,4.0,0.0,0.0,1300-1359,0.0,,0.0,,,,,
326978,2025,1,20,1,2025-01-20,AA,19805,AA,19805,1203,11057,1105703,31057,CLT,"Charlotte, NC",11298,1129806,30194,DFW,"Dallas/Fort Worth, TX",1135,1134.0,-1.0,0.0,0.0,-1.0,1100-1159,15.0,1149.0,1331.0,4.0,1349,1335.0,-14.0,0.0,0.0,-1.0,1300-1359,0.0,,0.0,,,,,
326979,2025,1,21,2,2025-01-21,AA,19805,AA,19805,1203,11057,1105703,31057,CLT,"Charlotte, NC",11298,1129806,30194,DFW,"Dallas/Fort Worth, TX",1135,1131.0,-4.0,0.0,0.0,-1.0,1100-1159,12.0,1143.0,1328.0,8.0,1349,1336.0,-13.0,0.0,0.0,-1.0,1300-1359,0.0,,0.0,,,,,
326980,2025,1,22,3,2025-01-22,AA,19805,AA,19805,1203,11057,1105703,31057,CLT,"Charlotte, NC",11298,1129806,30194,DFW,"Dallas/Fort Worth, TX",1135,1132.0,-3.0,0.0,0.0,-1.0,1100-1159,12.0,1144.0,1313.0,8.0,1349,1321.0,-28.0,0.0,0.0,-2.0,1300-1359,0.0,,0.0,,,,,
326981,2025,1,23,4,2025-01-23,AA,19805,AA,19805,1203,11057,1105703,31057,CLT,"Charlotte, NC",11298,1129806,30194,DFW,"Dallas/Fort Worth, TX",1135,1140.0,5.0,5.0,0.0,0.0,1100-1159,13.0,1153.0,1340.0,12.0,1349,1352.0,3.0,3.0,0.0,0.0,1300-1359,0.0,,0.0,,,,,
326982,2025,1,24,5,2025-01-24,AA,19805,AA,19805,1203,11057,1105703,31057,CLT,"Charlotte, NC",11298,1129806,30194,DFW,"Dallas/Fort Worth, TX",1135,1131.0,-4.0,0.0,0.0,-1.0,1100-1159,16.0,1147.0,1326.0,10.0,1349,1336.0,-13.0,0.0,0.0,-1.0,1300-1359,0.0,,0.0,,,,,
326983,2025,1,25,6,2025-01-25,AA,19805,AA,19805,1203,11057,1105703,31057,CLT,"Charlotte, NC",11298,1129806,30194,DFW,"Dallas/Fort Worth, TX",1135,1131.0,-4.0,0.0,0.0,-1.0,1100-1159,18.0,1149.0,1311.0,11.0,1349,1322.0,-27.0,0.0,0.0,-2.0,1300-1359,0.0,,0.0,,,,,
326984,2025,1,26,7,2025-01-26,AA,19805,AA,19805,1203,11057,1105703,31057,CLT,"Charlotte, NC",11298,1129806,30194,DFW,"Dallas/Fort Worth, TX",1135,1133.0,-2.0,0.0,0.0,-1.0,1100-1159,16.0,1149.0,1321.0,13.0,1349,1334.0,-15.0,0.0,0.0,-1.0,1300-1359,0.0,,0.0,,,,,
326985,2025,1,27,1,2025-01-27,AA,19805,AA,19805,1203,11057,1105703,31057,CLT,"Charlotte, NC",11298,1129806,30194,DFW,"Dallas/Fort Worth, TX",1135,1131.0,-4.0,0.0,0.0,-1.0,1100-1159,35.0,1206.0,1337.0,13.0,1349,1350.0,1.0,1.0,0.0,0.0,1300-1359,0.0,,0.0,,,,,
326986,2025,1,28,2,2025-01-28,AA,19805,AA,19805,1203,11057,1105703,31057,CLT,"Charlotte, NC",11298,1129806,30194,DFW,"Dallas/Fort Worth, TX",1135,1133.0,-2.0,0.0,0.0,-1.0,1100-1159,16.0,1149.0,1323.0,6.0,1349,1329.0,-20.0,0.0,0.0,-2.0,1300-1359,0.0,,0.0,,,,,
326987,2025,1,29,3,2025-01-29,AA,19805,AA,19805,1203,11057,1105703,31057,CLT,"Charlotte, NC",11298,1129806,30194,DFW,"Dallas/Fort Worth, TX",1135,1134.0,-1.0,0.0,0.0,-1.0,1100-1159,11.0,1145.0,1312.0,11.0,1349,1323.0,-26.0,0.0,0.0,-2.0,1300-1359,0.0,,0.0,,,,,
326988,2025,1,30,4,2025-01-30,AA,19805,AA,19805,1203,11057,1105703,31057,CLT,"Charlotte, NC",11298,1129806,30194,DFW,"Dallas/Fort Worth, TX",1135,1145.0,10.0,10.0,0.0,0.0,1100-1159,27.0,1212.0,1343.0,12.0,1349,1355.0,6.0,6.0,0.0,0.0,1300-1359,0.0,,0.0,,,,,
326989,2025,1,31,5,2025-01-31,AA,19805,AA,19805,1203,11057,1105703,31057,CLT,"Charlotte, NC",11298,1129806,30194,DFW,"Dallas/Fort Worth, TX",1135,1136.0,1.0,1.0,0.0,0.0,1100-1159,21.0,1157.0,1330.0,14.0,1349,1344.0,-5.0,0.0,0.0,-1.0,1300-1359,0.0,,0.0,,,,,
329336,2025,1,1,3,2025-01-01,AA,19805,AA,19805,1283,11057,1105703,31057,CLT,"Charlotte, NC",11292,1129202,30325,DEN,"Denver, CO",1303,1256.0,-7.0,0.0,0.0,-1.0,1300-1359,11.0,1307.0,1431.0,7.0,1441,1438.0,-3.0,0.0,0.0,-1.0,1400-1459,0.0,,0.0,,,,,
329337,2025,1,2,4,2025-01-02,AA,19805,AA,19805,1283,11057,1105703,31057,CLT,"Charlotte, NC",11292,1129202,30325,DEN,"Denver, CO",1303,1258.0,-5.0,0.0,0.0,-1.0,1300-1359,10.0,1308.0,1433.0,8.0,1441,1441.0,0.0,0.0,0.0,0.0,1400-1459,0.0,,0.0,,,,,
329338,2025,1,3,5,2025-01-03,AA,19805,AA,19805,1283,11057,1105703,31057,CLT,"Charlotte, NC",11292,1129202,30325,DEN,"Denver, CO",1303,1302.0,-1.0,0.0,0.0,-1.0,1300-1359,12.0,1314.0,1438.0,6.0,1441,1444.0,3.0,3.0,0.0,0.0,1400-1459,0.0,,0.0,,,,,
329339,2025,1,4,6,2025-01-04,AA,19805,AA,19805,1283,11057,1105703,31057,CLT,"Charlotte, NC",11292,1129202,30325,DEN,"Denver, CO",1303,1313.0,10.0,10.0,0.0,0.0,1300-1359,18.0,1331.0,1444.0,9.0,1441,1453.0,12.0,12.0,0.0,0.0,1400-1459,0.0,,0.0,,,,,
329340,2025,1,5,7,2025-01-05,AA,19805,AA,19805,1283,11057,1105703,31057,CLT,"Charlotte, NC",11292,1129202,30325,DEN,"Denver, CO",1303,1301.0,-2.0,0.0,0.0,-1.0,1300-1359,12.0,1313.0,1423.0,8.0,1441,1431.0,-10.0,0.0,0.0,-1.0,1400-1459,0.0,,0.0,,,,,
329341,2025,1,6,1,2025-01-06,AA,19805,AA,19805,1283,11057,1105703,31057,CLT,"Charlotte, NC",11292,1129202,30325,DEN,"Denver, CO",1303,1259.0,-4.0,0.0,0.0,-1.0,1300-1359,13.0,1312.0,1428.0,7.0,1441,1435.0,-6.0,0.0,0.0,-1.0,1400-1459,0.0,,0.0,,,,,
330268,2025,1,7,2,2025-01-07,AA,19805,AA,19805,1326,11057,1105703,31057,CLT,"Charlotte, NC",10397,1039707,30397,ATL,"Atlanta, GA",2250,2304.0,14.0,14.0,0.0,0.0,2200-2259,14.0,2318.0,2400.0,6.0,4,6.0,2.0,2.0,0.0,0.0,0001-0559,0.0,,0.0,,,,,
330269,2025,1,8,3,2025-01-08,AA,19805,AA,19805,1326,11057,1105703,31057,CLT,"Charlotte, NC",10397,1039707,30397,ATL,"Atlanta, GA",2250,2248.0,-2.0,0.0,0.0,-1.0,2200-2259,26.0,2314.0,2356.0,15.0,4,11.0,7.0,7.0,0.0,0.0,0001-0559,0.0,,0.0,,,,,
330270,2025,1,9,4,2025-01-09,AA,19805,AA,19805,1326,11057,1105703,31057,CLT,"Charlotte, NC",10397,1039707,30397,ATL,"Atlanta, GA",2250,,,,,,2200-2259,,,,,4,,,,,,0001-0559,1.0,B,0.0,,,,,
330271,2025,1,10,5,2025-01-10,AA,19805,AA,19805,1326,11057,1105703,31057,CLT,"Charlotte, NC",10397,1039707,30397,ATL,"Atlanta, GA",2250,,,,,,2200-2259,,,,,4,,,,,,0001-0559,1.0,B,0.0,,,,,
330272,2025,1,11,6,2025-01-11,AA,19805,AA,19805,1326,11057,1105703,31057,CLT,"Charlotte, NC",10397,1039707,30397,ATL,"Atlanta, GA",2250,2245.0,-5.0,0.0,0.0,-1.0,2200-2259,14.0,2259.0,2338.0,10.0,4,2348.0,-16.0,0.0,0.0,-2.0,0001-0559,0.0,,0.0,,,,,
330273,2025,1,12,7,2025-01-12,AA,19805,AA,19805,1326,11057,1105703,31057,CLT,"Charlotte, NC",10397,1039707,30397,ATL,"Atlanta, GA",2250,2244.0,-6.0,0.0,0.0,-1.0,2200-2259,14.0,2258.0,2341.0,6.0,4,2347.0,-17.0,0.0,0.0,-2.0,0001-0559,0.0,,0.0,,,,,
330274,2025,1,13,1,2025-01-13,AA,19805,AA,19805,1326,11057,1105703,31057,CLT,"Charlotte, NC",10397,1039707,30397,ATL,"Atlanta, GA",2250,2243.0,-7.0,0.0,0.0,-1.0,2200-2259,20.0,2303.0,2344.0,6.0,4,2350.0,-14.0,0.0,0.0,-1.0,0001-0559,0.0,,0.0,,,,,
330275,2025,1,14,2,2025-01-14,AA,19805,AA,19805,1326,11057,1105703,31057,CLT,"Charlotte, NC",10397,1039707,30397,ATL,"Atlanta, GA",2250,2246.0,-4.0,0.0,0.0,-1.0,2200-2259,11.0,2257.0,2341.0,5.0,4,2346.0,-18.0,0.0,0.0,-2.0,0001-0559,0.0,,0.0,,,,,
330276,2025,1,15,3,2025-01-15,AA,19805,AA,19805,1326,11057,1105703,31057,CLT,"Charlotte, NC",10397,1039707,30397,ATL,"Atlanta, GA",2250,2239.0,-11.0,0.0,0.0,-1.0,2200-2259,12.0,2251.0,2333.0,5.0,4,2338.0,-26.0,0.0,0.0,-2.0,0001-0559,0.0,,0.0,,,,,
330277,2025,1,16,4,2025-01-16,AA,19805,AA,19805,1326,11057,1105703,31057,CLT,"Charlotte, NC",10397,1039707,30397,ATL,"Atlanta, GA",2250,2246.0,-4.0,0.0,0.0,-1.0,2200-2259,10.0,2256.0,2335.0,18.0,4,2353.0,-11.0,0.0,0.0,-1.0,0001-0559,0.0,,0.0,,,,,
330278,2025,1,17,5,2025-01-17,AA,19805,AA,19805,1326,11057,1105703,31057,CLT,"Charlotte, NC",10397,1039707,30397,ATL,"Atlanta, GA",2250,2244.0,-6.0,0.0,0.0,-1.0,2200-2259,24.0,2308.0,2354.0,4.0,4,2358.0,-6.0,0.0,0.0,-1.0,0001-0559,0.0,,0.0,,,,,
330279,2025,1,18,6,2025-01-18,AA,19805,AA,19805,1326,11057,1105703,31057,CLT,"Charlotte, NC",10397,1039707,30397,ATL,"Atlanta, GA",2250,2245.0,-5.0,0.0,0.0,-1.0,2200-2259,18.0,2303.0,2345.0,4.0,4,2349.0,-15.0,0.0,0.0,-1.0,0001-0559,0.0,,0.0,,,,,
330280,2025,1,19,7,2025-01-19,AA,19805,AA,19805,1326,11057,1105703,31057,CLT,"Charlotte, NC",10397,1039707,30397,ATL,"Atlanta, GA",2250,2312.0,22.0,22.0,1.0,1.0,2200-2259,26.0,2338.0,25.0,6.0,4,31.0,27.0,27.0,1.0,1.0,0001-0559,0.0,,0.0,22.0,0.0,5.0,0.0,0.0
330281,2025,1,20,1,2025-01-20,AA,19805,AA,19805,1326,11057,1105703,31057,CLT,"Charlotte, NC",10397,1039707,30397,ATL,"Atlanta, GA",2250,2245.0,-5.0,0.0,0.0,-1.0,2200-2259,15.0,2300.0,2343.0,5.0,4,2348.0,-16.0,0.0,0.0,-2.0,0001-0559,0.0,,0.0,,,,,
330282,2025,1,21,2,2025-01-21,AA,19805,AA,19805,1326,11057,1105703,31057,CLT,"Charlotte, NC",10397,1039707,30397,ATL,"Atlanta, GA",2250,,,,,,2200-2259,,,,,4,,,,,,0001-0559,1.0,B,0.0,,,,,
330283,2025,1,22,3,2025-01-22,AA,19805,AA,19805,1326,11057,1105703,31057,CLT,"Charlotte, NC",10397,1039707,30397,ATL,"Atlanta, GA",2250,2301.0,11.0,11.0,0.0,0.0,2200-2259,24.0,2325.0,12.0,10.0,4,22.0,18.0,18.0,1.0,1.0,0001-0559,0.0,,0.0,11.0,0.0,7.0,0.0,0.0
330284,2025,1,23,4,2025-01-23,AA,19805,AA,19805,1326,11057,1105703,31057,CLT,"Charlotte, NC",10397,1039707,30397,ATL,"Atlanta, GA",2250,2240.0,-10.0,0.0,0.0,-1.0,2200-2259,12.0,2252.0,2337.0,9.0,4,2346.0,-18.0,0.0,0.0,-2.0,0001-0559,0.0,,0.0,,,,,
330285,2025,1,24,5,2025-01-24,AA,19805,AA,19805,1326,11057,1105703,31057,CLT,"Charlotte, NC",10397,1039707,30397,ATL,"Atlanta, GA",2250,2245.0,-5.0,0.0,0.0,-1.0,2200-2259,14.0,2259.0,2339.0,5.0,4,2344.0,-20.0,0.0,0.0,-2.0,0001-0559,0.0,,0.0,,,,,
330286,2025,1,25,6,2025-01-25,AA,19805,AA,19805,1326,11057,1105703,31057,CLT,"Charlotte, NC",10397,1039707,30397,ATL,"Atlanta, GA",2250,2250.0,0.0,0.0,0.0,0.0,2200-2259,17.0,2307.0,2348.0,8.0,4,2356.0,-8.0,0.0,0.0,-1.0,0001-0559,0.0,,0.0,,,,,
330287,2025,1,26,7,2025-01-26,AA,19805,AA,19805,1326,11057,1105703,31057,CLT,"Charlotte, NC",10397,1039707,30397,ATL,"Atlanta, GA",2250,2245.0,-5.0,0.0,0.0,-1.0,2200-2259,11.0,2256.0,2344.0,8.0,4,2352.0,-12.0,0.0,0.0,-1.0,0001-0559,0.0,,0.0,,,,,
330288,2025,1,27,1,2025-01-27,AA,19805,AA,19805,1326,11057,1105703,31057,CLT,"Charlotte, NC",10397,1039707,30397,ATL,"Atlanta, GA",2250,2307.0,17.0,17.0,1.0,1.0,2200-2259,14.0,2321.0,2.0,10.0,4,12.0,8.0,8.0,0.0,0.0,0001-0559,0.0,,0.0,,,,,
330289,2025,1,28,2,2025-01-28,AA,19805,AA,19805,1326,11057,1105703,31057,CLT,"Charlotte, NC",10397,1039707,30397,ATL,"Atlanta, GA",2250,2245.0,-5.0,0.0,0.0,-1.0,2200-2259,20.0,2305.0,2346.0,15.0,4,1.0,-3.0,0.0,0.0,-1.0,0001-0559,0.0,,0.0,,,,,
330290,2025,1,29,3,2025-01-29,AA,19805,AA,19805,1326,11057,1105703,31057,CLT,"Charlotte, NC",10397,1039707,30397,ATL,"Atlanta, GA",2250,2244.0,-6.0,0.0,0.0,-1.0,2200-2259,11.0,2255.0,2336.0,6.0,4,2342.0,-22.0,0.0,0.0,-2.0,0001-0559,0.0,,0.0,,,,,
330291,2025,1,30,4,2025-01-30,AA,19805,AA,19805,1326,11057,1105703,31057,CLT,"Charlotte, NC",10397,1039707,30397,ATL,"Atlanta, GA",2250,2247.0,-3.0,0.0,0.0,-1.0,2200-2259,19.0,2306.0,2351.0,5.0,4,2356.0,-8.0,0.0,0.0,-1.0,0001-0559,0.0,,0.0,,,,,
330292,2025,1,31,5,2025-01-31,AA,19805,AA,19805,1326,11057,1105703,31057,CLT,"Charlotte, NC",10397,1039707,30397,ATL,"Atlanta, GA",2250,2256.0,6.0,6.0,0.0,0.0,2200-2259,18.0,2314.0,3.0,10.0,4,13.0,9.0,9.0,0.0,0.0,0001-0559,0.0,,0.0,,,,,
330305,2025,1,3,5,2025-01-03,AA,19805,AA,19805,1328,11057,1105703,31057,CLT,"Charlotte, NC",11292,1129202,30325,DEN,"Denver, CO",749,746.0,-3.0,0.0,0.0,-1.0,0700-0759,15.0,801.0,925.0,11.0,932,936.0,4.0,4.0,0.0,0.0,0900-0959,0.0,,0.0,,,,,
330306,2025,1,5,7,2025-01-05,AA,19805,AA,19805,1328,11057,1105703,31057,CLT,"Charlotte, NC",11292,1129202,30325,DEN,"Denver, CO",749,745.0,-4.0,0.0,0.0,-1.0,0700-0759,23.0,808.0,931.0,11.0,932,942.0,10.0,10.0,0.0,0.0,0900-0959,0.0,,0.0,,,,,
330307,2025,1,6,1,2025-01-06,AA,19805,AA,19805,1328,11057,1105703,31057,CLT,"Charlotte, NC",11292,1129202,30325,DEN,"Denver, CO",749,747.0,-2.0,0.0,0.0,-1.0,0700-0759,27.0,814.0,929.0,7.0,932,936.0,4.0,4.0,0.0,0.0,0900-0959,0.0,,0.0,,,,,
330308,2025,1,7,2,2025-01-07,AA,19805,AA,19805,1328,11057,1105703,31057,CLT,"Charlotte, NC",11292,1129202,30325,DEN,"Denver, CO",740,737.0,-3.0,0.0,0.0,-1.0,0700-0759,14.0,751.0,911.0,14.0,923,925.0,2.0,2.0,0.0,0.0,0900-0959,0.0,,0.0,,,,,
330309,2025,1,8,3,2025-01-08,AA,19805,AA,19805,1328,11057,1105703,31057,CLT,"Charlotte, NC",11292,1129202,30325,DEN,"Denver, CO",740,736.0,-4.0,0.0,0.0,-1.0,0700-0759,16.0,752.0,907.0,6.0,923,913.0,-10.0,0.0,0.0,-1.0,0900-0959,0.0,,0.0,,,,,
330310,2025,1,9,4,2025-01-09,AA,19805,AA,19805,1328,11057,1105703,31057,CLT,"Charlotte, NC",11292,1129202,30325,DEN,"Denver, CO",740,736.0,-4.0,0.0,0.0,-1.0,0700-0759,18.0,754.0,923.0,10.0,923,933.0,10.0,10.0,0.0,0.0,0900-0959,0.0,,0.0,,,,,
330311,2025,1,10,5,2025-01-10,AA,19805,AA,19805,1328,11057,1105703,31057,CLT,"Charlotte, NC",11292,1129202,30325,DEN,"Denver, CO",740,738.0,-2.0,0.0,0.0,-1.0,0700-0759,18.0,756.0,903.0,9.0,923,912.0,-11.0,0.0,0.0,-1.0,0900-0959,0.0,,0.0,,,,,
330312,2025,1,11,6,2025-01-11,AA,19805,AA,19805,1328,11057,1105703,31057,CLT,"Charlotte, NC",11292,1129202,30325,DEN,"Denver, CO",740,,,,,,0700-0759,,,,,923,,,,,,0900-0959,1.0,B,0.0,,,,,
330313,2025,1,12,7,2025-01-12,AA,19805,AA,19805,1328,11057,1105703,31057,CLT,"Charlotte, NC",11292,1129202,30325,DEN,"Denver, CO",740,745.0,5.0,5.0,0.0,0.0,0700-0759,10.0,755.0,913.0,7.0,923,920.0,-3.0,0.0,0.0,-1.0,0900-0959,0.0,,0.0,,,,,
330314,2025,1,13,1,2025-01-13,AA,19805,AA,19805,1328,11057,1105703,31057,CLT,"Charlotte, NC",11292,1129202,30325,DEN,"Denver, CO",740,734.0,-6.0,0.0,0.0,-1.0,0700-0759,17.0,751.0,933.0,8.0,923,941.0,18.0,18.0,1.0,1.0,0900-0959,0.0,,0.0,0.0,0.0,18.0,0.0,0.0
330315,2025,1,14,2,2025-01-14,AA,19805,AA,19805,1328,11057,1105703,31057,CLT,"Charlotte, NC",11292,1129202,30325,DEN,"Denver, CO",740,734.0,-6.0,0.0,0.0,-1.0,0700-0759,15.0,749.0,934.0,9.0,923,943.0,20.0,20.0,1.0,1.0,0900-0959,0.0,,0.0,0.0,0.0,20.0,0.0,0.0
330316,2025,1,15,3,2025-01-15,AA,19805,AA,19805,1328,11057,1105703,31057,CLT,"Charlotte, NC",11292,1129202,30325,DEN,"Denver, CO",740,734.0,-6.0,0.0,0.0,-1.0,0700-0759,14.0,748.0,858.0,7.0,923,905.0,-18.0,0.0,0.0,-2.0,0900-0959,0.0,,0.0,,,,,
330317,2025,1,16,4,2025-01-16,AA,19805,AA,19805,1328,11057,1105703,31057,CLT,"Charlotte, NC",11292,1129202,30325,DEN,"Denver, CO",740,735.0,-5.0,0.0,0.0,-1.0,0700-0759,19.0,754.0,913.0,5.0,923,918.0,-5.0,0.0,0.0,-1.0,0900-0959,0.0,,0.0,,,,,
330318,2025,1,17,5,2025-01-17,AA,19805,AA,19805,1328,11057,1105703,31057,CLT,"Charlotte, NC",11292,1129202,30325,DEN,"Denver, CO",740,740.0,0.0,0.0,0.0,0.0,0700-0759,20.0,800.0,902.0,7.0,923,909.0,-14.0,0.0,0.0,-1.0,0900-0959,0.0,,0.0,,,,,
330319,2025,1,19,7,2025-01-19,AA,19805,AA,19805,1328,11057,1105703,31057,CLT,"Charlotte, NC",11292,1129202,30325,DEN,"Denver, CO",740,729.0,-11.0,0.0,0.0,-1.0,0700-0759,14.0,743.0,858.0,10.0,923,908.0,-15.0,0.0,0.0,-1.0,0900-0959,0.0,,0.0,,,,,
330320,2025,1,20,1,2025-01-20,AA,19805,AA,19805,1328,11057,1105703,31057,CLT,"Charlotte, NC",11292,1129202,30325,DEN,"Denver, CO",740,732.0,-8.0,0.0,0.0,-1.0,0700-0759,14.0,746.0,915.0,13.0,923,928.0,5.0,5.0,0.0,0.0,0900-0959,0.0,,0.0,,,,,
330321,2025,1,21,2,2025-01-21,AA,19805,AA,19805,1328,11057,1105703,31057,CLT,"Charlotte, NC",11292,1129202,30325,DEN,"Denver, CO",740,734.0,-6.0,0.0,0.0,-1.0,0700-0759,12.0,746.0,856.0,5.0,923,901.0,-22.0,0.0,0.0,-2.0,0900-0959,0.0,,0.0,,,,,
330322,2025,1,22,3,2025-01-22,AA,19805,AA,19805,1328,11057,1105703,31057,CLT,"Charlotte, NC",11292,1129202,30325,DEN,"Denver, CO",740,733.0,-7.0,0.0,0.0,-1.0,0700-0759,14.0,747.0,901.0,13.0,923,914.0,-9.0,0.0,0.0,-1.0,0900-0959,0.0,,0.0,,,,,
330323,2025,1,23,4,2025-01-23,AA,19805,AA,19805,1328,11057,1105703,31057,CLT,"Charlotte, NC",11292,1129202,30325,DEN,"Denver, CO",740,845.0,65.0,65.0,1.0,4.0,0700-0759,13.0,858.0,1004.0,12.0,923,1016.0,53.0,53.0,1.0,3.0,0900-0959,0.0,,0.0,53.0,0.0,0.0,0.0,0.0
330324,2025,1,24,5,2025-01-24,AA,19805,AA,19805,1328,11057,1105703,31057,CLT,"Charlotte, NC",11292,1129202,30325,DEN,"Denver, CO",740,742.0,2.0,2.0,0.0,0.0,0700-0759,21.0,803.0,915.0,6.0,923,921.0,-2.0,0.0,0.0,-1.0,0900-0959,0.0,,0.0,,,,,
330325,2025,1,25,6,2025-01-25,AA,19805,AA,19805,1328,11057,1105703,31057,CLT,"Charlotte, NC",11292,1129202,30325,DEN,"Denver, CO",740,735.0,-5.0,0.0,0.0,-1.0,0700-0759,15.0,750.0,952.0,8.0,923,1000.0,37.0,37.0,1.0,2.0,0900-0959,0.0,,0.0,0.0,0.0,37.0,0.0,0.0
330326,2025,1,26,7,2025-01-26,AA,19805,AA,19805,1328,11057,1105703,31057,CLT,"Charlotte, NC",11292,1129202,30325,DEN,"Denver, CO",740,751.0,11.0,11.0,0.0,0.0,0700-0759,21.0,812.0,941.0,11.0,923,952.0,29.0,29.0,1.0,1.0,0900-0959,0.0,,0.0,11.0,0.0,18.0,0.0,0.0
330327,2025,1,27,1,2025-01-27,AA,19805,AA,19805,1328,11057,1105703,31057,CLT,"Charlotte, NC",11292,1129202,30325,DEN,"Denver, CO",740,736.0,-4.0,0.0,0.0,-1.0,0700-0759,16.0,752.0,901.0,8.0,923,909.0,-14.0,0.0,0.0,-1.0,0900-0959,0.0,,0.0,,,,,
330328,2025,1,28,2,2025-01-28,AA,19805,AA,19805,1328,11057,1105703,31057,CLT,"Charlotte, NC",11292,1129202,30325,DEN,"Denver, CO",740,727.0,-13.0,0.0,0.0,-1.0,0700-0759,14.0,741.0,840.0,8.0,923,848.0,-35.0,0.0,0.0,-2.0,0900-0959,0.0,,0.0,,,,,
330329,2025,1,29,3,2025-01-29,AA,19805,AA,19805,1328,11057,1105703,31057,CLT,"Charlotte, NC",11292,1129202,30325,DEN,"Denver, CO",740,739.0,-1.0,0.0,0.0,-1.0,0700-0759,15.0,754.0,910.0,7.0,923,917.0,-6.0,0.0,0.0,-1.0,0900-0959,0.0,,0.0,,,,,
330330,2025,1,30,4,2025-01-30,AA,19805,AA,19805,1328,11057,1105703,31057,CLT,"Charlotte, NC",11292,1129202,30325,DEN,"Denver, CO",740,737.0,-3.0,0.0,0.0,-1.0,0700-0759,17.0,754.0,904.0,10.0,923,914.0,-9.0,0.0,0.0,-1.0,0900-0959,0.0,,0.0,,,,,
330331,2025,1,31,5,2025-01-31,AA,19805,AA,19805,1328,11057,1105703,31057,CLT,"Charlotte, NC",11292,1129202,30325,DEN,"Denver, CO",740,739.0,-1.0,0.0,0.0,-1.0,0700-0759,13.0,752.0,855.0,7.0,923,902.0,-21.0,0.0,0.0,-2.0,0900-0959,0.0,,0.0,,,,,
331565,2025,1,2,4,2025-01-02,AA,19805,AA,19805,1931,11057,1105703,31057,CLT,"Charlotte, NC",11292,1129202,30325,DEN,"Denver, CO",1831,1837.0,6.0,6.0,0.0,0.0,1800-1859,20.0,1857.0,2022.0,8.0,2018,2030.0,12.0,12.0,0.0,0.0,2000-2059,0.0,,0.0,,,,,
331566,2025,1,3,5,2025-01-03,AA,19805,AA,19805,1931,11057,1105703,31057,CLT,"Charlotte, NC",11292,1129202,30325,DEN,"Denver, CO",1831,1829.0,-2.0,0.0,0.0,-1.0,1800-1859,23.0,1852.0,2014.0,9.0,2018,2023.0,5.0,5.0,0.0,0.0,2000-2059,0.0,,0.0,,,,,
331567,2025,1,5,7,2025-01-05,AA,19805,AA,19805,1931,11057,1105703,31057,CLT,"Charlotte, NC",11292,1129202,30325,DEN,"Denver, CO",1831,1827.0,-4.0,0.0,0.0,-1.0,1800-1859,15.0,1842.0,1947.0,13.0,2018,2000.0,-18.0,0.0,0.0,-2.0,2000-2059,0.0,,0.0,,,,,
331568,2025,1,6,1,2025-01-06,AA,19805,AA,19805,1931,11057,1105703,31057,CLT,"Charlotte, NC",11292,1129202,30325,DEN,"Denver, CO",1831,1827.0,-4.0,0.0,0.0,-1.0,1800-1859,18.0,1845.0,2002.0,16.0,2018,2018.0,0.0,0.0,0.0,0.0,2000-2059,0.0,,0.0,,,,,
332970,2025,1,1,3,2025-01-01,AA,19805,AA,19805,1987,11057,1105703,31057,CLT,"Charlotte, NC",12892,1289208,32575,LAX,"Los Angeles, CA",710,704.0,-6.0,0.0,0.0,-1.0,0700-0759,12.0,716.0,911.0,20.0,936,931.0,-5.0,0.0,0.0,-1.0,0900-0959,0.0,,0.0,,,,,
332971,2025,1,2,4,2025-01-02,AA,19805,AA,19805,1987,11057,1105703,31057,CLT,"Charlotte, NC",12892,1289208,32575,LAX,"Los Angeles, CA",710,708.0,-2.0,0.0,0.0,-1.0,0700-0759,15.0,723.0,922.0,16.0,936,938.0,2.0,2.0,0.0,0.0,0900-0959,0.0,,0.0,,,,,
332972,2025,1,3,5,2025-01-03,AA,19805,AA,19805,1987,11057,1105703,31057,CLT,"Charlotte, NC",12892,1289208,32575,LAX,"Los Angeles, CA",710,801.0,51.0,51.0,1.0,3.0,0700-0759,16.0,817.0,1011.0,10.0,936,1021.0,45.0,45.0,1.0,3.0,0900-0959,0.0,,0.0,0.0,0.0,0.0,0.0,45.0
332973,2025,1,4,6,2025-01-04,AA,19805,AA,19805,1987,11057,1105703,31057,CLT,"Charlotte, NC",12892,1289208,32575,LAX,"Los Angeles, CA",710,712.0,2.0,2.0,0.0,0.0,0700-0759,18.0,730.0,925.0,11.0,936,936.0,0.0,0.0,0.0,0.0,0900-0959,0.0,,0.0,,,,,
332974,2025,1,5,7,2025-01-05,AA,19805,AA,19805,1987,11057,1105703,31057,CLT,"Charlotte, NC",12892,1289208,32575,LAX,"Los Angeles, CA",710,712.0,2.0,2.0,0.0,0.0,0700-0759,14.0,726.0,914.0,9.0,936,923.0,-13.0,0.0,0.0,-1.0,0900-0959,0.0,,0.0,,,,,
332975,2025,1,6,1,2025-01-06,AA,19805,AA,19805,1987,11057,1105703,31057,CLT,"Charlotte, NC",12892,1289208,32575,LAX,"Los Angeles, CA",710,715.0,5.0,5.0,0.0,0.0,0700-0759,31.0,746.0,948.0,7.0,936,955.0,19.0,19.0,1.0,1.0,0900-0959,0.0,,0.0,5.0,0.0,14.0,0.0,0.0
332976,2025,1,7,2,2025-01-07,AA,19805,AA,19805,1987,11057,1105703,31057,CLT,"Charlotte, NC",12892,1289208,32575,LAX,"Los Angeles, CA",714,709.0,-5.0,0.0,0.0,-1.0,0700-0759,32.0,741.0,942.0,13.0,940,955.0,15.0,15.0,1.0,1.0,0900-0959,0.0,,0.0,0.0,0.0,15.0,0.0,0.0
332977,2025,1,8,3,2025-01-08,AA,19805,AA,19805,1987,11057,1105703,31057,CLT,"Charlotte, NC",12892,1289208,32575,LAX,"Los Angeles, CA",714,714.0,0.0,0.0,0.0,0.0,0700-0759,14.0,728.0,924.0,7.0,940,931.0,-9.0,0.0,0.0,-1.0,0900-0959,0.0,,0.0,,,,,
332978,2025,1,9,4,2025-01-09,AA,19805,AA,19805,1987,11057,1105703,31057,CLT,"Charlotte, NC",12892,1289208,32575,LAX,"Los Angeles, CA",714,706.0,-8.0,0.0,0.0,-1.0,0700-0759,14.0,720.0,905.0,15.0,940,920.0,-20.0,0.0,0.0,-2.0,0900-0959,0.0,,0.0,,,,,
332979,2025,1,10,5,2025-01-10,AA,19805,AA,19805,1987,11057,1105703,31057,CLT,"Charlotte, NC",12892,1289208,32575,LAX,"Los Angeles, CA",714,713.0,-1.0,0.0,0.0,-1.0,0700-0759,14.0,727.0,859.0,6.0,940,905.0,-35.0,0.0,0.0,-2.0,0900-0959,0.0,,0.0,,,,,
332980,2025,1,11,6,2025-01-11,AA,19805,AA,19805,1987,11057,1105703,31057,CLT,"Charlotte, NC",12892,1289208,32575,LAX,"Los Angeles, CA",714,709.0,-5.0,0.0,0.0,-1.0,0700-0759,16.0,725.0,918.0,9.0,940,927.0,-13.0,0.0,0.0,-1.0,0900-0959,0.0,,0.0,,,,,
332981,2025,1,12,7,2025-01-12,AA,19805,AA,19805,1987,11057,1105703,31057,CLT,"Charlotte, NC",12892,1289208,32575,LAX,"Los Angeles, CA",714,710.0,-4.0,0.0,0.0,-1.0,0700-0759,13.0,723.0,936.0,5.0,940,941.0,1.0,1.0,0.0,0.0,0900-0959,0.0,,0.0,,,,,
332982,2025,1,13,1,2025-01-13,AA,19805,AA,19805,1987,11057,1105703,31057,CLT,"Charlotte, NC",12892,1289208,32575,LAX,"Los Angeles, CA",714,710.0,-4.0,0.0,0.0,-1.0,0700-0759,17.0,727.0,952.0,6.0,940,958.0,18.0,18.0,1.0,1.0,0900-0959,0.0,,0.0,0.0,0.0,18.0,0.0,0.0
332983,2025,1,14,2,2025-01-14,AA,19805,AA,19805,1987,11057,1105703,31057,CLT,"Charlotte, NC",12892,1289208,32575,LAX,"Los Angeles, CA",714,705.0,-9.0,0.0,0.0,-1.0,0700-0759,14.0,719.0,925.0,7.0,940,932.0,-8.0,0.0,0.0,-1.0,0900-0959,0.0,,0.0,,,,,
332984,2025,1,15,3,2025-01-15,AA,19805,AA,19805,1987,11057,1105703,31057,CLT,"Charlotte, NC",12892,1289208,32575,LAX,"Los Angeles, CA",714,703.0,-11.0,0.0,0.0,-1.0,0700-0759,13.0,716.0,916.0,10.0,940,926.0,-14.0,0.0,0.0,-1.0,0900-0959,0.0,,0.0,,,,,
332985,2025,1,16,4,2025-01-16,AA,19805,AA,19805,1987,11057,1105703,31057,CLT,"Charlotte, NC",12892,1289208,32575,LAX,"Los Angeles, CA",714,710.0,-4.0,0.0,0.0,-1.0,0700-0759,30.0,740.0,928.0,12.0,940,940.0,0.0,0.0,0.0,0.0,0900-0959,0.0,,0.0,,,,,
332986,2025,1,17,5,2025-01-17,AA,19805,AA,19805,1987,11057,1105703,31057,CLT,"Charlotte, NC",12892,1289208,32575,LAX,"Los Angeles, CA",714,714.0,0.0,0.0,0.0,0.0,0700-0759,17.0,731.0,900.0,15.0,940,915.0,-25.0,0.0,0.0,-2.0,0900-0959,0.0,,0.0,,,,,
332987,2025,1,18,6,2025-01-18,AA,19805,AA,19805,1987,11057,1105703,31057,CLT,"Charlotte, NC",12892,1289208,32575,LAX,"Los Angeles, CA",714,709.0,-5.0,0.0,0.0,-1.0,0700-0759,16.0,725.0,926.0,8.0,940,934.0,-6.0,0.0,0.0,-1.0,0900-0959,0.0,,0.0,,,,,
332988,2025,1,19,7,2025-01-19,AA,19805,AA,19805,1987,11057,1105703,31057,CLT,"Charlotte, NC",12892,1289208,32575,LAX,"Los Angeles, CA",714,702.0,-12.0,0.0,0.0,-1.0,0700-0759,12.0,714.0,909.0,11.0,940,920.0,-20.0,0.0,0.0,-2.0,0900-0959,0.0,,0.0,,,,,
332989,2025,1,20,1,2025-01-20,AA,19805,AA,19805,1987,11057,1105703,31057,CLT,"Charlotte, NC",12892,1289208,32575,LAX,"Los Angeles, CA",714,715.0,1.0,1.0,0.0,0.0,0700-0759,18.0,733.0,938.0,8.0,940,946.0,6.0,6.0,0.0,0.0,0900-0959,0.0,,0.0,,,,,
332990,2025,1,21,2,2025-01-21,AA,19805,AA,19805,1987,11057,1105703,31057,CLT,"Charlotte, NC",12892,1289208,32575,LAX,"Los Angeles, CA",714,712.0,-2.0,0.0,0.0,-1.0,0700-0759,25.0,737.0,930.0,8.0,940,938.0,-2.0,0.0,0.0,-1.0,0900-0959,0.0,,0.0,,,,,
332991,2025,1,22,3,2025-01-22,AA,19805,AA,19805,1987,11057,1105703,31057,CLT,"Charlotte, NC",12892,1289208,32575,LAX,"Los Angeles, CA",714,738.0,24.0,24.0,1.0,1.0,0700-0759,12.0,750.0,947.0,6.0,940,953.0,13.0,13.0,0.0,0.0,0900-0959,0.0,,0.0,,,,,
332992,2025,1,23,4,2025-01-23,AA,19805,AA,19805,1987,11057,1105703,31057,CLT,"Charlotte, NC",12892,1289208,32575,LAX,"Los Angeles, CA",714,709.0,-5.0,0.0,0.0,-1.0,0700-0759,13.0,722.0,909.0,12.0,940,921.0,-19.0,0.0,0.0,-2.0,0900-0959,0.0,,0.0,,,,,
332993,2025,1,24,5,2025-01-24,AA,19805,AA,19805,1987,11057,1105703,31057,CLT,"Charlotte, NC",12892,1289208,32575,LAX,"Los Angeles, CA",714,713.0,-1.0,0.0,0.0,-1.0,0700-0759,35.0,748.0,943.0,9.0,940,952.0,12.0,12.0,0.0,0.0,0900-0959,0.0,,0.0,,,,,
332994,2025,1,25,6,2025-01-25,AA,19805,AA,19805,1987,11057,1105703,31057,CLT,"Charlotte, NC",12892,1289208,32575,LAX,"Los Angeles, CA",714,716.0,2.0,2.0,0.0,0.0,0700-0759,14.0,730.0,936.0,7.0,940,943.0,3.0,3.0,0.0,0.0,0900-0959,0.0,,0.0,,,,,
332995,2025,1,26,7,2025-01-26,AA,19805,AA,19805,1987,11057,1105703,31057,CLT,"Charlotte, NC",12892,1289208,32575,LAX,"Los Angeles, CA",714,739.0,25.0,25.0,1.0,1.0,0700-0759,17.0,756.0,1019.0,7.0,940,1026.0,46.0,46.0,1.0,3.0,0900-0959,0.0,,0.0,25.0,0.0,21.0,0.0,0.0
332996,2025,1,27,1,2025-01-27,AA,19805,AA,19805,1987,11057,1105703,31057,CLT,"Charlotte, NC",12892,1289208,32575,LAX,"Los Angeles, CA",714,710.0,-4.0,0.0,0.0,-1.0,0700-0759,14.0,724.0,912.0,8.0,940,920.0,-20.0,0.0,0.0,-2.0,0900-0959,0.0,,0.0,,,,,
332997,2025,1,28,2,2025-01-28,AA,19805,AA,19805,1987,11057,1105703,31057,CLT,"Charlotte, NC",12892,1289208,32575,LAX,"Los Angeles, CA",714,718.0,4.0,4.0,0.0,0.0,0700-0759,12.0,730.0,921.0,5.0,940,926.0,-14.0,0.0,0.0,-1.0,0900-0959,0.0,,0.0,,,,,
332998,2025,1,29,3,2025-01-29,AA,19805,AA,19805,1987,11057,1105703,31057,CLT,"Charlotte, NC",12892,1289208,32575,LAX,"Los Angeles, CA",714,706.0,-8.0,0.0,0.0,-1.0,0700-0759,12.0,718.0,904.0,7.0,940,911.0,-29.0,0.0,0.0,-2.0,0900-0959,0.0,,0.0,,,,,
332999,2025,1,30,4,2025-01-30,AA,19805,AA,19805,1987,11057,1105703,31057,CLT,"Charlotte, NC",12892,1289208,32575,LAX,"Los Angeles, CA",714,725.0,11.0,11.0,0.0,0.0,0700-0759,21.0,746.0,924.0,7.0,940,931.0,-9.0,0.0,0.0,-1.0,0900-0959,0.0,,0.0,,,,,
333000,2025,1,31,5,2025-01-31,AA,19805,AA,19805,1987,11057,1105703,31057,CLT,"Charlotte, NC",12892,1289208,32575,LAX,"Los Angeles, CA",714,706.0,-8.0,0.0,0.0,-1.0,0700-0759,16.0,722.0,851.0,17.0,940,908.0,-32.0,0.0,0.0,-2.0,0900-0959,0.0,,0.0,,,,,
333001,2025,1,1,3,2025-01-01,AA,19805,AA,19805,1988,11057,1105703,31057,CLT,"Charlotte, NC",12892,1289208,32575,LAX,"Los Angeles, CA",1136,1141.0,5.0,5.0,0.0,0.0,1100-1159,21.0,1202.0,1415.0,9.0,1418,1424.0,6.0,6.0,0.0,0.0,1400-1459,0.0,,0.0,,,,,
333002,2025,1,2,4,2025-01-02,AA,19805,AA,19805,1988,11057,1105703,31057,CLT,"Charlotte, NC",12892,1289208,32575,LAX,"Los Angeles, CA",1136,1135.0,-1.0,0.0,0.0,-1.0,1100-1159,26.0,1201.0,1402.0,5.0,1418,1407.0,-11.0,0.0,0.0,-1.0,1400-1459,0.0,,0.0,,,,,
333003,2025,1,3,5,2025-01-03,AA,19805,AA,19805,1988,11057,1105703,31057,CLT,"Charlotte, NC",12892,1289208,32575,LAX,"Los Angeles, CA",1136,1131.0,-5.0,0.0,0.0,-1.0,1100-1159,19.0,1150.0,1345.0,20.0,1418,1405.0,-13.0,0.0,0.0,-1.0,1400-1459,0.0,,0.0,,,,,
333004,2025,1,4,6,2025-01-04,AA,19805,AA,19805,1988,11057,1105703,31057,CLT,"Charlotte, NC",12892,1289208,32575,LAX,"Los Angeles, CA",1136,1133.0,-3.0,0.0,0.0,-1.0,1100-1159,19.0,1152.0,1342.0,8.0,1418,1350.0,-28.0,0.0,0.0,-2.0,1400-1459,0.0,,0.0,,,,,
333005,2025,1,5,7,2025-01-05,AA,19805,AA,19805,1988,11057,1105703,31057,CLT,"Charlotte, NC",12892,1289208,32575,LAX,"Los Angeles, CA",1136,1133.0,-3.0,0.0,0.0,-1.0,1100-1159,20.0,1153.0,1338.0,14.0,1418,1352.0,-26.0,0.0,0.0,-2.0,1400-1459,0.0,,0.0,,,,,
333006,2025,1,6,1,2025-01-06,AA,19805,AA,19805,1988,11057,1105703,31057,CLT,"Charlotte, NC",12892,1289208,32575,LAX,"Los Angeles, CA",1136,1246.0,70.0,70.0,1.0,4.0,1100-1159,14.0,1300.0,1450.0,5.0,1418,1455.0,37.0,37.0,1.0,2.0,1400-1459,0.0,,0.0,2.0,0.0,0.0,0.0,35.0
333007,2025,1,7,2,2025-01-07,AA,19805,AA,19805,1988,11057,1105703,31057,CLT,"Charlotte, NC",12892,1289208,32575,LAX,"Los Angeles, CA",1138,1140.0,2.0,2.0,0.0,0.0,1100-1159,14.0,1154.0,1345.0,8.0,1420,1353.0,-27.0,0.0,0.0,-2.0,1400-1459,0.0,,0.0,,,,,
333008,2025,1,8,3,2025-01-08,AA,19805,AA,19805,1988,11057,1105703,31057,CLT,"Charlotte, NC",12892,1289208,32575,LAX,"Los Angeles, CA",1138,1134.0,-4.0,0.0,0.0,-1.0,1100-1159,20.0,1154.0,1331.0,10.0,1420,1341.0,-39.0,0.0,0.0,-2.0,1400-1459,0.0,,0.0,,,,,
333009,2025,1,9,4,2025-01-09,AA,19805,AA,19805,1988,11057,1105703,31057,CLT,"Charlotte, NC",12892,1289208,32575,LAX,"Los Angeles, CA",1138,1212.0,34.0,34.0,1.0,2.0,1100-1159,26.0,1238.0,1428.0,8.0,1420,1436.0,16.0,16.0,1.0,1.0,1400-1459,0.0,,0.0,2.0,0.0,0.0,0.0,14.0
333010,2025,1,10,5,2025-01-10,AA,19805,AA,19805,1988,11057,1105703,31057,CLT,"Charlotte, NC",12892,1289208,32575,LAX,"Los Angeles, CA",1138,1141.0,3.0,3.0,0.0,0.0,1100-1159,16.0,1157.0,1331.0,11.0,1420,1342.0,-38.0,0.0,0.0,-2.0,1400-1459,0.0,,0.0,,,,,
333011,2025,1,11,6,2025-01-11,AA,19805,AA,19805,1988,11057,1105703,31057,CLT,"Charlotte, NC",12892,1289208,32575,LAX,"Los Angeles, CA",1138,,,,,,1100-1159,,,,,1420,,,,,,1400-1459,1.0,B,0.0,,,,,
333012,2025,1,12,7,2025-01-12,AA,19805,AA,19805,1988,11057,1105703,31057,CLT,"Charlotte, NC",12892,1289208,32575,LAX,"Los Angeles, CA",1138,1131.0,-7.0,0.0,0.0,-1.0,1100-1159,22.0,1153.0,1408.0,6.0,1420,1414.0,-6.0,0.0,0.0,-1.0,1400-1459,0.0,,0.0,,,,,
333013,2025,1,13,1,2025-01-13,AA,19805,AA,19805,1988,11057,1105703,31057,CLT,"Charlotte, NC",12892,1289208,32575,LAX,"Los Angeles, CA",1138,1133.0,-5.0,0.0,0.0,-1.0,1100-1159,22.0,1155.0,1353.0,5.0,1420,1358.0,-22.0,0.0,0.0,-2.0,1400-1459,0.0,,0.0,,,,,
333014,2025,1,14,2,2025-01-14,AA,19805,AA,19805,1988,11057,1105703,31057,CLT,"Charlotte, NC",12892,1289208,32575,LAX,"Los Angeles, CA",1138,1135.0,-3.0,0.0,0.0,-1.0,1100-1159,19.0,1154.0,1351.0,8.0,1420,1359.0,-21.0,0.0,0.0,-2.0,1400-1459,0.0,,0.0,,,,,
333015,2025,1,15,3,2025-01-15,AA,19805,AA,19805,1988,11057,1105703,31057,CLT,"Charlotte, NC",12892,1289208,32575,LAX,"Los Angeles, CA",1138,1132.0,-6.0,0.0,0.0,-1.0,1100-1159,16.0,1148.0,1322.0,7.0,1420,1329.0,-51.0,0.0,0.0,-2.0,1400-1459,0.0,,0.0,,,,,
333016,2025,1,16,4,2025-01-16,AA,19805,AA,19805,1988,11057,1105703,31057,CLT,"Charlotte, NC",12892,1289208,32575,LAX,"Los Angeles, CA",1138,1138.0,0.0,0.0,0.0,0.0,1100-1159,26.0,1204.0,1348.0,5.0,1420,1353.0,-27.0,0.0,0.0,-2.0,1400-1459,0.0,,0.0,,,,,
333017,2025,1,17,5,2025-01-17,AA,19805,AA,19805,1988,11057,1105703,31057,CLT,"Charlotte, NC",12892,1289208,32575,LAX,"Los Angeles, CA",1138,1144.0,6.0,6.0,0.0,0.0,1100-1159,59.0,1243.0,1422.0,9.0,1420,1431.0,11.0,11.0,0.0,0.0,1400-1459,0.0,,0.0,,,,,
333018,2025,1,18,6,2025-01-18,AA,19805,AA,19805,1988,11057,1105703,31057,CLT,"Charlotte, NC",12892,1289208,32575,LAX,"Los Angeles, CA",1138,1137.0,-1.0,0.0,0.0,-1.0,1100-1159,19.0,1156.0,1402.0,8.0,1420,1410.0,-10.0,0.0,0.0,-1.0,1400-1459,0.0,,0.0,,,,,
333019,2025,1,19,7,2025-01-19,AA,19805,AA,19805,1988,11057,1105703,31057,CLT,"Charlotte, NC",12892,1289208,32575,LAX,"Los Angeles, CA",1138,1138.0,0.0,0.0,0.0,0.0,1100-1159,26.0,1204.0,1405.0,5.0,1420,1410.0,-10.0,0.0,0.0,-1.0,1400-1459,0.0,,0.0,,,,,
333020,2025,1,20,1,2025-01-20,AA,19805,AA,19805,1988,11057,1105703,31057,CLT,"Charlotte, NC",12892,1289208,32575,LAX,"Los Angeles, CA",1138,1134.0,-4.0,0.0,0.0,-1.0,1100-1159,28.0,1202.0,1404.0,6.0,1420,1410.0,-10.0,0.0,0.0,-1.0,1400-1459,0.0,,0.0,,,,,
333021,2025,1,21,2,2025-01-21,AA,19805,AA,19805,1988,11057,1105703,31057,CLT,"Charlotte, NC",12892,1289208,32575,LAX,"Los Angeles, CA",1138,1148.0,10.0,10.0,0.0,0.0,1100-1159,15.0,1203.0,1400.0,4.0,1420,1404.0,-16.0,0.0,0.0,-2.0,1400-1459,0.0,,0.0,,,,,
333022,2025,1,22,3,2025-01-22,AA,19805,AA,19805,1988,11057,1105703,31057,CLT,"Charlotte, NC",12892,1289208,32575,LAX,"Los Angeles, CA",1138,1137.0,-1.0,0.0,0.0,-1.0,1100-1159,13.0,1150.0,1346.0,6.0,1420,1352.0,-28.0,0.0,0.0,-2.0,1400-1459,0.0,,0.0,,,,,
333023,2025,1,23,4,2025-01-23,AA,19805,AA,19805,1988,11057,1105703,31057,CLT,"Charlotte, NC",12892,1289208,32575,LAX,"Los Angeles, CA",1138,1137.0,-1.0,0.0,0.0,-1.0,1100-1159,12.0,1149.0,1327.0,5.0,1420,1332.0,-48.0,0.0,0.0,-2.0,1400-1459,0.0,,0.0,,,,,
333024,2025,1,24,5,2025-01-24,AA,19805,AA,19805,1988,11057,1105703,31057,CLT,"Charlotte, NC",12892,1289208,32575,LAX,"Los Angeles, CA",1138,1136.0,-2.0,0.0,0.0,-1.0,1100-1159,20.0,1156.0,1343.0,7.0,1420,1350.0,-30.0,0.0,0.0,-2.0,1400-1459,0.0,,0.0,,,,,
333025,2025,1,25,6,2025-01-25,AA,19805,AA,19805,1988,11057,1105703,31057,CLT,"Charlotte, NC",12892,1289208,32575,LAX,"Los Angeles, CA",1138,1146.0,8.0,8.0,0.0,0.0,1100-1159,17.0,1203.0,1405.0,13.0,1420,1418.0,-2.0,0.0,0.0,-1.0,1400-1459,0.0,,0.0,,,,,
333026,2025,1,26,7,2025-01-26,AA,19805,AA,19805,1988,11057,1105703,31057,CLT,"Charlotte, NC",12892,1289208,32575,LAX,"Los Angeles, CA",1138,1138.0,0.0,0.0,0.0,0.0,1100-1159,17.0,1155.0,1359.0,9.0,1420,1408.0,-12.0,0.0,0.0,-1.0,1400-1459,0.0,,0.0,,,,,
333027,2025,1,27,1,2025-01-27,AA,19805,AA,19805,1988,11057,1105703,31057,CLT,"Charlotte, NC",12892,1289208,32575,LAX,"Los Angeles, CA",1138,1143.0,5.0,5.0,0.0,0.0,1100-1159,25.0,1208.0,1418.0,7.0,1420,1425.0,5.0,5.0,0.0,0.0,1400-1459,0.0,,0.0,,,,,
333028,2025,1,28,2,2025-01-28,AA,19805,AA,19805,1988,11057,1105703,31057,CLT,"Charlotte, NC",12892,1289208,32575,LAX,"Los Angeles, CA",1138,1132.0,-6.0,0.0,0.0,-1.0,1100-1159,13.0,1145.0,1338.0,10.0,1420,1348.0,-32.0,0.0,0.0,-2.0,1400-1459,0.0,,0.0,,,,,
333029,2025,1,29,3,2025-01-29,AA,19805,AA,19805,1988,11057,1105703,31057,CLT,"Charlotte, NC",12892,1289208,32575,LAX,"Los Angeles, CA",1138,1137.0,-1.0,0.0,0.0,-1.0,1100-1159,13.0,1150.0,1335.0,11.0,1420,1346.0,-34.0,0.0,0.0,-2.0,1400-1459,0.0,,0.0,,,,,
333030,2025,1,30,4,2025-01-30,AA,19805,AA,19805,1988,11057,1105703,31057,CLT,"Charlotte, NC",12892,1289208,32575,LAX,"Los Angeles, CA",1138,1154.0,16.0,16.0,1.0,1.0,1100-1159,24.0,1218.0,1359.0,9.0,1420,1408.0,-12.0,0.0,0.0,-1.0,1400-1459,0.0,,0.0,,,,,
333031,2025,1,31,5,2025-01-31,AA,19805,AA,19805,1988,11057,1105703,31057,CLT,"Charlotte, NC",12892,1289208,32575,LAX,"Los Angeles, CA",1138,1139.0,1.0,1.0,0.0,0.0,1100-1159,30.0,1209.0,1342.0,6.0,1420,1348.0,-32.0,0.0,0.0,-2.0,1400-1459,0.0,,0.0,,,,,
333224,2025,1,7,2,2025-01-07,AA,19805,AA,19805,1995,11057,1105703,31057,CLT,"Charlotte, NC",12892,1289208,32575,LAX,"Los Angeles, CA",855,859.0,4.0,4.0,0.0,0.0,0800-0859,16.0,915.0,1109.0,15.0,1121,1124.0,3.0,3.0,0.0,0.0,1100-1159,0.0,,0.0,,,,,
333225,2025,1,8,3,2025-01-08,AA,19805,AA,19805,1995,11057,1105703,31057,CLT,"Charlotte, NC",12892,1289208,32575,LAX,"Los Angeles, CA",855,904.0,9.0,9.0,0.0,0.0,0800-0859,31.0,935.0,1113.0,13.0,1121,1126.0,5.0,5.0,0.0,0.0,1100-1159,0.0,,0.0,,,,,
333226,2025,1,9,4,2025-01-09,AA,19805,AA,19805,1995,11057,1105703,31057,CLT,"Charlotte, NC",12892,1289208,32575,LAX,"Los Angeles, CA",855,913.0,18.0,18.0,1.0,1.0,0800-0859,23.0,936.0,1118.0,5.0,1121,1123.0,2.0,2.0,0.0,0.0,1100-1159,0.0,,0.0,,,,,
333227,2025,1,10,5,2025-01-10,AA,19805,AA,19805,1995,11057,1105703,31057,CLT,"Charlotte, NC",12892,1289208,32575,LAX,"Los Angeles, CA",855,850.0,-5.0,0.0,0.0,-1.0,0800-0859,10.0,900.0,1032.0,10.0,1121,1042.0,-39.0,0.0,0.0,-2.0,1100-1159,0.0,,0.0,,,,,
333228,2025,1,11,6,2025-01-11,AA,19805,AA,19805,1995,11057,1105703,31057,CLT,"Charlotte, NC",12892,1289208,32575,LAX,"Los Angeles, CA",855,855.0,0.0,0.0,0.0,0.0,0800-0859,11.0,906.0,1110.0,3.0,1121,1113.0,-8.0,0.0,0.0,-1.0,1100-1159,0.0,,0.0,,,,,
333229,2025,1,12,7,2025-01-12,AA,19805,AA,19805,1995,11057,1105703,31057,CLT,"Charlotte, NC",12892,1289208,32575,LAX,"Los Angeles, CA",855,852.0,-3.0,0.0,0.0,-1.0,0800-0859,14.0,906.0,1118.0,12.0,1121,1130.0,9.0,9.0,0.0,0.0,1100-1159,0.0,,0.0,,,,,
333230,2025,1,13,1,2025-01-13,AA,19805,AA,19805,1995,11057,1105703,31057,CLT,"Charlotte, NC",12892,1289208,32575,LAX,"Los Angeles, CA",855,854.0,-1.0,0.0,0.0,-1.0,0800-0859,15.0,909.0,1110.0,10.0,1121,1120.0,-1.0,0.0,0.0,-1.0,1100-1159,0.0,,0.0,,,,,
333231,2025,1,14,2,2025-01-14,AA,19805,AA,19805,1995,11057,1105703,31057,CLT,"Charlotte, NC",12892,1289208,32575,LAX,"Los Angeles, CA",855,920.0,25.0,25.0,1.0,1.0,0800-0859,20.0,940.0,1146.0,7.0,1121,1153.0,32.0,32.0,1.0,2.0,1100-1159,0.0,,0.0,25.0,0.0,7.0,0.0,0.0
333232,2025,1,15,3,2025-01-15,AA,19805,AA,19805,1995,11057,1105703,31057,CLT,"Charlotte, NC",12892,1289208,32575,LAX,"Los Angeles, CA",855,920.0,25.0,25.0,1.0,1.0,0800-0859,19.0,939.0,1131.0,8.0,1121,1139.0,18.0,18.0,1.0,1.0,1100-1159,0.0,,0.0,18.0,0.0,0.0,0.0,0.0
333233,2025,1,16,4,2025-01-16,AA,19805,AA,19805,1995,11057,1105703,31057,CLT,"Charlotte, NC",12892,1289208,32575,LAX,"Los Angeles, CA",855,849.0,-6.0,0.0,0.0,-1.0,0800-0859,18.0,907.0,1048.0,9.0,1121,1057.0,-24.0,0.0,0.0,-2.0,1100-1159,0.0,,0.0,,,,,
333234,2025,1,17,5,2025-01-17,AA,19805,AA,19805,1995,11057,1105703,31057,CLT,"Charlotte, NC",12892,1289208,32575,LAX,"Los Angeles, CA",855,852.0,-3.0,0.0,0.0,-1.0,0800-0859,12.0,904.0,1039.0,11.0,1121,1050.0,-31.0,0.0,0.0,-2.0,1100-1159,0.0,,0.0,,,,,
333235,2025,1,18,6,2025-01-18,AA,19805,AA,19805,1995,11057,1105703,31057,CLT,"Charlotte, NC",12892,1289208,32575,LAX,"Los Angeles, CA",855,852.0,-3.0,0.0,0.0,-1.0,0800-0859,10.0,902.0,1104.0,6.0,1121,1110.0,-11.0,0.0,0.0,-1.0,1100-1159,0.0,,0.0,,,,,
333236,2025,1,19,7,2025-01-19,AA,19805,AA,19805,1995,11057,1105703,31057,CLT,"Charlotte, NC",12892,1289208,32575,LAX,"Los Angeles, CA",855,850.0,-5.0,0.0,0.0,-1.0,0800-0859,15.0,905.0,1101.0,6.0,1121,1107.0,-14.0,0.0,0.0,-1.0,1100-1159,0.0,,0.0,,,,,
333237,2025,1,20,1,2025-01-20,AA,19805,AA,19805,1995,11057,1105703,31057,CLT,"Charlotte, NC",12892,1289208,32575,LAX,"Los Angeles, CA",855,852.0,-3.0,0.0,0.0,-1.0,0800-0859,14.0,906.0,1110.0,4.0,1121,1114.0,-7.0,0.0,0.0,-1.0,1100-1159,0.0,,0.0,,,,,
333238,2025,1,21,2,2025-01-21,AA,19805,AA,19805,1995,11057,1105703,31057,CLT,"Charlotte, NC",12892,1289208,32575,LAX,"Los Angeles, CA",855,851.0,-4.0,0.0,0.0,-1.0,0800-0859,12.0,903.0,1056.0,5.0,1121,1101.0,-20.0,0.0,0.0,-2.0,1100-1159,0.0,,0.0,,,,,
333239,2025,1,22,3,2025-01-22,AA,19805,AA,19805,1995,11057,1105703,31057,CLT,"Charlotte, NC",12892,1289208,32575,LAX,"Los Angeles, CA",855,848.0,-7.0,0.0,0.0,-1.0,0800-0859,13.0,901.0,1057.0,9.0,1121,1106.0,-15.0,0.0,0.0,-1.0,1100-1159,0.0,,0.0,,,,,
333240,2025,1,23,4,2025-01-23,AA,19805,AA,19805,1995,11057,1105703,31057,CLT,"Charlotte, NC",12892,1289208,32575,LAX,"Los Angeles, CA",855,852.0,-3.0,0.0,0.0,-1.0,0800-0859,15.0,907.0,1047.0,5.0,1121,1052.0,-29.0,0.0,0.0,-2.0,1100-1159,0.0,,0.0,,,,,
333241,2025,1,24,5,2025-01-24,AA,19805,AA,19805,1995,11057,1105703,31057,CLT,"Charlotte, NC",12892,1289208,32575,LAX,"Los Angeles, CA",855,850.0,-5.0,0.0,0.0,-1.0,0800-0859,15.0,905.0,1100.0,10.0,1121,1110.0,-11.0,0.0,0.0,-1.0,1100-1159,0.0,,0.0,,,,,
333242,2025,1,25,6,2025-01-25,AA,19805,AA,19805,1995,11057,1105703,31057,CLT,"Charlotte, NC",12892,1289208,32575,LAX,"Los Angeles, CA",855,854.0,-1.0,0.0,0.0,-1.0,0800-0859,12.0,906.0,1102.0,6.0,1121,1108.0,-13.0,0.0,0.0,-1.0,1100-1159,0.0,,0.0,,,,,
333243,2025,1,26,7,2025-01-26,AA,19805,AA,19805,1995,11057,1105703,31057,CLT,"Charlotte, NC",12892,1289208,32575,LAX,"Los Angeles, CA",855,851.0,-4.0,0.0,0.0,-1.0,0800-0859,14.0,905.0,1117.0,5.0,1121,1122.0,1.0,1.0,0.0,0.0,1100-1159,0.0,,0.0,,,,,
333244,2025,1,27,1,2025-01-27,AA,19805,AA,19805,1995,11057,1105703,31057,CLT,"Charlotte, NC",12892,1289208,32575,LAX,"Los Angeles, CA",855,920.0,25.0,25.0,1.0,1.0,0800-0859,20.0,940.0,1144.0,10.0,1121,1154.0,33.0,33.0,1.0,2.0,1100-1159,0.0,,0.0,12.0,0.0,8.0,0.0,13.0
333245,2025,1,28,2,2025-01-28,AA,19805,AA,19805,1995,11057,1105703,31057,CLT,"Charlotte, NC",12892,1289208,32575,LAX,"Los Angeles, CA",855,849.0,-6.0,0.0,0.0,-1.0,0800-0859,14.0,903.0,1056.0,7.0,1121,1103.0,-18.0,0.0,0.0,-2.0,1100-1159,0.0,,0.0,,,,,
333246,2025,1,29,3,2025-01-29,AA,19805,AA,19805,1995,11057,1105703,31057,CLT,"Charlotte, NC",12892,1289208,32575,LAX,"Los Angeles, CA",855,851.0,-4.0,0.0,0.0,-1.0,0800-0859,12.0,903.0,1101.0,8.0,1121,1109.0,-12.0,0.0,0.0,-1.0,1100-1159,0.0,,0.0,,,,,
333247,2025,1,30,4,2025-01-30,AA,19805,AA,19805,1995,11057,1105703,31057,CLT,"Charlotte, NC",12892,1289208,32575,LAX,"Los Angeles, CA",855,852.0,-3.0,0.0,0.0,-1.0,0800-0859,16.0,908.0,1044.0,5.0,1121,1049.0,-32.0,0.0,0.0,-2.0,1100-1159,0.0,,0.0,,,,,
333248,2025,1,31,5,2025-01-31,AA,19805,AA,19805,1995,11057,1105703,31057,CLT,"Charlotte, NC",12892,1289208,32575,LAX,"Los Angeles, CA",855,853.0,-2.0,0.0,0.0,-1.0,0800-0859,13.0,906.0,1039.0,16.0,1121,1055.0,-26.0,0.0,0.0,-2.0,1100-1159,0.0,,0.0,,,,,
333783,2025,1,1,3,2025-01-01,AA,19805,AA,19805,2017,11057,1105703,31057,CLT,"Charlotte, NC",12892,1289208,32575,LAX,"Los Angeles, CA",2027,2024.0,-3.0,0.0,0.0,-1.0,2000-2059,28.0,2052.0,2249.0,5.0,2253,2254.0,1.0,1.0,0.0,0.0,2200-2259,0.0,,0.0,,,,,
333784,2025,1,2,4,2025-01-02,AA,19805,AA,19805,2017,11057,1105703,31057,CLT,"Charlotte, NC",12892,1289208,32575,LAX,"Los Angeles, CA",2027,2026.0,-1.0,0.0,0.0,-1.0,2000-2059,32.0,2058.0,2241.0,15.0,2253,2256.0,3.0,3.0,0.0,0.0,2200-2259,0.0,,0.0,,,,,
333785,2025,1,3,5,2025-01-03,AA,19805,AA,19805,2017,11057,1105703,31057,CLT,"Charlotte, NC",12892,1289208,32575,LAX,"Los Angeles, CA",2027,2027.0,0.0,0.0,0.0,0.0,2000-2059,21.0,2048.0,2230.0,7.0,2253,2237.0,-16.0,0.0,0.0,-2.0,2200-2259,0.0,,0.0,,,,,
333786,2025,1,4,6,2025-01-04,AA,19805,AA,19805,2017,11057,1105703,31057,CLT,"Charlotte, NC",12892,1289208,32575,LAX,"Los Angeles, CA",2027,2024.0,-3.0,0.0,0.0,-1.0,2000-2059,22.0,2046.0,2239.0,29.0,2253,2308.0,15.0,15.0,1.0,1.0,2200-2259,0.0,,0.0,0.0,0.0,15.0,0.0,0.0
333787,2025,1,5,7,2025-01-05,AA,19805,AA,19805,2017,11057,1105703,31057,CLT,"Charlotte, NC",12892,1289208,32575,LAX,"Los Angeles, CA",2027,2026.0,-1.0,0.0,0.0,-1.0,2000-2059,15.0,2041.0,2233.0,8.0,2253,2241.0,-12.0,0.0,0.0,-1.0,2200-2259,0.0,,0.0,,,,,
333788,2025,1,6,1,2025-01-06,AA,19805,AA,19805,2017,11057,1105703,31057,CLT,"Charlotte, NC",12892,1289208,32575,LAX,"Los Angeles, CA",2027,2022.0,-5.0,0.0,0.0,-1.0,2000-2059,22.0,2044.0,2235.0,6.0,2253,2241.0,-12.0,0.0,0.0,-1.0,2200-2259,0.0,,0.0,,,,,
333789,2025,1,7,2,2025-01-07,AA,19805,AA,19805,2017,11057,1105703,31057,CLT,"Charlotte, NC",12892,1289208,32575,LAX,"Los Angeles, CA",2040,2107.0,27.0,27.0,1.0,1.0,2000-2059,33.0,2140.0,2331.0,8.0,2308,2339.0,31.0,31.0,1.0,2.0,2300-2359,0.0,,0.0,18.0,0.0,4.0,0.0,9.0
333790,2025,1,8,3,2025-01-08,AA,19805,AA,19805,2017,11057,1105703,31057,CLT,"Charlotte, NC",12892,1289208,32575,LAX,"Los Angeles, CA",2040,2129.0,49.0,49.0,1.0,3.0,2000-2059,13.0,2142.0,2307.0,10.0,2308,2317.0,9.0,9.0,0.0,0.0,2300-2359,0.0,,0.0,,,,,
333791,2025,1,9,4,2025-01-09,AA,19805,AA,19805,2017,11057,1105703,31057,CLT,"Charlotte, NC",12892,1289208,32575,LAX,"Los Angeles, CA",2040,2133.0,53.0,53.0,1.0,3.0,2000-2059,14.0,2147.0,2344.0,11.0,2308,2355.0,47.0,47.0,1.0,3.0,2300-2359,0.0,,0.0,47.0,0.0,0.0,0.0,0.0
333792,2025,1,10,5,2025-01-10,AA,19805,AA,19805,2017,11057,1105703,31057,CLT,"Charlotte, NC",12892,1289208,32575,LAX,"Los Angeles, CA",2040,,,,,,2000-2059,,,,,2308,,,,,,2300-2359,1.0,B,0.0,,,,,
333793,2025,1,11,6,2025-01-11,AA,19805,AA,19805,2017,11057,1105703,31057,CLT,"Charlotte, NC",12892,1289208,32575,LAX,"Los Angeles, CA",2040,2116.0,36.0,36.0,1.0,2.0,2000-2059,19.0,2135.0,2331.0,6.0,2308,2337.0,29.0,29.0,1.0,1.0,2300-2359,0.0,,0.0,5.0,0.0,0.0,0.0,24.0
333794,2025,1,12,7,2025-01-12,AA,19805,AA,19805,2017,11057,1105703,31057,CLT,"Charlotte, NC",12892,1289208,32575,LAX,"Los Angeles, CA",2040,2039.0,-1.0,0.0,0.0,-1.0,2000-2059,26.0,2105.0,2303.0,10.0,2308,2313.0,5.0,5.0,0.0,0.0,2300-2359,0.0,,0.0,,,,,
333795,2025,1,13,1,2025-01-13,AA,19805,AA,19805,2017,11057,1105703,31057,CLT,"Charlotte, NC",12892,1289208,32575,LAX,"Los Angeles, CA",2040,2037.0,-3.0,0.0,0.0,-1.0,2000-2059,17.0,2054.0,2247.0,6.0,2308,2253.0,-15.0,0.0,0.0,-1.0,2300-2359,0.0,,0.0,,,,,
333796,2025,1,14,2,2025-01-14,AA,19805,AA,19805,2017,11057,1105703,31057,CLT,"Charlotte, NC",12892,1289208,32575,LAX,"Los Angeles, CA",2040,2034.0,-6.0,0.0,0.0,-1.0,2000-2059,16.0,2050.0,2244.0,8.0,2308,2252.0,-16.0,0.0,0.0,-2.0,2300-2359,0.0,,0.0,,,,,
333797,2025,1,15,3,2025-01-15,AA,19805,AA,19805,2017,11057,1105703,31057,CLT,"Charlotte, NC",12892,1289208,32575,LAX,"Los Angeles, CA",2040,2033.0,-7.0,0.0,0.0,-1.0,2000-2059,17.0,2050.0,2216.0,9.0,2308,2225.0,-43.0,0.0,0.0,-2.0,2300-2359,0.0,,0.0,,,,,
333798,2025,1,16,4,2025-01-16,AA,19805,AA,19805,2017,11057,1105703,31057,CLT,"Charlotte, NC",12892,1289208,32575,LAX,"Los Angeles, CA",2040,2034.0,-6.0,0.0,0.0,-1.0,2000-2059,21.0,2055.0,2230.0,24.0,2308,2254.0,-14.0,0.0,0.0,-1.0,2300-2359,0.0,,0.0,,,,,
333799,2025,1,17,5,2025-01-17,AA,19805,AA,19805,2017,11057,1105703,31057,CLT,"Charlotte, NC",12892,1289208,32575,LAX,"Los Angeles, CA",2040,2058.0,18.0,18.0,1.0,1.0,2000-2059,26.0,2124.0,2311.0,8.0,2308,2319.0,11.0,11.0,0.0,0.0,2300-2359,0.0,,0.0,,,,,
333800,2025,1,18,6,2025-01-18,AA,19805,AA,19805,2017,11057,1105703,31057,CLT,"Charlotte, NC",12892,1289208,32575,LAX,"Los Angeles, CA",2040,2055.0,15.0,15.0,1.0,1.0,2000-2059,29.0,2124.0,2313.0,12.0,2308,2325.0,17.0,17.0,1.0,1.0,2300-2359,0.0,,0.0,15.0,0.0,2.0,0.0,0.0
333801,2025,1,19,7,2025-01-19,AA,19805,AA,19805,2017,11057,1105703,31057,CLT,"Charlotte, NC",12892,1289208,32575,LAX,"Los Angeles, CA",2040,2042.0,2.0,2.0,0.0,0.0,2000-2059,22.0,2104.0,2306.0,8.0,2308,2314.0,6.0,6.0,0.0,0.0,2300-2359,0.0,,0.0,,,,,
333802,2025,1,20,1,2025-01-20,AA,19805,AA,19805,2017,11057,1105703,31057,CLT,"Charlotte, NC",12892,1289208,32575,LAX,"Los Angeles, CA",2040,2146.0,66.0,66.0,1.0,4.0,2000-2059,16.0,2202.0,2336.0,13.0,2308,2349.0,41.0,41.0,1.0,2.0,2300-2359,0.0,,0.0,5.0,0.0,0.0,0.0,36.0
333803,2025,1,21,2,2025-01-21,AA,19805,AA,19805,2017,11057,1105703,31057,CLT,"Charlotte, NC",12892,1289208,32575,LAX,"Los Angeles, CA",2040,2045.0,5.0,5.0,0.0,0.0,2000-2059,91.0,2216.0,19.0,12.0,2308,31.0,83.0,83.0,1.0,5.0,2300-2359,0.0,,0.0,0.0,5.0,78.0,0.0,0.0
333804,2025,1,22,3,2025-01-22,AA,19805,AA,19805,2017,11057,1105703,31057,CLT,"Charlotte, NC",12892,1289208,32575,LAX,"Los Angeles, CA",2040,2045.0,5.0,5.0,0.0,0.0,2000-2059,19.0,2104.0,2300.0,6.0,2308,2306.0,-2.0,0.0,0.0,-1.0,2300-2359,0.0,,0.0,,,,,
333805,2025,1,23,4,2025-01-23,AA,19805,AA,19805,2017,11057,1105703,31057,CLT,"Charlotte, NC",12892,1289208,32575,LAX,"Los Angeles, CA",2040,2126.0,46.0,46.0,1.0,3.0,2000-2059,18.0,2144.0,2322.0,7.0,2308,2329.0,21.0,21.0,1.0,1.0,2300-2359,0.0,,0.0,21.0,0.0,0.0,0.0,0.0
333806,2025,1,24,5,2025-01-24,AA,19805,AA,19805,2017,11057,1105703,31057,CLT,"Charlotte, NC",12892,1289208,32575,LAX,"Los Angeles, CA",2040,2039.0,-1.0,0.0,0.0,-1.0,2000-2059,21.0,2100.0,2256.0,10.0,2308,2306.0,-2.0,0.0,0.0,-1.0,2300-2359,0.0,,0.0,,,,,
333807,2025,1,25,6,2025-01-25,AA,19805,AA,19805,2017,11057,1105703,31057,CLT,"Charlotte, NC",12892,1289208,32575,LAX,"Los Angeles, CA",2040,2033.0,-7.0,0.0,0.0,-1.0,2000-2059,20.0,2053.0,2306.0,7.0,2308,2313.0,5.0,5.0,0.0,0.0,2300-2359,0.0,,0.0,,,,,
333808,2025,1,26,7,2025-01-26,AA,19805,AA,19805,2017,11057,1105703,31057,CLT,"Charlotte, NC",12892,1289208,32575,LAX,"Los Angeles, CA",2040,2037.0,-3.0,0.0,0.0,-1.0,2000-2059,24.0,2101.0,2334.0,9.0,2308,2343.0,35.0,35.0,1.0,2.0,2300-2359,0.0,,0.0,0.0,0.0,35.0,0.0,0.0
333809,2025,1,27,1,2025-01-27,AA,19805,AA,19805,2017,11057,1105703,31057,CLT,"Charlotte, NC",12892,1289208,32575,LAX,"Los Angeles, CA",2040,2034.0,-6.0,0.0,0.0,-1.0,2000-2059,24.0,2058.0,2301.0,7.0,2308,2308.0,0.0,0.0,0.0,0.0,2300-2359,0.0,,0.0,,,,,
333810,2025,1,28,2,2025-01-28,AA,19805,AA,19805,2017,11057,1105703,31057,CLT,"Charlotte, NC",12892,1289208,32575,LAX,"Los Angeles, CA",2040,2035.0,-5.0,0.0,0.0,-1.0,2000-2059,23.0,2058.0,2241.0,5.0,2308,2246.0,-22.0,0.0,0.0,-2.0,2300-2359,0.0,,0.0,,,,,
333811,2025,1,29,3,2025-01-29,AA,19805,AA,19805,2017,11057,1105703,31057,CLT,"Charlotte, NC",12892,1289208,32575,LAX,"Los Angeles, CA",2040,2037.0,-3.0,0.0,0.0,-1.0,2000-2059,16.0,2053.0,2234.0,40.0,2308,2314.0,6.0,6.0,0.0,0.0,2300-2359,0.0,,0.0,,,,,
333812,2025,1,30,4,2025-01-30,AA,19805,AA,19805,2017,11057,1105703,31057,CLT,"Charlotte, NC",12892,1289208,32575,LAX,"Los Angeles, CA",2040,2038.0,-2.0,0.0,0.0,-1.0,2000-2059,26.0,2104.0,2245.0,11.0,2308,2256.0,-12.0,0.0,0.0,-1.0,2300-2359,0.0,,0.0,,,,,
333813,2025,1,31,5,2025-01-31,AA,19805,AA,19805,2017,11057,1105703,31057,CLT,"Charlotte, NC",12892,1289208,32575,LAX,"Los Angeles, CA",2040,2116.0,36.0,36.0,1.0,2.0,2000-2059,23.0,2139.0,2321.0,12.0,2308,2333.0,25.0,25.0,1.0,1.0,2300-2359,0.0,,0.0,0.0,0.0,0.0,22.0,3.0
333940,2025,1,1,3,2025-01-01,AA,19805,AA,19805,2023,11057,1105703,31057,CLT,"Charlotte, NC",12892,1289208,32575,LAX,"Los Angeles, CA",1830,1859.0,29.0,29.0,1.0,1.0,1800-1859,18.0,1917.0,2112.0,14.0,2059,2126.0,27.0,27.0,1.0,1.0,2000-2059,0.0,,0.0,25.0,0.0,0.0,0.0,2.0
333941,2025,1,2,4,2025-01-02,AA,19805,AA,19805,2023,11057,1105703,31057,CLT,"Charlotte, NC",12892,1289208,32575,LAX,"Los Angeles, CA",1830,1829.0,-1.0,0.0,0.0,-1.0,1800-1859,20.0,1849.0,2026.0,6.0,2059,2032.0,-27.0,0.0,0.0,-2.0,2000-2059,0.0,,0.0,,,,,
333942,2025,1,3,5,2025-01-03,AA,19805,AA,19805,2023,11057,1105703,31057,CLT,"Charlotte, NC",12892,1289208,32575,LAX,"Los Angeles, CA",1830,1920.0,50.0,50.0,1.0,3.0,1800-1859,16.0,1936.0,2121.0,9.0,2059,2130.0,31.0,31.0,1.0,2.0,2000-2059,0.0,,0.0,31.0,0.0,0.0,0.0,0.0
333943,2025,1,4,6,2025-01-04,AA,19805,AA,19805,2023,11057,1105703,31057,CLT,"Charlotte, NC",12892,1289208,32575,LAX,"Los Angeles, CA",1830,1837.0,7.0,7.0,0.0,0.0,1800-1859,22.0,1859.0,2053.0,7.0,2059,2100.0,1.0,1.0,0.0,0.0,2000-2059,0.0,,0.0,,,,,
333944,2025,1,5,7,2025-01-05,AA,19805,AA,19805,2023,11057,1105703,31057,CLT,"Charlotte, NC",12892,1289208,32575,LAX,"Los Angeles, CA",1830,2051.0,141.0,141.0,1.0,9.0,1800-1859,13.0,2104.0,2253.0,7.0,2059,2300.0,121.0,121.0,1.0,8.0,2000-2059,0.0,,0.0,27.0,0.0,0.0,0.0,94.0
333945,2025,1,6,1,2025-01-06,AA,19805,AA,19805,2023,11057,1105703,31057,CLT,"Charlotte, NC",12892,1289208,32575,LAX,"Los Angeles, CA",1830,2014.0,104.0,104.0,1.0,6.0,1800-1859,17.0,2031.0,2222.0,35.0,2059,2257.0,118.0,118.0,1.0,7.0,2000-2059,0.0,,0.0,9.0,0.0,14.0,0.0,95.0
333946,2025,1,7,2,2025-01-07,AA,19805,AA,19805,2023,11057,1105703,31057,CLT,"Charlotte, NC",12892,1289208,32575,LAX,"Los Angeles, CA",1835,1834.0,-1.0,0.0,0.0,-1.0,1800-1859,20.0,1854.0,2047.0,27.0,2106,2114.0,8.0,8.0,0.0,0.0,2100-2159,0.0,,0.0,,,,,
333947,2025,1,8,3,2025-01-08,AA,19805,AA,19805,2023,11057,1105703,31057,CLT,"Charlotte, NC",12892,1289208,32575,LAX,"Los Angeles, CA",1835,1916.0,41.0,41.0,1.0,2.0,1800-1859,16.0,1932.0,2056.0,6.0,2106,2102.0,-4.0,0.0,0.0,-1.0,2100-2159,0.0,,0.0,,,,,
333948,2025,1,9,4,2025-01-09,AA,19805,AA,19805,2023,11057,1105703,31057,CLT,"Charlotte, NC",12892,1289208,32575,LAX,"Los Angeles, CA",1835,1836.0,1.0,1.0,0.0,0.0,1800-1859,22.0,1858.0,2052.0,4.0,2106,2056.0,-10.0,0.0,0.0,-1.0,2100-2159,0.0,,0.0,,,,,
333949,2025,1,10,5,2025-01-10,AA,19805,AA,19805,2023,11057,1105703,31057,CLT,"Charlotte, NC",12892,1289208,32575,LAX,"Los Angeles, CA",1835,,,,,,1800-1859,,,,,2106,,,,,,2100-2159,1.0,B,0.0,,,,,
333950,2025,1,11,6,2025-01-11,AA,19805,AA,19805,2023,11057,1105703,31057,CLT,"Charlotte, NC",12892,1289208,32575,LAX,"Los Angeles, CA",1835,1837.0,2.0,2.0,0.0,0.0,1800-1859,19.0,1856.0,2048.0,6.0,2106,2054.0,-12.0,0.0,0.0,-1.0,2100-2159,0.0,,0.0,,,,,
333951,2025,1,12,7,2025-01-12,AA,19805,AA,19805,2023,11057,1105703,31057,CLT,"Charlotte, NC",12892,1289208,32575,LAX,"Los Angeles, CA",1835,1840.0,5.0,5.0,0.0,0.0,1800-1859,26.0,1906.0,2106.0,9.0,2106,2115.0,9.0,9.0,0.0,0.0,2100-2159,0.0,,0.0,,,,,
333952,2025,1,13,1,2025-01-13,AA,19805,AA,19805,2023,11057,1105703,31057,CLT,"Charlotte, NC",12892,1289208,32575,LAX,"Los Angeles, CA",1835,1830.0,-5.0,0.0,0.0,-1.0,1800-1859,16.0,1846.0,2047.0,7.0,2106,2054.0,-12.0,0.0,0.0,-1.0,2100-2159,0.0,,0.0,,,,,
333953,2025,1,14,2,2025-01-14,AA,19805,AA,19805,2023,11057,1105703,31057,CLT,"Charlotte, NC",12892,1289208,32575,LAX,"Los Angeles, CA",1835,1828.0,-7.0,0.0,0.0,-1.0,1800-1859,20.0,1848.0,2049.0,10.0,2106,2059.0,-7.0,0.0,0.0,-1.0,2100-2159,0.0,,0.0,,,,,
333954,2025,1,15,3,2025-01-15,AA,19805,AA,19805,2023,11057,1105703,31057,CLT,"Charlotte, NC",12892,1289208,32575,LAX,"Los Angeles, CA",1835,1833.0,-2.0,0.0,0.0,-1.0,1800-1859,11.0,1844.0,2020.0,4.0,2106,2024.0,-42.0,0.0,0.0,-2.0,2100-2159,0.0,,0.0,,,,,
333955,2025,1,16,4,2025-01-16,AA,19805,AA,19805,2023,11057,1105703,31057,CLT,"Charlotte, NC",12892,1289208,32575,LAX,"Los Angeles, CA",1835,1832.0,-3.0,0.0,0.0,-1.0,1800-1859,19.0,1851.0,2028.0,5.0,2106,2033.0,-33.0,0.0,0.0,-2.0,2100-2159,0.0,,0.0,,,,,
333956,2025,1,17,5,2025-01-17,AA,19805,AA,19805,2023,11057,1105703,31057,CLT,"Charlotte, NC",12892,1289208,32575,LAX,"Los Angeles, CA",1835,1832.0,-3.0,0.0,0.0,-1.0,1800-1859,25.0,1857.0,2044.0,5.0,2106,2049.0,-17.0,0.0,0.0,-2.0,2100-2159,0.0,,0.0,,,,,
333957,2025,1,18,6,2025-01-18,AA,19805,AA,19805,2023,11057,1105703,31057,CLT,"Charlotte, NC",12892,1289208,32575,LAX,"Los Angeles, CA",1835,1831.0,-4.0,0.0,0.0,-1.0,1800-1859,15.0,1846.0,2037.0,5.0,2106,2042.0,-24.0,0.0,0.0,-2.0,2100-2159,0.0,,0.0,,,,,
333958,2025,1,19,7,2025-01-19,AA,19805,AA,19805,2023,11057,1105703,31057,CLT,"Charlotte, NC",12892,1289208,32575,LAX,"Los Angeles, CA",1835,1833.0,-2.0,0.0,0.0,-1.0,1800-1859,24.0,1857.0,2059.0,5.0,2106,2104.0,-2.0,0.0,0.0,-1.0,2100-2159,0.0,,0.0,,,,,
333959,2025,1,20,1,2025-01-20,AA,19805,AA,19805,2023,11057,1105703,31057,CLT,"Charlotte, NC",12892,1289208,32575,LAX,"Los Angeles, CA",1835,1835.0,0.0,0.0,0.0,0.0,1800-1859,15.0,1850.0,2039.0,12.0,2106,2051.0,-15.0,0.0,0.0,-1.0,2100-2159,0.0,,0.0,,,,,
333960,2025,1,21,2,2025-01-21,AA,19805,AA,19805,2023,11057,1105703,31057,CLT,"Charlotte, NC",12892,1289208,32575,LAX,"Los Angeles, CA",1835,1834.0,-1.0,0.0,0.0,-1.0,1800-1859,106.0,2020.0,2203.0,28.0,2106,2231.0,85.0,85.0,1.0,5.0,2100-2159,0.0,,0.0,0.0,0.0,85.0,0.0,0.0
333961,2025,1,22,3,2025-01-22,AA,19805,AA,19805,2023,11057,1105703,31057,CLT,"Charlotte, NC",12892,1289208,32575,LAX,"Los Angeles, CA",1835,1827.0,-8.0,0.0,0.0,-1.0,1800-1859,19.0,1846.0,2054.0,5.0,2106,2059.0,-7.0,0.0,0.0,-1.0,2100-2159,0.0,,0.0,,,,,
333962,2025,1,23,4,2025-01-23,AA,19805,AA,19805,2023,11057,1105703,31057,CLT,"Charlotte, NC",12892,1289208,32575,LAX,"Los Angeles, CA",1835,1833.0,-2.0,0.0,0.0,-1.0,1800-1859,14.0,1847.0,2029.0,4.0,2106,2033.0,-33.0,0.0,0.0,-2.0,2100-2159,0.0,,0.0,,,,,
333963,2025,1,24,5,2025-01-24,AA,19805,AA,19805,2023,11057,1105703,31057,CLT,"Charlotte, NC",12892,1289208,32575,LAX,"Los Angeles, CA",1835,1845.0,10.0,10.0,0.0,0.0,1800-1859,18.0,1903.0,2055.0,7.0,2106,2102.0,-4.0,0.0,0.0,-1.0,2100-2159,0.0,,0.0,,,,,
333964,2025,1,25,6,2025-01-25,AA,19805,AA,19805,2023,11057,1105703,31057,CLT,"Charlotte, NC",12892,1289208,32575,LAX,"Los Angeles, CA",1835,1835.0,0.0,0.0,0.0,0.0,1800-1859,23.0,1858.0,2105.0,9.0,2106,2114.0,8.0,8.0,0.0,0.0,2100-2159,0.0,,0.0,,,,,
333965,2025,1,26,7,2025-01-26,AA,19805,AA,19805,2023,11057,1105703,31057,CLT,"Charlotte, NC",12892,1289208,32575,LAX,"Los Angeles, CA",1835,1832.0,-3.0,0.0,0.0,-1.0,1800-1859,15.0,1847.0,2.0,12.0,2106,14.0,,,,,2100-2159,0.0,,1.0,,,,,
333966,2025,1,27,1,2025-01-27,AA,19805,AA,19805,2023,11057,1105703,31057,CLT,"Charlotte, NC",12892,1289208,32575,LAX,"Los Angeles, CA",1835,1834.0,-1.0,0.0,0.0,-1.0,1800-1859,23.0,1857.0,2029.0,7.0,2106,2036.0,-30.0,0.0,0.0,-2.0,2100-2159,0.0,,0.0,,,,,
333967,2025,1,28,2,2025-01-28,AA,19805,AA,19805,2023,11057,1105703,31057,CLT,"Charlotte, NC",12892,1289208,32575,LAX,"Los Angeles, CA",1835,1833.0,-2.0,0.0,0.0,-1.0,1800-1859,29.0,1902.0,2034.0,5.0,2106,2039.0,-27.0,0.0,0.0,-2.0,2100-2159,0.0,,0.0,,,,,
333968,2025,1,29,3,2025-01-29,AA,19805,AA,19805,2023,11057,1105703,31057,CLT,"Charlotte, NC",12892,1289208,32575,LAX,"Los Angeles, CA",1835,1831.0,-4.0,0.0,0.0,-1.0,1800-1859,23.0,1854.0,2032.0,8.0,2106,2040.0,-26.0,0.0,0.0,-2.0,2100-2159,0.0,,0.0,,,,,
333969,2025,1,30,4,2025-01-30,AA,19805,AA,19805,2023,11057,1105703,31057,CLT,"Charlotte, NC",12892,1289208,32575,LAX,"Los Angeles, CA",1835,1836.0,1.0,1.0,0.0,0.0,1800-1859,14.0,1850.0,2028.0,13.0,2106,2041.0,-25.0,0.0,0.0,-2.0,2100-2159,0.0,,0.0,,,,,
333970,2025,1,31,5,2025-01-31,AA,19805,AA,19805,2023,11057,1105703,31057,CLT,"Charlotte, NC",12892,1289208,32575,LAX,"Los Angeles, CA",1835,1835.0,0.0,0.0,0.0,0.0,1800-1859,23.0,1858.0,2033.0,33.0,2106,2106.0,0.0,0.0,0.0,0.0,2100-2159,0.0,,0.0,,,,,
342192,2025,1,1,3,2025-01-01,AA,19805,AA,19805,3246,11057,1105703,31057,CLT,"Charlotte, NC",11292,1129202,30325,DEN,"Denver, CO",1831,1831.0,0.0,0.0,0.0,0.0,1800-1859,23.0,1854.0,2016.0,7.0,2018,2023.0,5.0,5.0,0.0,0.0,2000-2059,0.0,,0.0,,,,,
342193,2025,1,4,6,2025-01-04,AA,19805,AA,19805,3246,11057,1105703,31057,CLT,"Charlotte, NC",11292,1129202,30325,DEN,"Denver, CO",1831,1836.0,5.0,5.0,0.0,0.0,1800-1859,18.0,1854.0,2007.0,11.0,2018,2018.0,0.0,0.0,0.0,0.0,2000-2059,0.0,,0.0,,,,,
343480,2025,1,1,3,2025-01-01,AA,19805,AA,19805,614,11057,1105703,31057,CLT,"Charlotte, NC",13930,1393008,30977,ORD,"Chicago, IL",1441,1434.0,-7.0,0.0,0.0,-1.0,1400-1459,15.0,1449.0,1522.0,10.0,1551,1532.0,-19.0,0.0,0.0,-2.0,1500-1559,0.0,,0.0,,,,,
343481,2025,1,2,4,2025-01-02,AA,19805,AA,19805,614,11057,1105703,31057,CLT,"Charlotte, NC",13930,1393008,30977,ORD,"Chicago, IL",1441,1440.0,-1.0,0.0,0.0,-1.0,1400-1459,10.0,1450.0,1525.0,9.0,1551,1534.0,-17.0,0.0,0.0,-2.0,1500-1559,0.0,,0.0,,,,,
343482,2025,1,3,5,2025-01-03,AA,19805,AA,19805,614,11057,1105703,31057,CLT,"Charlotte, NC",13930,1393008,30977,ORD,"Chicago, IL",1441,1438.0,-3.0,0.0,0.0,-1.0,1400-1459,17.0,1455.0,1534.0,9.0,1551,1543.0,-8.0,0.0,0.0,-1.0,1500-1559,0.0,,0.0,,,,,
343483,2025,1,4,6,2025-01-04,AA,19805,AA,19805,614,11057,1105703,31057,CLT,"Charlotte, NC",13930,1393008,30977,ORD,"Chicago, IL",1441,1436.0,-5.0,0.0,0.0,-1.0,1400-1459,15.0,1451.0,1526.0,9.0,1551,1535.0,-16.0,0.0,0.0,-2.0,1500-1559,0.0,,0.0,,,,,
343484,2025,1,5,7,2025-01-05,AA,19805,AA,19805,614,11057,1105703,31057,CLT,"Charlotte, NC",13930,1393008,30977,ORD,"Chicago, IL",1441,1437.0,-4.0,0.0,0.0,-1.0,1400-1459,10.0,1447.0,1525.0,10.0,1551,1535.0,-16.0,0.0,0.0,-2.0,1500-1559,0.0,,0.0,,,,,
343485,2025,1,6,1,2025-01-06,AA,19805,AA,19805,614,11057,1105703,31057,CLT,"Charlotte, NC",13930,1393008,30977,ORD,"Chicago, IL",1441,1604.0,83.0,83.0,1.0,5.0,1400-1459,13.0,1617.0,1654.0,12.0,1551,1706.0,75.0,75.0,1.0,5.0,1500-1559,0.0,,0.0,2.0,0.0,0.0,0.0,73.0
343486,2025,1,7,2,2025-01-07,AA,19805,AA,19805,614,11057,1105703,31057,CLT,"Charlotte, NC",13930,1393008,30977,ORD,"Chicago, IL",1430,1533.0,63.0,63.0,1.0,4.0,1400-1459,30.0,1603.0,1635.0,10.0,1540,1645.0,65.0,65.0,1.0,4.0,1500-1559,0.0,,0.0,63.0,0.0,2.0,0.0,0.0
343487,2025,1,8,3,2025-01-08,AA,19805,AA,19805,614,11057,1105703,31057,CLT,"Charlotte, NC",13930,1393008,30977,ORD,"Chicago, IL",1430,1444.0,14.0,14.0,0.0,0.0,1400-1459,16.0,1500.0,1535.0,10.0,1540,1545.0,5.0,5.0,0.0,0.0,1500-1559,0.0,,0.0,,,,,
343488,2025,1,9,4,2025-01-09,AA,19805,AA,19805,614,11057,1105703,31057,CLT,"Charlotte, NC",13930,1393008,30977,ORD,"Chicago, IL",1430,1425.0,-5.0,0.0,0.0,-1.0,1400-1459,16.0,1441.0,1515.0,10.0,1540,1525.0,-15.0,0.0,0.0,-1.0,1500-1559,0.0,,0.0,,,,,
343489,2025,1,10,5,2025-01-10,AA,19805,AA,19805,614,11057,1105703,31057,CLT,"Charlotte, NC",13930,1393008,30977,ORD,"Chicago, IL",1430,,,,,,1400-1459,,,,,1540,,,,,,1500-1559,1.0,B,0.0,,,,,
343490,2025,1,11,6,2025-01-11,AA,19805,AA,19805,614,11057,1105703,31057,CLT,"Charlotte, NC",13930,1393008,30977,ORD,"Chicago, IL",1430,,,,,,1400-1459,,,,,1540,,,,,,1500-1559,1.0,B,0.0,,,,,
343491,2025,1,12,7,2025-01-12,AA,19805,AA,19805,614,11057,1105703,31057,CLT,"Charlotte, NC",13930,1393008,30977,ORD,"Chicago, IL",1430,1423.0,-7.0,0.0,0.0,-1.0,1400-1459,15.0,1438.0,1525.0,10.0,1540,1535.0,-5.0,0.0,0.0,-1.0,1500-1559,0.0,,0.0,,,,,
343492,2025,1,13,1,2025-01-13,AA,19805,AA,19805,614,11057,1105703,31057,CLT,"Charlotte, NC",13930,1393008,30977,ORD,"Chicago, IL",1430,1457.0,27.0,27.0,1.0,1.0,1400-1459,21.0,1518.0,1555.0,9.0,1540,1604.0,24.0,24.0,1.0,1.0,1500-1559,0.0,,0.0,24.0,0.0,0.0,0.0,0.0
343493,2025,1,14,2,2025-01-14,AA,19805,AA,19805,614,11057,1105703,31057,CLT,"Charlotte, NC",13930,1393008,30977,ORD,"Chicago, IL",1430,1419.0,-11.0,0.0,0.0,-1.0,1400-1459,15.0,1434.0,1508.0,7.0,1540,1515.0,-25.0,0.0,0.0,-2.0,1500-1559,0.0,,0.0,,,,,
343494,2025,1,15,3,2025-01-15,AA,19805,AA,19805,614,11057,1105703,31057,CLT,"Charlotte, NC",13930,1393008,30977,ORD,"Chicago, IL",1430,1421.0,-9.0,0.0,0.0,-1.0,1400-1459,18.0,1439.0,1514.0,8.0,1540,1522.0,-18.0,0.0,0.0,-2.0,1500-1559,0.0,,0.0,,,,,
343495,2025,1,16,4,2025-01-16,AA,19805,AA,19805,614,11057,1105703,31057,CLT,"Charlotte, NC",13930,1393008,30977,ORD,"Chicago, IL",1430,1422.0,-8.0,0.0,0.0,-1.0,1400-1459,16.0,1438.0,1527.0,8.0,1540,1535.0,-5.0,0.0,0.0,-1.0,1500-1559,0.0,,0.0,,,,,
343496,2025,1,17,5,2025-01-17,AA,19805,AA,19805,614,11057,1105703,31057,CLT,"Charlotte, NC",13930,1393008,30977,ORD,"Chicago, IL",1430,1427.0,-3.0,0.0,0.0,-1.0,1400-1459,20.0,1447.0,1514.0,10.0,1540,1524.0,-16.0,0.0,0.0,-2.0,1500-1559,0.0,,0.0,,,,,
343497,2025,1,18,6,2025-01-18,AA,19805,AA,19805,614,11057,1105703,31057,CLT,"Charlotte, NC",13930,1393008,30977,ORD,"Chicago, IL",1430,1430.0,0.0,0.0,0.0,0.0,1400-1459,14.0,1444.0,1518.0,10.0,1540,1528.0,-12.0,0.0,0.0,-1.0,1500-1559,0.0,,0.0,,,,,
343498,2025,1,19,7,2025-01-19,AA,19805,AA,19805,614,11057,1105703,31057,CLT,"Charlotte, NC",13930,1393008,30977,ORD,"Chicago, IL",1430,1420.0,-10.0,0.0,0.0,-1.0,1400-1459,11.0,1431.0,1503.0,8.0,1540,1511.0,-29.0,0.0,0.0,-2.0,1500-1559,0.0,,0.0,,,,,
343499,2025,1,20,1,2025-01-20,AA,19805,AA,19805,614,11057,1105703,31057,CLT,"Charlotte, NC",13930,1393008,30977,ORD,"Chicago, IL",1430,1448.0,18.0,18.0,1.0,1.0,1400-1459,16.0,1504.0,1543.0,11.0,1540,1554.0,14.0,14.0,0.0,0.0,1500-1559,0.0,,0.0,,,,,
343500,2025,1,21,2,2025-01-21,AA,19805,AA,19805,614,11057,1105703,31057,CLT,"Charlotte, NC",13930,1393008,30977,ORD,"Chicago, IL",1430,1423.0,-7.0,0.0,0.0,-1.0,1400-1459,16.0,1439.0,1510.0,6.0,1540,1516.0,-24.0,0.0,0.0,-2.0,1500-1559,0.0,,0.0,,,,,
343501,2025,1,22,3,2025-01-22,AA,19805,AA,19805,614,11057,1105703,31057,CLT,"Charlotte, NC",13930,1393008,30977,ORD,"Chicago, IL",1430,1431.0,1.0,1.0,0.0,0.0,1400-1459,13.0,1444.0,1517.0,11.0,1540,1528.0,-12.0,0.0,0.0,-1.0,1500-1559,0.0,,0.0,,,,,
343502,2025,1,23,4,2025-01-23,AA,19805,AA,19805,614,11057,1105703,31057,CLT,"Charlotte, NC",13930,1393008,30977,ORD,"Chicago, IL",1430,1420.0,-10.0,0.0,0.0,-1.0,1400-1459,10.0,1430.0,1457.0,6.0,1540,1503.0,-37.0,0.0,0.0,-2.0,1500-1559,0.0,,0.0,,,,,
343503,2025,1,24,5,2025-01-24,AA,19805,AA,19805,614,11057,1105703,31057,CLT,"Charlotte, NC",13930,1393008,30977,ORD,"Chicago, IL",1430,1432.0,2.0,2.0,0.0,0.0,1400-1459,11.0,1443.0,1518.0,8.0,1540,1526.0,-14.0,0.0,0.0,-1.0,1500-1559,0.0,,0.0,,,,,
343504,2025,1,25,6,2025-01-25,AA,19805,AA,19805,614,11057,1105703,31057,CLT,"Charlotte, NC",13930,1393008,30977,ORD,"Chicago, IL",1430,1420.0,-10.0,0.0,0.0,-1.0,1400-1459,11.0,1431.0,1508.0,9.0,1540,1517.0,-23.0,0.0,0.0,-2.0,1500-1559,0.0,,0.0,,,,,
343505,2025,1,26,7,2025-01-26,AA,19805,AA,19805,614,11057,1105703,31057,CLT,"Charlotte, NC",13930,1393008,30977,ORD,"Chicago, IL",1430,1431.0,1.0,1.0,0.0,0.0,1400-1459,25.0,1456.0,1533.0,9.0,1540,1542.0,2.0,2.0,0.0,0.0,1500-1559,0.0,,0.0,,,,,
343506,2025,1,27,1,2025-01-27,AA,19805,AA,19805,614,11057,1105703,31057,CLT,"Charlotte, NC",13930,1393008,30977,ORD,"Chicago, IL",1430,1431.0,1.0,1.0,0.0,0.0,1400-1459,19.0,1450.0,1521.0,12.0,1540,1533.0,-7.0,0.0,0.0,-1.0,1500-1559,0.0,,0.0,,,,,
343507,2025,1,28,2,2025-01-28,AA,19805,AA,19805,614,11057,1105703,31057,CLT,"Charlotte, NC",13930,1393008,30977,ORD,"Chicago, IL",1430,1425.0,-5.0,0.0,0.0,-1.0,1400-1459,11.0,1436.0,1511.0,7.0,1540,1518.0,-22.0,0.0,0.0,-2.0,1500-1559,0.0,,0.0,,,,,
343508,2025,1,29,3,2025-01-29,AA,19805,AA,19805,614,11057,1105703,31057,CLT,"Charlotte, NC",13930,1393008,30977,ORD,"Chicago, IL",1530,1527.0,-3.0,0.0,0.0,-1.0,1500-1559,15.0,1542.0,1621.0,11.0,1640,1632.0,-8.0,0.0,0.0,-1.0,1600-1659,0.0,,0.0,,,,,
343509,2025,1,30,4,2025-01-30,AA,19805,AA,19805,614,11057,1105703,31057,CLT,"Charlotte, NC",13930,1393008,30977,ORD,"Chicago, IL",1430,1421.0,-9.0,0.0,0.0,-1.0,1400-1459,12.0,1433.0,1505.0,9.0,1540,1514.0,-26.0,0.0,0.0,-2.0,1500-1559,0.0,,0.0,,,,,
343510,2025,1,31,5,2025-01-31,AA,19805,AA,19805,614,11057,1105703,31057,CLT,"Charlotte, NC",13930,1393008,30977,ORD,"Chicago, IL",1430,1424.0,-6.0,0.0,0.0,-1.0,1400-1459,17.0,1441.0,1517.0,17.0,1540,1534.0,-6.0,0.0,0.0,-1.0,1500-1559,0.0,,0.0,,,,,
344519,2025,1,1,3,2025-01-01,AA,19805,AA,19805,657,11057,1105703,31057,CLT,"Charlotte, NC",12478,1247805,31703,JFK,"New York, NY",1802,1757.0,-5.0,0.0,0.0,-1.0,1800-1859,11.0,1808.0,1920.0,12.0,1952,1932.0,-20.0,0.0,0.0,-2.0,1900-1959,0.0,,0.0,,,,,
344520,2025,1,2,4,2025-01-02,AA,19805,AA,19805,657,11057,1105703,31057,CLT,"Charlotte, NC",12478,1247805,31703,JFK,"New York, NY",1802,1800.0,-2.0,0.0,0.0,-1.0,1800-1859,14.0,1814.0,1930.0,5.0,1952,1935.0,-17.0,0.0,0.0,-2.0,1900-1959,0.0,,0.0,,,,,
344521,2025,1,3,5,2025-01-03,AA,19805,AA,19805,657,11057,1105703,31057,CLT,"Charlotte, NC",12478,1247805,31703,JFK,"New York, NY",1802,1800.0,-2.0,0.0,0.0,-1.0,1800-1859,22.0,1822.0,1945.0,13.0,1952,1958.0,6.0,6.0,0.0,0.0,1900-1959,0.0,,0.0,,,,,
344522,2025,1,4,6,2025-01-04,AA,19805,AA,19805,657,11057,1105703,31057,CLT,"Charlotte, NC",12478,1247805,31703,JFK,"New York, NY",1806,1853.0,47.0,47.0,1.0,3.0,1800-1859,16.0,1909.0,2032.0,5.0,2000,2037.0,37.0,37.0,1.0,2.0,2000-2059,0.0,,0.0,10.0,0.0,0.0,0.0,27.0
344523,2025,1,5,7,2025-01-05,AA,19805,AA,19805,657,11057,1105703,31057,CLT,"Charlotte, NC",12478,1247805,31703,JFK,"New York, NY",1802,1814.0,12.0,12.0,0.0,0.0,1800-1859,23.0,1837.0,1958.0,7.0,1952,2005.0,13.0,13.0,0.0,0.0,1900-1959,0.0,,0.0,,,,,
344524,2025,1,6,1,2025-01-06,AA,19805,AA,19805,657,11057,1105703,31057,CLT,"Charlotte, NC",12478,1247805,31703,JFK,"New York, NY",1802,1818.0,16.0,16.0,1.0,1.0,1800-1859,17.0,1835.0,2008.0,11.0,1952,2019.0,27.0,27.0,1.0,1.0,1900-1959,0.0,,0.0,12.0,0.0,11.0,0.0,4.0
344525,2025,1,7,2,2025-01-07,AA,19805,AA,19805,657,11057,1105703,31057,CLT,"Charlotte, NC",12478,1247805,31703,JFK,"New York, NY",1807,1940.0,93.0,93.0,1.0,6.0,1800-1859,44.0,2024.0,2140.0,6.0,2000,2146.0,106.0,106.0,1.0,7.0,2000-2059,0.0,,0.0,0.0,0.0,20.0,0.0,86.0
344526,2025,1,8,3,2025-01-08,AA,19805,AA,19805,657,11057,1105703,31057,CLT,"Charlotte, NC",12478,1247805,31703,JFK,"New York, NY",1807,1801.0,-6.0,0.0,0.0,-1.0,1800-1859,46.0,1847.0,2015.0,5.0,2000,2020.0,20.0,20.0,1.0,1.0,2000-2059,0.0,,0.0,0.0,0.0,20.0,0.0,0.0
344527,2025,1,9,4,2025-01-09,AA,19805,AA,19805,657,11057,1105703,31057,CLT,"Charlotte, NC",12478,1247805,31703,JFK,"New York, NY",1807,1827.0,20.0,20.0,1.0,1.0,1800-1859,52.0,1919.0,2045.0,4.0,2000,2049.0,49.0,49.0,1.0,3.0,2000-2059,0.0,,0.0,20.0,0.0,29.0,0.0,0.0
344528,2025,1,10,5,2025-01-10,AA,19805,AA,19805,657,11057,1105703,31057,CLT,"Charlotte, NC",12478,1247805,31703,JFK,"New York, NY",1807,,,,,,1800-1859,,,,,2000,,,,,,2000-2059,1.0,B,0.0,,,,,
344529,2025,1,11,6,2025-01-11,AA,19805,AA,19805,657,11057,1105703,31057,CLT,"Charlotte, NC",12478,1247805,31703,JFK,"New York, NY",1806,1808.0,2.0,2.0,0.0,0.0,1800-1859,14.0,1822.0,1940.0,6.0,2000,1946.0,-14.0,0.0,0.0,-1.0,2000-2059,0.0,,0.0,,,,,
344530,2025,1,12,7,2025-01-12,AA,19805,AA,19805,657,11057,1105703,31057,CLT,"Charlotte, NC",12478,1247805,31703,JFK,"New York, NY",1807,1802.0,-5.0,0.0,0.0,-1.0,1800-1859,16.0,1818.0,1936.0,13.0,2000,1949.0,-11.0,0.0,0.0,-1.0,2000-2059,0.0,,0.0,,,,,
344531,2025,1,13,1,2025-01-13,AA,19805,AA,19805,657,11057,1105703,31057,CLT,"Charlotte, NC",12478,1247805,31703,JFK,"New York, NY",1807,1801.0,-6.0,0.0,0.0,-1.0,1800-1859,21.0,1822.0,1937.0,14.0,2000,1951.0,-9.0,0.0,0.0,-1.0,2000-2059,0.0,,0.0,,,,,
344532,2025,1,14,2,2025-01-14,AA,19805,AA,19805,657,11057,1105703,31057,CLT,"Charlotte, NC",12478,1247805,31703,JFK,"New York, NY",1807,1852.0,45.0,45.0,1.0,3.0,1800-1859,21.0,1913.0,2025.0,9.0,2000,2034.0,34.0,34.0,1.0,2.0,2000-2059,0.0,,0.0,0.0,0.0,0.0,0.0,34.0
344533,2025,1,15,3,2025-01-15,AA,19805,AA,19805,657,11057,1105703,31057,CLT,"Charlotte, NC",12478,1247805,31703,JFK,"New York, NY",1807,1757.0,-10.0,0.0,0.0,-1.0,1800-1859,16.0,1813.0,1933.0,5.0,2000,1938.0,-22.0,0.0,0.0,-2.0,2000-2059,0.0,,0.0,,,,,
344534,2025,1,16,4,2025-01-16,AA,19805,AA,19805,657,11057,1105703,31057,CLT,"Charlotte, NC",12478,1247805,31703,JFK,"New York, NY",1807,1816.0,9.0,9.0,0.0,0.0,1800-1859,19.0,1835.0,1959.0,17.0,2000,2016.0,16.0,16.0,1.0,1.0,2000-2059,0.0,,0.0,9.0,0.0,7.0,0.0,0.0
344535,2025,1,17,5,2025-01-17,AA,19805,AA,19805,657,11057,1105703,31057,CLT,"Charlotte, NC",12478,1247805,31703,JFK,"New York, NY",1807,1800.0,-7.0,0.0,0.0,-1.0,1800-1859,17.0,1817.0,1937.0,13.0,2000,1950.0,-10.0,0.0,0.0,-1.0,2000-2059,0.0,,0.0,,,,,
344536,2025,1,18,6,2025-01-18,AA,19805,AA,19805,657,11057,1105703,31057,CLT,"Charlotte, NC",12478,1247805,31703,JFK,"New York, NY",1806,1800.0,-6.0,0.0,0.0,-1.0,1800-1859,25.0,1825.0,1944.0,11.0,2000,1955.0,-5.0,0.0,0.0,-1.0,2000-2059,0.0,,0.0,,,,,
344537,2025,1,19,7,2025-01-19,AA,19805,AA,19805,657,11057,1105703,31057,CLT,"Charlotte, NC",12478,1247805,31703,JFK,"New York, NY",1807,1911.0,64.0,64.0,1.0,4.0,1800-1859,22.0,1933.0,,,2000,,,,,,2000-2059,1.0,B,0.0,,,,,
344538,2025,1,20,1,2025-01-20,AA,19805,AA,19805,657,11057,1105703,31057,CLT,"Charlotte, NC",12478,1247805,31703,JFK,"New York, NY",1807,1807.0,0.0,0.0,0.0,0.0,1800-1859,22.0,1829.0,1943.0,5.0,2000,1948.0,-12.0,0.0,0.0,-1.0,2000-2059,0.0,,0.0,,,,,
344539,2025,1,21,2,2025-01-21,AA,19805,AA,19805,657,11057,1105703,31057,CLT,"Charlotte, NC",12478,1247805,31703,JFK,"New York, NY",1807,1915.0,68.0,68.0,1.0,4.0,1800-1859,63.0,2018.0,2126.0,6.0,2000,2132.0,92.0,92.0,1.0,6.0,2000-2059,0.0,,0.0,0.0,0.0,24.0,0.0,68.0
344540,2025,1,22,3,2025-01-22,AA,19805,AA,19805,657,11057,1105703,31057,CLT,"Charlotte, NC",12478,1247805,31703,JFK,"New York, NY",1807,1801.0,-6.0,0.0,0.0,-1.0,1800-1859,22.0,1823.0,1932.0,7.0,2000,1939.0,-21.0,0.0,0.0,-2.0,2000-2059,0.0,,0.0,,,,,
344541,2025,1,23,4,2025-01-23,AA,19805,AA,19805,657,11057,1105703,31057,CLT,"Charlotte, NC",12478,1247805,31703,JFK,"New York, NY",1807,1804.0,-3.0,0.0,0.0,-1.0,1800-1859,16.0,1820.0,1939.0,15.0,2000,1954.0,-6.0,0.0,0.0,-1.0,2000-2059,0.0,,0.0,,,,,
344542,2025,1,24,5,2025-01-24,AA,19805,AA,19805,657,11057,1105703,31057,CLT,"Charlotte, NC",12478,1247805,31703,JFK,"New York, NY",1807,2019.0,132.0,132.0,1.0,8.0,1800-1859,10.0,2029.0,2148.0,12.0,2000,2200.0,120.0,120.0,1.0,8.0,2000-2059,0.0,,0.0,0.0,0.0,0.0,0.0,120.0
344543,2025,1,25,6,2025-01-25,AA,19805,AA,19805,657,11057,1105703,31057,CLT,"Charlotte, NC",12478,1247805,31703,JFK,"New York, NY",1806,1805.0,-1.0,0.0,0.0,-1.0,1800-1859,9.0,1814.0,1937.0,16.0,2000,1953.0,-7.0,0.0,0.0,-1.0,2000-2059,0.0,,0.0,,,,,
344544,2025,1,26,7,2025-01-26,AA,19805,AA,19805,657,11057,1105703,31057,CLT,"Charlotte, NC",12478,1247805,31703,JFK,"New York, NY",1807,1920.0,73.0,73.0,1.0,4.0,1800-1859,26.0,1946.0,2106.0,11.0,2000,2117.0,77.0,77.0,1.0,5.0,2000-2059,0.0,,0.0,0.0,0.0,4.0,28.0,45.0
344545,2025,1,27,1,2025-01-27,AA,19805,AA,19805,657,11057,1105703,31057,CLT,"Charlotte, NC",12478,1247805,31703,JFK,"New York, NY",1807,1805.0,-2.0,0.0,0.0,-1.0,1800-1859,14.0,1819.0,1933.0,6.0,2000,1939.0,-21.0,0.0,0.0,-2.0,2000-2059,0.0,,0.0,,,,,
344546,2025,1,28,2,2025-01-28,AA,19805,AA,19805,657,11057,1105703,31057,CLT,"Charlotte, NC",12478,1247805,31703,JFK,"New York, NY",1807,1758.0,-9.0,0.0,0.0,-1.0,1800-1859,18.0,1816.0,1935.0,4.0,2000,1939.0,-21.0,0.0,0.0,-2.0,2000-2059,0.0,,0.0,,,,,
344547,2025,1,29,3,2025-01-29,AA,19805,AA,19805,657,11057,1105703,31057,CLT,"Charlotte, NC",12478,1247805,31703,JFK,"New York, NY",1807,1803.0,-4.0,0.0,0.0,-1.0,1800-1859,15.0,1818.0,1939.0,13.0,2000,1952.0,-8.0,0.0,0.0,-1.0,2000-2059,0.0,,0.0,,,,,
344548,2025,1,30,4,2025-01-30,AA,19805,AA,19805,657,11057,1105703,31057,CLT,"Charlotte, NC",12478,1247805,31703,JFK,"New York, NY",1807,1829.0,22.0,22.0,1.0,1.0,1800-1859,26.0,1855.0,2016.0,10.0,2000,2026.0,26.0,26.0,1.0,1.0,2000-2059,0.0,,0.0,0.0,0.0,4.0,0.0,22.0
344549,2025,1,31,5,2025-01-31,AA,19805,AA,19805,657,11057,1105703,31057,CLT,"Charlotte, NC",12478,1247805,31703,JFK,"New York, NY",1807,1802.0,-5.0,0.0,0.0,-1.0,1800-1859,12.0,1814.0,1950.0,12.0,2000,2002.0,2.0,2.0,0.0,0.0,2000-2059,0.0,,0.0,,,,,
346175,2025,1,1,3,2025-01-01,AA,19805,AA,19805,763,11057,1105703,31057,CLT,"Charlotte, NC",10397,1039707,30397,ATL,"Atlanta, GA",2025,2133.0,68.0,68.0,1.0,4.0,2000-2059,12.0,2145.0,2228.0,7.0,2142,2235.0,53.0,53.0,1.0,3.0,2100-2159,0.0,,0.0,0.0,0.0,0.0,0.0,53.0
346176,2025,1,2,4,2025-01-02,AA,19805,AA,19805,763,11057,1105703,31057,CLT,"Charlotte, NC",10397,1039707,30397,ATL,"Atlanta, GA",2025,2029.0,4.0,4.0,0.0,0.0,2000-2059,25.0,2054.0,2137.0,7.0,2142,2144.0,2.0,2.0,0.0,0.0,2100-2159,0.0,,0.0,,,,,
346177,2025,1,3,5,2025-01-03,AA,19805,AA,19805,763,11057,1105703,31057,CLT,"Charlotte, NC",10397,1039707,30397,ATL,"Atlanta, GA",2025,2028.0,3.0,3.0,0.0,0.0,2000-2059,16.0,2044.0,2130.0,8.0,2142,2138.0,-4.0,0.0,0.0,-1.0,2100-2159,0.0,,0.0,,,,,
346178,2025,1,4,6,2025-01-04,AA,19805,AA,19805,763,11057,1105703,31057,CLT,"Charlotte, NC",10397,1039707,30397,ATL,"Atlanta, GA",2025,2025.0,0.0,0.0,0.0,0.0,2000-2059,25.0,2050.0,2131.0,8.0,2142,2139.0,-3.0,0.0,0.0,-1.0,2100-2159,0.0,,0.0,,,,,
346179,2025,1,5,7,2025-01-05,AA,19805,AA,19805,763,11057,1105703,31057,CLT,"Charlotte, NC",10397,1039707,30397,ATL,"Atlanta, GA",2025,2020.0,-5.0,0.0,0.0,-1.0,2000-2059,20.0,2040.0,2129.0,8.0,2142,2137.0,-5.0,0.0,0.0,-1.0,2100-2159,0.0,,0.0,,,,,
346180,2025,1,6,1,2025-01-06,AA,19805,AA,19805,763,11057,1105703,31057,CLT,"Charlotte, NC",10397,1039707,30397,ATL,"Atlanta, GA",2025,2023.0,-2.0,0.0,0.0,-1.0,2000-2059,16.0,2039.0,2123.0,7.0,2142,2130.0,-12.0,0.0,0.0,-1.0,2100-2159,0.0,,0.0,,,,,
347454,2025,1,1,3,2025-01-01,AA,19805,AA,19805,815,11057,1105703,31057,CLT,"Charlotte, NC",13930,1393008,30977,ORD,"Chicago, IL",2040,2036.0,-4.0,0.0,0.0,-1.0,2000-2059,29.0,2105.0,2138.0,10.0,2152,2148.0,-4.0,0.0,0.0,-1.0,2100-2159,0.0,,0.0,,,,,
347455,2025,1,2,4,2025-01-02,AA,19805,AA,19805,815,11057,1105703,31057,CLT,"Charlotte, NC",13930,1393008,30977,ORD,"Chicago, IL",2040,2041.0,1.0,1.0,0.0,0.0,2000-2059,29.0,2110.0,2142.0,10.0,2152,2152.0,0.0,0.0,0.0,0.0,2100-2159,0.0,,0.0,,,,,
347456,2025,1,3,5,2025-01-03,AA,19805,AA,19805,815,11057,1105703,31057,CLT,"Charlotte, NC",13930,1393008,30977,ORD,"Chicago, IL",2040,2050.0,10.0,10.0,0.0,0.0,2000-2059,16.0,2106.0,2150.0,10.0,2152,2200.0,8.0,8.0,0.0,0.0,2100-2159,0.0,,0.0,,,,,
347457,2025,1,4,6,2025-01-04,AA,19805,AA,19805,815,11057,1105703,31057,CLT,"Charlotte, NC",13930,1393008,30977,ORD,"Chicago, IL",2045,2048.0,3.0,3.0,0.0,0.0,2000-2059,20.0,2108.0,2143.0,9.0,2157,2152.0,-5.0,0.0,0.0,-1.0,2100-2159,0.0,,0.0,,,,,
347458,2025,1,5,7,2025-01-05,AA,19805,AA,19805,815,11057,1105703,31057,CLT,"Charlotte, NC",13930,1393008,30977,ORD,"Chicago, IL",2040,2041.0,1.0,1.0,0.0,0.0,2000-2059,19.0,2100.0,2137.0,13.0,2152,2150.0,-2.0,0.0,0.0,-1.0,2100-2159,0.0,,0.0,,,,,
347459,2025,1,6,1,2025-01-06,AA,19805,AA,19805,815,11057,1105703,31057,CLT,"Charlotte, NC",13930,1393008,30977,ORD,"Chicago, IL",2040,2115.0,35.0,35.0,1.0,2.0,2000-2059,19.0,2134.0,2203.0,12.0,2152,2215.0,23.0,23.0,1.0,1.0,2100-2159,0.0,,0.0,23.0,0.0,0.0,0.0,0.0
347460,2025,1,7,2,2025-01-07,AA,19805,AA,19805,815,11057,1105703,31057,CLT,"Charlotte, NC",13930,1393008,30977,ORD,"Chicago, IL",2030,2025.0,-5.0,0.0,0.0,-1.0,2000-2059,13.0,2038.0,2109.0,9.0,2142,2118.0,-24.0,0.0,0.0,-2.0,2100-2159,0.0,,0.0,,,,,
347461,2025,1,8,3,2025-01-08,AA,19805,AA,19805,815,11057,1105703,31057,CLT,"Charlotte, NC",13930,1393008,30977,ORD,"Chicago, IL",2030,2109.0,39.0,39.0,1.0,2.0,2000-2059,17.0,2126.0,2201.0,9.0,2142,2210.0,28.0,28.0,1.0,1.0,2100-2159,0.0,,0.0,28.0,0.0,0.0,0.0,0.0
347462,2025,1,9,4,2025-01-09,AA,19805,AA,19805,815,11057,1105703,31057,CLT,"Charlotte, NC",13930,1393008,30977,ORD,"Chicago, IL",2030,2044.0,14.0,14.0,0.0,0.0,2000-2059,15.0,2059.0,2132.0,10.0,2142,2142.0,0.0,0.0,0.0,0.0,2100-2159,0.0,,0.0,,,,,
347463,2025,1,10,5,2025-01-10,AA,19805,AA,19805,815,11057,1105703,31057,CLT,"Charlotte, NC",13930,1393008,30977,ORD,"Chicago, IL",2030,,,,,,2000-2059,,,,,2142,,,,,,2100-2159,1.0,B,0.0,,,,,
347464,2025,1,11,6,2025-01-11,AA,19805,AA,19805,815,11057,1105703,31057,CLT,"Charlotte, NC",13930,1393008,30977,ORD,"Chicago, IL",2030,2023.0,-7.0,0.0,0.0,-1.0,2000-2059,14.0,2037.0,2110.0,9.0,2142,2119.0,-23.0,0.0,0.0,-2.0,2100-2159,0.0,,0.0,,,,,
347465,2025,1,12,7,2025-01-12,AA,19805,AA,19805,815,11057,1105703,31057,CLT,"Charlotte, NC",13930,1393008,30977,ORD,"Chicago, IL",2030,2028.0,-2.0,0.0,0.0,-1.0,2000-2059,16.0,2044.0,2118.0,10.0,2142,2128.0,-14.0,0.0,0.0,-1.0,2100-2159,0.0,,0.0,,,,,
347466,2025,1,13,1,2025-01-13,AA,19805,AA,19805,815,11057,1105703,31057,CLT,"Charlotte, NC",13930,1393008,30977,ORD,"Chicago, IL",2030,2027.0,-3.0,0.0,0.0,-1.0,2000-2059,12.0,2039.0,2112.0,10.0,2142,2122.0,-20.0,0.0,0.0,-2.0,2100-2159,0.0,,0.0,,,,,
347467,2025,1,14,2,2025-01-14,AA,19805,AA,19805,815,11057,1105703,31057,CLT,"Charlotte, NC",13930,1393008,30977,ORD,"Chicago, IL",2030,2027.0,-3.0,0.0,0.0,-1.0,2000-2059,17.0,2044.0,2119.0,7.0,2142,2126.0,-16.0,0.0,0.0,-2.0,2100-2159,0.0,,0.0,,,,,
347468,2025,1,15,3,2025-01-15,AA,19805,AA,19805,815,11057,1105703,31057,CLT,"Charlotte, NC",13930,1393008,30977,ORD,"Chicago, IL",2030,2023.0,-7.0,0.0,0.0,-1.0,2000-2059,11.0,2034.0,2108.0,9.0,2142,2117.0,-25.0,0.0,0.0,-2.0,2100-2159,0.0,,0.0,,,,,
347469,2025,1,16,4,2025-01-16,AA,19805,AA,19805,815,11057,1105703,31057,CLT,"Charlotte, NC",13930,1393008,30977,ORD,"Chicago, IL",2030,2328.0,178.0,178.0,1.0,11.0,2000-2059,17.0,2345.0,20.0,8.0,2142,28.0,166.0,166.0,1.0,11.0,2100-2159,0.0,,0.0,50.0,0.0,0.0,0.0,116.0
347470,2025,1,17,5,2025-01-17,AA,19805,AA,19805,815,11057,1105703,31057,CLT,"Charlotte, NC",13930,1393008,30977,ORD,"Chicago, IL",2030,2030.0,0.0,0.0,0.0,0.0,2000-2059,22.0,2052.0,2117.0,9.0,2142,2126.0,-16.0,0.0,0.0,-2.0,2100-2159,0.0,,0.0,,,,,
347471,2025,1,18,6,2025-01-18,AA,19805,AA,19805,815,11057,1105703,31057,CLT,"Charlotte, NC",13930,1393008,30977,ORD,"Chicago, IL",2030,2025.0,-5.0,0.0,0.0,-1.0,2000-2059,15.0,2040.0,2108.0,11.0,2142,2119.0,-23.0,0.0,0.0,-2.0,2100-2159,0.0,,0.0,,,,,
347472,2025,1,19,7,2025-01-19,AA,19805,AA,19805,815,11057,1105703,31057,CLT,"Charlotte, NC",13930,1393008,30977,ORD,"Chicago, IL",2030,2028.0,-2.0,0.0,0.0,-1.0,2000-2059,13.0,2041.0,2130.0,12.0,2142,2142.0,0.0,0.0,0.0,0.0,2100-2159,0.0,,0.0,,,,,
347473,2025,1,20,1,2025-01-20,AA,19805,AA,19805,815,11057,1105703,31057,CLT,"Charlotte, NC",13930,1393008,30977,ORD,"Chicago, IL",2030,2027.0,-3.0,0.0,0.0,-1.0,2000-2059,18.0,2045.0,2117.0,11.0,2142,2128.0,-14.0,0.0,0.0,-1.0,2100-2159,0.0,,0.0,,,,,
347474,2025,1,21,2,2025-01-21,AA,19805,AA,19805,815,11057,1105703,31057,CLT,"Charlotte, NC",13930,1393008,30977,ORD,"Chicago, IL",2030,2102.0,32.0,32.0,1.0,2.0,2000-2059,96.0,2238.0,2309.0,7.0,2142,2316.0,94.0,94.0,1.0,6.0,2100-2159,0.0,,0.0,0.0,32.0,62.0,0.0,0.0
347475,2025,1,22,3,2025-01-22,AA,19805,AA,19805,815,11057,1105703,31057,CLT,"Charlotte, NC",13930,1393008,30977,ORD,"Chicago, IL",2030,2026.0,-4.0,0.0,0.0,-1.0,2000-2059,18.0,2044.0,2113.0,12.0,2142,2125.0,-17.0,0.0,0.0,-2.0,2100-2159,0.0,,0.0,,,,,
347476,2025,1,23,4,2025-01-23,AA,19805,AA,19805,815,11057,1105703,31057,CLT,"Charlotte, NC",13930,1393008,30977,ORD,"Chicago, IL",2030,2115.0,45.0,45.0,1.0,3.0,2000-2059,17.0,2132.0,2202.0,12.0,2142,2214.0,32.0,32.0,1.0,2.0,2100-2159,0.0,,0.0,32.0,0.0,0.0,0.0,0.0
347477,2025,1,24,5,2025-01-24,AA,19805,AA,19805,815,11057,1105703,31057,CLT,"Charlotte, NC",13930,1393008,30977,ORD,"Chicago, IL",2030,2025.0,-5.0,0.0,0.0,-1.0,2000-2059,15.0,2040.0,2116.0,9.0,2142,2125.0,-17.0,0.0,0.0,-2.0,2100-2159,0.0,,0.0,,,,,
347478,2025,1,25,6,2025-01-25,AA,19805,AA,19805,815,11057,1105703,31057,CLT,"Charlotte, NC",13930,1393008,30977,ORD,"Chicago, IL",2030,2027.0,-3.0,0.0,0.0,-1.0,2000-2059,23.0,2050.0,2126.0,10.0,2142,2136.0,-6.0,0.0,0.0,-1.0,2100-2159,0.0,,0.0,,,,,
347479,2025,1,26,7,2025-01-26,AA,19805,AA,19805,815,11057,1105703,31057,CLT,"Charlotte, NC",13930,1393008,30977,ORD,"Chicago, IL",2030,2027.0,-3.0,0.0,0.0,-1.0,2000-2059,22.0,2049.0,2123.0,8.0,2142,2131.0,-11.0,0.0,0.0,-1.0,2100-2159,0.0,,0.0,,,,,
347480,2025,1,27,1,2025-01-27,AA,19805,AA,19805,815,11057,1105703,31057,CLT,"Charlotte, NC",13930,1393008,30977,ORD,"Chicago, IL",2030,2057.0,27.0,27.0,1.0,1.0,2000-2059,17.0,2114.0,2146.0,8.0,2142,2154.0,12.0,12.0,0.0,0.0,2100-2159,0.0,,0.0,,,,,
347481,2025,1,28,2,2025-01-28,AA,19805,AA,19805,815,11057,1105703,31057,CLT,"Charlotte, NC",13930,1393008,30977,ORD,"Chicago, IL",2030,2023.0,-7.0,0.0,0.0,-1.0,2000-2059,20.0,2043.0,2117.0,11.0,2142,2128.0,-14.0,0.0,0.0,-1.0,2100-2159,0.0,,0.0,,,,,
347482,2025,1,29,3,2025-01-29,AA,19805,AA,19805,815,11057,1105703,31057,CLT,"Charlotte, NC",13930,1393008,30977,ORD,"Chicago, IL",2030,2039.0,9.0,9.0,0.0,0.0,2000-2059,17.0,2056.0,2127.0,9.0,2142,2136.0,-6.0,0.0,0.0,-1.0,2100-2159,0.0,,0.0,,,,,
347483,2025,1,30,4,2025-01-30,AA,19805,AA,19805,815,11057,1105703,31057,CLT,"Charlotte, NC",13930,1393008,30977,ORD,"Chicago, IL",2030,2026.0,-4.0,0.0,0.0,-1.0,2000-2059,21.0,2047.0,2113.0,10.0,2142,2123.0,-19.0,0.0,0.0,-2.0,2100-2159,0.0,,0.0,,,,,
347484,2025,1,31,5,2025-01-31,AA,19805,AA,19805,815,11057,1105703,31057,CLT,"Charlotte, NC",13930,1393008,30977,ORD,"Chicago, IL",2030,2031.0,1.0,1.0,0.0,0.0,2000-2059,15.0,2046.0,2122.0,11.0,2142,2133.0,-9.0,0.0,0.0,-1.0,2100-2159,0.0,,0.0,,,,,
348472,2025,1,1,3,2025-01-01,AA,19805,AA,19805,866,11057,1105703,31057,CLT,"Charlotte, NC",10397,1039707,30397,ATL,"Atlanta, GA",1930,1921.0,-9.0,0.0,0.0,-1.0,1900-1959,19.0,1940.0,2025.0,6.0,2045,2031.0,-14.0,0.0,0.0,-1.0,2000-2059,0.0,,0.0,,,,,
349779,2025,1,1,3,2025-01-01,AA,19805,AA,19805,981,11057,1105703,31057,CLT,"Charlotte, NC",11292,1129202,30325,DEN,"Denver, CO",2131,2236.0,65.0,65.0,1.0,4.0,2100-2159,14.0,2250.0,12.0,19.0,2309,31.0,82.0,82.0,1.0,5.0,2300-2359,0.0,,0.0,0.0,0.0,17.0,34.0,31.0
349780,2025,1,2,4,2025-01-02,AA,19805,AA,19805,981,11057,1105703,31057,CLT,"Charlotte, NC",11292,1129202,30325,DEN,"Denver, CO",2131,2204.0,33.0,33.0,1.0,2.0,2100-2159,11.0,2215.0,2352.0,19.0,2309,11.0,62.0,62.0,1.0,4.0,2300-2359,0.0,,0.0,33.0,0.0,29.0,0.0,0.0
349781,2025,1,3,5,2025-01-03,AA,19805,AA,19805,981,11057,1105703,31057,CLT,"Charlotte, NC",11292,1129202,30325,DEN,"Denver, CO",2131,2125.0,-6.0,0.0,0.0,-1.0,2100-2159,22.0,2147.0,2307.0,8.0,2309,2315.0,6.0,6.0,0.0,0.0,2300-2359,0.0,,0.0,,,,,
349782,2025,1,4,6,2025-01-04,AA,19805,AA,19805,981,11057,1105703,31057,CLT,"Charlotte, NC",11292,1129202,30325,DEN,"Denver, CO",2131,2151.0,20.0,20.0,1.0,1.0,2100-2159,14.0,2205.0,2318.0,10.0,2309,2328.0,19.0,19.0,1.0,1.0,2300-2359,0.0,,0.0,0.0,0.0,0.0,19.0,0.0
349783,2025,1,5,7,2025-01-05,AA,19805,AA,19805,981,11057,1105703,31057,CLT,"Charlotte, NC",11292,1129202,30325,DEN,"Denver, CO",2131,2137.0,6.0,6.0,0.0,0.0,2100-2159,14.0,2151.0,2249.0,9.0,2309,2258.0,-11.0,0.0,0.0,-1.0,2300-2359,0.0,,0.0,,,,,
349784,2025,1,6,1,2025-01-06,AA,19805,AA,19805,981,11057,1105703,31057,CLT,"Charlotte, NC",11292,1129202,30325,DEN,"Denver, CO",2131,528.0,477.0,477.0,1.0,12.0,2100-2159,25.0,553.0,709.0,11.0,2309,720.0,491.0,491.0,1.0,12.0,2300-2359,0.0,,0.0,477.0,0.0,14.0,0.0,0.0
349785,2025,1,7,2,2025-01-07,AA,19805,AA,19805,981,11057,1105703,31057,CLT,"Charlotte, NC",11292,1129202,30325,DEN,"Denver, CO",2120,2113.0,-7.0,0.0,0.0,-1.0,2100-2159,22.0,2135.0,2247.0,8.0,2304,2255.0,-9.0,0.0,0.0,-1.0,2300-2359,0.0,,0.0,,,,,
349786,2025,1,8,3,2025-01-08,AA,19805,AA,19805,981,11057,1105703,31057,CLT,"Charlotte, NC",11292,1129202,30325,DEN,"Denver, CO",2120,2113.0,-7.0,0.0,0.0,-1.0,2100-2159,18.0,2131.0,2236.0,12.0,2304,2248.0,-16.0,0.0,0.0,-2.0,2300-2359,0.0,,0.0,,,,,
349787,2025,1,9,4,2025-01-09,AA,19805,AA,19805,981,11057,1105703,31057,CLT,"Charlotte, NC",11292,1129202,30325,DEN,"Denver, CO",2120,2144.0,24.0,24.0,1.0,1.0,2100-2159,16.0,2200.0,2322.0,10.0,2304,2332.0,28.0,28.0,1.0,1.0,2300-2359,0.0,,0.0,0.0,0.0,4.0,24.0,0.0
349788,2025,1,11,6,2025-01-11,AA,19805,AA,19805,981,11057,1105703,31057,CLT,"Charlotte, NC",11292,1129202,30325,DEN,"Denver, CO",2120,2118.0,-2.0,0.0,0.0,-1.0,2100-2159,14.0,2132.0,2248.0,7.0,2304,2255.0,-9.0,0.0,0.0,-1.0,2300-2359,0.0,,0.0,,,,,
349789,2025,1,12,7,2025-01-12,AA,19805,AA,19805,981,11057,1105703,31057,CLT,"Charlotte, NC",11292,1129202,30325,DEN,"Denver, CO",2120,2111.0,-9.0,0.0,0.0,-1.0,2100-2159,19.0,2130.0,2254.0,6.0,2304,2300.0,-4.0,0.0,0.0,-1.0,2300-2359,0.0,,0.0,,,,,
349790,2025,1,14,2,2025-01-14,AA,19805,AA,19805,981,11057,1105703,31057,CLT,"Charlotte, NC",11292,1129202,30325,DEN,"Denver, CO",2120,2143.0,23.0,23.0,1.0,1.0,2100-2159,15.0,2158.0,2319.0,7.0,2304,2326.0,22.0,22.0,1.0,1.0,2300-2359,0.0,,0.0,22.0,0.0,0.0,0.0,0.0
349791,2025,1,15,3,2025-01-15,AA,19805,AA,19805,981,11057,1105703,31057,CLT,"Charlotte, NC",11292,1129202,30325,DEN,"Denver, CO",2120,2110.0,-10.0,0.0,0.0,-1.0,2100-2159,13.0,2123.0,2230.0,6.0,2304,2236.0,-28.0,0.0,0.0,-2.0,2300-2359,0.0,,0.0,,,,,
349792,2025,1,16,4,2025-01-16,AA,19805,AA,19805,981,11057,1105703,31057,CLT,"Charlotte, NC",11292,1129202,30325,DEN,"Denver, CO",2120,2143.0,23.0,23.0,1.0,1.0,2100-2159,18.0,2201.0,2313.0,7.0,2304,2320.0,16.0,16.0,1.0,1.0,2300-2359,0.0,,0.0,9.0,0.0,0.0,0.0,7.0
349793,2025,1,18,6,2025-01-18,AA,19805,AA,19805,981,11057,1105703,31057,CLT,"Charlotte, NC",11292,1129202,30325,DEN,"Denver, CO",2120,2119.0,-1.0,0.0,0.0,-1.0,2100-2159,16.0,2135.0,2249.0,8.0,2304,2257.0,-7.0,0.0,0.0,-1.0,2300-2359,0.0,,0.0,,,,,
349794,2025,1,19,7,2025-01-19,AA,19805,AA,19805,981,11057,1105703,31057,CLT,"Charlotte, NC",11292,1129202,30325,DEN,"Denver, CO",2120,2118.0,-2.0,0.0,0.0,-1.0,2100-2159,19.0,2137.0,2253.0,8.0,2304,2301.0,-3.0,0.0,0.0,-1.0,2300-2359,0.0,,0.0,,,,,
349795,2025,1,21,2,2025-01-21,AA,19805,AA,19805,981,11057,1105703,31057,CLT,"Charlotte, NC",11292,1129202,30325,DEN,"Denver, CO",2120,2116.0,-4.0,0.0,0.0,-1.0,2100-2159,99.0,2255.0,8.0,9.0,2304,17.0,73.0,73.0,1.0,4.0,2300-2359,0.0,,0.0,0.0,0.0,73.0,0.0,0.0
349796,2025,1,22,3,2025-01-22,AA,19805,AA,19805,981,11057,1105703,31057,CLT,"Charlotte, NC",11292,1129202,30325,DEN,"Denver, CO",2120,2107.0,-13.0,0.0,0.0,-1.0,2100-2159,17.0,2124.0,2233.0,6.0,2304,2239.0,-25.0,0.0,0.0,-2.0,2300-2359,0.0,,0.0,,,,,
349797,2025,1,23,4,2025-01-23,AA,19805,AA,19805,981,11057,1105703,31057,CLT,"Charlotte, NC",11292,1129202,30325,DEN,"Denver, CO",2120,2138.0,18.0,18.0,1.0,1.0,2100-2159,17.0,2155.0,2305.0,11.0,2304,2316.0,12.0,12.0,0.0,0.0,2300-2359,0.0,,0.0,,,,,
349798,2025,1,25,6,2025-01-25,AA,19805,AA,19805,981,11057,1105703,31057,CLT,"Charlotte, NC",11292,1129202,30325,DEN,"Denver, CO",2120,2224.0,64.0,64.0,1.0,4.0,2100-2159,20.0,2244.0,12.0,10.0,2304,22.0,78.0,78.0,1.0,5.0,2300-2359,0.0,,0.0,64.0,0.0,14.0,0.0,0.0
349799,2025,1,26,7,2025-01-26,AA,19805,AA,19805,981,11057,1105703,31057,CLT,"Charlotte, NC",11292,1129202,30325,DEN,"Denver, CO",2120,2139.0,19.0,19.0,1.0,1.0,2100-2159,27.0,2206.0,2323.0,8.0,2304,2331.0,27.0,27.0,1.0,1.0,2300-2359,0.0,,0.0,19.0,0.0,8.0,0.0,0.0
349800,2025,1,28,2,2025-01-28,AA,19805,AA,19805,981,11057,1105703,31057,CLT,"Charlotte, NC",11292,1129202,30325,DEN,"Denver, CO",2120,2112.0,-8.0,0.0,0.0,-1.0,2100-2159,26.0,2138.0,2248.0,17.0,2304,2305.0,1.0,1.0,0.0,0.0,2300-2359,0.0,,0.0,,,,,
349801,2025,1,29,3,2025-01-29,AA,19805,AA,19805,981,11057,1105703,31057,CLT,"Charlotte, NC",11292,1129202,30325,DEN,"Denver, CO",2120,2112.0,-8.0,0.0,0.0,-1.0,2100-2159,19.0,2131.0,2243.0,7.0,2304,2250.0,-14.0,0.0,0.0,-1.0,2300-2359,0.0,,0.0,,,,,
349802,2025,1,30,4,2025-01-30,AA,19805,AA,19805,981,11057,1105703,31057,CLT,"Charlotte, NC",11292,1129202,30325,DEN,"Denver, CO",2120,2113.0,-7.0,0.0,0.0,-1.0,2100-2159,15.0,2128.0,2245.0,7.0,2304,2252.0,-12.0,0.0,0.0,-1.0,2300-2359,0.0,,0.0,,,,,
349925,2025,1,7,2,2025-01-07,AA,19805,AA,19805,986,11057,1105703,31057,CLT,"Charlotte, NC",11298,1129806,30194,DFW,"Dallas/Fort Worth, TX",1335,1330.0,-5.0,0.0,0.0,-1.0,1300-1359,13.0,1343.0,1512.0,14.0,1534,1526.0,-8.0,0.0,0.0,-1.0,1500-1559,0.0,,0.0,,,,,
349926,2025,1,8,3,2025-01-08,AA,19805,AA,19805,986,11057,1105703,31057,CLT,"Charlotte, NC",11298,1129806,30194,DFW,"Dallas/Fort Worth, TX",1335,1337.0,2.0,2.0,0.0,0.0,1300-1359,16.0,1353.0,1543.0,9.0,1534,1552.0,18.0,18.0,1.0,1.0,1500-1559,0.0,,0.0,2.0,0.0,16.0,0.0,0.0
349927,2025,1,9,4,2025-01-09,AA,19805,AA,19805,986,11057,1105703,31057,CLT,"Charlotte, NC",11298,1129806,30194,DFW,"Dallas/Fort Worth, TX",1335,,,,,,1300-1359,,,,,1534,,,,,,1500-1559,1.0,B,0.0,,,,,
349928,2025,1,10,5,2025-01-10,AA,19805,AA,19805,986,11057,1105703,31057,CLT,"Charlotte, NC",11298,1129806,30194,DFW,"Dallas/Fort Worth, TX",1335,1334.0,-1.0,0.0,0.0,-1.0,1300-1359,50.0,1424.0,1610.0,7.0,1534,1617.0,43.0,43.0,1.0,2.0,1500-1559,0.0,,0.0,0.0,0.0,43.0,0.0,0.0
349929,2025,1,11,6,2025-01-11,AA,19805,AA,19805,986,11057,1105703,31057,CLT,"Charlotte, NC",11298,1129806,30194,DFW,"Dallas/Fort Worth, TX",1335,1330.0,-5.0,0.0,0.0,-1.0,1300-1359,12.0,1342.0,1456.0,4.0,1534,1500.0,-34.0,0.0,0.0,-2.0,1500-1559,0.0,,0.0,,,,,
349930,2025,1,12,7,2025-01-12,AA,19805,AA,19805,986,11057,1105703,31057,CLT,"Charlotte, NC",11298,1129806,30194,DFW,"Dallas/Fort Worth, TX",1335,1330.0,-5.0,0.0,0.0,-1.0,1300-1359,16.0,1346.0,1522.0,14.0,1534,1536.0,2.0,2.0,0.0,0.0,1500-1559,0.0,,0.0,,,,,
349931,2025,1,13,1,2025-01-13,AA,19805,AA,19805,986,11057,1105703,31057,CLT,"Charlotte, NC",11298,1129806,30194,DFW,"Dallas/Fort Worth, TX",1335,1333.0,-2.0,0.0,0.0,-1.0,1300-1359,15.0,1348.0,1517.0,13.0,1534,1530.0,-4.0,0.0,0.0,-1.0,1500-1559,0.0,,0.0,,,,,
349932,2025,1,14,2,2025-01-14,AA,19805,AA,19805,986,11057,1105703,31057,CLT,"Charlotte, NC",11298,1129806,30194,DFW,"Dallas/Fort Worth, TX",1335,1331.0,-4.0,0.0,0.0,-1.0,1300-1359,16.0,1347.0,1518.0,13.0,1534,1531.0,-3.0,0.0,0.0,-1.0,1500-1559,0.0,,0.0,,,,,
349933,2025,1,15,3,2025-01-15,AA,19805,AA,19805,986,11057,1105703,31057,CLT,"Charlotte, NC",11298,1129806,30194,DFW,"Dallas/Fort Worth, TX",1335,1334.0,-1.0,0.0,0.0,-1.0,1300-1359,17.0,1351.0,1536.0,15.0,1534,1551.0,17.0,17.0,1.0,1.0,1500-1559,0.0,,0.0,0.0,0.0,17.0,0.0,0.0
349934,2025,1,16,4,2025-01-16,AA,19805,AA,19805,986,11057,1105703,31057,CLT,"Charlotte, NC",11298,1129806,30194,DFW,"Dallas/Fort Worth, TX",1335,1331.0,-4.0,0.0,0.0,-1.0,1300-1359,25.0,1356.0,1526.0,4.0,1534,1530.0,-4.0,0.0,0.0,-1.0,1500-1559,0.0,,0.0,,,,,
349935,2025,1,17,5,2025-01-17,AA,19805,AA,19805,986,11057,1105703,31057,CLT,"Charlotte, NC",11298,1129806,30194,DFW,"Dallas/Fort Worth, TX",1335,1407.0,32.0,32.0,1.0,2.0,1300-1359,9.0,1416.0,1547.0,7.0,1534,1554.0,20.0,20.0,1.0,1.0,1500-1559,0.0,,0.0,20.0,0.0,0.0,0.0,0.0
349936,2025,1,18,6,2025-01-18,AA,19805,AA,19805,986,11057,1105703,31057,CLT,"Charlotte, NC",11298,1129806,30194,DFW,"Dallas/Fort Worth, TX",1335,1331.0,-4.0,0.0,0.0,-1.0,1300-1359,9.0,1340.0,1504.0,12.0,1534,1516.0,-18.0,0.0,0.0,-2.0,1500-1559,0.0,,0.0,,,,,
349937,2025,1,19,7,2025-01-19,AA,19805,AA,19805,986,11057,1105703,31057,CLT,"Charlotte, NC",11298,1129806,30194,DFW,"Dallas/Fort Worth, TX",1335,1330.0,-5.0,0.0,0.0,-1.0,1300-1359,14.0,1344.0,1521.0,16.0,1534,1537.0,3.0,3.0,0.0,0.0,1500-1559,0.0,,0.0,,,,,
349938,2025,1,20,1,2025-01-20,AA,19805,AA,19805,986,11057,1105703,31057,CLT,"Charlotte, NC",11298,1129806,30194,DFW,"Dallas/Fort Worth, TX",1335,1334.0,-1.0,0.0,0.0,-1.0,1300-1359,14.0,1348.0,1538.0,7.0,1534,1545.0,11.0,11.0,0.0,0.0,1500-1559,0.0,,0.0,,,,,
349939,2025,1,21,2,2025-01-21,AA,19805,AA,19805,986,11057,1105703,31057,CLT,"Charlotte, NC",11298,1129806,30194,DFW,"Dallas/Fort Worth, TX",1335,1337.0,2.0,2.0,0.0,0.0,1300-1359,13.0,1350.0,1522.0,15.0,1534,1537.0,3.0,3.0,0.0,0.0,1500-1559,0.0,,0.0,,,,,
349940,2025,1,22,3,2025-01-22,AA,19805,AA,19805,986,11057,1105703,31057,CLT,"Charlotte, NC",11298,1129806,30194,DFW,"Dallas/Fort Worth, TX",1335,1338.0,3.0,3.0,0.0,0.0,1300-1359,18.0,1356.0,1526.0,16.0,1534,1542.0,8.0,8.0,0.0,0.0,1500-1559,0.0,,0.0,,,,,
349941,2025,1,23,4,2025-01-23,AA,19805,AA,19805,986,11057,1105703,31057,CLT,"Charlotte, NC",11298,1129806,30194,DFW,"Dallas/Fort Worth, TX",1335,1336.0,1.0,1.0,0.0,0.0,1300-1359,12.0,1348.0,1529.0,15.0,1534,1544.0,10.0,10.0,0.0,0.0,1500-1559,0.0,,0.0,,,,,
349942,2025,1,24,5,2025-01-24,AA,19805,AA,19805,986,11057,1105703,31057,CLT,"Charlotte, NC",11298,1129806,30194,DFW,"Dallas/Fort Worth, TX",1335,1335.0,0.0,0.0,0.0,0.0,1300-1359,14.0,1349.0,1510.0,13.0,1534,1523.0,-11.0,0.0,0.0,-1.0,1500-1559,0.0,,0.0,,,,,
349943,2025,1,25,6,2025-01-25,AA,19805,AA,19805,986,11057,1105703,31057,CLT,"Charlotte, NC",11298,1129806,30194,DFW,"Dallas/Fort Worth, TX",1335,1331.0,-4.0,0.0,0.0,-1.0,1300-1359,11.0,1342.0,1505.0,11.0,1534,1516.0,-18.0,0.0,0.0,-2.0,1500-1559,0.0,,0.0,,,,,
349944,2025,1,26,7,2025-01-26,AA,19805,AA,19805,986,11057,1105703,31057,CLT,"Charlotte, NC",11298,1129806,30194,DFW,"Dallas/Fort Worth, TX",1335,1331.0,-4.0,0.0,0.0,-1.0,1300-1359,11.0,1342.0,1523.0,16.0,1534,1539.0,5.0,5.0,0.0,0.0,1500-1559,0.0,,0.0,,,,,
349945,2025,1,27,1,2025-01-27,AA,19805,AA,19805,986,11057,1105703,31057,CLT,"Charlotte, NC",11298,1129806,30194,DFW,"Dallas/Fort Worth, TX",1335,1342.0,7.0,7.0,0.0,0.0,1300-1359,19.0,1401.0,1532.0,14.0,1534,1546.0,12.0,12.0,0.0,0.0,1500-1559,0.0,,0.0,,,,,
349946,2025,1,28,2,2025-01-28,AA,19805,AA,19805,986,11057,1105703,31057,CLT,"Charlotte, NC",11298,1129806,30194,DFW,"Dallas/Fort Worth, TX",1335,1334.0,-1.0,0.0,0.0,-1.0,1300-1359,12.0,1346.0,1524.0,12.0,1534,1536.0,2.0,2.0,0.0,0.0,1500-1559,0.0,,0.0,,,,,
349947,2025,1,29,3,2025-01-29,AA,19805,AA,19805,986,11057,1105703,31057,CLT,"Charlotte, NC",11298,1129806,30194,DFW,"Dallas/Fort Worth, TX",1335,1331.0,-4.0,0.0,0.0,-1.0,1300-1359,14.0,1345.0,1518.0,12.0,1534,1530.0,-4.0,0.0,0.0,-1.0,1500-1559,0.0,,0.0,,,,,
349948,2025,1,30,4,2025-01-30,AA,19805,AA,19805,986,11057,1105703,31057,CLT,"Charlotte, NC",11298,1129806,30194,DFW,"Dallas/Fort Worth, TX",1335,1337.0,2.0,2.0,0.0,0.0,1300-1359,18.0,1355.0,1516.0,18.0,1534,1534.0,0.0,0.0,0.0,0.0,1500-1559,0.0,,0.0,,,,,
349949,2025,1,31,5,2025-01-31,AA,19805,AA,19805,986,11057,1105703,31057,CLT,"Charlotte, NC",11298,1129806,30194,DFW,"Dallas/Fort Worth, TX",1335,1341.0,6.0,6.0,0.0,0.0,1300-1359,14.0,1355.0,1536.0,14.0,1534,1550.0,16.0,16.0,1.0,1.0,1500-1559,0.0,,0.0,6.0,0.0,10.0,0.0,0.0
351977,2025,1,1,3,2025-01-01,AA,19805,AA,19805,2255,11057,1105703,31057,CLT,"Charlotte, NC",11292,1129202,30325,DEN,"Denver, CO",1128,1121.0,-7.0,0.0,0.0,-1.0,1100-1159,23.0,1144.0,1309.0,9.0,1320,1318.0,-2.0,0.0,0.0,-1.0,1300-1359,0.0,,0.0,,,,,
351978,2025,1,2,4,2025-01-02,AA,19805,AA,19805,2255,11057,1105703,31057,CLT,"Charlotte, NC",11292,1129202,30325,DEN,"Denver, CO",1128,1122.0,-6.0,0.0,0.0,-1.0,1100-1159,22.0,1144.0,1311.0,8.0,1320,1319.0,-1.0,0.0,0.0,-1.0,1300-1359,0.0,,0.0,,,,,
351979,2025,1,3,5,2025-01-03,AA,19805,AA,19805,2255,11057,1105703,31057,CLT,"Charlotte, NC",11292,1129202,30325,DEN,"Denver, CO",1128,1122.0,-6.0,0.0,0.0,-1.0,1100-1159,15.0,1137.0,1305.0,11.0,1320,1316.0,-4.0,0.0,0.0,-1.0,1300-1359,0.0,,0.0,,,,,
351980,2025,1,4,6,2025-01-04,AA,19805,AA,19805,2255,11057,1105703,31057,CLT,"Charlotte, NC",11292,1129202,30325,DEN,"Denver, CO",1128,1130.0,2.0,2.0,0.0,0.0,1100-1159,19.0,1149.0,1300.0,8.0,1320,1308.0,-12.0,0.0,0.0,-1.0,1300-1359,0.0,,0.0,,,,,
351981,2025,1,5,7,2025-01-05,AA,19805,AA,19805,2255,11057,1105703,31057,CLT,"Charlotte, NC",11292,1129202,30325,DEN,"Denver, CO",1128,1122.0,-6.0,0.0,0.0,-1.0,1100-1159,24.0,1146.0,1302.0,9.0,1320,1311.0,-9.0,0.0,0.0,-1.0,1300-1359,0.0,,0.0,,,,,
351982,2025,1,6,1,2025-01-06,AA,19805,AA,19805,2255,11057,1105703,31057,CLT,"Charlotte, NC",11292,1129202,30325,DEN,"Denver, CO",1128,1127.0,-1.0,0.0,0.0,-1.0,1100-1159,20.0,1147.0,1259.0,9.0,1320,1308.0,-12.0,0.0,0.0,-1.0,1300-1359,0.0,,0.0,,,,,
352688,2025,1,1,3,2025-01-01,AA,19805,AA,19805,2279,11057,1105703,31057,CLT,"Charlotte, NC",13930,1393008,30977,ORD,"Chicago, IL",1101,1056.0,-5.0,0.0,0.0,-1.0,1100-1159,15.0,1111.0,1145.0,7.0,1212,1152.0,-20.0,0.0,0.0,-2.0,1200-1259,0.0,,0.0,,,,,
352689,2025,1,2,4,2025-01-02,AA,19805,AA,19805,2279,11057,1105703,31057,CLT,"Charlotte, NC",13930,1393008,30977,ORD,"Chicago, IL",1101,1100.0,-1.0,0.0,0.0,-1.0,1100-1159,13.0,1113.0,1149.0,7.0,1212,1156.0,-16.0,0.0,0.0,-2.0,1200-1259,0.0,,0.0,,,,,
352690,2025,1,3,5,2025-01-03,AA,19805,AA,19805,2279,11057,1105703,31057,CLT,"Charlotte, NC",13930,1393008,30977,ORD,"Chicago, IL",1101,1058.0,-3.0,0.0,0.0,-1.0,1100-1159,15.0,1113.0,1154.0,8.0,1212,1202.0,-10.0,0.0,0.0,-1.0,1200-1259,0.0,,0.0,,,,,
352691,2025,1,4,6,2025-01-04,AA,19805,AA,19805,2279,11057,1105703,31057,CLT,"Charlotte, NC",13930,1393008,30977,ORD,"Chicago, IL",1059,1055.0,-4.0,0.0,0.0,-1.0,1000-1059,19.0,1114.0,1204.0,8.0,1207,1212.0,5.0,5.0,0.0,0.0,1200-1259,0.0,,0.0,,,,,
352692,2025,1,5,7,2025-01-05,AA,19805,AA,19805,2279,11057,1105703,31057,CLT,"Charlotte, NC",13930,1393008,30977,ORD,"Chicago, IL",1101,1059.0,-2.0,0.0,0.0,-1.0,1100-1159,16.0,1115.0,1150.0,10.0,1212,1200.0,-12.0,0.0,0.0,-1.0,1200-1259,0.0,,0.0,,,,,
352693,2025,1,6,1,2025-01-06,AA,19805,AA,19805,2279,11057,1105703,31057,CLT,"Charlotte, NC",13930,1393008,30977,ORD,"Chicago, IL",1101,1134.0,33.0,33.0,1.0,2.0,1100-1159,29.0,1203.0,1240.0,16.0,1212,1256.0,44.0,44.0,1.0,2.0,1200-1259,0.0,,0.0,0.0,0.0,44.0,0.0,0.0
352694,2025,1,7,2,2025-01-07,AA,19805,AA,19805,2279,11057,1105703,31057,CLT,"Charlotte, NC",13930,1393008,30977,ORD,"Chicago, IL",1119,1119.0,0.0,0.0,0.0,0.0,1100-1159,19.0,1138.0,1211.0,9.0,1230,1220.0,-10.0,0.0,0.0,-1.0,1200-1259,0.0,,0.0,,,,,
352695,2025,1,8,3,2025-01-08,AA,19805,AA,19805,2279,11057,1105703,31057,CLT,"Charlotte, NC",13930,1393008,30977,ORD,"Chicago, IL",1119,1118.0,-1.0,0.0,0.0,-1.0,1100-1159,18.0,1136.0,1210.0,8.0,1230,1218.0,-12.0,0.0,0.0,-1.0,1200-1259,0.0,,0.0,,,,,
352696,2025,1,9,4,2025-01-09,AA,19805,AA,19805,2279,11057,1105703,31057,CLT,"Charlotte, NC",13930,1393008,30977,ORD,"Chicago, IL",1119,1114.0,-5.0,0.0,0.0,-1.0,1100-1159,20.0,1134.0,1208.0,10.0,1230,1218.0,-12.0,0.0,0.0,-1.0,1200-1259,0.0,,0.0,,,,,
352697,2025,1,10,5,2025-01-10,AA,19805,AA,19805,2279,11057,1105703,31057,CLT,"Charlotte, NC",13930,1393008,30977,ORD,"Chicago, IL",1119,1204.0,45.0,45.0,1.0,3.0,1100-1159,13.0,1217.0,1300.0,13.0,1230,1313.0,43.0,43.0,1.0,2.0,1200-1259,0.0,,0.0,16.0,0.0,0.0,0.0,27.0
352698,2025,1,11,6,2025-01-11,AA,19805,AA,19805,2279,11057,1105703,31057,CLT,"Charlotte, NC",13930,1393008,30977,ORD,"Chicago, IL",1119,1317.0,118.0,118.0,1.0,7.0,1100-1159,14.0,1331.0,1413.0,7.0,1230,1420.0,110.0,110.0,1.0,7.0,1200-1259,0.0,,0.0,4.0,0.0,0.0,0.0,106.0
352699,2025,1,12,7,2025-01-12,AA,19805,AA,19805,2279,11057,1105703,31057,CLT,"Charlotte, NC",13930,1393008,30977,ORD,"Chicago, IL",1119,1112.0,-7.0,0.0,0.0,-1.0,1100-1159,11.0,1123.0,1153.0,15.0,1230,1208.0,-22.0,0.0,0.0,-2.0,1200-1259,0.0,,0.0,,,,,
352700,2025,1,13,1,2025-01-13,AA,19805,AA,19805,2279,11057,1105703,31057,CLT,"Charlotte, NC",13930,1393008,30977,ORD,"Chicago, IL",1119,1113.0,-6.0,0.0,0.0,-1.0,1100-1159,20.0,1133.0,1207.0,8.0,1230,1215.0,-15.0,0.0,0.0,-1.0,1200-1259,0.0,,0.0,,,,,
352701,2025,1,14,2,2025-01-14,AA,19805,AA,19805,2279,11057,1105703,31057,CLT,"Charlotte, NC",13930,1393008,30977,ORD,"Chicago, IL",1119,1110.0,-9.0,0.0,0.0,-1.0,1100-1159,20.0,1130.0,1209.0,10.0,1230,1219.0,-11.0,0.0,0.0,-1.0,1200-1259,0.0,,0.0,,,,,
352702,2025,1,15,3,2025-01-15,AA,19805,AA,19805,2279,11057,1105703,31057,CLT,"Charlotte, NC",13930,1393008,30977,ORD,"Chicago, IL",1119,1112.0,-7.0,0.0,0.0,-1.0,1100-1159,10.0,1122.0,1154.0,10.0,1230,1204.0,-26.0,0.0,0.0,-2.0,1200-1259,0.0,,0.0,,,,,
352703,2025,1,16,4,2025-01-16,AA,19805,AA,19805,2279,11057,1105703,31057,CLT,"Charlotte, NC",13930,1393008,30977,ORD,"Chicago, IL",1119,1128.0,9.0,9.0,0.0,0.0,1100-1159,24.0,1152.0,1236.0,9.0,1230,1245.0,15.0,15.0,1.0,1.0,1200-1259,0.0,,0.0,9.0,0.0,6.0,0.0,0.0
352704,2025,1,17,5,2025-01-17,AA,19805,AA,19805,2279,11057,1105703,31057,CLT,"Charlotte, NC",13930,1393008,30977,ORD,"Chicago, IL",1119,1124.0,5.0,5.0,0.0,0.0,1100-1159,36.0,1200.0,1234.0,9.0,1230,1243.0,13.0,13.0,0.0,0.0,1200-1259,0.0,,0.0,,,,,
352705,2025,1,18,6,2025-01-18,AA,19805,AA,19805,2279,11057,1105703,31057,CLT,"Charlotte, NC",13930,1393008,30977,ORD,"Chicago, IL",1119,1115.0,-4.0,0.0,0.0,-1.0,1100-1159,15.0,1130.0,1201.0,7.0,1230,1208.0,-22.0,0.0,0.0,-2.0,1200-1259,0.0,,0.0,,,,,
352706,2025,1,19,7,2025-01-19,AA,19805,AA,19805,2279,11057,1105703,31057,CLT,"Charlotte, NC",13930,1393008,30977,ORD,"Chicago, IL",1119,1113.0,-6.0,0.0,0.0,-1.0,1100-1159,20.0,1133.0,1159.0,9.0,1230,1208.0,-22.0,0.0,0.0,-2.0,1200-1259,0.0,,0.0,,,,,
352707,2025,1,20,1,2025-01-20,AA,19805,AA,19805,2279,11057,1105703,31057,CLT,"Charlotte, NC",13930,1393008,30977,ORD,"Chicago, IL",1119,1118.0,-1.0,0.0,0.0,-1.0,1100-1159,14.0,1132.0,1206.0,8.0,1230,1214.0,-16.0,0.0,0.0,-2.0,1200-1259,0.0,,0.0,,,,,
352708,2025,1,21,2,2025-01-21,AA,19805,AA,19805,2279,11057,1105703,31057,CLT,"Charlotte, NC",13930,1393008,30977,ORD,"Chicago, IL",1119,1118.0,-1.0,0.0,0.0,-1.0,1100-1159,19.0,1137.0,1210.0,11.0,1230,1221.0,-9.0,0.0,0.0,-1.0,1200-1259,0.0,,0.0,,,,,
352709,2025,1,22,3,2025-01-22,AA,19805,AA,19805,2279,11057,1105703,31057,CLT,"Charlotte, NC",13930,1393008,30977,ORD,"Chicago, IL",1119,1115.0,-4.0,0.0,0.0,-1.0,1100-1159,33.0,1148.0,1216.0,9.0,1230,1225.0,-5.0,0.0,0.0,-1.0,1200-1259,0.0,,0.0,,,,,
352710,2025,1,23,4,2025-01-23,AA,19805,AA,19805,2279,11057,1105703,31057,CLT,"Charlotte, NC",13930,1393008,30977,ORD,"Chicago, IL",1119,1157.0,38.0,38.0,1.0,2.0,1100-1159,13.0,1210.0,1241.0,8.0,1230,1249.0,19.0,19.0,1.0,1.0,1200-1259,0.0,,0.0,0.0,0.0,0.0,0.0,19.0
352711,2025,1,24,5,2025-01-24,AA,19805,AA,19805,2279,11057,1105703,31057,CLT,"Charlotte, NC",13930,1393008,30977,ORD,"Chicago, IL",1119,1120.0,1.0,1.0,0.0,0.0,1100-1159,13.0,1133.0,1204.0,10.0,1230,1214.0,-16.0,0.0,0.0,-2.0,1200-1259,0.0,,0.0,,,,,
352712,2025,1,25,6,2025-01-25,AA,19805,AA,19805,2279,11057,1105703,31057,CLT,"Charlotte, NC",13930,1393008,30977,ORD,"Chicago, IL",1119,1112.0,-7.0,0.0,0.0,-1.0,1100-1159,19.0,1131.0,1205.0,7.0,1230,1212.0,-18.0,0.0,0.0,-2.0,1200-1259,0.0,,0.0,,,,,
352713,2025,1,26,7,2025-01-26,AA,19805,AA,19805,2279,11057,1105703,31057,CLT,"Charlotte, NC",13930,1393008,30977,ORD,"Chicago, IL",1119,1115.0,-4.0,0.0,0.0,-1.0,1100-1159,22.0,1137.0,1209.0,9.0,1230,1218.0,-12.0,0.0,0.0,-1.0,1200-1259,0.0,,0.0,,,,,
352714,2025,1,27,1,2025-01-27,AA,19805,AA,19805,2279,11057,1105703,31057,CLT,"Charlotte, NC",13930,1393008,30977,ORD,"Chicago, IL",1119,1113.0,-6.0,0.0,0.0,-1.0,1100-1159,14.0,1127.0,1159.0,9.0,1230,1208.0,-22.0,0.0,0.0,-2.0,1200-1259,0.0,,0.0,,,,,
352715,2025,1,28,2,2025-01-28,AA,19805,AA,19805,2279,11057,1105703,31057,CLT,"Charlotte, NC",13930,1393008,30977,ORD,"Chicago, IL",1119,1107.0,-12.0,0.0,0.0,-1.0,1100-1159,20.0,1127.0,1201.0,10.0,1230,1211.0,-19.0,0.0,0.0,-2.0,1200-1259,0.0,,0.0,,,,,
352716,2025,1,29,3,2025-01-29,AA,19805,AA,19805,2279,11057,1105703,31057,CLT,"Charlotte, NC",13930,1393008,30977,ORD,"Chicago, IL",1119,1113.0,-6.0,0.0,0.0,-1.0,1100-1159,15.0,1128.0,1207.0,8.0,1230,1215.0,-15.0,0.0,0.0,-1.0,1200-1259,0.0,,0.0,,,,,
352717,2025,1,30,4,2025-01-30,AA,19805,AA,19805,2279,11057,1105703,31057,CLT,"Charlotte, NC",13930,1393008,30977,ORD,"Chicago, IL",1119,1128.0,9.0,9.0,0.0,0.0,1100-1159,23.0,1151.0,1221.0,11.0,1230,1232.0,2.0,2.0,0.0,0.0,1200-1259,0.0,,0.0,,,,,
352718,2025,1,31,5,2025-01-31,AA,19805,AA,19805,2279,11057,1105703,31057,CLT,"Charlotte, NC",13930,1393008,30977,ORD,"Chicago, IL",1119,1112.0,-7.0,0.0,0.0,-1.0,1100-1159,10.0,1122.0,1159.0,21.0,1230,1220.0,-10.0,0.0,0.0,-1.0,1200-1259,0.0,,0.0,,,,,
358923,2025,1,1,3,2025-01-01,AA,19805,AA,19805,2488,11057,1105703,31057,CLT,"Charlotte, NC",13930,1393008,30977,ORD,"Chicago, IL",1816,1811.0,-5.0,0.0,0.0,-1.0,1800-1859,20.0,1831.0,1908.0,10.0,1924,1918.0,-6.0,0.0,0.0,-1.0,1900-1959,0.0,,0.0,,,,,
358924,2025,1,2,4,2025-01-02,AA,19805,AA,19805,2488,11057,1105703,31057,CLT,"Charlotte, NC",13930,1393008,30977,ORD,"Chicago, IL",1816,1809.0,-7.0,0.0,0.0,-1.0,1800-1859,15.0,1824.0,1902.0,15.0,1924,1917.0,-7.0,0.0,0.0,-1.0,1900-1959,0.0,,0.0,,,,,
358925,2025,1,3,5,2025-01-03,AA,19805,AA,19805,2488,11057,1105703,31057,CLT,"Charlotte, NC",13930,1393008,30977,ORD,"Chicago, IL",1816,1814.0,-2.0,0.0,0.0,-1.0,1800-1859,15.0,1829.0,1916.0,13.0,1924,1929.0,5.0,5.0,0.0,0.0,1900-1959,0.0,,0.0,,,,,
358926,2025,1,4,6,2025-01-04,AA,19805,AA,19805,2488,11057,1105703,31057,CLT,"Charlotte, NC",13930,1393008,30977,ORD,"Chicago, IL",1816,1818.0,2.0,2.0,0.0,0.0,1800-1859,17.0,1835.0,1914.0,9.0,1924,1923.0,-1.0,0.0,0.0,-1.0,1900-1959,0.0,,0.0,,,,,
358927,2025,1,5,7,2025-01-05,AA,19805,AA,19805,2488,11057,1105703,31057,CLT,"Charlotte, NC",13930,1393008,30977,ORD,"Chicago, IL",1816,1837.0,21.0,21.0,1.0,1.0,1800-1859,33.0,1910.0,1947.0,16.0,1924,2003.0,39.0,39.0,1.0,2.0,1900-1959,0.0,,0.0,7.0,0.0,18.0,0.0,14.0
358928,2025,1,6,1,2025-01-06,AA,19805,AA,19805,2488,11057,1105703,31057,CLT,"Charlotte, NC",13930,1393008,30977,ORD,"Chicago, IL",1816,1824.0,8.0,8.0,0.0,0.0,1800-1859,26.0,1850.0,1922.0,14.0,1924,1936.0,12.0,12.0,0.0,0.0,1900-1959,0.0,,0.0,,,,,
358929,2025,1,7,2,2025-01-07,AA,19805,AA,19805,2488,11057,1105703,31057,CLT,"Charlotte, NC",13930,1393008,30977,ORD,"Chicago, IL",1814,1812.0,-2.0,0.0,0.0,-1.0,1800-1859,17.0,1829.0,1859.0,11.0,1926,1910.0,-16.0,0.0,0.0,-2.0,1900-1959,0.0,,0.0,,,,,
358930,2025,1,8,3,2025-01-08,AA,19805,AA,19805,2488,11057,1105703,31057,CLT,"Charlotte, NC",13930,1393008,30977,ORD,"Chicago, IL",1814,1811.0,-3.0,0.0,0.0,-1.0,1800-1859,15.0,1826.0,1900.0,12.0,1926,1912.0,-14.0,0.0,0.0,-1.0,1900-1959,0.0,,0.0,,,,,
358931,2025,1,9,4,2025-01-09,AA,19805,AA,19805,2488,11057,1105703,31057,CLT,"Charlotte, NC",13930,1393008,30977,ORD,"Chicago, IL",1814,1809.0,-5.0,0.0,0.0,-1.0,1800-1859,26.0,1835.0,1914.0,20.0,1926,1934.0,8.0,8.0,0.0,0.0,1900-1959,0.0,,0.0,,,,,
358932,2025,1,10,5,2025-01-10,AA,19805,AA,19805,2488,11057,1105703,31057,CLT,"Charlotte, NC",13930,1393008,30977,ORD,"Chicago, IL",1814,,,,,,1800-1859,,,,,1926,,,,,,1900-1959,1.0,B,0.0,,,,,
358933,2025,1,11,6,2025-01-11,AA,19805,AA,19805,2488,11057,1105703,31057,CLT,"Charlotte, NC",13930,1393008,30977,ORD,"Chicago, IL",1814,1811.0,-3.0,0.0,0.0,-1.0,1800-1859,15.0,1826.0,1901.0,11.0,1926,1912.0,-14.0,0.0,0.0,-1.0,1900-1959,0.0,,0.0,,,,,
358934,2025,1,12,7,2025-01-12,AA,19805,AA,19805,2488,11057,1105703,31057,CLT,"Charlotte, NC",13930,1393008,30977,ORD,"Chicago, IL",1814,1815.0,1.0,1.0,0.0,0.0,1800-1859,14.0,1829.0,1902.0,14.0,1926,1916.0,-10.0,0.0,0.0,-1.0,1900-1959,0.0,,0.0,,,,,
358935,2025,1,13,1,2025-01-13,AA,19805,AA,19805,2488,11057,1105703,31057,CLT,"Charlotte, NC",13930,1393008,30977,ORD,"Chicago, IL",1814,1808.0,-6.0,0.0,0.0,-1.0,1800-1859,19.0,1827.0,1905.0,13.0,1926,1918.0,-8.0,0.0,0.0,-1.0,1900-1959,0.0,,0.0,,,,,
358936,2025,1,14,2,2025-01-14,AA,19805,AA,19805,2488,11057,1105703,31057,CLT,"Charlotte, NC",13930,1393008,30977,ORD,"Chicago, IL",1814,1827.0,13.0,13.0,0.0,0.0,1800-1859,19.0,1846.0,1926.0,9.0,1926,1935.0,9.0,9.0,0.0,0.0,1900-1959,0.0,,0.0,,,,,
358937,2025,1,15,3,2025-01-15,AA,19805,AA,19805,2488,11057,1105703,31057,CLT,"Charlotte, NC",13930,1393008,30977,ORD,"Chicago, IL",1814,1805.0,-9.0,0.0,0.0,-1.0,1800-1859,18.0,1823.0,1855.0,20.0,1926,1915.0,-11.0,0.0,0.0,-1.0,1900-1959,0.0,,0.0,,,,,
358938,2025,1,16,4,2025-01-16,AA,19805,AA,19805,2488,11057,1105703,31057,CLT,"Charlotte, NC",13930,1393008,30977,ORD,"Chicago, IL",1814,1841.0,27.0,27.0,1.0,1.0,1800-1859,21.0,1902.0,1945.0,9.0,1926,1954.0,28.0,28.0,1.0,1.0,1900-1959,0.0,,0.0,7.0,0.0,1.0,0.0,20.0
358939,2025,1,17,5,2025-01-17,AA,19805,AA,19805,2488,11057,1105703,31057,CLT,"Charlotte, NC",13930,1393008,30977,ORD,"Chicago, IL",1814,1812.0,-2.0,0.0,0.0,-1.0,1800-1859,19.0,1831.0,1904.0,11.0,1926,1915.0,-11.0,0.0,0.0,-1.0,1900-1959,0.0,,0.0,,,,,
358940,2025,1,18,6,2025-01-18,AA,19805,AA,19805,2488,11057,1105703,31057,CLT,"Charlotte, NC",13930,1393008,30977,ORD,"Chicago, IL",1814,1810.0,-4.0,0.0,0.0,-1.0,1800-1859,11.0,1821.0,1851.0,22.0,1926,1913.0,-13.0,0.0,0.0,-1.0,1900-1959,0.0,,0.0,,,,,
358941,2025,1,19,7,2025-01-19,AA,19805,AA,19805,2488,11057,1105703,31057,CLT,"Charlotte, NC",13930,1393008,30977,ORD,"Chicago, IL",1814,1903.0,49.0,49.0,1.0,3.0,1800-1859,19.0,1922.0,1954.0,11.0,1926,2005.0,39.0,39.0,1.0,2.0,1900-1959,0.0,,0.0,39.0,0.0,0.0,0.0,0.0
358942,2025,1,20,1,2025-01-20,AA,19805,AA,19805,2488,11057,1105703,31057,CLT,"Charlotte, NC",13930,1393008,30977,ORD,"Chicago, IL",1814,1813.0,-1.0,0.0,0.0,-1.0,1800-1859,21.0,1834.0,1906.0,17.0,1926,1923.0,-3.0,0.0,0.0,-1.0,1900-1959,0.0,,0.0,,,,,
358943,2025,1,21,2,2025-01-21,AA,19805,AA,19805,2488,11057,1105703,31057,CLT,"Charlotte, NC",13930,1393008,30977,ORD,"Chicago, IL",1814,1812.0,-2.0,0.0,0.0,-1.0,1800-1859,61.0,1913.0,1945.0,10.0,1926,1955.0,29.0,29.0,1.0,1.0,1900-1959,0.0,,0.0,0.0,0.0,29.0,0.0,0.0
358944,2025,1,22,3,2025-01-22,AA,19805,AA,19805,2488,11057,1105703,31057,CLT,"Charlotte, NC",13930,1393008,30977,ORD,"Chicago, IL",1814,1809.0,-5.0,0.0,0.0,-1.0,1800-1859,28.0,1837.0,1911.0,24.0,1926,1935.0,9.0,9.0,0.0,0.0,1900-1959,0.0,,0.0,,,,,
358945,2025,1,23,4,2025-01-23,AA,19805,AA,19805,2488,11057,1105703,31057,CLT,"Charlotte, NC",13930,1393008,30977,ORD,"Chicago, IL",1814,1810.0,-4.0,0.0,0.0,-1.0,1800-1859,16.0,1826.0,1901.0,13.0,1926,1914.0,-12.0,0.0,0.0,-1.0,1900-1959,0.0,,0.0,,,,,
358946,2025,1,24,5,2025-01-24,AA,19805,AA,19805,2488,11057,1105703,31057,CLT,"Charlotte, NC",13930,1393008,30977,ORD,"Chicago, IL",1814,1821.0,7.0,7.0,0.0,0.0,1800-1859,18.0,1839.0,1915.0,11.0,1926,1926.0,0.0,0.0,0.0,0.0,1900-1959,0.0,,0.0,,,,,
358947,2025,1,25,6,2025-01-25,AA,19805,AA,19805,2488,11057,1105703,31057,CLT,"Charlotte, NC",13930,1393008,30977,ORD,"Chicago, IL",1814,1813.0,-1.0,0.0,0.0,-1.0,1800-1859,17.0,1830.0,1907.0,12.0,1926,1919.0,-7.0,0.0,0.0,-1.0,1900-1959,0.0,,0.0,,,,,
359078,2025,1,7,2,2025-01-07,AA,19805,AA,19805,1355,11057,1105703,31057,CLT,"Charlotte, NC",12478,1247805,31703,JFK,"New York, NY",1615,1615.0,0.0,0.0,0.0,0.0,1600-1659,13.0,1628.0,1748.0,6.0,1806,1754.0,-12.0,0.0,0.0,-1.0,1800-1859,0.0,,0.0,,,,,
359079,2025,1,8,3,2025-01-08,AA,19805,AA,19805,1355,11057,1105703,31057,CLT,"Charlotte, NC",12478,1247805,31703,JFK,"New York, NY",1615,1610.0,-5.0,0.0,0.0,-1.0,1600-1659,15.0,1625.0,1740.0,9.0,1806,1749.0,-17.0,0.0,0.0,-2.0,1800-1859,0.0,,0.0,,,,,
359080,2025,1,9,4,2025-01-09,AA,19805,AA,19805,1355,11057,1105703,31057,CLT,"Charlotte, NC",12478,1247805,31703,JFK,"New York, NY",1615,2016.0,241.0,241.0,1.0,12.0,1600-1659,20.0,2036.0,2208.0,7.0,1806,2215.0,249.0,249.0,1.0,12.0,1800-1859,0.0,,0.0,0.0,0.0,8.0,0.0,241.0
359081,2025,1,10,5,2025-01-10,AA,19805,AA,19805,1355,11057,1105703,31057,CLT,"Charlotte, NC",12478,1247805,31703,JFK,"New York, NY",1615,1640.0,25.0,25.0,1.0,1.0,1600-1659,76.0,1756.0,1914.0,8.0,1806,1922.0,76.0,76.0,1.0,5.0,1800-1859,0.0,,0.0,25.0,0.0,51.0,0.0,0.0
359082,2025,1,12,7,2025-01-12,AA,19805,AA,19805,1355,11057,1105703,31057,CLT,"Charlotte, NC",12478,1247805,31703,JFK,"New York, NY",1615,1619.0,4.0,4.0,0.0,0.0,1600-1659,11.0,1630.0,1748.0,8.0,1806,1756.0,-10.0,0.0,0.0,-1.0,1800-1859,0.0,,0.0,,,,,
359083,2025,1,13,1,2025-01-13,AA,19805,AA,19805,1355,11057,1105703,31057,CLT,"Charlotte, NC",12478,1247805,31703,JFK,"New York, NY",1615,1611.0,-4.0,0.0,0.0,-1.0,1600-1659,21.0,1632.0,1749.0,11.0,1806,1800.0,-6.0,0.0,0.0,-1.0,1800-1859,0.0,,0.0,,,,,
359084,2025,1,14,2,2025-01-14,AA,19805,AA,19805,1355,11057,1105703,31057,CLT,"Charlotte, NC",12478,1247805,31703,JFK,"New York, NY",1615,1752.0,97.0,97.0,1.0,6.0,1600-1659,20.0,1812.0,1925.0,9.0,1806,1934.0,88.0,88.0,1.0,5.0,1800-1859,0.0,,0.0,5.0,0.0,0.0,0.0,83.0
359085,2025,1,15,3,2025-01-15,AA,19805,AA,19805,1355,11057,1105703,31057,CLT,"Charlotte, NC",12478,1247805,31703,JFK,"New York, NY",1615,1609.0,-6.0,0.0,0.0,-1.0,1600-1659,13.0,1622.0,1740.0,12.0,1806,1752.0,-14.0,0.0,0.0,-1.0,1800-1859,0.0,,0.0,,,,,
359086,2025,1,16,4,2025-01-16,AA,19805,AA,19805,1355,11057,1105703,31057,CLT,"Charlotte, NC",12478,1247805,31703,JFK,"New York, NY",1615,1618.0,3.0,3.0,0.0,0.0,1600-1659,23.0,1641.0,1804.0,9.0,1806,1813.0,7.0,7.0,0.0,0.0,1800-1859,0.0,,0.0,,,,,
359087,2025,1,17,5,2025-01-17,AA,19805,AA,19805,1355,11057,1105703,31057,CLT,"Charlotte, NC",12478,1247805,31703,JFK,"New York, NY",1615,1612.0,-3.0,0.0,0.0,-1.0,1600-1659,16.0,1628.0,1749.0,14.0,1806,1803.0,-3.0,0.0,0.0,-1.0,1800-1859,0.0,,0.0,,,,,
359088,2025,1,19,7,2025-01-19,AA,19805,AA,19805,1355,11057,1105703,31057,CLT,"Charlotte, NC",12478,1247805,31703,JFK,"New York, NY",1615,1610.0,-5.0,0.0,0.0,-1.0,1600-1659,24.0,1634.0,1751.0,13.0,1806,1804.0,-2.0,0.0,0.0,-1.0,1800-1859,0.0,,0.0,,,,,
359089,2025,1,20,1,2025-01-20,AA,19805,AA,19805,1355,11057,1105703,31057,CLT,"Charlotte, NC",12478,1247805,31703,JFK,"New York, NY",1615,1622.0,7.0,7.0,0.0,0.0,1600-1659,12.0,1634.0,1743.0,11.0,1806,1754.0,-12.0,0.0,0.0,-1.0,1800-1859,0.0,,0.0,,,,,
359090,2025,1,21,2,2025-01-21,AA,19805,AA,19805,1355,11057,1105703,31057,CLT,"Charlotte, NC",12478,1247805,31703,JFK,"New York, NY",1615,1627.0,12.0,12.0,0.0,0.0,1600-1659,17.0,1644.0,1757.0,5.0,1806,1802.0,-4.0,0.0,0.0,-1.0,1800-1859,0.0,,0.0,,,,,
359091,2025,1,22,3,2025-01-22,AA,19805,AA,19805,1355,11057,1105703,31057,CLT,"Charlotte, NC",12478,1247805,31703,JFK,"New York, NY",1615,1944.0,209.0,209.0,1.0,12.0,1600-1659,15.0,1959.0,2111.0,6.0,1806,2117.0,191.0,191.0,1.0,12.0,1800-1859,0.0,,0.0,1.0,0.0,0.0,0.0,190.0
359092,2025,1,23,4,2025-01-23,AA,19805,AA,19805,1355,11057,1105703,31057,CLT,"Charlotte, NC",12478,1247805,31703,JFK,"New York, NY",1615,1613.0,-2.0,0.0,0.0,-1.0,1600-1659,14.0,1627.0,1742.0,10.0,1806,1752.0,-14.0,0.0,0.0,-1.0,1800-1859,0.0,,0.0,,,,,
359093,2025,1,24,5,2025-01-24,AA,19805,AA,19805,1355,11057,1105703,31057,CLT,"Charlotte, NC",12478,1247805,31703,JFK,"New York, NY",1615,1610.0,-5.0,0.0,0.0,-1.0,1600-1659,12.0,1622.0,1741.0,10.0,1806,1751.0,-15.0,0.0,0.0,-1.0,1800-1859,0.0,,0.0,,,,,
359094,2025,1,26,7,2025-01-26,AA,19805,AA,19805,1355,11057,1105703,31057,CLT,"Charlotte, NC",12478,1247805,31703,JFK,"New York, NY",1615,1743.0,88.0,88.0,1.0,5.0,1600-1659,27.0,1810.0,1926.0,16.0,1806,1942.0,96.0,96.0,1.0,6.0,1800-1859,0.0,,0.0,16.0,0.0,8.0,0.0,72.0
359095,2025,1,27,1,2025-01-27,AA,19805,AA,19805,1355,11057,1105703,31057,CLT,"Charlotte, NC",12478,1247805,31703,JFK,"New York, NY",1615,1842.0,147.0,147.0,1.0,9.0,1600-1659,30.0,1912.0,2029.0,7.0,1806,2036.0,150.0,150.0,1.0,10.0,1800-1859,0.0,,0.0,0.0,120.0,3.0,0.0,27.0
359096,2025,1,28,2,2025-01-28,AA,19805,AA,19805,1355,11057,1105703,31057,CLT,"Charlotte, NC",12478,1247805,31703,JFK,"New York, NY",1615,1617.0,2.0,2.0,0.0,0.0,1600-1659,17.0,1634.0,1753.0,5.0,1806,1758.0,-8.0,0.0,0.0,-1.0,1800-1859,0.0,,0.0,,,,,
359097,2025,1,29,3,2025-01-29,AA,19805,AA,19805,1355,11057,1105703,31057,CLT,"Charlotte, NC",12478,1247805,31703,JFK,"New York, NY",1615,1613.0,-2.0,0.0,0.0,-1.0,1600-1659,14.0,1627.0,1745.0,4.0,1806,1749.0,-17.0,0.0,0.0,-2.0,1800-1859,0.0,,0.0,,,,,
359098,2025,1,30,4,2025-01-30,AA,19805,AA,19805,1355,11057,1105703,31057,CLT,"Charlotte, NC",12478,1247805,31703,JFK,"New York, NY",1615,1650.0,35.0,35.0,1.0,2.0,1600-1659,24.0,1714.0,1844.0,15.0,1806,1859.0,53.0,53.0,1.0,3.0,1800-1859,0.0,,0.0,35.0,0.0,18.0,0.0,0.0
359099,2025,1,31,5,2025-01-31,AA,19805,AA,19805,1355,11057,1105703,31057,CLT,"Charlotte, NC",12478,1247805,31703,JFK,"New York, NY",1615,1615.0,0.0,0.0,0.0,0.0,1600-1659,19.0,1634.0,1749.0,13.0,1806,1802.0,-4.0,0.0,0.0,-1.0,1800-1859,0.0,,0.0,,,,,
365253,2025,1,1,3,2025-01-01,AA,19805,AA,19805,1576,11057,1105703,31057,CLT,"Charlotte, NC",12892,1289208,32575,LAX,"Los Angeles, CA",1704,1816.0,72.0,72.0,1.0,4.0,1700-1759,14.0,1830.0,2035.0,11.0,1928,2046.0,78.0,78.0,1.0,5.0,1900-1959,0.0,,0.0,4.0,0.0,6.0,0.0,68.0
365254,2025,1,2,4,2025-01-02,AA,19805,AA,19805,1576,11057,1105703,31057,CLT,"Charlotte, NC",12892,1289208,32575,LAX,"Los Angeles, CA",1700,1658.0,-2.0,0.0,0.0,-1.0,1700-1759,16.0,1714.0,1904.0,7.0,1924,1911.0,-13.0,0.0,0.0,-1.0,1900-1959,0.0,,0.0,,,,,
365255,2025,1,3,5,2025-01-03,AA,19805,AA,19805,1576,11057,1105703,31057,CLT,"Charlotte, NC",12892,1289208,32575,LAX,"Los Angeles, CA",1700,1700.0,0.0,0.0,0.0,0.0,1700-1759,11.0,1711.0,1903.0,6.0,1924,1909.0,-15.0,0.0,0.0,-1.0,1900-1959,0.0,,0.0,,,,,
365256,2025,1,4,6,2025-01-04,AA,19805,AA,19805,1576,11057,1105703,31057,CLT,"Charlotte, NC",12892,1289208,32575,LAX,"Los Angeles, CA",1700,1706.0,6.0,6.0,0.0,0.0,1700-1759,18.0,1724.0,1913.0,5.0,1924,1918.0,-6.0,0.0,0.0,-1.0,1900-1959,0.0,,0.0,,,,,
365257,2025,1,5,7,2025-01-05,AA,19805,AA,19805,1576,11057,1105703,31057,CLT,"Charlotte, NC",12892,1289208,32575,LAX,"Los Angeles, CA",1700,1756.0,56.0,56.0,1.0,3.0,1700-1759,18.0,1814.0,2005.0,7.0,1924,2012.0,48.0,48.0,1.0,3.0,1900-1959,0.0,,0.0,14.0,0.0,0.0,0.0,34.0
365258,2025,1,6,1,2025-01-06,AA,19805,AA,19805,1576,11057,1105703,31057,CLT,"Charlotte, NC",12892,1289208,32575,LAX,"Los Angeles, CA",1700,1733.0,33.0,33.0,1.0,2.0,1700-1759,15.0,1748.0,1938.0,7.0,1924,1945.0,21.0,21.0,1.0,1.0,1900-1959,0.0,,0.0,21.0,0.0,0.0,0.0,0.0
365259,2025,1,9,4,2025-01-09,AA,19805,AA,19805,1576,11057,1105703,31057,CLT,"Charlotte, NC",12892,1289208,32575,LAX,"Los Angeles, CA",1654,1653.0,-1.0,0.0,0.0,-1.0,1600-1659,33.0,1726.0,1921.0,12.0,1922,1933.0,11.0,11.0,0.0,0.0,1900-1959,0.0,,0.0,,,,,
365260,2025,1,10,5,2025-01-10,AA,19805,AA,19805,1576,11057,1105703,31057,CLT,"Charlotte, NC",12892,1289208,32575,LAX,"Los Angeles, CA",1654,,,,,,1600-1659,,,,,1922,,,,,,1900-1959,1.0,B,0.0,,,,,
365261,2025,1,12,7,2025-01-12,AA,19805,AA,19805,1576,11057,1105703,31057,CLT,"Charlotte, NC",12892,1289208,32575,LAX,"Los Angeles, CA",1654,1917.0,143.0,143.0,1.0,9.0,1600-1659,15.0,1932.0,2137.0,11.0,1922,2148.0,146.0,146.0,1.0,9.0,1900-1959,0.0,,0.0,143.0,0.0,3.0,0.0,0.0
365262,2025,1,13,1,2025-01-13,AA,19805,AA,19805,1576,11057,1105703,31057,CLT,"Charlotte, NC",12892,1289208,32575,LAX,"Los Angeles, CA",1654,1650.0,-4.0,0.0,0.0,-1.0,1600-1659,14.0,1704.0,1906.0,5.0,1922,1911.0,-11.0,0.0,0.0,-1.0,1900-1959,0.0,,0.0,,,,,
365263,2025,1,16,4,2025-01-16,AA,19805,AA,19805,1576,11057,1105703,31057,CLT,"Charlotte, NC",12892,1289208,32575,LAX,"Los Angeles, CA",1654,1651.0,-3.0,0.0,0.0,-1.0,1600-1659,32.0,1723.0,1845.0,4.0,1922,1849.0,-33.0,0.0,0.0,-2.0,1900-1959,0.0,,0.0,,,,,
365264,2025,1,17,5,2025-01-17,AA,19805,AA,19805,1576,11057,1105703,31057,CLT,"Charlotte, NC",12892,1289208,32575,LAX,"Los Angeles, CA",1654,1657.0,3.0,3.0,0.0,0.0,1600-1659,21.0,1718.0,1859.0,8.0,1922,1907.0,-15.0,0.0,0.0,-1.0,1900-1959,0.0,,0.0,,,,,
365265,2025,1,19,7,2025-01-19,AA,19805,AA,19805,1576,11057,1105703,31057,CLT,"Charlotte, NC",12892,1289208,32575,LAX,"Los Angeles, CA",1700,1730.0,30.0,30.0,1.0,2.0,1700-1759,14.0,1744.0,1946.0,4.0,1929,1950.0,21.0,21.0,1.0,1.0,1900-1959,0.0,,0.0,5.0,0.0,0.0,0.0,16.0
365266,2025,1,20,1,2025-01-20,AA,19805,AA,19805,1576,11057,1105703,31057,CLT,"Charlotte, NC",12892,1289208,32575,LAX,"Los Angeles, CA",1654,1652.0,-2.0,0.0,0.0,-1.0,1600-1659,15.0,1707.0,1853.0,11.0,1922,1904.0,-18.0,0.0,0.0,-2.0,1900-1959,0.0,,0.0,,,,,
365267,2025,1,23,4,2025-01-23,AA,19805,AA,19805,1576,11057,1105703,31057,CLT,"Charlotte, NC",12892,1289208,32575,LAX,"Los Angeles, CA",1654,1715.0,21.0,21.0,1.0,1.0,1600-1659,16.0,1731.0,1909.0,8.0,1922,1917.0,-5.0,0.0,0.0,-1.0,1900-1959,0.0,,0.0,,,,,
365268,2025,1,24,5,2025-01-24,AA,19805,AA,19805,1576,11057,1105703,31057,CLT,"Charlotte, NC",12892,1289208,32575,LAX,"Los Angeles, CA",1654,1843.0,109.0,109.0,1.0,7.0,1600-1659,19.0,1902.0,2047.0,24.0,1922,2111.0,109.0,109.0,1.0,7.0,1900-1959,0.0,,0.0,11.0,0.0,0.0,0.0,98.0
365269,2025,1,26,7,2025-01-26,AA,19805,AA,19805,1576,11057,1105703,31057,CLT,"Charlotte, NC",12892,1289208,32575,LAX,"Los Angeles, CA",1654,36.0,462.0,462.0,1.0,12.0,1600-1659,12.0,48.0,304.0,6.0,1922,310.0,468.0,468.0,1.0,12.0,1900-1959,0.0,,0.0,368.0,0.0,6.0,0.0,94.0
365270,2025,1,27,1,2025-01-27,AA,19805,AA,19805,1576,11057,1105703,31057,CLT,"Charlotte, NC",12892,1289208,32575,LAX,"Los Angeles, CA",1654,1658.0,4.0,4.0,0.0,0.0,1600-1659,67.0,1805.0,1956.0,7.0,1922,2003.0,41.0,41.0,1.0,2.0,1900-1959,0.0,,0.0,4.0,0.0,37.0,0.0,0.0
365271,2025,1,30,4,2025-01-30,AA,19805,AA,19805,1576,11057,1105703,31057,CLT,"Charlotte, NC",12892,1289208,32575,LAX,"Los Angeles, CA",1654,1654.0,0.0,0.0,0.0,0.0,1600-1659,26.0,1720.0,1859.0,5.0,1922,1904.0,-18.0,0.0,0.0,-2.0,1900-1959,0.0,,0.0,,,,,
365272,2025,1,31,5,2025-01-31,AA,19805,AA,19805,1576,11057,1105703,31057,CLT,"Charlotte, NC",12892,1289208,32575,LAX,"Los Angeles, CA",1654,1743.0,49.0,49.0,1.0,3.0,1600-1659,11.0,1754.0,1932.0,6.0,1922,1938.0,16.0,16.0,1.0,1.0,1900-1959,0.0,,0.0,16.0,0.0,0.0,0.0,0.0
366755,2025,1,26,7,2025-01-26,AA,19805,AA,19805,2488,11057,1105703,31057,CLT,"Charlotte, NC",13930,1393008,30977,ORD,"Chicago, IL",1814,1812.0,-2.0,0.0,0.0,-1.0,1800-1859,14.0,1826.0,1904.0,10.0,1926,1914.0,-12.0,0.0,0.0,-1.0,1900-1959,0.0,,0.0,,,,,
366756,2025,1,27,1,2025-01-27,AA,19805,AA,19805,2488,11057,1105703,31057,CLT,"Charlotte, NC",13930,1393008,30977,ORD,"Chicago, IL",1814,1822.0,8.0,8.0,0.0,0.0,1800-1859,17.0,1839.0,1915.0,10.0,1926,1925.0,-1.0,0.0,0.0,-1.0,1900-1959,0.0,,0.0,,,,,
366757,2025,1,28,2,2025-01-28,AA,19805,AA,19805,2488,11057,1105703,31057,CLT,"Charlotte, NC",13930,1393008,30977,ORD,"Chicago, IL",1814,1804.0,-10.0,0.0,0.0,-1.0,1800-1859,14.0,1818.0,1859.0,9.0,1926,1908.0,-18.0,0.0,0.0,-2.0,1900-1959,0.0,,0.0,,,,,
366758,2025,1,29,3,2025-01-29,AA,19805,AA,19805,2488,11057,1105703,31057,CLT,"Charlotte, NC",13930,1393008,30977,ORD,"Chicago, IL",1814,1812.0,-2.0,0.0,0.0,-1.0,1800-1859,24.0,1836.0,1922.0,11.0,1926,1933.0,7.0,7.0,0.0,0.0,1900-1959,0.0,,0.0,,,,,
366759,2025,1,30,4,2025-01-30,AA,19805,AA,19805,2488,11057,1105703,31057,CLT,"Charlotte, NC",13930,1393008,30977,ORD,"Chicago, IL",1814,1826.0,12.0,12.0,0.0,0.0,1800-1859,14.0,1840.0,1917.0,13.0,1926,1930.0,4.0,4.0,0.0,0.0,1900-1959,0.0,,0.0,,,,,
366760,2025,1,31,5,2025-01-31,AA,19805,AA,19805,2488,11057,1105703,31057,CLT,"Charlotte, NC",13930,1393008,30977,ORD,"Chicago, IL",1814,1905.0,51.0,51.0,1.0,3.0,1800-1859,14.0,1919.0,1957.0,6.0,1926,2003.0,37.0,37.0,1.0,2.0,1900-1959,0.0,,0.0,36.0,0.0,0.0,0.0,1.0
367064,2025,1,1,3,2025-01-01,AA,19805,AA,19805,2501,11057,1105703,31057,CLT,"Charlotte, NC",13930,1393008,30977,ORD,"Chicago, IL",942,934.0,-8.0,0.0,0.0,-1.0,0900-0959,20.0,954.0,1032.0,27.0,1103,1059.0,-4.0,0.0,0.0,-1.0,1100-1159,0.0,,0.0,,,,,
368744,2025,1,2,4,2025-01-02,AA,19805,AA,19805,2569,11057,1105703,31057,CLT,"Charlotte, NC",13930,1393008,30977,ORD,"Chicago, IL",1638,1816.0,98.0,98.0,1.0,6.0,1600-1659,19.0,1835.0,1911.0,29.0,1743,1940.0,117.0,117.0,1.0,7.0,1700-1759,0.0,,0.0,0.0,0.0,19.0,0.0,98.0
368745,2025,1,3,5,2025-01-03,AA,19805,AA,19805,2569,11057,1105703,31057,CLT,"Charlotte, NC",13930,1393008,30977,ORD,"Chicago, IL",1638,1711.0,33.0,33.0,1.0,2.0,1600-1659,16.0,1727.0,1807.0,12.0,1743,1819.0,36.0,36.0,1.0,2.0,1700-1759,0.0,,0.0,24.0,0.0,3.0,0.0,9.0
368746,2025,1,4,6,2025-01-04,AA,19805,AA,19805,2569,11057,1105703,31057,CLT,"Charlotte, NC",13930,1393008,30977,ORD,"Chicago, IL",1638,1646.0,8.0,8.0,0.0,0.0,1600-1659,20.0,1706.0,1743.0,14.0,1743,1757.0,14.0,14.0,0.0,0.0,1700-1759,0.0,,0.0,,,,,
368747,2025,1,5,7,2025-01-05,AA,19805,AA,19805,2569,11057,1105703,31057,CLT,"Charlotte, NC",13930,1393008,30977,ORD,"Chicago, IL",1638,1641.0,3.0,3.0,0.0,0.0,1600-1659,20.0,1701.0,1739.0,10.0,1743,1749.0,6.0,6.0,0.0,0.0,1700-1759,0.0,,0.0,,,,,
368748,2025,1,6,1,2025-01-06,AA,19805,AA,19805,2569,11057,1105703,31057,CLT,"Charlotte, NC",13930,1393008,30977,ORD,"Chicago, IL",1638,1718.0,40.0,40.0,1.0,2.0,1600-1659,17.0,1735.0,1804.0,16.0,1743,1820.0,37.0,37.0,1.0,2.0,1700-1759,0.0,,0.0,15.0,0.0,0.0,0.0,22.0
368749,2025,1,7,2,2025-01-07,AA,19805,AA,19805,2569,11057,1105703,31057,CLT,"Charlotte, NC",13930,1393008,30977,ORD,"Chicago, IL",1645,1639.0,-6.0,0.0,0.0,-1.0,1600-1659,20.0,1659.0,1727.0,12.0,1756,1739.0,-17.0,0.0,0.0,-2.0,1700-1759,0.0,,0.0,,,,,
368750,2025,1,8,3,2025-01-08,AA,19805,AA,19805,2569,11057,1105703,31057,CLT,"Charlotte, NC",13930,1393008,30977,ORD,"Chicago, IL",1645,1643.0,-2.0,0.0,0.0,-1.0,1600-1659,25.0,1708.0,1743.0,13.0,1756,1756.0,0.0,0.0,0.0,0.0,1700-1759,0.0,,0.0,,,,,
368751,2025,1,9,4,2025-01-09,AA,19805,AA,19805,2569,11057,1105703,31057,CLT,"Charlotte, NC",13930,1393008,30977,ORD,"Chicago, IL",1645,1641.0,-4.0,0.0,0.0,-1.0,1600-1659,14.0,1655.0,1735.0,9.0,1756,1744.0,-12.0,0.0,0.0,-1.0,1700-1759,0.0,,0.0,,,,,
368752,2025,1,10,5,2025-01-10,AA,19805,AA,19805,2569,11057,1105703,31057,CLT,"Charlotte, NC",13930,1393008,30977,ORD,"Chicago, IL",1645,,,,,,1600-1659,,,,,1756,,,,,,1700-1759,1.0,B,0.0,,,,,
368753,2025,1,11,6,2025-01-11,AA,19805,AA,19805,2569,11057,1105703,31057,CLT,"Charlotte, NC",13930,1393008,30977,ORD,"Chicago, IL",1645,1639.0,-6.0,0.0,0.0,-1.0,1600-1659,37.0,1716.0,1751.0,14.0,1756,1805.0,9.0,9.0,0.0,0.0,1700-1759,0.0,,0.0,,,,,
368754,2025,1,12,7,2025-01-12,AA,19805,AA,19805,2569,11057,1105703,31057,CLT,"Charlotte, NC",13930,1393008,30977,ORD,"Chicago, IL",1645,1641.0,-4.0,0.0,0.0,-1.0,1600-1659,15.0,1656.0,1731.0,9.0,1756,1740.0,-16.0,0.0,0.0,-2.0,1700-1759,0.0,,0.0,,,,,
368755,2025,1,13,1,2025-01-13,AA,19805,AA,19805,2569,11057,1105703,31057,CLT,"Charlotte, NC",13930,1393008,30977,ORD,"Chicago, IL",1645,1644.0,-1.0,0.0,0.0,-1.0,1600-1659,18.0,1702.0,1737.0,11.0,1756,1748.0,-8.0,0.0,0.0,-1.0,1700-1759,0.0,,0.0,,,,,
368756,2025,1,14,2,2025-01-14,AA,19805,AA,19805,2569,11057,1105703,31057,CLT,"Charlotte, NC",13930,1393008,30977,ORD,"Chicago, IL",1645,1636.0,-9.0,0.0,0.0,-1.0,1600-1659,15.0,1651.0,1733.0,10.0,1756,1743.0,-13.0,0.0,0.0,-1.0,1700-1759,0.0,,0.0,,,,,
368757,2025,1,15,3,2025-01-15,AA,19805,AA,19805,2569,11057,1105703,31057,CLT,"Charlotte, NC",13930,1393008,30977,ORD,"Chicago, IL",1645,1722.0,37.0,37.0,1.0,2.0,1600-1659,38.0,1800.0,1843.0,18.0,1756,1901.0,65.0,65.0,1.0,4.0,1700-1759,0.0,,0.0,5.0,0.0,28.0,0.0,32.0
368758,2025,1,16,4,2025-01-16,AA,19805,AA,19805,2569,11057,1105703,31057,CLT,"Charlotte, NC",13930,1393008,30977,ORD,"Chicago, IL",1645,1643.0,-2.0,0.0,0.0,-1.0,1600-1659,28.0,1711.0,1750.0,8.0,1756,1758.0,2.0,2.0,0.0,0.0,1700-1759,0.0,,0.0,,,,,
368759,2025,1,17,5,2025-01-17,AA,19805,AA,19805,2569,11057,1105703,31057,CLT,"Charlotte, NC",13930,1393008,30977,ORD,"Chicago, IL",1645,1701.0,16.0,16.0,1.0,1.0,1600-1659,29.0,1730.0,1804.0,11.0,1756,1815.0,19.0,19.0,1.0,1.0,1700-1759,0.0,,0.0,16.0,0.0,3.0,0.0,0.0
368760,2025,1,18,6,2025-01-18,AA,19805,AA,19805,2569,11057,1105703,31057,CLT,"Charlotte, NC",13930,1393008,30977,ORD,"Chicago, IL",1645,1637.0,-8.0,0.0,0.0,-1.0,1600-1659,16.0,1653.0,1723.0,11.0,1756,1734.0,-22.0,0.0,0.0,-2.0,1700-1759,0.0,,0.0,,,,,
368761,2025,1,19,7,2025-01-19,AA,19805,AA,19805,2569,11057,1105703,31057,CLT,"Charlotte, NC",13930,1393008,30977,ORD,"Chicago, IL",1645,1653.0,8.0,8.0,0.0,0.0,1600-1659,25.0,1718.0,1751.0,8.0,1756,1759.0,3.0,3.0,0.0,0.0,1700-1759,0.0,,0.0,,,,,
368762,2025,1,20,1,2025-01-20,AA,19805,AA,19805,2569,11057,1105703,31057,CLT,"Charlotte, NC",13930,1393008,30977,ORD,"Chicago, IL",1645,1653.0,8.0,8.0,0.0,0.0,1600-1659,12.0,1705.0,1741.0,11.0,1756,1752.0,-4.0,0.0,0.0,-1.0,1700-1759,0.0,,0.0,,,,,
368763,2025,1,21,2,2025-01-21,AA,19805,AA,19805,2569,11057,1105703,31057,CLT,"Charlotte, NC",13930,1393008,30977,ORD,"Chicago, IL",1645,1636.0,-9.0,0.0,0.0,-1.0,1600-1659,16.0,1652.0,1723.0,10.0,1756,1733.0,-23.0,0.0,0.0,-2.0,1700-1759,0.0,,0.0,,,,,
368764,2025,1,22,3,2025-01-22,AA,19805,AA,19805,2569,11057,1105703,31057,CLT,"Charlotte, NC",13930,1393008,30977,ORD,"Chicago, IL",1645,1645.0,0.0,0.0,0.0,0.0,1600-1659,18.0,1703.0,1735.0,25.0,1756,1800.0,4.0,4.0,0.0,0.0,1700-1759,0.0,,0.0,,,,,
368765,2025,1,23,4,2025-01-23,AA,19805,AA,19805,2569,11057,1105703,31057,CLT,"Charlotte, NC",13930,1393008,30977,ORD,"Chicago, IL",1645,1706.0,21.0,21.0,1.0,1.0,1600-1659,17.0,1723.0,1802.0,9.0,1756,1811.0,15.0,15.0,1.0,1.0,1700-1759,0.0,,0.0,0.0,0.0,0.0,0.0,15.0
368766,2025,1,24,5,2025-01-24,AA,19805,AA,19805,2569,11057,1105703,31057,CLT,"Charlotte, NC",13930,1393008,30977,ORD,"Chicago, IL",1645,1828.0,103.0,103.0,1.0,6.0,1600-1659,16.0,1844.0,1922.0,11.0,1756,1933.0,97.0,97.0,1.0,6.0,1700-1759,0.0,,0.0,27.0,0.0,0.0,0.0,70.0
368767,2025,1,25,6,2025-01-25,AA,19805,AA,19805,2569,11057,1105703,31057,CLT,"Charlotte, NC",13930,1393008,30977,ORD,"Chicago, IL",1645,1635.0,-10.0,0.0,0.0,-1.0,1600-1659,26.0,1701.0,1744.0,15.0,1756,1759.0,3.0,3.0,0.0,0.0,1700-1759,0.0,,0.0,,,,,
368768,2025,1,26,7,2025-01-26,AA,19805,AA,19805,2569,11057,1105703,31057,CLT,"Charlotte, NC",13930,1393008,30977,ORD,"Chicago, IL",1645,1636.0,-9.0,0.0,0.0,-1.0,1600-1659,20.0,1656.0,1737.0,11.0,1756,1748.0,-8.0,0.0,0.0,-1.0,1700-1759,0.0,,0.0,,,,,
368769,2025,1,27,1,2025-01-27,AA,19805,AA,19805,2569,11057,1105703,31057,CLT,"Charlotte, NC",13930,1393008,30977,ORD,"Chicago, IL",1645,1642.0,-3.0,0.0,0.0,-1.0,1600-1659,59.0,1741.0,1825.0,11.0,1756,1836.0,40.0,40.0,1.0,2.0,1700-1759,0.0,,0.0,0.0,0.0,40.0,0.0,0.0
368770,2025,1,28,2,2025-01-28,AA,19805,AA,19805,2569,11057,1105703,31057,CLT,"Charlotte, NC",13930,1393008,30977,ORD,"Chicago, IL",1645,1640.0,-5.0,0.0,0.0,-1.0,1600-1659,26.0,1706.0,1740.0,9.0,1756,1749.0,-7.0,0.0,0.0,-1.0,1700-1759,0.0,,0.0,,,,,
368771,2025,1,29,3,2025-01-29,AA,19805,AA,19805,2569,11057,1105703,31057,CLT,"Charlotte, NC",13930,1393008,30977,ORD,"Chicago, IL",1645,1638.0,-7.0,0.0,0.0,-1.0,1600-1659,13.0,1651.0,1726.0,9.0,1756,1735.0,-21.0,0.0,0.0,-2.0,1700-1759,0.0,,0.0,,,,,
368772,2025,1,30,4,2025-01-30,AA,19805,AA,19805,2569,11057,1105703,31057,CLT,"Charlotte, NC",13930,1393008,30977,ORD,"Chicago, IL",1645,1646.0,1.0,1.0,0.0,0.0,1600-1659,12.0,1658.0,1729.0,12.0,1756,1741.0,-15.0,0.0,0.0,-1.0,1700-1759,0.0,,0.0,,,,,
368773,2025,1,31,5,2025-01-31,AA,19805,AA,19805,2569,11057,1105703,31057,CLT,"Charlotte, NC",13930,1393008,30977,ORD,"Chicago, IL",1645,1642.0,-3.0,0.0,0.0,-1.0,1600-1659,23.0,1705.0,1738.0,20.0,1756,1758.0,2.0,2.0,0.0,0.0,1700-1759,0.0,,0.0,,,,,
369392,2025,1,1,3,2025-01-01,AA,19805,AA,19805,2602,11057,1105703,31057,CLT,"Charlotte, NC",11298,1129806,30194,DFW,"Dallas/Fort Worth, TX",1930,1943.0,13.0,13.0,0.0,0.0,1900-1959,11.0,1954.0,2123.0,14.0,2132,2137.0,5.0,5.0,0.0,0.0,2100-2159,0.0,,0.0,,,,,
369393,2025,1,2,4,2025-01-02,AA,19805,AA,19805,2602,11057,1105703,31057,CLT,"Charlotte, NC",11298,1129806,30194,DFW,"Dallas/Fort Worth, TX",1930,1928.0,-2.0,0.0,0.0,-1.0,1900-1959,29.0,1957.0,2132.0,13.0,2132,2145.0,13.0,13.0,0.0,0.0,2100-2159,0.0,,0.0,,,,,
369394,2025,1,3,5,2025-01-03,AA,19805,AA,19805,2602,11057,1105703,31057,CLT,"Charlotte, NC",11298,1129806,30194,DFW,"Dallas/Fort Worth, TX",1930,1930.0,0.0,0.0,0.0,0.0,1900-1959,16.0,1946.0,2111.0,19.0,2132,2130.0,-2.0,0.0,0.0,-1.0,2100-2159,0.0,,0.0,,,,,
369395,2025,1,4,6,2025-01-04,AA,19805,AA,19805,2602,11057,1105703,31057,CLT,"Charlotte, NC",11298,1129806,30194,DFW,"Dallas/Fort Worth, TX",1930,1929.0,-1.0,0.0,0.0,-1.0,1900-1959,13.0,1942.0,2105.0,11.0,2132,2116.0,-16.0,0.0,0.0,-2.0,2100-2159,0.0,,0.0,,,,,
369396,2025,1,5,7,2025-01-05,AA,19805,AA,19805,2602,11057,1105703,31057,CLT,"Charlotte, NC",11298,1129806,30194,DFW,"Dallas/Fort Worth, TX",1930,2010.0,40.0,40.0,1.0,2.0,1900-1959,15.0,2025.0,2203.0,84.0,2132,2327.0,115.0,115.0,1.0,7.0,2100-2159,0.0,,0.0,33.0,0.0,75.0,0.0,7.0
369397,2025,1,6,1,2025-01-06,AA,19805,AA,19805,2602,11057,1105703,31057,CLT,"Charlotte, NC",11298,1129806,30194,DFW,"Dallas/Fort Worth, TX",1930,1957.0,27.0,27.0,1.0,1.0,1900-1959,16.0,2013.0,2144.0,8.0,2132,2152.0,20.0,20.0,1.0,1.0,2100-2159,0.0,,0.0,0.0,0.0,0.0,0.0,20.0
369398,2025,1,7,2,2025-01-07,AA,19805,AA,19805,2602,11057,1105703,31057,CLT,"Charlotte, NC",11298,1129806,30194,DFW,"Dallas/Fort Worth, TX",1930,1926.0,-4.0,0.0,0.0,-1.0,1900-1959,14.0,1940.0,2107.0,8.0,2131,2115.0,-16.0,0.0,0.0,-2.0,2100-2159,0.0,,0.0,,,,,
369399,2025,1,8,3,2025-01-08,AA,19805,AA,19805,2602,11057,1105703,31057,CLT,"Charlotte, NC",11298,1129806,30194,DFW,"Dallas/Fort Worth, TX",1930,,,,,,1900-1959,,,,,2131,,,,,,2100-2159,1.0,B,0.0,,,,,
369400,2025,1,9,4,2025-01-09,AA,19805,AA,19805,2602,11057,1105703,31057,CLT,"Charlotte, NC",11298,1129806,30194,DFW,"Dallas/Fort Worth, TX",1930,,,,,,1900-1959,,,,,2131,,,,,,2100-2159,1.0,B,0.0,,,,,
369401,2025,1,10,5,2025-01-10,AA,19805,AA,19805,2602,11057,1105703,31057,CLT,"Charlotte, NC",11298,1129806,30194,DFW,"Dallas/Fort Worth, TX",1930,,,,,,1900-1959,,,,,2131,,,,,,2100-2159,1.0,B,0.0,,,,,
369402,2025,1,11,6,2025-01-11,AA,19805,AA,19805,2602,11057,1105703,31057,CLT,"Charlotte, NC",11298,1129806,30194,DFW,"Dallas/Fort Worth, TX",1930,1925.0,-5.0,0.0,0.0,-1.0,1900-1959,16.0,1941.0,2106.0,21.0,2131,2127.0,-4.0,0.0,0.0,-1.0,2100-2159,0.0,,0.0,,,,,
369403,2025,1,12,7,2025-01-12,AA,19805,AA,19805,2602,11057,1105703,31057,CLT,"Charlotte, NC",11298,1129806,30194,DFW,"Dallas/Fort Worth, TX",1930,1927.0,-3.0,0.0,0.0,-1.0,1900-1959,15.0,1942.0,2120.0,19.0,2131,2139.0,8.0,8.0,0.0,0.0,2100-2159,0.0,,0.0,,,,,
369404,2025,1,13,1,2025-01-13,AA,19805,AA,19805,2602,11057,1105703,31057,CLT,"Charlotte, NC",11298,1129806,30194,DFW,"Dallas/Fort Worth, TX",1930,1925.0,-5.0,0.0,0.0,-1.0,1900-1959,19.0,1944.0,2123.0,12.0,2131,2135.0,4.0,4.0,0.0,0.0,2100-2159,0.0,,0.0,,,,,
369405,2025,1,14,2,2025-01-14,AA,19805,AA,19805,2602,11057,1105703,31057,CLT,"Charlotte, NC",11298,1129806,30194,DFW,"Dallas/Fort Worth, TX",1930,1921.0,-9.0,0.0,0.0,-1.0,1900-1959,12.0,1933.0,2102.0,18.0,2131,2120.0,-11.0,0.0,0.0,-1.0,2100-2159,0.0,,0.0,,,,,
369406,2025,1,15,3,2025-01-15,AA,19805,AA,19805,2602,11057,1105703,31057,CLT,"Charlotte, NC",11298,1129806,30194,DFW,"Dallas/Fort Worth, TX",1930,1923.0,-7.0,0.0,0.0,-1.0,1900-1959,12.0,1935.0,2111.0,8.0,2131,2119.0,-12.0,0.0,0.0,-1.0,2100-2159,0.0,,0.0,,,,,
369407,2025,1,16,4,2025-01-16,AA,19805,AA,19805,2602,11057,1105703,31057,CLT,"Charlotte, NC",11298,1129806,30194,DFW,"Dallas/Fort Worth, TX",1930,1935.0,5.0,5.0,0.0,0.0,1900-1959,10.0,1945.0,2058.0,6.0,2131,2104.0,-27.0,0.0,0.0,-2.0,2100-2159,0.0,,0.0,,,,,
369408,2025,1,17,5,2025-01-17,AA,19805,AA,19805,2602,11057,1105703,31057,CLT,"Charlotte, NC",11298,1129806,30194,DFW,"Dallas/Fort Worth, TX",1930,1925.0,-5.0,0.0,0.0,-1.0,1900-1959,12.0,1937.0,2106.0,4.0,2131,2110.0,-21.0,0.0,0.0,-2.0,2100-2159,0.0,,0.0,,,,,
369409,2025,1,18,6,2025-01-18,AA,19805,AA,19805,2602,11057,1105703,31057,CLT,"Charlotte, NC",11298,1129806,30194,DFW,"Dallas/Fort Worth, TX",1930,1925.0,-5.0,0.0,0.0,-1.0,1900-1959,27.0,1952.0,2121.0,7.0,2131,2128.0,-3.0,0.0,0.0,-1.0,2100-2159,0.0,,0.0,,,,,
369410,2025,1,19,7,2025-01-19,AA,19805,AA,19805,2602,11057,1105703,31057,CLT,"Charlotte, NC",11298,1129806,30194,DFW,"Dallas/Fort Worth, TX",1930,1928.0,-2.0,0.0,0.0,-1.0,1900-1959,14.0,1942.0,2117.0,12.0,2131,2129.0,-2.0,0.0,0.0,-1.0,2100-2159,0.0,,0.0,,,,,
369411,2025,1,20,1,2025-01-20,AA,19805,AA,19805,2602,11057,1105703,31057,CLT,"Charlotte, NC",11298,1129806,30194,DFW,"Dallas/Fort Worth, TX",1930,1927.0,-3.0,0.0,0.0,-1.0,1900-1959,15.0,1942.0,2124.0,9.0,2131,2133.0,2.0,2.0,0.0,0.0,2100-2159,0.0,,0.0,,,,,
369412,2025,1,21,2,2025-01-21,AA,19805,AA,19805,2602,11057,1105703,31057,CLT,"Charlotte, NC",11298,1129806,30194,DFW,"Dallas/Fort Worth, TX",1930,1924.0,-6.0,0.0,0.0,-1.0,1900-1959,115.0,2119.0,2244.0,6.0,2131,2250.0,79.0,79.0,1.0,5.0,2100-2159,0.0,,0.0,0.0,0.0,79.0,0.0,0.0
369413,2025,1,22,3,2025-01-22,AA,19805,AA,19805,2602,11057,1105703,31057,CLT,"Charlotte, NC",11298,1129806,30194,DFW,"Dallas/Fort Worth, TX",1930,1924.0,-6.0,0.0,0.0,-1.0,1900-1959,17.0,1941.0,2121.0,14.0,2131,2135.0,4.0,4.0,0.0,0.0,2100-2159,0.0,,0.0,,,,,
369414,2025,1,23,4,2025-01-23,AA,19805,AA,19805,2602,11057,1105703,31057,CLT,"Charlotte, NC",11298,1129806,30194,DFW,"Dallas/Fort Worth, TX",1930,1927.0,-3.0,0.0,0.0,-1.0,1900-1959,15.0,1942.0,2115.0,13.0,2131,2128.0,-3.0,0.0,0.0,-1.0,2100-2159,0.0,,0.0,,,,,
369415,2025,1,24,5,2025-01-24,AA,19805,AA,19805,2602,11057,1105703,31057,CLT,"Charlotte, NC",11298,1129806,30194,DFW,"Dallas/Fort Worth, TX",1930,1923.0,-7.0,0.0,0.0,-1.0,1900-1959,12.0,1935.0,2053.0,14.0,2131,2107.0,-24.0,0.0,0.0,-2.0,2100-2159,0.0,,0.0,,,,,
369416,2025,1,25,6,2025-01-25,AA,19805,AA,19805,2602,11057,1105703,31057,CLT,"Charlotte, NC",11298,1129806,30194,DFW,"Dallas/Fort Worth, TX",1930,1934.0,4.0,4.0,0.0,0.0,1900-1959,17.0,1951.0,2115.0,13.0,2131,2128.0,-3.0,0.0,0.0,-1.0,2100-2159,0.0,,0.0,,,,,
369417,2025,1,26,7,2025-01-26,AA,19805,AA,19805,2602,11057,1105703,31057,CLT,"Charlotte, NC",11298,1129806,30194,DFW,"Dallas/Fort Worth, TX",1930,2024.0,54.0,54.0,1.0,3.0,1900-1959,14.0,2038.0,2208.0,9.0,2131,2217.0,46.0,46.0,1.0,3.0,2100-2159,0.0,,0.0,0.0,0.0,0.0,0.0,46.0
369418,2025,1,27,1,2025-01-27,AA,19805,AA,19805,2602,11057,1105703,31057,CLT,"Charlotte, NC",11298,1129806,30194,DFW,"Dallas/Fort Worth, TX",1930,1935.0,5.0,5.0,0.0,0.0,1900-1959,12.0,1947.0,2116.0,13.0,2131,2129.0,-2.0,0.0,0.0,-1.0,2100-2159,0.0,,0.0,,,,,
369419,2025,1,28,2,2025-01-28,AA,19805,AA,19805,2602,11057,1105703,31057,CLT,"Charlotte, NC",11298,1129806,30194,DFW,"Dallas/Fort Worth, TX",1930,1925.0,-5.0,0.0,0.0,-1.0,1900-1959,12.0,1937.0,2054.0,20.0,2131,2114.0,-17.0,0.0,0.0,-2.0,2100-2159,0.0,,0.0,,,,,
369420,2025,1,29,3,2025-01-29,AA,19805,AA,19805,2602,11057,1105703,31057,CLT,"Charlotte, NC",11298,1129806,30194,DFW,"Dallas/Fort Worth, TX",1930,1922.0,-8.0,0.0,0.0,-1.0,1900-1959,18.0,1940.0,2115.0,60.0,2131,2215.0,44.0,44.0,1.0,2.0,2100-2159,0.0,,0.0,0.0,0.0,44.0,0.0,0.0
369421,2025,1,30,4,2025-01-30,AA,19805,AA,19805,2602,11057,1105703,31057,CLT,"Charlotte, NC",11298,1129806,30194,DFW,"Dallas/Fort Worth, TX",1930,1928.0,-2.0,0.0,0.0,-1.0,1900-1959,12.0,1940.0,2114.0,23.0,2131,2137.0,6.0,6.0,0.0,0.0,2100-2159,0.0,,0.0,,,,,
369422,2025,1,31,5,2025-01-31,AA,19805,AA,19805,2602,11057,1105703,31057,CLT,"Charlotte, NC",11298,1129806,30194,DFW,"Dallas/Fort Worth, TX",1930,2036.0,66.0,66.0,1.0,4.0,1900-1959,40.0,2116.0,2253.0,4.0,2131,2257.0,86.0,86.0,1.0,5.0,2100-2159,0.0,,0.0,66.0,0.0,20.0,0.0,0.0
371070,2025,1,1,3,2025-01-01,AA,19805,AA,19805,2681,11057,1105703,31057,CLT,"Charlotte, NC",11298,1129806,30194,DFW,"Dallas/Fort Worth, TX",525,518.0,-7.0,0.0,0.0,-1.0,0001-0559,10.0,528.0,704.0,13.0,725,717.0,-8.0,0.0,0.0,-1.0,0700-0759,0.0,,0.0,,,,,
371071,2025,1,2,4,2025-01-02,AA,19805,AA,19805,2681,11057,1105703,31057,CLT,"Charlotte, NC",11298,1129806,30194,DFW,"Dallas/Fort Worth, TX",525,517.0,-8.0,0.0,0.0,-1.0,0001-0559,11.0,528.0,656.0,19.0,725,715.0,-10.0,0.0,0.0,-1.0,0700-0759,0.0,,0.0,,,,,
371072,2025,1,3,5,2025-01-03,AA,19805,AA,19805,2681,11057,1105703,31057,CLT,"Charlotte, NC",11298,1129806,30194,DFW,"Dallas/Fort Worth, TX",525,519.0,-6.0,0.0,0.0,-1.0,0001-0559,11.0,530.0,658.0,16.0,725,714.0,-11.0,0.0,0.0,-1.0,0700-0759,0.0,,0.0,,,,,
371073,2025,1,4,6,2025-01-04,AA,19805,AA,19805,2681,11057,1105703,31057,CLT,"Charlotte, NC",11298,1129806,30194,DFW,"Dallas/Fort Worth, TX",525,523.0,-2.0,0.0,0.0,-1.0,0001-0559,16.0,539.0,707.0,18.0,725,725.0,0.0,0.0,0.0,0.0,0700-0759,0.0,,0.0,,,,,
371074,2025,1,5,7,2025-01-05,AA,19805,AA,19805,2681,11057,1105703,31057,CLT,"Charlotte, NC",11298,1129806,30194,DFW,"Dallas/Fort Worth, TX",525,525.0,0.0,0.0,0.0,0.0,0001-0559,16.0,541.0,708.0,18.0,725,726.0,1.0,1.0,0.0,0.0,0700-0759,0.0,,0.0,,,,,
371075,2025,1,6,1,2025-01-06,AA,19805,AA,19805,2681,11057,1105703,31057,CLT,"Charlotte, NC",11298,1129806,30194,DFW,"Dallas/Fort Worth, TX",525,527.0,2.0,2.0,0.0,0.0,0001-0559,20.0,547.0,729.0,16.0,725,745.0,20.0,20.0,1.0,1.0,0700-0759,0.0,,0.0,2.0,0.0,18.0,0.0,0.0
371076,2025,1,7,2,2025-01-07,AA,19805,AA,19805,2681,11057,1105703,31057,CLT,"Charlotte, NC",11298,1129806,30194,DFW,"Dallas/Fort Worth, TX",525,523.0,-2.0,0.0,0.0,-1.0,0001-0559,28.0,551.0,722.0,9.0,723,731.0,8.0,8.0,0.0,0.0,0700-0759,0.0,,0.0,,,,,
371077,2025,1,8,3,2025-01-08,AA,19805,AA,19805,2681,11057,1105703,31057,CLT,"Charlotte, NC",11298,1129806,30194,DFW,"Dallas/Fort Worth, TX",525,529.0,4.0,4.0,0.0,0.0,0001-0559,25.0,554.0,733.0,13.0,723,746.0,23.0,23.0,1.0,1.0,0700-0759,0.0,,0.0,4.0,0.0,19.0,0.0,0.0
371078,2025,1,9,4,2025-01-09,AA,19805,AA,19805,2681,11057,1105703,31057,CLT,"Charlotte, NC",11298,1129806,30194,DFW,"Dallas/Fort Worth, TX",525,520.0,-5.0,0.0,0.0,-1.0,0001-0559,12.0,532.0,708.0,10.0,723,718.0,-5.0,0.0,0.0,-1.0,0700-0759,0.0,,0.0,,,,,
371079,2025,1,10,5,2025-01-10,AA,19805,AA,19805,2681,11057,1105703,31057,CLT,"Charlotte, NC",11298,1129806,30194,DFW,"Dallas/Fort Worth, TX",525,541.0,16.0,16.0,1.0,1.0,0001-0559,14.0,555.0,732.0,8.0,723,740.0,17.0,17.0,1.0,1.0,0700-0759,0.0,,0.0,16.0,0.0,1.0,0.0,0.0
371080,2025,1,11,6,2025-01-11,AA,19805,AA,19805,2681,11057,1105703,31057,CLT,"Charlotte, NC",11298,1129806,30194,DFW,"Dallas/Fort Worth, TX",525,702.0,97.0,97.0,1.0,6.0,0001-0559,11.0,713.0,830.0,19.0,723,849.0,86.0,86.0,1.0,5.0,0700-0759,0.0,,0.0,0.0,70.0,0.0,0.0,16.0
371081,2025,1,12,7,2025-01-12,AA,19805,AA,19805,2681,11057,1105703,31057,CLT,"Charlotte, NC",11298,1129806,30194,DFW,"Dallas/Fort Worth, TX",525,553.0,28.0,28.0,1.0,1.0,0001-0559,14.0,607.0,728.0,7.0,723,735.0,12.0,12.0,0.0,0.0,0700-0759,0.0,,0.0,,,,,
371082,2025,1,13,1,2025-01-13,AA,19805,AA,19805,2681,11057,1105703,31057,CLT,"Charlotte, NC",11298,1129806,30194,DFW,"Dallas/Fort Worth, TX",525,520.0,-5.0,0.0,0.0,-1.0,0001-0559,15.0,535.0,713.0,17.0,723,730.0,7.0,7.0,0.0,0.0,0700-0759,0.0,,0.0,,,,,
371083,2025,1,14,2,2025-01-14,AA,19805,AA,19805,2681,11057,1105703,31057,CLT,"Charlotte, NC",11298,1129806,30194,DFW,"Dallas/Fort Worth, TX",525,522.0,-3.0,0.0,0.0,-1.0,0001-0559,38.0,600.0,731.0,11.0,723,742.0,19.0,19.0,1.0,1.0,0700-0759,0.0,,0.0,0.0,0.0,19.0,0.0,0.0
371084,2025,1,15,3,2025-01-15,AA,19805,AA,19805,2681,11057,1105703,31057,CLT,"Charlotte, NC",11298,1129806,30194,DFW,"Dallas/Fort Worth, TX",525,553.0,28.0,28.0,1.0,1.0,0001-0559,32.0,625.0,801.0,11.0,723,812.0,49.0,49.0,1.0,3.0,0700-0759,0.0,,0.0,28.0,0.0,21.0,0.0,0.0
371085,2025,1,16,4,2025-01-16,AA,19805,AA,19805,2681,11057,1105703,31057,CLT,"Charlotte, NC",11298,1129806,30194,DFW,"Dallas/Fort Worth, TX",525,521.0,-4.0,0.0,0.0,-1.0,0001-0559,41.0,602.0,718.0,17.0,723,735.0,12.0,12.0,0.0,0.0,0700-0759,0.0,,0.0,,,,,
371086,2025,1,17,5,2025-01-17,AA,19805,AA,19805,2681,11057,1105703,31057,CLT,"Charlotte, NC",11298,1129806,30194,DFW,"Dallas/Fort Worth, TX",525,520.0,-5.0,0.0,0.0,-1.0,0001-0559,15.0,535.0,652.0,14.0,723,706.0,-17.0,0.0,0.0,-2.0,0700-0759,0.0,,0.0,,,,,
371087,2025,1,18,6,2025-01-18,AA,19805,AA,19805,2681,11057,1105703,31057,CLT,"Charlotte, NC",11298,1129806,30194,DFW,"Dallas/Fort Worth, TX",525,519.0,-6.0,0.0,0.0,-1.0,0001-0559,13.0,532.0,717.0,9.0,723,726.0,3.0,3.0,0.0,0.0,0700-0759,0.0,,0.0,,,,,
371088,2025,1,19,7,2025-01-19,AA,19805,AA,19805,2681,11057,1105703,31057,CLT,"Charlotte, NC",11298,1129806,30194,DFW,"Dallas/Fort Worth, TX",525,517.0,-8.0,0.0,0.0,-1.0,0001-0559,14.0,531.0,710.0,9.0,723,719.0,-4.0,0.0,0.0,-1.0,0700-0759,0.0,,0.0,,,,,
371089,2025,1,20,1,2025-01-20,AA,19805,AA,19805,2681,11057,1105703,31057,CLT,"Charlotte, NC",11298,1129806,30194,DFW,"Dallas/Fort Worth, TX",525,523.0,-2.0,0.0,0.0,-1.0,0001-0559,14.0,537.0,718.0,12.0,723,730.0,7.0,7.0,0.0,0.0,0700-0759,0.0,,0.0,,,,,
371090,2025,1,21,2,2025-01-21,AA,19805,AA,19805,2681,11057,1105703,31057,CLT,"Charlotte, NC",11298,1129806,30194,DFW,"Dallas/Fort Worth, TX",525,530.0,5.0,5.0,0.0,0.0,0001-0559,14.0,544.0,730.0,9.0,723,739.0,16.0,16.0,1.0,1.0,0700-0759,0.0,,0.0,5.0,0.0,11.0,0.0,0.0
371091,2025,1,22,3,2025-01-22,AA,19805,AA,19805,2681,11057,1105703,31057,CLT,"Charlotte, NC",11298,1129806,30194,DFW,"Dallas/Fort Worth, TX",525,522.0,-3.0,0.0,0.0,-1.0,0001-0559,13.0,535.0,657.0,5.0,723,702.0,-21.0,0.0,0.0,-2.0,0700-0759,0.0,,0.0,,,,,
371092,2025,1,23,4,2025-01-23,AA,19805,AA,19805,2681,11057,1105703,31057,CLT,"Charlotte, NC",11298,1129806,30194,DFW,"Dallas/Fort Worth, TX",525,521.0,-4.0,0.0,0.0,-1.0,0001-0559,12.0,533.0,716.0,14.0,723,730.0,7.0,7.0,0.0,0.0,0700-0759,0.0,,0.0,,,,,
371093,2025,1,24,5,2025-01-24,AA,19805,AA,19805,2681,11057,1105703,31057,CLT,"Charlotte, NC",11298,1129806,30194,DFW,"Dallas/Fort Worth, TX",525,523.0,-2.0,0.0,0.0,-1.0,0001-0559,41.0,604.0,726.0,14.0,723,740.0,17.0,17.0,1.0,1.0,0700-0759,0.0,,0.0,0.0,0.0,17.0,0.0,0.0
371094,2025,1,25,6,2025-01-25,AA,19805,AA,19805,2681,11057,1105703,31057,CLT,"Charlotte, NC",11298,1129806,30194,DFW,"Dallas/Fort Worth, TX",525,516.0,-9.0,0.0,0.0,-1.0,0001-0559,12.0,528.0,656.0,9.0,723,705.0,-18.0,0.0,0.0,-2.0,0700-0759,0.0,,0.0,,,,,
371095,2025,1,26,7,2025-01-26,AA,19805,AA,19805,2681,11057,1105703,31057,CLT,"Charlotte, NC",11298,1129806,30194,DFW,"Dallas/Fort Worth, TX",525,515.0,-10.0,0.0,0.0,-1.0,0001-0559,13.0,528.0,657.0,16.0,723,713.0,-10.0,0.0,0.0,-1.0,0700-0759,0.0,,0.0,,,,,
371096,2025,1,27,1,2025-01-27,AA,19805,AA,19805,2681,11057,1105703,31057,CLT,"Charlotte, NC",11298,1129806,30194,DFW,"Dallas/Fort Worth, TX",525,532.0,7.0,7.0,0.0,0.0,0001-0559,13.0,545.0,722.0,12.0,723,734.0,11.0,11.0,0.0,0.0,0700-0759,0.0,,0.0,,,,,
371097,2025,1,28,2,2025-01-28,AA,19805,AA,19805,2681,11057,1105703,31057,CLT,"Charlotte, NC",11298,1129806,30194,DFW,"Dallas/Fort Worth, TX",525,519.0,-6.0,0.0,0.0,-1.0,0001-0559,13.0,532.0,705.0,15.0,723,720.0,-3.0,0.0,0.0,-1.0,0700-0759,0.0,,0.0,,,,,
371098,2025,1,29,3,2025-01-29,AA,19805,AA,19805,2681,11057,1105703,31057,CLT,"Charlotte, NC",11298,1129806,30194,DFW,"Dallas/Fort Worth, TX",525,523.0,-2.0,0.0,0.0,-1.0,0001-0559,23.0,546.0,718.0,15.0,723,733.0,10.0,10.0,0.0,0.0,0700-0759,0.0,,0.0,,,,,
371099,2025,1,30,4,2025-01-30,AA,19805,AA,19805,2681,11057,1105703,31057,CLT,"Charlotte, NC",11298,1129806,30194,DFW,"Dallas/Fort Worth, TX",525,,,,,,0001-0559,,,,,723,,,,,,0700-0759,1.0,B,0.0,,,,,
371100,2025,1,31,5,2025-01-31,AA,19805,AA,19805,2681,11057,1105703,31057,CLT,"Charlotte, NC",11298,1129806,30194,DFW,"Dallas/Fort Worth, TX",525,517.0,-8.0,0.0,0.0,-1.0,0001-0559,10.0,527.0,701.0,16.0,723,717.0,-6.0,0.0,0.0,-1.0,0700-0759,0.0,,0.0,,,,,
470044,2025,1,2,4,2025-01-02,WN,19393,WN,19393,4788,11057,1105703,31057,CLT,"Charlotte, NC",11292,1129202,30325,DEN,"Denver, CO",1605,1613.0,8.0,8.0,0.0,0.0,1600-1659,13.0,1626.0,1749.0,9.0,1755,1758.0,3.0,3.0,0.0,0.0,1700-1759,0.0,,0.0,,,,,
476584,2025,1,10,5,2025-01-10,WN,19393,WN,19393,3787,11057,1105703,31057,CLT,"Charlotte, NC",11292,1129202,30325,DEN,"Denver, CO",755,751.0,-4.0,0.0,0.0,-1.0,0700-0759,16.0,807.0,916.0,5.0,955,921.0,-34.0,0.0,0.0,-2.0,0900-0959,0.0,,0.0,,,,,
483696,2025,1,19,7,2025-01-19,WN,19393,WN,19393,3787,11057,1105703,31057,CLT,"Charlotte, NC",11292,1129202,30325,DEN,"Denver, CO",755,751.0,-4.0,0.0,0.0,-1.0,0700-0759,16.0,807.0,927.0,6.0,955,933.0,-22.0,0.0,0.0,-2.0,0900-0959,0.0,,0.0,,,,,
486962,2025,1,20,1,2025-01-20,WN,19393,WN,19393,2801,11057,1105703,31057,CLT,"Charlotte, NC",11292,1129202,30325,DEN,"Denver, CO",815,852.0,37.0,37.0,1.0,2.0,0800-0859,18.0,910.0,1036.0,9.0,1015,1045.0,30.0,30.0,1.0,2.0,1000-1059,0.0,,0.0,30.0,0.0,0.0,0.0,0.0
490685,2025,1,28,2,2025-01-28,WN,19393,WN,19393,3787,11057,1105703,31057,CLT,"Charlotte, NC",11292,1129202,30325,DEN,"Denver, CO",755,752.0,-3.0,0.0,0.0,-1.0,0700-0759,13.0,805.0,906.0,6.0,955,912.0,-43.0,0.0,0.0,-2.0,0900-0959,0.0,,0.0,,,,,
493923,2025,1,29,3,2025-01-29,WN,19393,WN,19393,3787,11057,1105703,31057,CLT,"Charlotte, NC",11292,1129202,30325,DEN,"Denver, CO",755,749.0,-6.0,0.0,0.0,-1.0,0700-0759,13.0,802.0,928.0,5.0,955,933.0,-22.0,0.0,0.0,-2.0,0900-0959,0.0,,0.0,,,,,
496884,2025,1,3,5,2025-01-03,WN,19393,WN,19393,3633,11057,1105703,31057,CLT,"Charlotte, NC",11292,1129202,30325,DEN,"Denver, CO",1420,1418.0,-2.0,0.0,0.0,-1.0,1400-1459,13.0,1431.0,1605.0,24.0,1605,1629.0,24.0,24.0,1.0,1.0,1600-1659,0.0,,0.0,0.0,0.0,24.0,0.0,0.0
500919,2025,1,4,6,2025-01-04,WN,19393,WN,19393,1593,11057,1105703,31057,CLT,"Charlotte, NC",11292,1129202,30325,DEN,"Denver, CO",1710,1917.0,127.0,127.0,1.0,8.0,1700-1759,17.0,1934.0,2050.0,12.0,1855,2102.0,127.0,127.0,1.0,8.0,1800-1859,0.0,,0.0,61.0,0.0,0.0,0.0,66.0
505412,2025,1,12,7,2025-01-12,WN,19393,WN,19393,2801,11057,1105703,31057,CLT,"Charlotte, NC",11292,1129202,30325,DEN,"Denver, CO",815,807.0,-8.0,0.0,0.0,-1.0,0800-0859,31.0,838.0,1009.0,7.0,1015,1016.0,1.0,1.0,0.0,0.0,1000-1059,0.0,,0.0,,,,,
509062,2025,1,13,1,2025-01-13,WN,19393,WN,19393,3787,11057,1105703,31057,CLT,"Charlotte, NC",11292,1129202,30325,DEN,"Denver, CO",755,749.0,-6.0,0.0,0.0,-1.0,0700-0759,18.0,807.0,947.0,6.0,955,953.0,-2.0,0.0,0.0,-1.0,0900-0959,0.0,,0.0,,,,,
513273,2025,1,21,2,2025-01-21,WN,19393,WN,19393,3787,11057,1105703,31057,CLT,"Charlotte, NC",11292,1129202,30325,DEN,"Denver, CO",755,804.0,9.0,9.0,0.0,0.0,0700-0759,12.0,816.0,930.0,25.0,955,955.0,0.0,0.0,0.0,0.0,0900-0959,0.0,,0.0,,,,,
516522,2025,1,22,3,2025-01-22,WN,19393,WN,19393,3787,11057,1105703,31057,CLT,"Charlotte, NC",11292,1129202,30325,DEN,"Denver, CO",755,755.0,0.0,0.0,0.0,0.0,0700-0759,17.0,812.0,922.0,5.0,955,927.0,-28.0,0.0,0.0,-2.0,0900-0959,0.0,,0.0,,,,,
519890,2025,1,30,4,2025-01-30,WN,19393,WN,19393,3787,11057,1105703,31057,CLT,"Charlotte, NC",11292,1129202,30325,DEN,"Denver, CO",755,750.0,-5.0,0.0,0.0,-1.0,0700-0759,13.0,803.0,918.0,9.0,955,927.0,-28.0,0.0,0.0,-2.0,0900-0959,0.0,,0.0,,,,,
523128,2025,1,31,5,2025-01-31,WN,19393,WN,19393,3787,11057,1105703,31057,CLT,"Charlotte, NC",11292,1129202,30325,DEN,"Denver, CO",755,752.0,-3.0,0.0,0.0,-1.0,0700-0759,19.0,811.0,918.0,6.0,955,924.0,-31.0,0.0,0.0,-2.0,0900-0959,0.0,,0.0,,,,,
526971,2025,1,5,7,2025-01-05,WN,19393,WN,19393,4788,11057,1105703,31057,CLT,"Charlotte, NC",11292,1129202,30325,DEN,"Denver, CO",1605,1636.0,31.0,31.0,1.0,2.0,1600-1659,17.0,1653.0,1800.0,6.0,1755,1806.0,11.0,11.0,0.0,0.0,1700-1759,0.0,,0.0,,,,,
534480,2025,1,14,2,2025-01-14,WN,19393,WN,19393,3787,11057,1105703,31057,CLT,"Charlotte, NC",11292,1129202,30325,DEN,"Denver, CO",755,754.0,-1.0,0.0,0.0,-1.0,0700-0759,14.0,808.0,937.0,5.0,955,942.0,-13.0,0.0,0.0,-1.0,0900-0959,0.0,,0.0,,,,,
537716,2025,1,15,3,2025-01-15,WN,19393,WN,19393,3787,11057,1105703,31057,CLT,"Charlotte, NC",11292,1129202,30325,DEN,"Denver, CO",755,752.0,-3.0,0.0,0.0,-1.0,0700-0759,14.0,806.0,914.0,6.0,955,920.0,-35.0,0.0,0.0,-2.0,0900-0959,0.0,,0.0,,,,,
541849,2025,1,23,4,2025-01-23,WN,19393,WN,19393,3787,11057,1105703,31057,CLT,"Charlotte, NC",11292,1129202,30325,DEN,"Denver, CO",755,823.0,28.0,28.0,1.0,1.0,0700-0759,17.0,840.0,954.0,6.0,955,1000.0,5.0,5.0,0.0,0.0,0900-0959,0.0,,0.0,,,,,
545087,2025,1,24,5,2025-01-24,WN,19393,WN,19393,3787,11057,1105703,31057,CLT,"Charlotte, NC",11292,1129202,30325,DEN,"Denver, CO",755,750.0,-5.0,0.0,0.0,-1.0,0700-0759,31.0,821.0,940.0,7.0,955,947.0,-8.0,0.0,0.0,-1.0,0900-0959,0.0,,0.0,,,,,
549530,2025,1,7,2,2025-01-07,WN,19393,WN,19393,3787,11057,1105703,31057,CLT,"Charlotte, NC",11292,1129202,30325,DEN,"Denver, CO",745,750.0,5.0,5.0,0.0,0.0,0700-0759,38.0,828.0,946.0,9.0,940,955.0,15.0,15.0,1.0,1.0,0900-0959,0.0,,0.0,0.0,0.0,15.0,0.0,0.0
552758,2025,1,8,3,2025-01-08,WN,19393,WN,19393,3787,11057,1105703,31057,CLT,"Charlotte, NC",11292,1129202,30325,DEN,"Denver, CO",755,753.0,-2.0,0.0,0.0,-1.0,0700-0759,27.0,820.0,933.0,5.0,955,938.0,-17.0,0.0,0.0,-2.0,0900-0959,0.0,,0.0,,,,,
555996,2025,1,9,4,2025-01-09,WN,19393,WN,19393,3787,11057,1105703,31057,CLT,"Charlotte, NC",11292,1129202,30325,DEN,"Denver, CO",755,753.0,-2.0,0.0,0.0,-1.0,0700-0759,16.0,809.0,928.0,6.0,955,934.0,-21.0,0.0,0.0,-2.0,0900-0959,0.0,,0.0,,,,,
556189,2025,1,16,4,2025-01-16,WN,19393,WN,19393,2801,11057,1105703,31057,CLT,"Charlotte, NC",11292,1129202,30325,DEN,"Denver, CO",815,813.0,-2.0,0.0,0.0,-1.0,0800-0859,23.0,836.0,1004.0,7.0,1015,1011.0,-4.0,0.0,0.0,-1.0,1000-1059,0.0,,0.0,,,,,
559931,2025,1,17,5,2025-01-17,WN,19393,WN,19393,2801,11057,1105703,31057,CLT,"Charlotte, NC",11292,1129202,30325,DEN,"Denver, CO",815,823.0,8.0,8.0,0.0,0.0,0800-0859,12.0,835.0,945.0,6.0,1015,951.0,-24.0,0.0,0.0,-2.0,1000-1059,0.0,,0.0,,,,,
566381,2025,1,26,7,2025-01-26,WN,19393,WN,19393,2801,11057,1105703,31057,CLT,"Charlotte, NC",11292,1129202,30325,DEN,"Denver, CO",815,811.0,-4.0,0.0,0.0,-1.0,0800-0859,18.0,829.0,1006.0,10.0,1015,1016.0,1.0,1.0,0.0,0.0,1000-1059,0.0,,0.0,,,,,
570029,2025,1,27,1,2025-01-27,WN,19393,WN,19393,3787,11057,1105703,31057,CLT,"Charlotte, NC",11292,1129202,30325,DEN,"Denver, CO",755,747.0,-8.0,0.0,0.0,-1.0,0700-0759,17.0,804.0,925.0,6.0,955,931.0,-24.0,0.0,0.0,-2.0,0900-0959,0.0,,0.0,,,,,
583006,2025,1,1,3,2025-01-01,DL,19790,YX,20452,5717,11057,1105703,31057,CLT,"Charlotte, NC",12478,1247805,31703,JFK,"New York, NY",1500,1500.0,0.0,0.0,0.0,0.0,1500-1559,38.0,1538.0,1648.0,10.0,1703,1658.0,-5.0,0.0,0.0,-1.0,1700-1759,0.0,,0.0,,,,,
583241,2025,1,2,4,2025-01-02,DL,19790,YX,20452,5780,11057,1105703,31057,CLT,"Charlotte, NC",12478,1247805,31703,JFK,"New York, NY",800,1123.0,203.0,203.0,1.0,12.0,0800-0859,31.0,1154.0,1309.0,8.0,1001,1317.0,196.0,196.0,1.0,12.0,1000-1059,0.0,,0.0,196.0,0.0,0.0,0.0,0.0
583475,2025,1,3,5,2025-01-03,DL,19790,YX,20452,5780,11057,1105703,31057,CLT,"Charlotte, NC",12478,1247805,31703,JFK,"New York, NY",800,802.0,2.0,2.0,0.0,0.0,0800-0859,28.0,830.0,946.0,10.0,1001,956.0,-5.0,0.0,0.0,-1.0,1000-1059,0.0,,0.0,,,,,
583647,2025,1,4,6,2025-01-04,DL,19790,YX,20452,5696,11057,1105703,31057,CLT,"Charlotte, NC",12478,1247805,31703,JFK,"New York, NY",1145,1146.0,1.0,1.0,0.0,0.0,1100-1159,22.0,1208.0,1326.0,11.0,1354,1337.0,-17.0,0.0,0.0,-2.0,1300-1359,0.0,,0.0,,,,,
583713,2025,1,4,6,2025-01-04,DL,19790,YX,20452,5780,11057,1105703,31057,CLT,"Charlotte, NC",12478,1247805,31703,JFK,"New York, NY",800,758.0,-2.0,0.0,0.0,-1.0,0800-0859,25.0,823.0,947.0,8.0,1001,955.0,-6.0,0.0,0.0,-1.0,1000-1059,0.0,,0.0,,,,,
583868,2025,1,5,7,2025-01-05,DL,19790,YX,20452,5665,11057,1105703,31057,CLT,"Charlotte, NC",12478,1247805,31703,JFK,"New York, NY",1439,1432.0,-7.0,0.0,0.0,-1.0,1400-1459,21.0,1453.0,1614.0,8.0,1645,1622.0,-23.0,0.0,0.0,-2.0,1600-1659,0.0,,0.0,,,,,
583926,2025,1,5,7,2025-01-05,DL,19790,YX,20452,5728,11057,1105703,31057,CLT,"Charlotte, NC",12478,1247805,31703,JFK,"New York, NY",1116,1128.0,12.0,12.0,0.0,0.0,1100-1159,25.0,1153.0,1312.0,8.0,1309,1320.0,11.0,11.0,0.0,0.0,1300-1359,0.0,,0.0,,,,,
584048,2025,1,5,7,2025-01-05,DL,19790,YX,20452,5860,11057,1105703,31057,CLT,"Charlotte, NC",12478,1247805,31703,JFK,"New York, NY",600,600.0,0.0,0.0,0.0,0.0,0600-0659,20.0,620.0,738.0,13.0,809,751.0,-18.0,0.0,0.0,-2.0,0800-0859,0.0,,0.0,,,,,
584139,2025,1,6,1,2025-01-06,DL,19790,YX,20452,5661,11057,1105703,31057,CLT,"Charlotte, NC",12478,1247805,31703,JFK,"New York, NY",1439,1443.0,4.0,4.0,0.0,0.0,1400-1459,30.0,1513.0,1634.0,50.0,1645,1724.0,39.0,39.0,1.0,2.0,1600-1659,0.0,,0.0,0.0,0.0,35.0,0.0,4.0
584429,2025,1,7,2,2025-01-07,DL,19790,YX,20452,5661,11057,1105703,31057,CLT,"Charlotte, NC",12478,1247805,31703,JFK,"New York, NY",1439,1440.0,1.0,1.0,0.0,0.0,1400-1459,32.0,1512.0,1630.0,31.0,1645,1701.0,16.0,16.0,1.0,1.0,1600-1659,0.0,,0.0,1.0,0.0,15.0,0.0,0.0
584723,2025,1,8,3,2025-01-08,DL,19790,YX,20452,5661,11057,1105703,31057,CLT,"Charlotte, NC",12478,1247805,31703,JFK,"New York, NY",1439,1436.0,-3.0,0.0,0.0,-1.0,1400-1459,29.0,1505.0,1621.0,8.0,1645,1629.0,-16.0,0.0,0.0,-2.0,1600-1659,0.0,,0.0,,,,,
585016,2025,1,9,4,2025-01-09,DL,19790,YX,20452,5661,11057,1105703,31057,CLT,"Charlotte, NC",12478,1247805,31703,JFK,"New York, NY",1439,1438.0,-1.0,0.0,0.0,-1.0,1400-1459,26.0,1504.0,1630.0,13.0,1645,1643.0,-2.0,0.0,0.0,-1.0,1600-1659,0.0,,0.0,,,,,
585309,2025,1,10,5,2025-01-10,DL,19790,YX,20452,5661,11057,1105703,31057,CLT,"Charlotte, NC",12478,1247805,31703,JFK,"New York, NY",1439,1435.0,-4.0,0.0,0.0,-1.0,1400-1459,33.0,1508.0,1621.0,10.0,1645,1631.0,-14.0,0.0,0.0,-1.0,1600-1659,0.0,,0.0,,,,,
585589,2025,1,11,6,2025-01-11,DL,19790,YX,20452,5695,11057,1105703,31057,CLT,"Charlotte, NC",12478,1247805,31703,JFK,"New York, NY",1439,1445.0,6.0,6.0,0.0,0.0,1400-1459,21.0,1506.0,1622.0,51.0,1645,1713.0,28.0,28.0,1.0,1.0,1600-1659,0.0,,0.0,6.0,0.0,22.0,0.0,0.0
585773,2025,1,12,7,2025-01-12,DL,19790,YX,20452,5661,11057,1105703,31057,CLT,"Charlotte, NC",12478,1247805,31703,JFK,"New York, NY",1439,1436.0,-3.0,0.0,0.0,-1.0,1400-1459,25.0,1501.0,1619.0,8.0,1645,1627.0,-18.0,0.0,0.0,-2.0,1600-1659,0.0,,0.0,,,,,
586051,2025,1,13,1,2025-01-13,DL,19790,YX,20452,5661,11057,1105703,31057,CLT,"Charlotte, NC",12478,1247805,31703,JFK,"New York, NY",1439,1615.0,96.0,96.0,1.0,6.0,1400-1459,21.0,1636.0,1752.0,7.0,1645,1759.0,74.0,74.0,1.0,4.0,1600-1659,0.0,,0.0,74.0,0.0,0.0,0.0,0.0
586342,2025,1,14,2,2025-01-14,DL,19790,YX,20452,5661,11057,1105703,31057,CLT,"Charlotte, NC",12478,1247805,31703,JFK,"New York, NY",1439,1434.0,-5.0,0.0,0.0,-1.0,1400-1459,21.0,1455.0,1608.0,16.0,1645,1624.0,-21.0,0.0,0.0,-2.0,1600-1659,0.0,,0.0,,,,,
586636,2025,1,15,3,2025-01-15,DL,19790,YX,20452,5661,11057,1105703,31057,CLT,"Charlotte, NC",12478,1247805,31703,JFK,"New York, NY",1439,1435.0,-4.0,0.0,0.0,-1.0,1400-1459,23.0,1458.0,1611.0,11.0,1645,1622.0,-23.0,0.0,0.0,-2.0,1600-1659,0.0,,0.0,,,,,
586930,2025,1,16,4,2025-01-16,DL,19790,YX,20452,5661,11057,1105703,31057,CLT,"Charlotte, NC",12478,1247805,31703,JFK,"New York, NY",1439,1433.0,-6.0,0.0,0.0,-1.0,1400-1459,27.0,1500.0,1622.0,7.0,1645,1629.0,-16.0,0.0,0.0,-2.0,1600-1659,0.0,,0.0,,,,,
587222,2025,1,17,5,2025-01-17,DL,19790,YX,20452,5661,11057,1105703,31057,CLT,"Charlotte, NC",12478,1247805,31703,JFK,"New York, NY",1439,1433.0,-6.0,0.0,0.0,-1.0,1400-1459,34.0,1507.0,1630.0,9.0,1645,1639.0,-6.0,0.0,0.0,-1.0,1600-1659,0.0,,0.0,,,,,
587508,2025,1,18,6,2025-01-18,DL,19790,YX,20452,5695,11057,1105703,31057,CLT,"Charlotte, NC",12478,1247805,31703,JFK,"New York, NY",1439,1433.0,-6.0,0.0,0.0,-1.0,1400-1459,20.0,1453.0,1615.0,8.0,1645,1623.0,-22.0,0.0,0.0,-2.0,1600-1659,0.0,,0.0,,,,,
587675,2025,1,19,7,2025-01-19,DL,19790,YX,20452,5661,11057,1105703,31057,CLT,"Charlotte, NC",12478,1247805,31703,JFK,"New York, NY",1439,1640.0,121.0,121.0,1.0,8.0,1400-1459,44.0,1724.0,1830.0,14.0,1645,1844.0,119.0,119.0,1.0,7.0,1600-1659,0.0,,0.0,0.0,0.0,119.0,0.0,0.0
587926,2025,1,20,1,2025-01-20,DL,19790,YX,20452,5661,11057,1105703,31057,CLT,"Charlotte, NC",12478,1247805,31703,JFK,"New York, NY",1439,1520.0,41.0,41.0,1.0,2.0,1400-1459,20.0,1540.0,1652.0,8.0,1645,1700.0,15.0,15.0,1.0,1.0,1600-1659,0.0,,0.0,0.0,0.0,0.0,0.0,15.0
588219,2025,1,21,2,2025-01-21,DL,19790,YX,20452,5661,11057,1105703,31057,CLT,"Charlotte, NC",12478,1247805,31703,JFK,"New York, NY",1439,1438.0,-1.0,0.0,0.0,-1.0,1400-1459,24.0,1502.0,1608.0,7.0,1645,1615.0,-30.0,0.0,0.0,-2.0,1600-1659,0.0,,0.0,,,,,
588514,2025,1,22,3,2025-01-22,DL,19790,YX,20452,5661,11057,1105703,31057,CLT,"Charlotte, NC",12478,1247805,31703,JFK,"New York, NY",1439,1600.0,81.0,81.0,1.0,5.0,1400-1459,21.0,1621.0,1735.0,10.0,1645,1745.0,60.0,60.0,1.0,4.0,1600-1659,0.0,,0.0,22.0,0.0,0.0,0.0,38.0
588807,2025,1,23,4,2025-01-23,DL,19790,YX,20452,5661,11057,1105703,31057,CLT,"Charlotte, NC",12478,1247805,31703,JFK,"New York, NY",1439,1454.0,15.0,15.0,1.0,1.0,1400-1459,34.0,1528.0,1641.0,8.0,1645,1649.0,4.0,4.0,0.0,0.0,1600-1659,0.0,,0.0,,,,,
589102,2025,1,24,5,2025-01-24,DL,19790,YX,20452,5661,11057,1105703,31057,CLT,"Charlotte, NC",12478,1247805,31703,JFK,"New York, NY",1439,1446.0,7.0,7.0,0.0,0.0,1400-1459,64.0,1550.0,1656.0,8.0,1645,1704.0,19.0,19.0,1.0,1.0,1600-1659,0.0,,0.0,0.0,0.0,12.0,0.0,7.0
589384,2025,1,25,6,2025-01-25,DL,19790,YX,20452,5695,11057,1105703,31057,CLT,"Charlotte, NC",12478,1247805,31703,JFK,"New York, NY",1439,1452.0,13.0,13.0,0.0,0.0,1400-1459,24.0,1516.0,1639.0,15.0,1645,1654.0,9.0,9.0,0.0,0.0,1600-1659,0.0,,0.0,,,,,
589566,2025,1,26,7,2025-01-26,DL,19790,YX,20452,5661,11057,1105703,31057,CLT,"Charlotte, NC",12478,1247805,31703,JFK,"New York, NY",1439,1430.0,-9.0,0.0,0.0,-1.0,1400-1459,28.0,1458.0,1618.0,8.0,1645,1626.0,-19.0,0.0,0.0,-2.0,1600-1659,0.0,,0.0,,,,,
589845,2025,1,27,1,2025-01-27,DL,19790,YX,20452,5661,11057,1105703,31057,CLT,"Charlotte, NC",12478,1247805,31703,JFK,"New York, NY",1439,1432.0,-7.0,0.0,0.0,-1.0,1400-1459,32.0,1504.0,1618.0,7.0,1645,1625.0,-20.0,0.0,0.0,-2.0,1600-1659,0.0,,0.0,,,,,
590141,2025,1,28,2,2025-01-28,DL,19790,YX,20452,5661,11057,1105703,31057,CLT,"Charlotte, NC",12478,1247805,31703,JFK,"New York, NY",1439,1431.0,-8.0,0.0,0.0,-1.0,1400-1459,23.0,1454.0,1617.0,10.0,1645,1627.0,-18.0,0.0,0.0,-2.0,1600-1659,0.0,,0.0,,,,,
590436,2025,1,29,3,2025-01-29,DL,19790,YX,20452,5661,11057,1105703,31057,CLT,"Charlotte, NC",12478,1247805,31703,JFK,"New York, NY",1439,1431.0,-8.0,0.0,0.0,-1.0,1400-1459,16.0,1447.0,1609.0,8.0,1645,1617.0,-28.0,0.0,0.0,-2.0,1600-1659,0.0,,0.0,,,,,
590726,2025,1,30,4,2025-01-30,DL,19790,YX,20452,5661,11057,1105703,31057,CLT,"Charlotte, NC",12478,1247805,31703,JFK,"New York, NY",1439,1434.0,-5.0,0.0,0.0,-1.0,1400-1459,18.0,1452.0,1611.0,8.0,1645,1619.0,-26.0,0.0,0.0,-2.0,1600-1659,0.0,,0.0,,,,,
591022,2025,1,31,5,2025-01-31,DL,19790,YX,20452,5661,11057,1105703,31057,CLT,"Charlotte, NC",12478,1247805,31703,JFK,"New York, NY",1439,1435.0,-4.0,0.0,0.0,-1.0,1400-1459,23.0,1458.0,1619.0,8.0,1645,1627.0,-18.0,0.0,0.0,-2.0,1600-1659,0.0,,0.0,,,,,
591469,2025,1,31,5,2025-01-31,UA,19977,YX,20452,3498,11057,1105703,31057,CLT,"Charlotte, NC",13930,1393008,30977,ORD,"Chicago, IL",1049,1041.0,-8.0,0.0,0.0,-1.0,1000-1059,13.0,1054.0,1131.0,14.0,1218,1145.0,-33.0,0.0,0.0,-2.0,1200-1259,0.0,,0.0,,,,,
591509,2025,1,31,5,2025-01-31,UA,19977,YX,20452,3454,11057,1105703,31057,CLT,"Charlotte, NC",13930,1393008,30977,ORD,"Chicago, IL",1725,1729.0,4.0,4.0,0.0,0.0,1700-1759,19.0,1748.0,1839.0,18.0,1855,1857.0,2.0,2.0,0.0,0.0,1800-1859,0.0,,0.0,,,,,
591719,2025,1,30,4,2025-01-30,UA,19977,YX,20452,3498,11057,1105703,31057,CLT,"Charlotte, NC",13930,1393008,30977,ORD,"Chicago, IL",1049,1045.0,-4.0,0.0,0.0,-1.0,1000-1059,17.0,1102.0,1138.0,14.0,1218,1152.0,-26.0,0.0,0.0,-2.0,1200-1259,0.0,,0.0,,,,,
591759,2025,1,30,4,2025-01-30,UA,19977,YX,20452,3454,11057,1105703,31057,CLT,"Charlotte, NC",13930,1393008,30977,ORD,"Chicago, IL",1725,1716.0,-9.0,0.0,0.0,-1.0,1700-1759,18.0,1734.0,1818.0,19.0,1855,1837.0,-18.0,0.0,0.0,-2.0,1800-1859,0.0,,0.0,,,,,
591963,2025,1,29,3,2025-01-29,UA,19977,YX,20452,3498,11057,1105703,31057,CLT,"Charlotte, NC",13930,1393008,30977,ORD,"Chicago, IL",1049,1038.0,-11.0,0.0,0.0,-1.0,1000-1059,20.0,1058.0,1147.0,7.0,1218,1154.0,-24.0,0.0,0.0,-2.0,1200-1259,0.0,,0.0,,,,,
592001,2025,1,29,3,2025-01-29,UA,19977,YX,20452,3454,11057,1105703,31057,CLT,"Charlotte, NC",13930,1393008,30977,ORD,"Chicago, IL",1725,1720.0,-5.0,0.0,0.0,-1.0,1700-1759,26.0,1746.0,1829.0,24.0,1855,1853.0,-2.0,0.0,0.0,-1.0,1800-1859,0.0,,0.0,,,,,
592203,2025,1,28,2,2025-01-28,UA,19977,YX,20452,3498,11057,1105703,31057,CLT,"Charlotte, NC",13930,1393008,30977,ORD,"Chicago, IL",1049,1038.0,-11.0,0.0,0.0,-1.0,1000-1059,17.0,1055.0,1141.0,8.0,1218,1149.0,-29.0,0.0,0.0,-2.0,1200-1259,0.0,,0.0,,,,,
592241,2025,1,28,2,2025-01-28,UA,19977,YX,20452,3454,11057,1105703,31057,CLT,"Charlotte, NC",13930,1393008,30977,ORD,"Chicago, IL",1725,1715.0,-10.0,0.0,0.0,-1.0,1700-1759,34.0,1749.0,1837.0,17.0,1855,1854.0,-1.0,0.0,0.0,-1.0,1800-1859,0.0,,0.0,,,,,
592451,2025,1,27,1,2025-01-27,UA,19977,YX,20452,3498,11057,1105703,31057,CLT,"Charlotte, NC",13930,1393008,30977,ORD,"Chicago, IL",1049,1035.0,-14.0,0.0,0.0,-1.0,1000-1059,35.0,1110.0,1146.0,9.0,1218,1155.0,-23.0,0.0,0.0,-2.0,1200-1259,0.0,,0.0,,,,,
592492,2025,1,27,1,2025-01-27,UA,19977,YX,20452,3454,11057,1105703,31057,CLT,"Charlotte, NC",13930,1393008,30977,ORD,"Chicago, IL",1725,1714.0,-11.0,0.0,0.0,-1.0,1700-1759,63.0,1817.0,1902.0,15.0,1855,1917.0,22.0,22.0,1.0,1.0,1800-1859,0.0,,0.0,0.0,0.0,22.0,0.0,0.0
592697,2025,1,26,7,2025-01-26,UA,19977,YX,20452,3498,11057,1105703,31057,CLT,"Charlotte, NC",13930,1393008,30977,ORD,"Chicago, IL",1049,1043.0,-6.0,0.0,0.0,-1.0,1000-1059,15.0,1058.0,1142.0,12.0,1218,1154.0,-24.0,0.0,0.0,-2.0,1200-1259,0.0,,0.0,,,,,
592736,2025,1,26,7,2025-01-26,UA,19977,YX,20452,3454,11057,1105703,31057,CLT,"Charlotte, NC",13930,1393008,30977,ORD,"Chicago, IL",1725,1718.0,-7.0,0.0,0.0,-1.0,1700-1759,32.0,1750.0,1836.0,12.0,1855,1848.0,-7.0,0.0,0.0,-1.0,1800-1859,0.0,,0.0,,,,,
592941,2025,1,25,6,2025-01-25,UA,19977,YX,20452,3498,11057,1105703,31057,CLT,"Charlotte, NC",13930,1393008,30977,ORD,"Chicago, IL",1049,1038.0,-11.0,0.0,0.0,-1.0,1000-1059,25.0,1103.0,1144.0,14.0,1218,1158.0,-20.0,0.0,0.0,-2.0,1200-1259,0.0,,0.0,,,,,
592978,2025,1,25,6,2025-01-25,UA,19977,YX,20452,3454,11057,1105703,31057,CLT,"Charlotte, NC",13930,1393008,30977,ORD,"Chicago, IL",1725,1708.0,-17.0,0.0,0.0,-2.0,1700-1759,34.0,1742.0,1823.0,15.0,1855,1838.0,-17.0,0.0,0.0,-2.0,1800-1859,0.0,,0.0,,,,,
593189,2025,1,24,5,2025-01-24,UA,19977,YX,20452,3498,11057,1105703,31057,CLT,"Charlotte, NC",13930,1393008,30977,ORD,"Chicago, IL",1049,1039.0,-10.0,0.0,0.0,-1.0,1000-1059,25.0,1104.0,1137.0,10.0,1218,1147.0,-31.0,0.0,0.0,-2.0,1200-1259,0.0,,0.0,,,,,
593229,2025,1,24,5,2025-01-24,UA,19977,YX,20452,3454,11057,1105703,31057,CLT,"Charlotte, NC",13930,1393008,30977,ORD,"Chicago, IL",1725,1717.0,-8.0,0.0,0.0,-1.0,1700-1759,18.0,1735.0,1819.0,42.0,1855,1901.0,6.0,6.0,0.0,0.0,1800-1859,0.0,,0.0,,,,,
593439,2025,1,23,4,2025-01-23,UA,19977,YX,20452,3498,11057,1105703,31057,CLT,"Charlotte, NC",13930,1393008,30977,ORD,"Chicago, IL",1049,1041.0,-8.0,0.0,0.0,-1.0,1000-1059,19.0,1100.0,1133.0,17.0,1218,1150.0,-28.0,0.0,0.0,-2.0,1200-1259,0.0,,0.0,,,,,
593479,2025,1,23,4,2025-01-23,UA,19977,YX,20452,3454,11057,1105703,31057,CLT,"Charlotte, NC",13930,1393008,30977,ORD,"Chicago, IL",1725,1716.0,-9.0,0.0,0.0,-1.0,1700-1759,34.0,1750.0,1833.0,20.0,1855,1853.0,-2.0,0.0,0.0,-1.0,1800-1859,0.0,,0.0,,,,,
593683,2025,1,22,3,2025-01-22,UA,19977,YX,20452,3498,11057,1105703,31057,CLT,"Charlotte, NC",13930,1393008,30977,ORD,"Chicago, IL",1049,1152.0,63.0,63.0,1.0,4.0,1000-1059,21.0,1213.0,1243.0,13.0,1218,1256.0,38.0,38.0,1.0,2.0,1200-1259,0.0,,0.0,0.0,0.0,0.0,0.0,38.0
593721,2025,1,22,3,2025-01-22,UA,19977,YX,20452,3454,11057,1105703,31057,CLT,"Charlotte, NC",13930,1393008,30977,ORD,"Chicago, IL",1725,1711.0,-14.0,0.0,0.0,-1.0,1700-1759,23.0,1734.0,1813.0,24.0,1855,1837.0,-18.0,0.0,0.0,-2.0,1800-1859,0.0,,0.0,,,,,
593923,2025,1,21,2,2025-01-21,UA,19977,YX,20452,3498,11057,1105703,31057,CLT,"Charlotte, NC",13930,1393008,30977,ORD,"Chicago, IL",1049,1039.0,-10.0,0.0,0.0,-1.0,1000-1059,28.0,1107.0,1142.0,21.0,1218,1203.0,-15.0,0.0,0.0,-1.0,1200-1259,0.0,,0.0,,,,,
593961,2025,1,21,2,2025-01-21,UA,19977,YX,20452,3454,11057,1105703,31057,CLT,"Charlotte, NC",13930,1393008,30977,ORD,"Chicago, IL",1725,1713.0,-12.0,0.0,0.0,-1.0,1700-1759,40.0,1753.0,1830.0,26.0,1855,1856.0,1.0,1.0,0.0,0.0,1800-1859,0.0,,0.0,,,,,
594171,2025,1,20,1,2025-01-20,UA,19977,YX,20452,3498,11057,1105703,31057,CLT,"Charlotte, NC",13930,1393008,30977,ORD,"Chicago, IL",1049,1406.0,197.0,197.0,1.0,12.0,1000-1059,23.0,1429.0,1505.0,9.0,1218,1514.0,176.0,176.0,1.0,11.0,1200-1259,0.0,,0.0,0.0,0.0,0.0,0.0,176.0
594211,2025,1,20,1,2025-01-20,UA,19977,YX,20452,3454,11057,1105703,31057,CLT,"Charlotte, NC",13930,1393008,30977,ORD,"Chicago, IL",1725,1716.0,-9.0,0.0,0.0,-1.0,1700-1759,33.0,1749.0,1837.0,29.0,1855,1906.0,11.0,11.0,0.0,0.0,1800-1859,0.0,,0.0,,,,,
594408,2025,1,19,7,2025-01-19,UA,19977,YX,20452,3498,11057,1105703,31057,CLT,"Charlotte, NC",13930,1393008,30977,ORD,"Chicago, IL",1049,1047.0,-2.0,0.0,0.0,-1.0,1000-1059,13.0,1100.0,1134.0,14.0,1218,1148.0,-30.0,0.0,0.0,-2.0,1200-1259,0.0,,0.0,,,,,
594446,2025,1,19,7,2025-01-19,UA,19977,YX,20452,3454,11057,1105703,31057,CLT,"Charlotte, NC",13930,1393008,30977,ORD,"Chicago, IL",1725,1721.0,-4.0,0.0,0.0,-1.0,1700-1759,36.0,1757.0,1833.0,12.0,1855,1845.0,-10.0,0.0,0.0,-1.0,1800-1859,0.0,,0.0,,,,,
594651,2025,1,18,6,2025-01-18,UA,19977,YX,20452,3498,11057,1105703,31057,CLT,"Charlotte, NC",13930,1393008,30977,ORD,"Chicago, IL",1049,1049.0,0.0,0.0,0.0,0.0,1000-1059,20.0,1109.0,1147.0,10.0,1218,1157.0,-21.0,0.0,0.0,-2.0,1200-1259,0.0,,0.0,,,,,
594688,2025,1,18,6,2025-01-18,UA,19977,YX,20452,3454,11057,1105703,31057,CLT,"Charlotte, NC",13930,1393008,30977,ORD,"Chicago, IL",1725,1713.0,-12.0,0.0,0.0,-1.0,1700-1759,20.0,1733.0,1805.0,14.0,1855,1819.0,-36.0,0.0,0.0,-2.0,1800-1859,0.0,,0.0,,,,,
594899,2025,1,17,5,2025-01-17,UA,19977,YX,20452,3498,11057,1105703,31057,CLT,"Charlotte, NC",13930,1393008,30977,ORD,"Chicago, IL",1049,1042.0,-7.0,0.0,0.0,-1.0,1000-1059,29.0,1111.0,1143.0,13.0,1218,1156.0,-22.0,0.0,0.0,-2.0,1200-1259,0.0,,0.0,,,,,
594939,2025,1,17,5,2025-01-17,UA,19977,YX,20452,3454,11057,1105703,31057,CLT,"Charlotte, NC",13930,1393008,30977,ORD,"Chicago, IL",1725,1725.0,0.0,0.0,0.0,0.0,1700-1759,43.0,1808.0,1840.0,19.0,1855,1859.0,4.0,4.0,0.0,0.0,1800-1859,0.0,,0.0,,,,,
595149,2025,1,16,4,2025-01-16,UA,19977,YX,20452,3498,11057,1105703,31057,CLT,"Charlotte, NC",13930,1393008,30977,ORD,"Chicago, IL",1049,1041.0,-8.0,0.0,0.0,-1.0,1000-1059,18.0,1059.0,1146.0,7.0,1218,1153.0,-25.0,0.0,0.0,-2.0,1200-1259,0.0,,0.0,,,,,
595189,2025,1,16,4,2025-01-16,UA,19977,YX,20452,3454,11057,1105703,31057,CLT,"Charlotte, NC",13930,1393008,30977,ORD,"Chicago, IL",1725,1719.0,-6.0,0.0,0.0,-1.0,1700-1759,38.0,1757.0,1850.0,34.0,1855,1924.0,29.0,29.0,1.0,1.0,1800-1859,0.0,,0.0,0.0,0.0,29.0,0.0,0.0
595393,2025,1,15,3,2025-01-15,UA,19977,YX,20452,3498,11057,1105703,31057,CLT,"Charlotte, NC",13930,1393008,30977,ORD,"Chicago, IL",1049,1041.0,-8.0,0.0,0.0,-1.0,1000-1059,14.0,1055.0,1134.0,14.0,1218,1148.0,-30.0,0.0,0.0,-2.0,1200-1259,0.0,,0.0,,,,,
595431,2025,1,15,3,2025-01-15,UA,19977,YX,20452,3454,11057,1105703,31057,CLT,"Charlotte, NC",13930,1393008,30977,ORD,"Chicago, IL",1725,1715.0,-10.0,0.0,0.0,-1.0,1700-1759,33.0,1748.0,1827.0,33.0,1855,1900.0,5.0,5.0,0.0,0.0,1800-1859,0.0,,0.0,,,,,
595633,2025,1,14,2,2025-01-14,UA,19977,YX,20452,3498,11057,1105703,31057,CLT,"Charlotte, NC",13930,1393008,30977,ORD,"Chicago, IL",1049,1039.0,-10.0,0.0,0.0,-1.0,1000-1059,17.0,1056.0,1142.0,12.0,1218,1154.0,-24.0,0.0,0.0,-2.0,1200-1259,0.0,,0.0,,,,,
595671,2025,1,14,2,2025-01-14,UA,19977,YX,20452,3454,11057,1105703,31057,CLT,"Charlotte, NC",13930,1393008,30977,ORD,"Chicago, IL",1725,1721.0,-4.0,0.0,0.0,-1.0,1700-1759,26.0,1747.0,1831.0,11.0,1855,1842.0,-13.0,0.0,0.0,-1.0,1800-1859,0.0,,0.0,,,,,
595883,2025,1,13,1,2025-01-13,UA,19977,YX,20452,3498,11057,1105703,31057,CLT,"Charlotte, NC",13930,1393008,30977,ORD,"Chicago, IL",1049,1044.0,-5.0,0.0,0.0,-1.0,1000-1059,20.0,1104.0,1141.0,9.0,1218,1150.0,-28.0,0.0,0.0,-2.0,1200-1259,0.0,,0.0,,,,,
595924,2025,1,13,1,2025-01-13,UA,19977,YX,20452,3454,11057,1105703,31057,CLT,"Charlotte, NC",13930,1393008,30977,ORD,"Chicago, IL",1725,1715.0,-10.0,0.0,0.0,-1.0,1700-1759,34.0,1749.0,1833.0,21.0,1855,1854.0,-1.0,0.0,0.0,-1.0,1800-1859,0.0,,0.0,,,,,
596130,2025,1,12,7,2025-01-12,UA,19977,YX,20452,3498,11057,1105703,31057,CLT,"Charlotte, NC",13930,1393008,30977,ORD,"Chicago, IL",1049,1042.0,-7.0,0.0,0.0,-1.0,1000-1059,14.0,1056.0,1138.0,24.0,1218,1202.0,-16.0,0.0,0.0,-2.0,1200-1259,0.0,,0.0,,,,,
596169,2025,1,12,7,2025-01-12,UA,19977,YX,20452,3454,11057,1105703,31057,CLT,"Charlotte, NC",13930,1393008,30977,ORD,"Chicago, IL",1725,1714.0,-11.0,0.0,0.0,-1.0,1700-1759,37.0,1751.0,1828.0,12.0,1855,1840.0,-15.0,0.0,0.0,-1.0,1800-1859,0.0,,0.0,,,,,
596373,2025,1,11,6,2025-01-11,UA,19977,YX,20452,3498,11057,1105703,31057,CLT,"Charlotte, NC",13930,1393008,30977,ORD,"Chicago, IL",1049,1148.0,59.0,59.0,1.0,3.0,1000-1059,20.0,1208.0,1247.0,15.0,1218,1302.0,44.0,44.0,1.0,2.0,1200-1259,0.0,,0.0,0.0,0.0,0.0,0.0,44.0
596411,2025,1,11,6,2025-01-11,UA,19977,YX,20452,3454,11057,1105703,31057,CLT,"Charlotte, NC",13930,1393008,30977,ORD,"Chicago, IL",1725,1743.0,18.0,18.0,1.0,1.0,1700-1759,31.0,1814.0,1854.0,12.0,1855,1906.0,11.0,11.0,0.0,0.0,1800-1859,0.0,,0.0,,,,,
596622,2025,1,10,5,2025-01-10,UA,19977,YX,20452,3498,11057,1105703,31057,CLT,"Charlotte, NC",13930,1393008,30977,ORD,"Chicago, IL",1049,1039.0,-10.0,0.0,0.0,-1.0,1000-1059,14.0,1053.0,1126.0,18.0,1218,1144.0,-34.0,0.0,0.0,-2.0,1200-1259,0.0,,0.0,,,,,
596662,2025,1,10,5,2025-01-10,UA,19977,YX,20452,3454,11057,1105703,31057,CLT,"Charlotte, NC",13930,1393008,30977,ORD,"Chicago, IL",1725,1725.0,0.0,0.0,0.0,0.0,1700-1759,50.0,1815.0,1847.0,20.0,1855,1907.0,12.0,12.0,0.0,0.0,1800-1859,0.0,,0.0,,,,,
596873,2025,1,9,4,2025-01-09,UA,19977,YX,20452,3498,11057,1105703,31057,CLT,"Charlotte, NC",13930,1393008,30977,ORD,"Chicago, IL",1049,1043.0,-6.0,0.0,0.0,-1.0,1000-1059,15.0,1058.0,1133.0,9.0,1218,1142.0,-36.0,0.0,0.0,-2.0,1200-1259,0.0,,0.0,,,,,
596913,2025,1,9,4,2025-01-09,UA,19977,YX,20452,3454,11057,1105703,31057,CLT,"Charlotte, NC",13930,1393008,30977,ORD,"Chicago, IL",1725,1718.0,-7.0,0.0,0.0,-1.0,1700-1759,25.0,1743.0,1826.0,25.0,1855,1851.0,-4.0,0.0,0.0,-1.0,1800-1859,0.0,,0.0,,,,,
597117,2025,1,8,3,2025-01-08,UA,19977,YX,20452,3498,11057,1105703,31057,CLT,"Charlotte, NC",13930,1393008,30977,ORD,"Chicago, IL",1049,1108.0,19.0,19.0,1.0,1.0,1000-1059,18.0,1126.0,1201.0,15.0,1218,1216.0,-2.0,0.0,0.0,-1.0,1200-1259,0.0,,0.0,,,,,
597155,2025,1,8,3,2025-01-08,UA,19977,YX,20452,3454,11057,1105703,31057,CLT,"Charlotte, NC",13930,1393008,30977,ORD,"Chicago, IL",1725,1720.0,-5.0,0.0,0.0,-1.0,1700-1759,29.0,1749.0,1827.0,14.0,1855,1841.0,-14.0,0.0,0.0,-1.0,1800-1859,0.0,,0.0,,,,,
597351,2025,1,7,2,2025-01-07,UA,19977,YX,20452,3498,11057,1105703,31057,CLT,"Charlotte, NC",13930,1393008,30977,ORD,"Chicago, IL",1049,,,,,,1000-1059,,,,,1218,,,,,,1200-1259,1.0,B,0.0,,,,,
597388,2025,1,7,2,2025-01-07,UA,19977,YX,20452,3454,11057,1105703,31057,CLT,"Charlotte, NC",13930,1393008,30977,ORD,"Chicago, IL",1725,1720.0,-5.0,0.0,0.0,-1.0,1700-1759,19.0,1739.0,1815.0,28.0,1855,1843.0,-12.0,0.0,0.0,-1.0,1800-1859,0.0,,0.0,,,,,
597651,2025,1,6,1,2025-01-06,UA,19977,YX,20452,3454,11057,1105703,31057,CLT,"Charlotte, NC",13930,1393008,30977,ORD,"Chicago, IL",1725,1739.0,14.0,14.0,0.0,0.0,1700-1759,28.0,1807.0,1842.0,19.0,1855,1901.0,6.0,6.0,0.0,0.0,1800-1859,0.0,,0.0,,,,,
597920,2025,1,5,7,2025-01-05,UA,19977,YX,20452,3454,11057,1105703,31057,CLT,"Charlotte, NC",13930,1393008,30977,ORD,"Chicago, IL",1725,1723.0,-2.0,0.0,0.0,-1.0,1700-1759,19.0,1742.0,1823.0,21.0,1855,1844.0,-11.0,0.0,0.0,-1.0,1800-1859,0.0,,0.0,,,,,
598189,2025,1,4,6,2025-01-04,UA,19977,YX,20452,3454,11057,1105703,31057,CLT,"Charlotte, NC",13930,1393008,30977,ORD,"Chicago, IL",1725,1723.0,-2.0,0.0,0.0,-1.0,1700-1759,50.0,1813.0,1855.0,7.0,1855,1902.0,7.0,7.0,0.0,0.0,1800-1859,0.0,,0.0,,,,,
598458,2025,1,3,5,2025-01-03,UA,19977,YX,20452,3454,11057,1105703,31057,CLT,"Charlotte, NC",13930,1393008,30977,ORD,"Chicago, IL",1725,1719.0,-6.0,0.0,0.0,-1.0,1700-1759,31.0,1750.0,1847.0,8.0,1855,1855.0,0.0,0.0,0.0,0.0,1800-1859,0.0,,0.0,,,,,
598724,2025,1,2,4,2025-01-02,UA,19977,YX,20452,3454,11057,1105703,31057,CLT,"Charlotte, NC",13930,1393008,30977,ORD,"Chicago, IL",1725,1748.0,23.0,23.0,1.0,1.0,1700-1759,31.0,1819.0,1857.0,19.0,1855,1916.0,21.0,21.0,1.0,1.0,1800-1859,0.0,,0.0,0.0,0.0,0.0,0.0,21.0
598964,2025,1,1,3,2025-01-01,UA,19977,YX,20452,3454,11057,1105703,31057,CLT,"Charlotte, NC",13930,1393008,30977,ORD,"Chicago, IL",1725,1722.0,-3.0,0.0,0.0,-1.0,1700-1759,35.0,1757.0,1840.0,20.0,1855,1900.0,5.0,5.0,0.0,0.0,1800-1859,0.0,,0.0,,,,,
