,Year,Quarter,Month,DayofMonth,DayOfWeek,FlightDate,Marketing_Airline_Network,Flight_Number_Operating_Airline,OriginAirportID,OriginAirportSeqID,OriginCityMarketID,Origin,OriginCityName,OriginStateName,DestAirportID,DestAirportSeqID,DestCityMarketID,Dest,DestCityName,DestStateName,CRSDepTime,DepTime,DepDelay,DepDelayMinutes,DepDel15,DepartureDelayGroups,DepTimeBlk,TaxiOut,WheelsOff,WheelsOn,TaxiIn,CRSArrTime,ArrTime,ArrDelay,ArrDelayMinutes,ArrDel15,ArrivalDelayGroups,ArrTimeBlk,Cancelled,CancellationCode,Diverted,CarrierDelay,WeatherDelay,NASDelay,SecurityDelay,LateAircraftDelay
0,2025,1,1,1,3,1/1/2025,DL,2745,11057,1105703,31057,CLT,"Charlotte, NC",North Carolina,10397,1039707,30397,ATL,"Atlanta, GA",Georgia,826,943.0,77.0,77.0,1.0,5.0,0800-0859,18.0,1001.0,1043.0,6.0,950,1049.0,59.0,59.0,1.0,3.0,0900-0959,0,,0,59.0,0.0,0.0,0.0,0.0
1,2025,1,1,2,4,1/2/2025,DL,2745,11057,1105703,31057,CLT,"Charlotte, NC",North Carolina,10397,1039707,30397,ATL,"Atlanta, GA",Georgia,826,823.0,-3.0,0.0,0.0,-1.0,0800-0859,25.0,848.0,931.0,7.0,950,938.0,-12.0,0.0,0.0,-1.0,0900-0959,0,,0,,,,,
2,2025,1,1,3,5,1/3/2025,DL,2745,11057,1105703,31057,CLT,"Charlotte, NC",North Carolina,10397,1039707,30397,ATL,"Atlanta, GA",Georgia,826,823.0,-3.0,0.0,0.0,-1.0,0800-0859,15.0,838.0,921.0,7.0,950,928.0,-22.0,0.0,0.0,-2.0,0900-0959,0,,0,,,,,
3,2025,1,1,4,6,1/4/2025,DL,2745,11057,1105703,31057,CLT,"Charlotte, NC",North Carolina,10397,1039707,30397,ATL,"Atlanta, GA",Georgia,826,841.0,15.0,15.0,1.0,1.0,0800-0859,16.0,857.0,941.0,17.0,950,958.0,8.0,8.0,0.0,0.0,0900-0959,0,,0,,,,,
4,2025,1,1,5,7,1/5/2025,DL,2745,11057,1105703,31057,CLT,"Charlotte, NC",North Carolina,10397,1039707,30397,ATL,"Atlanta, GA",Georgia,826,822.0,-4.0,0.0,0.0,-1.0,0800-0859,17.0,839.0,923.0,7.0,950,930.0,-20.0,0.0,0.0,-2.0,0900-0959,0,,0,,,,,
63,2025,1,1,6,1,1/6/2025,DL,3031,11057,1105703,31057,CLT,"Charlotte, NC",North Carolina,10397,1039707,30397,ATL,"Atlanta, GA",Georgia,1651,1742.0,51.0,51.0,1.0,3.0,1600-1659,23.0,1805.0,1848.0,6.0,1816,1854.0,38.0,38.0,1.0,2.0,1800-1859,0,,0,7.0,0.0,0.0,0.0,31.0
64,2025,1,1,7,2,1/7/2025,DL,3031,11057,1105703,31057,CLT,"Charlotte, NC",North Carolina,10397,1039707,30397,ATL,"Atlanta, GA",Georgia,1651,1651.0,0.0,0.0,0.0,0.0,1600-1659,22.0,1713.0,1756.0,7.0,1816,1803.0,-13.0,0.0,0.0,-1.0,1800-1859,0,,0,,,,,
65,2025,1,1,8,3,1/8/2025,DL,3031,11057,1105703,31057,CLT,"Charlotte, NC",North Carolina,10397,1039707,30397,ATL,"Atlanta, GA",Georgia,1651,1735.0,44.0,44.0,1.0,2.0,1600-1659,16.0,1751.0,1839.0,4.0,1816,1843.0,27.0,27.0,1.0,1.0,1800-1859,0,,0,4.0,0.0,0.0,0.0,23.0
66,2025,1,1,9,4,1/9/2025,DL,3031,11057,1105703,31057,CLT,"Charlotte, NC",North Carolina,10397,1039707,30397,ATL,"Atlanta, GA",Georgia,1651,1655.0,4.0,4.0,0.0,0.0,1600-1659,15.0,1710.0,1753.0,5.0,1816,1758.0,-18.0,0.0,0.0,-2.0,1800-1859,0,,0,,,,,
67,2025,1,1,10,5,1/10/2025,DL,3031,11057,1105703,31057,CLT,"Charlotte, NC",North Carolina,10397,1039707,30397,ATL,"Atlanta, GA",Georgia,1651,,,,,,1600-1659,,,,,1816,,,,,,1800-1859,1,B,0,,,,,
68,2025,1,1,11,6,1/11/2025,DL,3031,11057,1105703,31057,CLT,"Charlotte, NC",North Carolina,10397,1039707,30397,ATL,"Atlanta, GA",Georgia,1651,1728.0,37.0,37.0,1.0,2.0,1600-1659,27.0,1755.0,1835.0,13.0,1816,1848.0,32.0,32.0,1.0,2.0,1800-1859,0,,0,5.0,0.0,0.0,0.0,27.0
69,2025,1,1,12,7,1/12/2025,DL,3031,11057,1105703,31057,CLT,"Charlotte, NC",North Carolina,10397,1039707,30397,ATL,"Atlanta, GA",Georgia,1651,1704.0,13.0,13.0,0.0,0.0,1600-1659,20.0,1724.0,1812.0,3.0,1816,1815.0,-1.0,0.0,0.0,-1.0,1800-1859,0,,0,,,,,
70,2025,1,1,13,1,1/13/2025,DL,3031,11057,1105703,31057,CLT,"Charlotte, NC",North Carolina,10397,1039707,30397,ATL,"Atlanta, GA",Georgia,1651,1727.0,36.0,36.0,1.0,2.0,1600-1659,14.0,1741.0,1826.0,7.0,1816,1833.0,17.0,17.0,1.0,1.0,1800-1859,0,,0,8.0,0.0,0.0,0.0,9.0
71,2025,1,1,14,2,1/14/2025,DL,3031,11057,1105703,31057,CLT,"Charlotte, NC",North Carolina,10397,1039707,30397,ATL,"Atlanta, GA",Georgia,1651,1659.0,8.0,8.0,0.0,0.0,1600-1659,23.0,1722.0,1810.0,6.0,1816,1816.0,0.0,0.0,0.0,0.0,1800-1859,0,,0,,,,,
72,2025,1,1,15,3,1/15/2025,DL,3031,11057,1105703,31057,CLT,"Charlotte, NC",North Carolina,10397,1039707,30397,ATL,"Atlanta, GA",Georgia,1651,1652.0,1.0,1.0,0.0,0.0,1600-1659,22.0,1714.0,1758.0,5.0,1816,1803.0,-13.0,0.0,0.0,-1.0,1800-1859,0,,0,,,,,
73,2025,1,1,16,4,1/16/2025,DL,3031,11057,1105703,31057,CLT,"Charlotte, NC",North Carolina,10397,1039707,30397,ATL,"Atlanta, GA",Georgia,1651,1650.0,-1.0,0.0,0.0,-1.0,1600-1659,24.0,1714.0,1757.0,5.0,1816,1802.0,-14.0,0.0,0.0,-1.0,1800-1859,0,,0,,,,,
74,2025,1,1,17,5,1/17/2025,DL,3031,11057,1105703,31057,CLT,"Charlotte, NC",North Carolina,10397,1039707,30397,ATL,"Atlanta, GA",Georgia,1651,1653.0,2.0,2.0,0.0,0.0,1600-1659,20.0,1713.0,1801.0,7.0,1816,1808.0,-8.0,0.0,0.0,-1.0,1800-1859,0,,0,,,,,
75,2025,1,1,18,6,1/18/2025,DL,3031,11057,1105703,31057,CLT,"Charlotte, NC",North Carolina,10397,1039707,30397,ATL,"Atlanta, GA",Georgia,1651,1653.0,2.0,2.0,0.0,0.0,1600-1659,15.0,1708.0,1756.0,6.0,1816,1802.0,-14.0,0.0,0.0,-1.0,1800-1859,0,,0,,,,,
76,2025,1,1,19,7,1/19/2025,DL,3031,11057,1105703,31057,CLT,"Charlotte, NC",North Carolina,10397,1039707,30397,ATL,"Atlanta, GA",Georgia,1651,1745.0,54.0,54.0,1.0,3.0,1600-1659,14.0,1759.0,1847.0,7.0,1816,1854.0,38.0,38.0,1.0,2.0,1800-1859,0,,0,3.0,0.0,0.0,0.0,35.0
77,2025,1,1,20,1,1/20/2025,DL,3031,11057,1105703,31057,CLT,"Charlotte, NC",North Carolina,10397,1039707,30397,ATL,"Atlanta, GA",Georgia,1651,1809.0,78.0,78.0,1.0,5.0,1600-1659,14.0,1823.0,1908.0,7.0,1816,1915.0,59.0,59.0,1.0,3.0,1800-1859,0,,0,11.0,0.0,0.0,0.0,48.0
78,2025,1,1,21,2,1/21/2025,DL,3031,11057,1105703,31057,CLT,"Charlotte, NC",North Carolina,10397,1039707,30397,ATL,"Atlanta, GA",Georgia,1651,1730.0,39.0,39.0,1.0,2.0,1600-1659,,,,,1816,,,,,,1800-1859,1,B,0,,,,,
79,2025,1,1,22,3,1/22/2025,DL,3031,11057,1105703,31057,CLT,"Charlotte, NC",North Carolina,10397,1039707,30397,ATL,"Atlanta, GA",Georgia,1651,1649.0,-2.0,0.0,0.0,-1.0,1600-1659,27.0,1716.0,1802.0,6.0,1816,1808.0,-8.0,0.0,0.0,-1.0,1800-1859,0,,0,,,,,
80,2025,1,1,23,4,1/23/2025,DL,3031,11057,1105703,31057,CLT,"Charlotte, NC",North Carolina,10397,1039707,30397,ATL,"Atlanta, GA",Georgia,1651,1645.0,-6.0,0.0,0.0,-1.0,1600-1659,16.0,1701.0,1747.0,5.0,1816,1752.0,-24.0,0.0,0.0,-2.0,1800-1859,0,,0,,,,,
81,2025,1,1,24,5,1/24/2025,DL,3031,11057,1105703,31057,CLT,"Charlotte, NC",North Carolina,10397,1039707,30397,ATL,"Atlanta, GA",Georgia,1651,1645.0,-6.0,0.0,0.0,-1.0,1600-1659,24.0,1709.0,1750.0,4.0,1816,1754.0,-22.0,0.0,0.0,-2.0,1800-1859,0,,0,,,,,
82,2025,1,1,25,6,1/25/2025,DL,3031,11057,1105703,31057,CLT,"Charlotte, NC",North Carolina,10397,1039707,30397,ATL,"Atlanta, GA",Georgia,1651,1647.0,-4.0,0.0,0.0,-1.0,1600-1659,15.0,1702.0,1746.0,4.0,1816,1750.0,-26.0,0.0,0.0,-2.0,1800-1859,0,,0,,,,,
83,2025,1,1,26,7,1/26/2025,DL,3031,11057,1105703,31057,CLT,"Charlotte, NC",North Carolina,10397,1039707,30397,ATL,"Atlanta, GA",Georgia,1651,1644.0,-7.0,0.0,0.0,-1.0,1600-1659,19.0,1703.0,1747.0,5.0,1816,1752.0,-24.0,0.0,0.0,-2.0,1800-1859,0,,0,,,,,
84,2025,1,1,27,1,1/27/2025,DL,3031,11057,1105703,31057,CLT,"Charlotte, NC",North Carolina,10397,1039707,30397,ATL,"Atlanta, GA",Georgia,1651,1656.0,5.0,5.0,0.0,0.0,1600-1659,38.0,1734.0,1823.0,9.0,1816,1832.0,16.0,16.0,1.0,1.0,1800-1859,0,,0,0.0,0.0,16.0,0.0,0.0
85,2025,1,1,28,2,1/28/2025,DL,3031,11057,1105703,31057,CLT,"Charlotte, NC",North Carolina,10397,1039707,30397,ATL,"Atlanta, GA",Georgia,1651,1654.0,3.0,3.0,0.0,0.0,1600-1659,18.0,1712.0,1759.0,5.0,1816,1804.0,-12.0,0.0,0.0,-1.0,1800-1859,0,,0,,,,,
86,2025,1,1,29,3,1/29/2025,DL,3031,11057,1105703,31057,CLT,"Charlotte, NC",North Carolina,10397,1039707,30397,ATL,"Atlanta, GA",Georgia,1651,1647.0,-4.0,0.0,0.0,-1.0,1600-1659,21.0,1708.0,1750.0,3.0,1816,1753.0,-23.0,0.0,0.0,-2.0,1800-1859,0,,0,,,,,
87,2025,1,1,30,4,1/30/2025,DL,3031,11057,1105703,31057,CLT,"Charlotte, NC",North Carolina,10397,1039707,30397,ATL,"Atlanta, GA",Georgia,1651,1648.0,-3.0,0.0,0.0,-1.0,1600-1659,26.0,1714.0,1801.0,6.0,1816,1807.0,-9.0,0.0,0.0,-1.0,1800-1859,0,,0,,,,,
88,2025,1,1,31,5,1/31/2025,DL,3031,11057,1105703,31057,CLT,"Charlotte, NC",North Carolina,10397,1039707,30397,ATL,"Atlanta, GA",Georgia,1651,1718.0,27.0,27.0,1.0,1.0,1600-1659,15.0,1733.0,1821.0,8.0,1816,1829.0,13.0,13.0,0.0,0.0,1800-1859,0,,0,,,,,
89,2025,1,1,6,1,1/6/2025,DL,3067,11057,1105703,31057,CLT,"Charlotte, NC",North Carolina,10397,1039707,30397,ATL,"Atlanta, GA",Georgia,1005,1005.0,0.0,0.0,0.0,0.0,1000-1059,24.0,1029.0,1114.0,6.0,1130,1120.0,-10.0,0.0,0.0,-1.0,1100-1159,0,,0,,,,,
90,2025,1,1,7,2,1/7/2025,DL,3067,11057,1105703,31057,CLT,"Charlotte, NC",North Carolina,10397,1039707,30397,ATL,"Atlanta, GA",Georgia,1005,1004.0,-1.0,0.0,0.0,-1.0,1000-1059,17.0,1021.0,1101.0,4.0,1130,1105.0,-25.0,0.0,0.0,-2.0,1100-1159,0,,0,,,,,
91,2025,1,1,8,3,1/8/2025,DL,3067,11057,1105703,31057,CLT,"Charlotte, NC",North Carolina,10397,1039707,30397,ATL,"Atlanta, GA",Georgia,1005,1000.0,-5.0,0.0,0.0,-1.0,1000-1059,16.0,1016.0,1100.0,8.0,1130,1108.0,-22.0,0.0,0.0,-2.0,1100-1159,0,,0,,,,,
92,2025,1,1,9,4,1/9/2025,DL,3067,11057,1105703,31057,CLT,"Charlotte, NC",North Carolina,10397,1039707,30397,ATL,"Atlanta, GA",Georgia,1005,959.0,-6.0,0.0,0.0,-1.0,1000-1059,23.0,1022.0,1104.0,7.0,1130,1111.0,-19.0,0.0,0.0,-2.0,1100-1159,0,,0,,,,,
93,2025,1,1,10,5,1/10/2025,DL,3067,11057,1105703,31057,CLT,"Charlotte, NC",North Carolina,10397,1039707,30397,ATL,"Atlanta, GA",Georgia,1005,1414.0,249.0,249.0,1.0,12.0,1000-1059,36.0,1450.0,1541.0,7.0,1130,1548.0,258.0,258.0,1.0,12.0,1100-1159,0,,0,0.0,249.0,9.0,0.0,0.0
94,2025,1,1,11,6,1/11/2025,DL,3067,11057,1105703,31057,CLT,"Charlotte, NC",North Carolina,10397,1039707,30397,ATL,"Atlanta, GA",Georgia,1005,1104.0,59.0,59.0,1.0,3.0,1000-1059,14.0,1118.0,1201.0,5.0,1130,1206.0,36.0,36.0,1.0,2.0,1100-1159,0,,0,13.0,0.0,0.0,0.0,23.0
95,2025,1,1,12,7,1/12/2025,DL,3067,11057,1105703,31057,CLT,"Charlotte, NC",North Carolina,10397,1039707,30397,ATL,"Atlanta, GA",Georgia,1005,1003.0,-2.0,0.0,0.0,-1.0,1000-1059,27.0,1030.0,1113.0,14.0,1130,1127.0,-3.0,0.0,0.0,-1.0,1100-1159,0,,0,,,,,
96,2025,1,1,13,1,1/13/2025,DL,3067,11057,1105703,31057,CLT,"Charlotte, NC",North Carolina,10397,1039707,30397,ATL,"Atlanta, GA",Georgia,1005,1003.0,-2.0,0.0,0.0,-1.0,1000-1059,26.0,1029.0,1115.0,5.0,1130,1120.0,-10.0,0.0,0.0,-1.0,1100-1159,0,,0,,,,,
97,2025,1,1,14,2,1/14/2025,DL,3067,11057,1105703,31057,CLT,"Charlotte, NC",North Carolina,10397,1039707,30397,ATL,"Atlanta, GA",Georgia,1005,1005.0,0.0,0.0,0.0,0.0,1000-1059,15.0,1020.0,1105.0,6.0,1130,1111.0,-19.0,0.0,0.0,-2.0,1100-1159,0,,0,,,,,
98,2025,1,1,15,3,1/15/2025,DL,3067,11057,1105703,31057,CLT,"Charlotte, NC",North Carolina,10397,1039707,30397,ATL,"Atlanta, GA",Georgia,1005,955.0,-10.0,0.0,0.0,-1.0,1000-1059,14.0,1009.0,1052.0,7.0,1130,1059.0,-31.0,0.0,0.0,-2.0,1100-1159,0,,0,,,,,
99,2025,1,1,16,4,1/16/2025,DL,3067,11057,1105703,31057,CLT,"Charlotte, NC",North Carolina,10397,1039707,30397,ATL,"Atlanta, GA",Georgia,1005,957.0,-8.0,0.0,0.0,-1.0,1000-1059,21.0,1018.0,1100.0,6.0,1130,1106.0,-24.0,0.0,0.0,-2.0,1100-1159,0,,0,,,,,
100,2025,1,1,17,5,1/17/2025,DL,3067,11057,1105703,31057,CLT,"Charlotte, NC",North Carolina,10397,1039707,30397,ATL,"Atlanta, GA",Georgia,1005,1042.0,37.0,37.0,1.0,2.0,1000-1059,14.0,1056.0,1136.0,6.0,1130,1142.0,12.0,12.0,0.0,0.0,1100-1159,0,,0,,,,,
101,2025,1,1,18,6,1/18/2025,DL,3067,11057,1105703,31057,CLT,"Charlotte, NC",North Carolina,10397,1039707,30397,ATL,"Atlanta, GA",Georgia,1005,1011.0,6.0,6.0,0.0,0.0,1000-1059,14.0,1025.0,1115.0,12.0,1130,1127.0,-3.0,0.0,0.0,-1.0,1100-1159,0,,0,,,,,
102,2025,1,1,19,7,1/19/2025,DL,3067,11057,1105703,31057,CLT,"Charlotte, NC",North Carolina,10397,1039707,30397,ATL,"Atlanta, GA",Georgia,1005,957.0,-8.0,0.0,0.0,-1.0,1000-1059,24.0,1021.0,1107.0,7.0,1130,1114.0,-16.0,0.0,0.0,-2.0,1100-1159,0,,0,,,,,
103,2025,1,1,20,1,1/20/2025,DL,3067,11057,1105703,31057,CLT,"Charlotte, NC",North Carolina,10397,1039707,30397,ATL,"Atlanta, GA",Georgia,1005,1014.0,9.0,9.0,0.0,0.0,1000-1059,14.0,1028.0,1116.0,6.0,1130,1122.0,-8.0,0.0,0.0,-1.0,1100-1159,0,,0,,,,,
104,2025,1,1,21,2,1/21/2025,DL,3067,11057,1105703,31057,CLT,"Charlotte, NC",North Carolina,10397,1039707,30397,ATL,"Atlanta, GA",Georgia,1005,1044.0,39.0,39.0,1.0,2.0,1000-1059,24.0,1108.0,1157.0,7.0,1130,1204.0,34.0,34.0,1.0,2.0,1100-1159,0,,0,0.0,0.0,0.0,0.0,34.0
105,2025,1,1,22,3,1/22/2025,DL,3067,11057,1105703,31057,CLT,"Charlotte, NC",North Carolina,10397,1039707,30397,ATL,"Atlanta, GA",Georgia,1005,,,,,,1000-1059,,,,,1130,,,,,,1100-1159,1,B,0,,,,,
106,2025,1,1,23,4,1/23/2025,DL,3067,11057,1105703,31057,CLT,"Charlotte, NC",North Carolina,10397,1039707,30397,ATL,"Atlanta, GA",Georgia,1005,956.0,-9.0,0.0,0.0,-1.0,1000-1059,27.0,1023.0,1107.0,7.0,1130,1114.0,-16.0,0.0,0.0,-2.0,1100-1159,0,,0,,,,,
107,2025,1,1,24,5,1/24/2025,DL,3067,11057,1105703,31057,CLT,"Charlotte, NC",North Carolina,10397,1039707,30397,ATL,"Atlanta, GA",Georgia,1005,1005.0,0.0,0.0,0.0,0.0,1000-1059,23.0,1028.0,1113.0,7.0,1130,1120.0,-10.0,0.0,0.0,-1.0,1100-1159,0,,0,,,,,
108,2025,1,1,25,6,1/25/2025,DL,3067,11057,1105703,31057,CLT,"Charlotte, NC",North Carolina,10397,1039707,30397,ATL,"Atlanta, GA",Georgia,1005,953.0,-12.0,0.0,0.0,-1.0,1000-1059,22.0,1015.0,1057.0,5.0,1130,1102.0,-28.0,0.0,0.0,-2.0,1100-1159,0,,0,,,,,
109,2025,1,1,26,7,1/26/2025,DL,3067,11057,1105703,31057,CLT,"Charlotte, NC",North Carolina,10397,1039707,30397,ATL,"Atlanta, GA",Georgia,1005,953.0,-12.0,0.0,0.0,-1.0,1000-1059,17.0,1010.0,1051.0,7.0,1130,1058.0,-32.0,0.0,0.0,-2.0,1100-1159,0,,0,,,,,
110,2025,1,1,27,1,1/27/2025,DL,3067,11057,1105703,31057,CLT,"Charlotte, NC",North Carolina,10397,1039707,30397,ATL,"Atlanta, GA",Georgia,1005,957.0,-8.0,0.0,0.0,-1.0,1000-1059,20.0,1017.0,1103.0,7.0,1130,1110.0,-20.0,0.0,0.0,-2.0,1100-1159,0,,0,,,,,
111,2025,1,1,28,2,1/28/2025,DL,3067,11057,1105703,31057,CLT,"Charlotte, NC",North Carolina,10397,1039707,30397,ATL,"Atlanta, GA",Georgia,1005,955.0,-10.0,0.0,0.0,-1.0,1000-1059,35.0,1030.0,1111.0,6.0,1130,1117.0,-13.0,0.0,0.0,-1.0,1100-1159,0,,0,,,,,
112,2025,1,1,29,3,1/29/2025,DL,3067,11057,1105703,31057,CLT,"Charlotte, NC",North Carolina,10397,1039707,30397,ATL,"Atlanta, GA",Georgia,1005,958.0,-7.0,0.0,0.0,-1.0,1000-1059,14.0,1012.0,1055.0,6.0,1130,1101.0,-29.0,0.0,0.0,-2.0,1100-1159,0,,0,,,,,
113,2025,1,1,30,4,1/30/2025,DL,3067,11057,1105703,31057,CLT,"Charlotte, NC",North Carolina,10397,1039707,30397,ATL,"Atlanta, GA",Georgia,1005,959.0,-6.0,0.0,0.0,-1.0,1000-1059,17.0,1016.0,1101.0,7.0,1130,1108.0,-22.0,0.0,0.0,-2.0,1100-1159,0,,0,,,,,
114,2025,1,1,31,5,1/31/2025,DL,3067,11057,1105703,31057,CLT,"Charlotte, NC",North Carolina,10397,1039707,30397,ATL,"Atlanta, GA",Georgia,1005,959.0,-6.0,0.0,0.0,-1.0,1000-1059,30.0,1029.0,1116.0,10.0,1130,1126.0,-4.0,0.0,0.0,-1.0,1100-1159,0,,0,,,,,
115,2025,1,1,6,1,1/6/2025,DL,3150,11057,1105703,31057,CLT,"Charlotte, NC",North Carolina,10397,1039707,30397,ATL,"Atlanta, GA",Georgia,813,806.0,-7.0,0.0,0.0,-1.0,0800-0859,22.0,828.0,918.0,7.0,938,925.0,-13.0,0.0,0.0,-1.0,0900-0959,0,,0,,,,,
116,2025,1,1,8,3,1/8/2025,DL,3150,11057,1105703,31057,CLT,"Charlotte, NC",North Carolina,10397,1039707,30397,ATL,"Atlanta, GA",Georgia,813,806.0,-7.0,0.0,0.0,-1.0,0800-0859,36.0,842.0,930.0,7.0,938,937.0,-1.0,0.0,0.0,-1.0,0900-0959,0,,0,,,,,
117,2025,1,1,9,4,1/9/2025,DL,3150,11057,1105703,31057,CLT,"Charlotte, NC",North Carolina,10397,1039707,30397,ATL,"Atlanta, GA",Georgia,813,808.0,-5.0,0.0,0.0,-1.0,0800-0859,21.0,829.0,909.0,12.0,938,921.0,-17.0,0.0,0.0,-2.0,0900-0959,0,,0,,,,,
118,2025,1,1,10,5,1/10/2025,DL,3150,11057,1105703,31057,CLT,"Charlotte, NC",North Carolina,10397,1039707,30397,ATL,"Atlanta, GA",Georgia,813,,,,,,0800-0859,,,,,938,,,,,,0900-0959,1,B,0,,,,,
119,2025,1,1,11,6,1/11/2025,DL,3150,11057,1105703,31057,CLT,"Charlotte, NC",North Carolina,10397,1039707,30397,ATL,"Atlanta, GA",Georgia,813,,,,,,0800-0859,,,,,938,,,,,,0900-0959,1,B,0,,,,,
120,2025,1,1,12,7,1/12/2025,DL,3150,11057,1105703,31057,CLT,"Charlotte, NC",North Carolina,10397,1039707,30397,ATL,"Atlanta, GA",Georgia,813,1347.0,334.0,334.0,1.0,12.0,0800-0859,14.0,1401.0,1449.0,6.0,938,1455.0,317.0,317.0,1.0,12.0,0900-0959,0,,0,243.0,0.0,0.0,0.0,74.0
121,2025,1,1,13,1,1/13/2025,DL,3150,11057,1105703,31057,CLT,"Charlotte, NC",North Carolina,10397,1039707,30397,ATL,"Atlanta, GA",Georgia,813,811.0,-2.0,0.0,0.0,-1.0,0800-0859,25.0,836.0,922.0,10.0,938,932.0,-6.0,0.0,0.0,-1.0,0900-0959,0,,0,,,,,
122,2025,1,1,14,2,1/14/2025,DL,3150,11057,1105703,31057,CLT,"Charlotte, NC",North Carolina,10397,1039707,30397,ATL,"Atlanta, GA",Georgia,813,811.0,-2.0,0.0,0.0,-1.0,0800-0859,19.0,830.0,915.0,5.0,938,920.0,-18.0,0.0,0.0,-2.0,0900-0959,0,,0,,,,,
123,2025,1,1,15,3,1/15/2025,DL,3150,11057,1105703,31057,CLT,"Charlotte, NC",North Carolina,10397,1039707,30397,ATL,"Atlanta, GA",Georgia,813,807.0,-6.0,0.0,0.0,-1.0,0800-0859,16.0,823.0,907.0,7.0,938,914.0,-24.0,0.0,0.0,-2.0,0900-0959,0,,0,,,,,
124,2025,1,1,16,4,1/16/2025,DL,3150,11057,1105703,31057,CLT,"Charlotte, NC",North Carolina,10397,1039707,30397,ATL,"Atlanta, GA",Georgia,813,805.0,-8.0,0.0,0.0,-1.0,0800-0859,18.0,823.0,910.0,21.0,938,931.0,-7.0,0.0,0.0,-1.0,0900-0959,0,,0,,,,,
125,2025,1,1,17,5,1/17/2025,DL,3150,11057,1105703,31057,CLT,"Charlotte, NC",North Carolina,10397,1039707,30397,ATL,"Atlanta, GA",Georgia,813,817.0,4.0,4.0,0.0,0.0,0800-0859,26.0,843.0,922.0,10.0,938,932.0,-6.0,0.0,0.0,-1.0,0900-0959,0,,0,,,,,
126,2025,1,1,18,6,1/18/2025,DL,3150,11057,1105703,31057,CLT,"Charlotte, NC",North Carolina,10397,1039707,30397,ATL,"Atlanta, GA",Georgia,819,814.0,-5.0,0.0,0.0,-1.0,0800-0859,14.0,828.0,914.0,25.0,944,939.0,-5.0,0.0,0.0,-1.0,0900-0959,0,,0,,,,,
127,2025,1,1,19,7,1/19/2025,DL,3150,11057,1105703,31057,CLT,"Charlotte, NC",North Carolina,10397,1039707,30397,ATL,"Atlanta, GA",Georgia,850,846.0,-4.0,0.0,0.0,-1.0,0800-0859,17.0,903.0,951.0,4.0,1011,955.0,-16.0,0.0,0.0,-2.0,1000-1059,0,,0,,,,,
128,2025,1,1,20,1,1/20/2025,DL,3150,11057,1105703,31057,CLT,"Charlotte, NC",North Carolina,10397,1039707,30397,ATL,"Atlanta, GA",Georgia,813,848.0,35.0,35.0,1.0,2.0,0800-0859,16.0,904.0,956.0,6.0,938,1002.0,24.0,24.0,1.0,1.0,0900-0959,0,,0,24.0,0.0,0.0,0.0,0.0
129,2025,1,1,21,2,1/21/2025,DL,3150,11057,1105703,31057,CLT,"Charlotte, NC",North Carolina,10397,1039707,30397,ATL,"Atlanta, GA",Georgia,813,807.0,-6.0,0.0,0.0,-1.0,0800-0859,16.0,823.0,911.0,9.0,938,920.0,-18.0,0.0,0.0,-2.0,0900-0959,0,,0,,,,,
130,2025,1,1,22,3,1/22/2025,DL,3150,11057,1105703,31057,CLT,"Charlotte, NC",North Carolina,10397,1039707,30397,ATL,"Atlanta, GA",Georgia,813,1114.0,181.0,181.0,1.0,12.0,0800-0859,14.0,1128.0,1211.0,7.0,938,1218.0,160.0,160.0,1.0,10.0,0900-0959,0,,0,0.0,0.0,160.0,0.0,0.0
131,2025,1,1,23,4,1/23/2025,DL,3150,11057,1105703,31057,CLT,"Charlotte, NC",North Carolina,10397,1039707,30397,ATL,"Atlanta, GA",Georgia,813,812.0,-1.0,0.0,0.0,-1.0,0800-0859,17.0,829.0,914.0,23.0,938,937.0,-1.0,0.0,0.0,-1.0,0900-0959,0,,0,,,,,
132,2025,1,1,24,5,1/24/2025,DL,3150,11057,1105703,31057,CLT,"Charlotte, NC",North Carolina,10397,1039707,30397,ATL,"Atlanta, GA",Georgia,813,806.0,-7.0,0.0,0.0,-1.0,0800-0859,23.0,829.0,914.0,18.0,938,932.0,-6.0,0.0,0.0,-1.0,0900-0959,0,,0,,,,,
133,2025,1,1,25,6,1/25/2025,DL,3150,11057,1105703,31057,CLT,"Charlotte, NC",North Carolina,10397,1039707,30397,ATL,"Atlanta, GA",Georgia,813,806.0,-7.0,0.0,0.0,-1.0,0800-0859,27.0,833.0,914.0,10.0,938,924.0,-14.0,0.0,0.0,-1.0,0900-0959,0,,0,,,,,
134,2025,1,1,26,7,1/26/2025,DL,3150,11057,1105703,31057,CLT,"Charlotte, NC",North Carolina,10397,1039707,30397,ATL,"Atlanta, GA",Georgia,813,806.0,-7.0,0.0,0.0,-1.0,0800-0859,17.0,823.0,904.0,24.0,938,928.0,-10.0,0.0,0.0,-1.0,0900-0959,0,,0,,,,,
135,2025,1,1,27,1,1/27/2025,DL,3150,11057,1105703,31057,CLT,"Charlotte, NC",North Carolina,10397,1039707,30397,ATL,"Atlanta, GA",Georgia,813,825.0,12.0,12.0,0.0,0.0,0800-0859,27.0,852.0,935.0,14.0,938,949.0,11.0,11.0,0.0,0.0,0900-0959,0,,0,,,,,
136,2025,1,1,28,2,1/28/2025,DL,3150,11057,1105703,31057,CLT,"Charlotte, NC",North Carolina,10397,1039707,30397,ATL,"Atlanta, GA",Georgia,813,813.0,0.0,0.0,0.0,0.0,0800-0859,41.0,854.0,935.0,8.0,938,943.0,5.0,5.0,0.0,0.0,0900-0959,0,,0,,,,,
137,2025,1,1,29,3,1/29/2025,DL,3150,11057,1105703,31057,CLT,"Charlotte, NC",North Carolina,10397,1039707,30397,ATL,"Atlanta, GA",Georgia,813,809.0,-4.0,0.0,0.0,-1.0,0800-0859,18.0,827.0,912.0,22.0,938,934.0,-4.0,0.0,0.0,-1.0,0900-0959,0,,0,,,,,
138,2025,1,1,30,4,1/30/2025,DL,3150,11057,1105703,31057,CLT,"Charlotte, NC",North Carolina,10397,1039707,30397,ATL,"Atlanta, GA",Georgia,813,803.0,-10.0,0.0,0.0,-1.0,0800-0859,16.0,819.0,904.0,18.0,938,922.0,-16.0,0.0,0.0,-2.0,0900-0959,0,,0,,,,,
139,2025,1,1,31,5,1/31/2025,DL,3150,11057,1105703,31057,CLT,"Charlotte, NC",North Carolina,10397,1039707,30397,ATL,"Atlanta, GA",Georgia,813,812.0,-1.0,0.0,0.0,-1.0,0800-0859,15.0,827.0,913.0,40.0,938,953.0,15.0,15.0,1.0,1.0,0900-0959,0,,0,0.0,0.0,15.0,0.0,0.0
140,2025,1,1,1,3,1/1/2025,DL,3156,11057,1105703,31057,CLT,"Charlotte, NC",North Carolina,10397,1039707,30397,ATL,"Atlanta, GA",Georgia,705,659.0,-6.0,0.0,0.0,-1.0,0700-0759,22.0,721.0,806.0,6.0,828,812.0,-16.0,0.0,0.0,-2.0,0800-0859,0,,0,,,,,
141,2025,1,1,2,4,1/2/2025,DL,3156,11057,1105703,31057,CLT,"Charlotte, NC",North Carolina,10397,1039707,30397,ATL,"Atlanta, GA",Georgia,705,704.0,-1.0,0.0,0.0,-1.0,0700-0759,17.0,721.0,807.0,20.0,828,827.0,-1.0,0.0,0.0,-1.0,0800-0859,0,,0,,,,,
142,2025,1,1,3,5,1/3/2025,DL,3156,11057,1105703,31057,CLT,"Charlotte, NC",North Carolina,10397,1039707,30397,ATL,"Atlanta, GA",Georgia,705,656.0,-9.0,0.0,0.0,-1.0,0700-0759,15.0,711.0,756.0,6.0,828,802.0,-26.0,0.0,0.0,-2.0,0800-0859,0,,0,,,,,
143,2025,1,1,4,6,1/4/2025,DL,3156,11057,1105703,31057,CLT,"Charlotte, NC",North Carolina,10397,1039707,30397,ATL,"Atlanta, GA",Georgia,705,736.0,31.0,31.0,1.0,2.0,0700-0759,19.0,755.0,840.0,12.0,828,852.0,24.0,24.0,1.0,1.0,0800-0859,0,,0,24.0,0.0,0.0,0.0,0.0
144,2025,1,1,5,7,1/5/2025,DL,3156,11057,1105703,31057,CLT,"Charlotte, NC",North Carolina,10397,1039707,30397,ATL,"Atlanta, GA",Georgia,705,704.0,-1.0,0.0,0.0,-1.0,0700-0759,15.0,719.0,803.0,9.0,828,812.0,-16.0,0.0,0.0,-2.0,0800-0859,0,,0,,,,,
145,2025,1,1,6,1,1/6/2025,DL,3156,11057,1105703,31057,CLT,"Charlotte, NC",North Carolina,10397,1039707,30397,ATL,"Atlanta, GA",Georgia,705,701.0,-4.0,0.0,0.0,-1.0,0700-0759,11.0,712.0,800.0,18.0,830,818.0,-12.0,0.0,0.0,-1.0,0800-0859,0,,0,,,,,
146,2025,1,1,7,2,1/7/2025,DL,3156,11057,1105703,31057,CLT,"Charlotte, NC",North Carolina,10397,1039707,30397,ATL,"Atlanta, GA",Georgia,705,702.0,-3.0,0.0,0.0,-1.0,0700-0759,13.0,715.0,757.0,15.0,830,812.0,-18.0,0.0,0.0,-2.0,0800-0859,0,,0,,,,,
147,2025,1,1,8,3,1/8/2025,DL,3156,11057,1105703,31057,CLT,"Charlotte, NC",North Carolina,10397,1039707,30397,ATL,"Atlanta, GA",Georgia,705,656.0,-9.0,0.0,0.0,-1.0,0700-0759,43.0,739.0,824.0,11.0,830,835.0,5.0,5.0,0.0,0.0,0800-0859,0,,0,,,,,
148,2025,1,1,9,4,1/9/2025,DL,3156,11057,1105703,31057,CLT,"Charlotte, NC",North Carolina,10397,1039707,30397,ATL,"Atlanta, GA",Georgia,705,703.0,-2.0,0.0,0.0,-1.0,0700-0759,19.0,722.0,805.0,8.0,830,813.0,-17.0,0.0,0.0,-2.0,0800-0859,0,,0,,,,,
149,2025,1,1,10,5,1/10/2025,DL,3156,11057,1105703,31057,CLT,"Charlotte, NC",North Carolina,10397,1039707,30397,ATL,"Atlanta, GA",Georgia,705,1421.0,436.0,436.0,1.0,12.0,0700-0759,33.0,1454.0,1547.0,20.0,830,1607.0,457.0,457.0,1.0,12.0,0800-0859,0,,0,0.0,436.0,21.0,0.0,0.0
150,2025,1,1,11,6,1/11/2025,DL,3156,11057,1105703,31057,CLT,"Charlotte, NC",North Carolina,10397,1039707,30397,ATL,"Atlanta, GA",Georgia,705,701.0,-4.0,0.0,0.0,-1.0,0700-0759,29.0,730.0,813.0,11.0,830,824.0,-6.0,0.0,0.0,-1.0,0800-0859,0,,0,,,,,
151,2025,1,1,12,7,1/12/2025,DL,3156,11057,1105703,31057,CLT,"Charlotte, NC",North Carolina,10397,1039707,30397,ATL,"Atlanta, GA",Georgia,705,701.0,-4.0,0.0,0.0,-1.0,0700-0759,24.0,725.0,808.0,6.0,830,814.0,-16.0,0.0,0.0,-2.0,0800-0859,0,,0,,,,,
152,2025,1,1,13,1,1/13/2025,DL,3156,11057,1105703,31057,CLT,"Charlotte, NC",North Carolina,10397,1039707,30397,ATL,"Atlanta, GA",Georgia,705,656.0,-9.0,0.0,0.0,-1.0,0700-0759,15.0,711.0,757.0,3.0,830,800.0,-30.0,0.0,0.0,-2.0,0800-0859,0,,0,,,,,
153,2025,1,1,14,2,1/14/2025,DL,3156,11057,1105703,31057,CLT,"Charlotte, NC",North Carolina,10397,1039707,30397,ATL,"Atlanta, GA",Georgia,705,703.0,-2.0,0.0,0.0,-1.0,0700-0759,17.0,720.0,806.0,8.0,830,814.0,-16.0,0.0,0.0,-2.0,0800-0859,0,,0,,,,,
154,2025,1,1,15,3,1/15/2025,DL,3156,11057,1105703,31057,CLT,"Charlotte, NC",North Carolina,10397,1039707,30397,ATL,"Atlanta, GA",Georgia,705,704.0,-1.0,0.0,0.0,-1.0,0700-0759,18.0,722.0,808.0,5.0,830,813.0,-17.0,0.0,0.0,-2.0,0800-0859,0,,0,,,,,
155,2025,1,1,16,4,1/16/2025,DL,3156,11057,1105703,31057,CLT,"Charlotte, NC",North Carolina,10397,1039707,30397,ATL,"Atlanta, GA",Georgia,705,704.0,-1.0,0.0,0.0,-1.0,0700-0759,35.0,739.0,823.0,8.0,830,831.0,1.0,1.0,0.0,0.0,0800-0859,0,,0,,,,,
156,2025,1,1,17,5,1/17/2025,DL,3156,11057,1105703,31057,CLT,"Charlotte, NC",North Carolina,10397,1039707,30397,ATL,"Atlanta, GA",Georgia,705,659.0,-6.0,0.0,0.0,-1.0,0700-0759,13.0,712.0,754.0,16.0,830,810.0,-20.0,0.0,0.0,-2.0,0800-0859,0,,0,,,,,
157,2025,1,1,18,6,1/18/2025,DL,3156,11057,1105703,31057,CLT,"Charlotte, NC",North Carolina,10397,1039707,30397,ATL,"Atlanta, GA",Georgia,705,657.0,-8.0,0.0,0.0,-1.0,0700-0759,14.0,711.0,756.0,4.0,830,800.0,-30.0,0.0,0.0,-2.0,0800-0859,0,,0,,,,,
158,2025,1,1,19,7,1/19/2025,DL,3156,11057,1105703,31057,CLT,"Charlotte, NC",North Carolina,10397,1039707,30397,ATL,"Atlanta, GA",Georgia,705,700.0,-5.0,0.0,0.0,-1.0,0700-0759,17.0,717.0,803.0,4.0,830,807.0,-23.0,0.0,0.0,-2.0,0800-0859,0,,0,,,,,
159,2025,1,1,20,1,1/20/2025,DL,3156,11057,1105703,31057,CLT,"Charlotte, NC",North Carolina,10397,1039707,30397,ATL,"Atlanta, GA",Georgia,705,758.0,53.0,53.0,1.0,3.0,0700-0759,17.0,815.0,902.0,8.0,830,910.0,40.0,40.0,1.0,2.0,0800-0859,0,,0,40.0,0.0,0.0,0.0,0.0
160,2025,1,1,21,2,1/21/2025,DL,3156,11057,1105703,31057,CLT,"Charlotte, NC",North Carolina,10397,1039707,30397,ATL,"Atlanta, GA",Georgia,705,658.0,-7.0,0.0,0.0,-1.0,0700-0759,19.0,717.0,802.0,11.0,830,813.0,-17.0,0.0,0.0,-2.0,0800-0859,0,,0,,,,,
161,2025,1,1,22,3,1/22/2025,DL,3156,11057,1105703,31057,CLT,"Charlotte, NC",North Carolina,10397,1039707,30397,ATL,"Atlanta, GA",Georgia,705,703.0,-2.0,0.0,0.0,-1.0,0700-0759,35.0,738.0,817.0,31.0,830,848.0,18.0,18.0,1.0,1.0,0800-0859,0,,0,0.0,0.0,18.0,0.0,0.0
162,2025,1,1,23,4,1/23/2025,DL,3156,11057,1105703,31057,CLT,"Charlotte, NC",North Carolina,10397,1039707,30397,ATL,"Atlanta, GA",Georgia,705,706.0,1.0,1.0,0.0,0.0,0700-0759,14.0,720.0,808.0,5.0,830,813.0,-17.0,0.0,0.0,-2.0,0800-0859,0,,0,,,,,
163,2025,1,1,24,5,1/24/2025,DL,3156,11057,1105703,31057,CLT,"Charlotte, NC",North Carolina,10397,1039707,30397,ATL,"Atlanta, GA",Georgia,705,657.0,-8.0,0.0,0.0,-1.0,0700-0759,24.0,721.0,809.0,9.0,830,818.0,-12.0,0.0,0.0,-1.0,0800-0859,0,,0,,,,,
164,2025,1,1,25,6,1/25/2025,DL,3156,11057,1105703,31057,CLT,"Charlotte, NC",North Carolina,10397,1039707,30397,ATL,"Atlanta, GA",Georgia,705,706.0,1.0,1.0,0.0,0.0,0700-0759,53.0,759.0,842.0,8.0,830,850.0,20.0,20.0,1.0,1.0,0800-0859,0,,0,0.0,0.0,20.0,0.0,0.0
165,2025,1,1,26,7,1/26/2025,DL,3156,11057,1105703,31057,CLT,"Charlotte, NC",North Carolina,10397,1039707,30397,ATL,"Atlanta, GA",Georgia,705,657.0,-8.0,0.0,0.0,-1.0,0700-0759,13.0,710.0,755.0,4.0,830,759.0,-31.0,0.0,0.0,-2.0,0800-0859,0,,0,,,,,
166,2025,1,1,27,1,1/27/2025,DL,3156,11057,1105703,31057,CLT,"Charlotte, NC",North Carolina,10397,1039707,30397,ATL,"Atlanta, GA",Georgia,705,700.0,-5.0,0.0,0.0,-1.0,0700-0759,19.0,719.0,806.0,9.0,830,815.0,-15.0,0.0,0.0,-1.0,0800-0859,0,,0,,,,,
167,2025,1,1,28,2,1/28/2025,DL,3156,11057,1105703,31057,CLT,"Charlotte, NC",North Carolina,10397,1039707,30397,ATL,"Atlanta, GA",Georgia,705,851.0,106.0,106.0,1.0,7.0,0700-0759,19.0,910.0,952.0,21.0,830,1013.0,103.0,103.0,1.0,6.0,0800-0859,0,,0,103.0,0.0,0.0,0.0,0.0
168,2025,1,1,29,3,1/29/2025,DL,3156,11057,1105703,31057,CLT,"Charlotte, NC",North Carolina,10397,1039707,30397,ATL,"Atlanta, GA",Georgia,705,655.0,-10.0,0.0,0.0,-1.0,0700-0759,16.0,711.0,755.0,18.0,830,813.0,-17.0,0.0,0.0,-2.0,0800-0859,0,,0,,,,,
169,2025,1,1,30,4,1/30/2025,DL,3156,11057,1105703,31057,CLT,"Charlotte, NC",North Carolina,10397,1039707,30397,ATL,"Atlanta, GA",Georgia,705,704.0,-1.0,0.0,0.0,-1.0,0700-0759,20.0,724.0,808.0,10.0,830,818.0,-12.0,0.0,0.0,-1.0,0800-0859,0,,0,,,,,
170,2025,1,1,31,5,1/31/2025,DL,3156,11057,1105703,31057,CLT,"Charlotte, NC",North Carolina,10397,1039707,30397,ATL,"Atlanta, GA",Georgia,705,705.0,0.0,0.0,0.0,0.0,0700-0759,22.0,727.0,814.0,7.0,830,821.0,-9.0,0.0,0.0,-1.0,0800-0859,0,,0,,,,,
171,2025,1,1,1,3,1/1/2025,DL,3185,11057,1105703,31057,CLT,"Charlotte, NC",North Carolina,10397,1039707,30397,ATL,"Atlanta, GA",Georgia,1421,1506.0,45.0,45.0,1.0,3.0,1400-1459,19.0,1525.0,1610.0,4.0,1538,1614.0,36.0,36.0,1.0,2.0,1500-1559,0,,0,11.0,0.0,0.0,0.0,25.0
172,2025,1,1,2,4,1/2/2025,DL,3185,11057,1105703,31057,CLT,"Charlotte, NC",North Carolina,10397,1039707,30397,ATL,"Atlanta, GA",Georgia,1421,1418.0,-3.0,0.0,0.0,-1.0,1400-1459,10.0,1428.0,1515.0,5.0,1538,1520.0,-18.0,0.0,0.0,-2.0,1500-1559,0,,0,,,,,
173,2025,1,1,3,5,1/3/2025,DL,3185,11057,1105703,31057,CLT,"Charlotte, NC",North Carolina,10397,1039707,30397,ATL,"Atlanta, GA",Georgia,1421,1418.0,-3.0,0.0,0.0,-1.0,1400-1459,18.0,1436.0,1523.0,7.0,1538,1530.0,-8.0,0.0,0.0,-1.0,1500-1559,0,,0,,,,,
174,2025,1,1,4,6,1/4/2025,DL,3185,11057,1105703,31057,CLT,"Charlotte, NC",North Carolina,10397,1039707,30397,ATL,"Atlanta, GA",Georgia,1421,1455.0,34.0,34.0,1.0,2.0,1400-1459,16.0,1511.0,1551.0,6.0,1538,1557.0,19.0,19.0,1.0,1.0,1500-1559,0,,0,7.0,0.0,0.0,0.0,12.0
175,2025,1,1,5,7,1/5/2025,DL,3185,11057,1105703,31057,CLT,"Charlotte, NC",North Carolina,10397,1039707,30397,ATL,"Atlanta, GA",Georgia,1421,1438.0,17.0,17.0,1.0,1.0,1400-1459,12.0,1450.0,1538.0,8.0,1538,1546.0,8.0,8.0,0.0,0.0,1500-1559,0,,0,,,,,
176,2025,1,1,11,6,1/11/2025,DL,3185,11057,1105703,31057,CLT,"Charlotte, NC",North Carolina,10397,1039707,30397,ATL,"Atlanta, GA",Georgia,1420,1603.0,103.0,103.0,1.0,6.0,1400-1459,15.0,1618.0,1659.0,7.0,1540,1706.0,86.0,86.0,1.0,5.0,1500-1559,0,,0,0.0,0.0,0.0,0.0,86.0
177,2025,1,1,18,6,1/18/2025,DL,3185,11057,1105703,31057,CLT,"Charlotte, NC",North Carolina,10397,1039707,30397,ATL,"Atlanta, GA",Georgia,1420,1413.0,-7.0,0.0,0.0,-1.0,1400-1459,11.0,1424.0,1509.0,4.0,1540,1513.0,-27.0,0.0,0.0,-2.0,1500-1559,0,,0,,,,,
178,2025,1,1,19,7,1/19/2025,DL,3185,11057,1105703,31057,CLT,"Charlotte, NC",North Carolina,10397,1039707,30397,ATL,"Atlanta, GA",Georgia,1420,1415.0,-5.0,0.0,0.0,-1.0,1400-1459,11.0,1426.0,1514.0,9.0,1540,1523.0,-17.0,0.0,0.0,-2.0,1500-1559,0,,0,,,,,
179,2025,1,1,20,1,1/20/2025,DL,3185,11057,1105703,31057,CLT,"Charlotte, NC",North Carolina,10397,1039707,30397,ATL,"Atlanta, GA",Georgia,1420,1626.0,126.0,126.0,1.0,8.0,1400-1459,16.0,1642.0,1727.0,3.0,1540,1730.0,110.0,110.0,1.0,7.0,1500-1559,0,,0,12.0,0.0,0.0,0.0,98.0
180,2025,1,1,21,2,1/21/2025,DL,3185,11057,1105703,31057,CLT,"Charlotte, NC",North Carolina,10397,1039707,30397,ATL,"Atlanta, GA",Georgia,1420,1420.0,0.0,0.0,0.0,0.0,1400-1459,23.0,1443.0,1533.0,9.0,1540,1542.0,2.0,2.0,0.0,0.0,1500-1559,0,,0,,,,,
181,2025,1,1,22,3,1/22/2025,DL,3185,11057,1105703,31057,CLT,"Charlotte, NC",North Carolina,10397,1039707,30397,ATL,"Atlanta, GA",Georgia,1420,1434.0,14.0,14.0,0.0,0.0,1400-1459,19.0,1453.0,1538.0,11.0,1540,1549.0,9.0,9.0,0.0,0.0,1500-1559,0,,0,,,,,
182,2025,1,1,23,4,1/23/2025,DL,3185,11057,1105703,31057,CLT,"Charlotte, NC",North Carolina,10397,1039707,30397,ATL,"Atlanta, GA",Georgia,1420,1418.0,-2.0,0.0,0.0,-1.0,1400-1459,23.0,1441.0,1527.0,6.0,1540,1533.0,-7.0,0.0,0.0,-1.0,1500-1559,0,,0,,,,,
183,2025,1,1,24,5,1/24/2025,DL,3185,11057,1105703,31057,CLT,"Charlotte, NC",North Carolina,10397,1039707,30397,ATL,"Atlanta, GA",Georgia,1420,1413.0,-7.0,0.0,0.0,-1.0,1400-1459,12.0,1425.0,1510.0,14.0,1540,1524.0,-16.0,0.0,0.0,-2.0,1500-1559,0,,0,,,,,
184,2025,1,1,25,6,1/25/2025,DL,3185,11057,1105703,31057,CLT,"Charlotte, NC",North Carolina,10397,1039707,30397,ATL,"Atlanta, GA",Georgia,1420,1415.0,-5.0,0.0,0.0,-1.0,1400-1459,10.0,1425.0,1505.0,4.0,1540,1509.0,-31.0,0.0,0.0,-2.0,1500-1559,0,,0,,,,,
185,2025,1,1,26,7,1/26/2025,DL,3185,11057,1105703,31057,CLT,"Charlotte, NC",North Carolina,10397,1039707,30397,ATL,"Atlanta, GA",Georgia,1420,1415.0,-5.0,0.0,0.0,-1.0,1400-1459,21.0,1436.0,1519.0,5.0,1540,1524.0,-16.0,0.0,0.0,-2.0,1500-1559,0,,0,,,,,
186,2025,1,1,27,1,1/27/2025,DL,3185,11057,1105703,31057,CLT,"Charlotte, NC",North Carolina,10397,1039707,30397,ATL,"Atlanta, GA",Georgia,1420,1533.0,73.0,73.0,1.0,4.0,1400-1459,20.0,1553.0,1642.0,6.0,1540,1648.0,68.0,68.0,1.0,4.0,1500-1559,0,,0,33.0,0.0,0.0,0.0,35.0
187,2025,1,1,28,2,1/28/2025,DL,3185,11057,1105703,31057,CLT,"Charlotte, NC",North Carolina,10397,1039707,30397,ATL,"Atlanta, GA",Georgia,1420,1415.0,-5.0,0.0,0.0,-1.0,1400-1459,12.0,1427.0,1511.0,5.0,1540,1516.0,-24.0,0.0,0.0,-2.0,1500-1559,0,,0,,,,,
188,2025,1,1,29,3,1/29/2025,DL,3185,11057,1105703,31057,CLT,"Charlotte, NC",North Carolina,10397,1039707,30397,ATL,"Atlanta, GA",Georgia,1420,1426.0,6.0,6.0,0.0,0.0,1400-1459,13.0,1439.0,1524.0,7.0,1540,1531.0,-9.0,0.0,0.0,-1.0,1500-1559,0,,0,,,,,
189,2025,1,1,30,4,1/30/2025,DL,3185,11057,1105703,31057,CLT,"Charlotte, NC",North Carolina,10397,1039707,30397,ATL,"Atlanta, GA",Georgia,1420,1418.0,-2.0,0.0,0.0,-1.0,1400-1459,17.0,1435.0,1521.0,10.0,1540,1531.0,-9.0,0.0,0.0,-1.0,1500-1559,0,,0,,,,,
190,2025,1,1,31,5,1/31/2025,DL,3185,11057,1105703,31057,CLT,"Charlotte, NC",North Carolina,10397,1039707,30397,ATL,"Atlanta, GA",Georgia,1420,1417.0,-3.0,0.0,0.0,-1.0,1400-1459,10.0,1427.0,1515.0,6.0,1540,1521.0,-19.0,0.0,0.0,-2.0,1500-1559,0,,0,,,,,
191,2025,1,1,1,3,1/1/2025,DL,3186,11057,1105703,31057,CLT,"Charlotte, NC",North Carolina,10397,1039707,30397,ATL,"Atlanta, GA",Georgia,600,557.0,-3.0,0.0,0.0,-1.0,0600-0659,15.0,612.0,656.0,4.0,719,700.0,-19.0,0.0,0.0,-2.0,0700-0759,0,,0,,,,,
192,2025,1,1,2,4,1/2/2025,DL,3186,11057,1105703,31057,CLT,"Charlotte, NC",North Carolina,10397,1039707,30397,ATL,"Atlanta, GA",Georgia,600,551.0,-9.0,0.0,0.0,-1.0,0600-0659,17.0,608.0,652.0,5.0,719,657.0,-22.0,0.0,0.0,-2.0,0700-0759,0,,0,,,,,
193,2025,1,1,3,5,1/3/2025,DL,3186,11057,1105703,31057,CLT,"Charlotte, NC",North Carolina,10397,1039707,30397,ATL,"Atlanta, GA",Georgia,600,615.0,15.0,15.0,1.0,1.0,0600-0659,18.0,633.0,714.0,5.0,719,719.0,0.0,0.0,0.0,0.0,0700-0759,0,,0,,,,,
194,2025,1,1,4,6,1/4/2025,DL,3186,11057,1105703,31057,CLT,"Charlotte, NC",North Carolina,10397,1039707,30397,ATL,"Atlanta, GA",Georgia,600,644.0,44.0,44.0,1.0,2.0,0600-0659,30.0,714.0,756.0,7.0,719,803.0,44.0,44.0,1.0,2.0,0700-0759,0,,0,44.0,0.0,0.0,0.0,0.0
195,2025,1,1,5,7,1/5/2025,DL,3186,11057,1105703,31057,CLT,"Charlotte, NC",North Carolina,10397,1039707,30397,ATL,"Atlanta, GA",Georgia,600,604.0,4.0,4.0,0.0,0.0,0600-0659,20.0,624.0,707.0,6.0,719,713.0,-6.0,0.0,0.0,-1.0,0700-0759,0,,0,,,,,
196,2025,1,1,6,1,1/6/2025,DL,3186,11057,1105703,31057,CLT,"Charlotte, NC",North Carolina,10397,1039707,30397,ATL,"Atlanta, GA",Georgia,600,600.0,0.0,0.0,0.0,0.0,0600-0659,14.0,614.0,700.0,5.0,719,705.0,-14.0,0.0,0.0,-1.0,0700-0759,0,,0,,,,,
197,2025,1,1,7,2,1/7/2025,DL,3186,11057,1105703,31057,CLT,"Charlotte, NC",North Carolina,10397,1039707,30397,ATL,"Atlanta, GA",Georgia,600,602.0,2.0,2.0,0.0,0.0,0600-0659,57.0,659.0,738.0,6.0,719,744.0,25.0,25.0,1.0,1.0,0700-0759,0,,0,0.0,0.0,25.0,0.0,0.0
198,2025,1,1,8,3,1/8/2025,DL,3186,11057,1105703,31057,CLT,"Charlotte, NC",North Carolina,10397,1039707,30397,ATL,"Atlanta, GA",Georgia,600,557.0,-3.0,0.0,0.0,-1.0,0600-0659,37.0,634.0,715.0,6.0,719,721.0,2.0,2.0,0.0,0.0,0700-0759,0,,0,,,,,
199,2025,1,1,9,4,1/9/2025,DL,3186,11057,1105703,31057,CLT,"Charlotte, NC",North Carolina,10397,1039707,30397,ATL,"Atlanta, GA",Georgia,600,556.0,-4.0,0.0,0.0,-1.0,0600-0659,26.0,622.0,702.0,5.0,719,707.0,-12.0,0.0,0.0,-1.0,0700-0759,0,,0,,,,,
200,2025,1,1,10,5,1/10/2025,DL,3186,11057,1105703,31057,CLT,"Charlotte, NC",North Carolina,10397,1039707,30397,ATL,"Atlanta, GA",Georgia,600,557.0,-3.0,0.0,0.0,-1.0,0600-0659,25.0,622.0,710.0,10.0,719,720.0,1.0,1.0,0.0,0.0,0700-0759,0,,0,,,,,
201,2025,1,1,11,6,1/11/2025,DL,3186,11057,1105703,31057,CLT,"Charlotte, NC",North Carolina,10397,1039707,30397,ATL,"Atlanta, GA",Georgia,600,,,,,,0600-0659,,,,,719,,,,,,0700-0759,1,B,0,,,,,
202,2025,1,1,12,7,1/12/2025,DL,3186,11057,1105703,31057,CLT,"Charlotte, NC",North Carolina,10397,1039707,30397,ATL,"Atlanta, GA",Georgia,600,559.0,-1.0,0.0,0.0,-1.0,0600-0659,34.0,633.0,714.0,4.0,719,718.0,-1.0,0.0,0.0,-1.0,0700-0759,0,,0,,,,,
203,2025,1,1,13,1,1/13/2025,DL,3186,11057,1105703,31057,CLT,"Charlotte, NC",North Carolina,10397,1039707,30397,ATL,"Atlanta, GA",Georgia,600,558.0,-2.0,0.0,0.0,-1.0,0600-0659,16.0,614.0,659.0,6.0,719,705.0,-14.0,0.0,0.0,-1.0,0700-0759,0,,0,,,,,
204,2025,1,1,14,2,1/14/2025,DL,3186,11057,1105703,31057,CLT,"Charlotte, NC",North Carolina,10397,1039707,30397,ATL,"Atlanta, GA",Georgia,600,558.0,-2.0,0.0,0.0,-1.0,0600-0659,32.0,630.0,713.0,4.0,719,717.0,-2.0,0.0,0.0,-1.0,0700-0759,0,,0,,,,,
205,2025,1,1,15,3,1/15/2025,DL,3186,11057,1105703,31057,CLT,"Charlotte, NC",North Carolina,10397,1039707,30397,ATL,"Atlanta, GA",Georgia,600,557.0,-3.0,0.0,0.0,-1.0,0600-0659,16.0,613.0,659.0,5.0,719,704.0,-15.0,0.0,0.0,-1.0,0700-0759,0,,0,,,,,
206,2025,1,1,16,4,1/16/2025,DL,3186,11057,1105703,31057,CLT,"Charlotte, NC",North Carolina,10397,1039707,30397,ATL,"Atlanta, GA",Georgia,600,555.0,-5.0,0.0,0.0,-1.0,0600-0659,29.0,624.0,705.0,4.0,719,709.0,-10.0,0.0,0.0,-1.0,0700-0759,0,,0,,,,,
207,2025,1,1,17,5,1/17/2025,DL,3186,11057,1105703,31057,CLT,"Charlotte, NC",North Carolina,10397,1039707,30397,ATL,"Atlanta, GA",Georgia,600,555.0,-5.0,0.0,0.0,-1.0,0600-0659,13.0,608.0,648.0,4.0,719,652.0,-27.0,0.0,0.0,-2.0,0700-0759,0,,0,,,,,
208,2025,1,1,18,6,1/18/2025,DL,3186,11057,1105703,31057,CLT,"Charlotte, NC",North Carolina,10397,1039707,30397,ATL,"Atlanta, GA",Georgia,600,559.0,-1.0,0.0,0.0,-1.0,0600-0659,15.0,614.0,657.0,8.0,719,705.0,-14.0,0.0,0.0,-1.0,0700-0759,0,,0,,,,,
209,2025,1,1,19,7,1/19/2025,DL,3186,11057,1105703,31057,CLT,"Charlotte, NC",North Carolina,10397,1039707,30397,ATL,"Atlanta, GA",Georgia,600,558.0,-2.0,0.0,0.0,-1.0,0600-0659,13.0,611.0,655.0,4.0,719,659.0,-20.0,0.0,0.0,-2.0,0700-0759,0,,0,,,,,
210,2025,1,1,20,1,1/20/2025,DL,3186,11057,1105703,31057,CLT,"Charlotte, NC",North Carolina,10397,1039707,30397,ATL,"Atlanta, GA",Georgia,600,600.0,0.0,0.0,0.0,0.0,0600-0659,20.0,620.0,703.0,7.0,719,710.0,-9.0,0.0,0.0,-1.0,0700-0759,0,,0,,,,,
211,2025,1,1,21,2,1/21/2025,DL,3186,11057,1105703,31057,CLT,"Charlotte, NC",North Carolina,10397,1039707,30397,ATL,"Atlanta, GA",Georgia,600,556.0,-4.0,0.0,0.0,-1.0,0600-0659,14.0,610.0,655.0,4.0,719,659.0,-20.0,0.0,0.0,-2.0,0700-0759,0,,0,,,,,
212,2025,1,1,22,3,1/22/2025,DL,3186,11057,1105703,31057,CLT,"Charlotte, NC",North Carolina,10397,1039707,30397,ATL,"Atlanta, GA",Georgia,600,,,,,,0600-0659,,,,,719,,,,,,0700-0759,1,B,0,,,,,
213,2025,1,1,23,4,1/23/2025,DL,3186,11057,1105703,31057,CLT,"Charlotte, NC",North Carolina,10397,1039707,30397,ATL,"Atlanta, GA",Georgia,600,620.0,20.0,20.0,1.0,1.0,0600-0659,13.0,633.0,716.0,6.0,719,722.0,3.0,3.0,0.0,0.0,0700-0759,0,,0,,,,,
214,2025,1,1,24,5,1/24/2025,DL,3186,11057,1105703,31057,CLT,"Charlotte, NC",North Carolina,10397,1039707,30397,ATL,"Atlanta, GA",Georgia,600,603.0,3.0,3.0,0.0,0.0,0600-0659,40.0,643.0,728.0,5.0,719,733.0,14.0,14.0,0.0,0.0,0700-0759,0,,0,,,,,
215,2025,1,1,25,6,1/25/2025,DL,3186,11057,1105703,31057,CLT,"Charlotte, NC",North Carolina,10397,1039707,30397,ATL,"Atlanta, GA",Georgia,600,558.0,-2.0,0.0,0.0,-1.0,0600-0659,31.0,629.0,709.0,4.0,719,713.0,-6.0,0.0,0.0,-1.0,0700-0759,0,,0,,,,,
216,2025,1,1,26,7,1/26/2025,DL,3186,11057,1105703,31057,CLT,"Charlotte, NC",North Carolina,10397,1039707,30397,ATL,"Atlanta, GA",Georgia,600,558.0,-2.0,0.0,0.0,-1.0,0600-0659,14.0,612.0,655.0,6.0,719,701.0,-18.0,0.0,0.0,-2.0,0700-0759,0,,0,,,,,
217,2025,1,1,27,1,1/27/2025,DL,3186,11057,1105703,31057,CLT,"Charlotte, NC",North Carolina,10397,1039707,30397,ATL,"Atlanta, GA",Georgia,600,556.0,-4.0,0.0,0.0,-1.0,0600-0659,15.0,611.0,655.0,6.0,719,701.0,-18.0,0.0,0.0,-2.0,0700-0759,0,,0,,,,,
218,2025,1,1,28,2,1/28/2025,DL,3186,11057,1105703,31057,CLT,"Charlotte, NC",North Carolina,10397,1039707,30397,ATL,"Atlanta, GA",Georgia,600,556.0,-4.0,0.0,0.0,-1.0,0600-0659,21.0,617.0,659.0,7.0,719,706.0,-13.0,0.0,0.0,-1.0,0700-0759,0,,0,,,,,
219,2025,1,1,29,3,1/29/2025,DL,3186,11057,1105703,31057,CLT,"Charlotte, NC",North Carolina,10397,1039707,30397,ATL,"Atlanta, GA",Georgia,600,554.0,-6.0,0.0,0.0,-1.0,0600-0659,14.0,608.0,650.0,5.0,719,655.0,-24.0,0.0,0.0,-2.0,0700-0759,0,,0,,,,,
220,2025,1,1,30,4,1/30/2025,DL,3186,11057,1105703,31057,CLT,"Charlotte, NC",North Carolina,10397,1039707,30397,ATL,"Atlanta, GA",Georgia,600,558.0,-2.0,0.0,0.0,-1.0,0600-0659,29.0,627.0,713.0,4.0,719,717.0,-2.0,0.0,0.0,-1.0,0700-0759,0,,0,,,,,
221,2025,1,1,31,5,1/31/2025,DL,3186,11057,1105703,31057,CLT,"Charlotte, NC",North Carolina,10397,1039707,30397,ATL,"Atlanta, GA",Georgia,600,559.0,-1.0,0.0,0.0,-1.0,0600-0659,35.0,634.0,721.0,6.0,719,727.0,8.0,8.0,0.0,0.0,0700-0759,0,,0,,,,,
331,2025,1,1,6,1,1/6/2025,DL,1290,11057,1105703,31057,CLT,"Charlotte, NC",North Carolina,10397,1039707,30397,ATL,"Atlanta, GA",Georgia,1850,1852.0,2.0,2.0,0.0,0.0,1800-1859,23.0,1915.0,2002.0,9.0,2019,2011.0,-8.0,0.0,0.0,-1.0,2000-2059,0,,0,,,,,
332,2025,1,1,7,2,1/7/2025,DL,1290,11057,1105703,31057,CLT,"Charlotte, NC",North Carolina,10397,1039707,30397,ATL,"Atlanta, GA",Georgia,1850,1847.0,-3.0,0.0,0.0,-1.0,1800-1859,14.0,1901.0,1947.0,29.0,2019,2016.0,-3.0,0.0,0.0,-1.0,2000-2059,0,,0,,,,,
333,2025,1,1,8,3,1/8/2025,DL,1290,11057,1105703,31057,CLT,"Charlotte, NC",North Carolina,10397,1039707,30397,ATL,"Atlanta, GA",Georgia,1850,1844.0,-6.0,0.0,0.0,-1.0,1800-1859,23.0,1907.0,1953.0,28.0,2019,2021.0,2.0,2.0,0.0,0.0,2000-2059,0,,0,,,,,
334,2025,1,1,9,4,1/9/2025,DL,1290,11057,1105703,31057,CLT,"Charlotte, NC",North Carolina,10397,1039707,30397,ATL,"Atlanta, GA",Georgia,1850,1847.0,-3.0,0.0,0.0,-1.0,1800-1859,17.0,1904.0,1944.0,10.0,2019,1954.0,-25.0,0.0,0.0,-2.0,2000-2059,0,,0,,,,,
335,2025,1,1,10,5,1/10/2025,DL,1290,11057,1105703,31057,CLT,"Charlotte, NC",North Carolina,10397,1039707,30397,ATL,"Atlanta, GA",Georgia,1850,22.0,332.0,332.0,1.0,12.0,1800-1859,53.0,115.0,203.0,6.0,2019,209.0,350.0,350.0,1.0,12.0,2000-2059,0,,0,0.0,332.0,18.0,0.0,0.0
336,2025,1,1,11,6,1/11/2025,DL,1290,11057,1105703,31057,CLT,"Charlotte, NC",North Carolina,10397,1039707,30397,ATL,"Atlanta, GA",Georgia,1850,1920.0,30.0,30.0,1.0,2.0,1800-1859,14.0,1934.0,2015.0,5.0,2019,2020.0,1.0,1.0,0.0,0.0,2000-2059,0,,0,,,,,
337,2025,1,1,12,7,1/12/2025,DL,1290,11057,1105703,31057,CLT,"Charlotte, NC",North Carolina,10397,1039707,30397,ATL,"Atlanta, GA",Georgia,1850,1841.0,-9.0,0.0,0.0,-1.0,1800-1859,26.0,1907.0,1951.0,6.0,2019,1957.0,-22.0,0.0,0.0,-2.0,2000-2059,0,,0,,,,,
338,2025,1,1,13,1,1/13/2025,DL,1290,11057,1105703,31057,CLT,"Charlotte, NC",North Carolina,10397,1039707,30397,ATL,"Atlanta, GA",Georgia,1850,1849.0,-1.0,0.0,0.0,-1.0,1800-1859,24.0,1913.0,2002.0,7.0,2019,2009.0,-10.0,0.0,0.0,-1.0,2000-2059,0,,0,,,,,
339,2025,1,1,14,2,1/14/2025,DL,1290,11057,1105703,31057,CLT,"Charlotte, NC",North Carolina,10397,1039707,30397,ATL,"Atlanta, GA",Georgia,1850,1941.0,51.0,51.0,1.0,3.0,1800-1859,14.0,1955.0,2039.0,7.0,2019,2046.0,27.0,27.0,1.0,1.0,2000-2059,0,,0,27.0,0.0,0.0,0.0,0.0
340,2025,1,1,15,3,1/15/2025,DL,1290,11057,1105703,31057,CLT,"Charlotte, NC",North Carolina,10397,1039707,30397,ATL,"Atlanta, GA",Georgia,1850,1844.0,-6.0,0.0,0.0,-1.0,1800-1859,20.0,1904.0,1949.0,37.0,2019,2026.0,7.0,7.0,0.0,0.0,2000-2059,0,,0,,,,,
341,2025,1,1,16,4,1/16/2025,DL,1290,11057,1105703,31057,CLT,"Charlotte, NC",North Carolina,10397,1039707,30397,ATL,"Atlanta, GA",Georgia,1901,1901.0,0.0,0.0,0.0,0.0,1900-1959,26.0,1927.0,2013.0,8.0,2030,2021.0,-9.0,0.0,0.0,-1.0,2000-2059,0,,0,,,,,
342,2025,1,1,17,5,1/17/2025,DL,1290,11057,1105703,31057,CLT,"Charlotte, NC",North Carolina,10397,1039707,30397,ATL,"Atlanta, GA",Georgia,1850,1848.0,-2.0,0.0,0.0,-1.0,1800-1859,30.0,1918.0,2000.0,6.0,2019,2006.0,-13.0,0.0,0.0,-1.0,2000-2059,0,,0,,,,,
343,2025,1,1,18,6,1/18/2025,DL,1290,11057,1105703,31057,CLT,"Charlotte, NC",North Carolina,10397,1039707,30397,ATL,"Atlanta, GA",Georgia,1850,1850.0,0.0,0.0,0.0,0.0,1800-1859,17.0,1907.0,1954.0,11.0,2019,2005.0,-14.0,0.0,0.0,-1.0,2000-2059,0,,0,,,,,
344,2025,1,1,19,7,1/19/2025,DL,1290,11057,1105703,31057,CLT,"Charlotte, NC",North Carolina,10397,1039707,30397,ATL,"Atlanta, GA",Georgia,1850,1901.0,11.0,11.0,0.0,0.0,1800-1859,18.0,1919.0,2007.0,13.0,2019,2020.0,1.0,1.0,0.0,0.0,2000-2059,0,,0,,,,,
345,2025,1,1,20,1,1/20/2025,DL,1290,11057,1105703,31057,CLT,"Charlotte, NC",North Carolina,10397,1039707,30397,ATL,"Atlanta, GA",Georgia,1850,2008.0,78.0,78.0,1.0,5.0,1800-1859,18.0,2026.0,2111.0,8.0,2019,2119.0,60.0,60.0,1.0,4.0,2000-2059,0,,0,5.0,0.0,0.0,0.0,55.0
346,2025,1,1,21,2,1/21/2025,DL,1290,11057,1105703,31057,CLT,"Charlotte, NC",North Carolina,10397,1039707,30397,ATL,"Atlanta, GA",Georgia,1850,1211.0,1041.0,1041.0,1.0,12.0,1800-1859,31.0,1242.0,1327.0,8.0,2019,1335.0,1036.0,1036.0,1.0,12.0,2000-2059,0,,0,1036.0,0.0,0.0,0.0,0.0
347,2025,1,1,22,3,1/22/2025,DL,1290,11057,1105703,31057,CLT,"Charlotte, NC",North Carolina,10397,1039707,30397,ATL,"Atlanta, GA",Georgia,1850,1858.0,8.0,8.0,0.0,0.0,1800-1859,19.0,1917.0,2006.0,10.0,2019,2016.0,-3.0,0.0,0.0,-1.0,2000-2059,0,,0,,,,,
348,2025,1,1,23,4,1/23/2025,DL,1290,11057,1105703,31057,CLT,"Charlotte, NC",North Carolina,10397,1039707,30397,ATL,"Atlanta, GA",Georgia,1850,1851.0,1.0,1.0,0.0,0.0,1800-1859,22.0,1913.0,2000.0,6.0,2019,2006.0,-13.0,0.0,0.0,-1.0,2000-2059,0,,0,,,,,
349,2025,1,1,24,5,1/24/2025,DL,1290,11057,1105703,31057,CLT,"Charlotte, NC",North Carolina,10397,1039707,30397,ATL,"Atlanta, GA",Georgia,1850,1840.0,-10.0,0.0,0.0,-1.0,1800-1859,25.0,1905.0,1948.0,6.0,2019,1954.0,-25.0,0.0,0.0,-2.0,2000-2059,0,,0,,,,,
350,2025,1,1,25,6,1/25/2025,DL,1290,11057,1105703,31057,CLT,"Charlotte, NC",North Carolina,10397,1039707,30397,ATL,"Atlanta, GA",Georgia,1850,1836.0,-14.0,0.0,0.0,-1.0,1800-1859,23.0,1859.0,1943.0,40.0,2019,2023.0,4.0,4.0,0.0,0.0,2000-2059,0,,0,,,,,
351,2025,1,1,26,7,1/26/2025,DL,1290,11057,1105703,31057,CLT,"Charlotte, NC",North Carolina,10397,1039707,30397,ATL,"Atlanta, GA",Georgia,1850,1847.0,-3.0,0.0,0.0,-1.0,1800-1859,18.0,1905.0,1950.0,9.0,2019,1959.0,-20.0,0.0,0.0,-2.0,2000-2059,0,,0,,,,,
352,2025,1,1,27,1,1/27/2025,DL,1290,11057,1105703,31057,CLT,"Charlotte, NC",North Carolina,10397,1039707,30397,ATL,"Atlanta, GA",Georgia,1850,1853.0,3.0,3.0,0.0,0.0,1800-1859,28.0,1921.0,2009.0,11.0,2019,2020.0,1.0,1.0,0.0,0.0,2000-2059,0,,0,,,,,
353,2025,1,1,28,2,1/28/2025,DL,1290,11057,1105703,31057,CLT,"Charlotte, NC",North Carolina,10397,1039707,30397,ATL,"Atlanta, GA",Georgia,1850,1843.0,-7.0,0.0,0.0,-1.0,1800-1859,23.0,1906.0,1948.0,6.0,2019,1954.0,-25.0,0.0,0.0,-2.0,2000-2059,0,,0,,,,,
354,2025,1,1,29,3,1/29/2025,DL,1290,11057,1105703,31057,CLT,"Charlotte, NC",North Carolina,10397,1039707,30397,ATL,"Atlanta, GA",Georgia,1850,1837.0,-13.0,0.0,0.0,-1.0,1800-1859,29.0,1906.0,1949.0,16.0,2019,2005.0,-14.0,0.0,0.0,-1.0,2000-2059,0,,0,,,,,
355,2025,1,1,30,4,1/30/2025,DL,1290,11057,1105703,31057,CLT,"Charlotte, NC",North Carolina,10397,1039707,30397,ATL,"Atlanta, GA",Georgia,1850,2117.0,147.0,147.0,1.0,9.0,1800-1859,17.0,2134.0,2217.0,6.0,2019,2223.0,124.0,124.0,1.0,8.0,2000-2059,0,,0,124.0,0.0,0.0,0.0,0.0
356,2025,1,1,31,5,1/31/2025,DL,1290,11057,1105703,31057,CLT,"Charlotte, NC",North Carolina,10397,1039707,30397,ATL,"Atlanta, GA",Georgia,1850,1847.0,-3.0,0.0,0.0,-1.0,1800-1859,14.0,1901.0,1951.0,8.0,2019,1959.0,-20.0,0.0,0.0,-2.0,2000-2059,0,,0,,,,,
357,2025,1,1,6,1,1/6/2025,DL,1294,11057,1105703,31057,CLT,"Charlotte, NC",North Carolina,10397,1039707,30397,ATL,"Atlanta, GA",Georgia,1249,1722.0,273.0,273.0,1.0,12.0,1200-1259,14.0,1736.0,1819.0,5.0,1403,1824.0,261.0,261.0,1.0,12.0,1400-1459,0,,0,9.0,0.0,0.0,0.0,252.0
358,2025,1,1,7,2,1/7/2025,DL,1294,11057,1105703,31057,CLT,"Charlotte, NC",North Carolina,10397,1039707,30397,ATL,"Atlanta, GA",Georgia,1249,1245.0,-4.0,0.0,0.0,-1.0,1200-1259,19.0,1304.0,1346.0,3.0,1403,1349.0,-14.0,0.0,0.0,-1.0,1400-1459,0,,0,,,,,
359,2025,1,1,8,3,1/8/2025,DL,1294,11057,1105703,31057,CLT,"Charlotte, NC",North Carolina,10397,1039707,30397,ATL,"Atlanta, GA",Georgia,1249,1248.0,-1.0,0.0,0.0,-1.0,1200-1259,24.0,1312.0,1358.0,4.0,1403,1402.0,-1.0,0.0,0.0,-1.0,1400-1459,0,,0,,,,,
360,2025,1,1,9,4,1/9/2025,DL,1294,11057,1105703,31057,CLT,"Charlotte, NC",North Carolina,10397,1039707,30397,ATL,"Atlanta, GA",Georgia,1249,1256.0,7.0,7.0,0.0,0.0,1200-1259,15.0,1311.0,1355.0,5.0,1403,1400.0,-3.0,0.0,0.0,-1.0,1400-1459,0,,0,,,,,
361,2025,1,1,10,5,1/10/2025,DL,1294,11057,1105703,31057,CLT,"Charlotte, NC",North Carolina,10397,1039707,30397,ATL,"Atlanta, GA",Georgia,1249,,,,,,1200-1259,,,,,1403,,,,,,1400-1459,1,B,0,,,,,
362,2025,1,1,11,6,1/11/2025,DL,1294,11057,1105703,31057,CLT,"Charlotte, NC",North Carolina,10397,1039707,30397,ATL,"Atlanta, GA",Georgia,1249,2318.0,629.0,629.0,1.0,12.0,1200-1259,29.0,2347.0,29.0,15.0,1403,44.0,641.0,641.0,1.0,12.0,1400-1459,0,,0,629.0,0.0,12.0,0.0,0.0
363,2025,1,1,12,7,1/12/2025,DL,1294,11057,1105703,31057,CLT,"Charlotte, NC",North Carolina,10397,1039707,30397,ATL,"Atlanta, GA",Georgia,1249,1306.0,17.0,17.0,1.0,1.0,1200-1259,19.0,1325.0,1408.0,6.0,1403,1414.0,11.0,11.0,0.0,0.0,1400-1459,0,,0,,,,,
364,2025,1,1,13,1,1/13/2025,DL,1294,11057,1105703,31057,CLT,"Charlotte, NC",North Carolina,10397,1039707,30397,ATL,"Atlanta, GA",Georgia,1249,1251.0,2.0,2.0,0.0,0.0,1200-1259,30.0,1321.0,1405.0,5.0,1403,1410.0,7.0,7.0,0.0,0.0,1400-1459,0,,0,,,,,
365,2025,1,1,14,2,1/14/2025,DL,1294,11057,1105703,31057,CLT,"Charlotte, NC",North Carolina,10397,1039707,30397,ATL,"Atlanta, GA",Georgia,1249,1248.0,-1.0,0.0,0.0,-1.0,1200-1259,15.0,1303.0,1348.0,4.0,1403,1352.0,-11.0,0.0,0.0,-1.0,1400-1459,0,,0,,,,,
366,2025,1,1,15,3,1/15/2025,DL,1294,11057,1105703,31057,CLT,"Charlotte, NC",North Carolina,10397,1039707,30397,ATL,"Atlanta, GA",Georgia,1249,1250.0,1.0,1.0,0.0,0.0,1200-1259,17.0,1307.0,1353.0,4.0,1403,1357.0,-6.0,0.0,0.0,-1.0,1400-1459,0,,0,,,,,
367,2025,1,1,16,4,1/16/2025,DL,1294,11057,1105703,31057,CLT,"Charlotte, NC",North Carolina,10397,1039707,30397,ATL,"Atlanta, GA",Georgia,1249,1247.0,-2.0,0.0,0.0,-1.0,1200-1259,12.0,1259.0,1342.0,5.0,1403,1347.0,-16.0,0.0,0.0,-2.0,1400-1459,0,,0,,,,,
368,2025,1,1,17,5,1/17/2025,DL,1294,11057,1105703,31057,CLT,"Charlotte, NC",North Carolina,10397,1039707,30397,ATL,"Atlanta, GA",Georgia,1249,1247.0,-2.0,0.0,0.0,-1.0,1200-1259,11.0,1258.0,1340.0,7.0,1403,1347.0,-16.0,0.0,0.0,-2.0,1400-1459,0,,0,,,,,
369,2025,1,1,18,6,1/18/2025,DL,1294,11057,1105703,31057,CLT,"Charlotte, NC",North Carolina,10397,1039707,30397,ATL,"Atlanta, GA",Georgia,1249,1309.0,20.0,20.0,1.0,1.0,1200-1259,19.0,1328.0,1413.0,6.0,1403,1419.0,16.0,16.0,1.0,1.0,1400-1459,0,,0,0.0,0.0,0.0,0.0,16.0
370,2025,1,1,19,7,1/19/2025,DL,1294,11057,1105703,31057,CLT,"Charlotte, NC",North Carolina,10397,1039707,30397,ATL,"Atlanta, GA",Georgia,1249,1244.0,-5.0,0.0,0.0,-1.0,1200-1259,24.0,1308.0,1359.0,5.0,1403,1404.0,1.0,1.0,0.0,0.0,1400-1459,0,,0,,,,,
371,2025,1,1,20,1,1/20/2025,DL,1294,11057,1105703,31057,CLT,"Charlotte, NC",North Carolina,10397,1039707,30397,ATL,"Atlanta, GA",Georgia,1249,1402.0,73.0,73.0,1.0,4.0,1200-1259,23.0,1425.0,1510.0,5.0,1403,1515.0,72.0,72.0,1.0,4.0,1400-1459,0,,0,15.0,0.0,0.0,0.0,57.0
372,2025,1,1,21,2,1/21/2025,DL,1294,11057,1105703,31057,CLT,"Charlotte, NC",North Carolina,10397,1039707,30397,ATL,"Atlanta, GA",Georgia,1249,1240.0,-9.0,0.0,0.0,-1.0,1200-1259,12.0,1252.0,1343.0,4.0,1403,1347.0,-16.0,0.0,0.0,-2.0,1400-1459,0,,0,,,,,
373,2025,1,1,22,3,1/22/2025,DL,1294,11057,1105703,31057,CLT,"Charlotte, NC",North Carolina,10397,1039707,30397,ATL,"Atlanta, GA",Georgia,1249,1505.0,136.0,136.0,1.0,9.0,1200-1259,20.0,1525.0,1611.0,15.0,1403,1626.0,143.0,143.0,1.0,9.0,1400-1459,0,,0,9.0,0.0,7.0,0.0,127.0
374,2025,1,1,23,4,1/23/2025,DL,1294,11057,1105703,31057,CLT,"Charlotte, NC",North Carolina,10397,1039707,30397,ATL,"Atlanta, GA",Georgia,1249,1314.0,25.0,25.0,1.0,1.0,1200-1259,20.0,1334.0,1419.0,8.0,1403,1427.0,24.0,24.0,1.0,1.0,1400-1459,0,,0,0.0,0.0,0.0,0.0,24.0
375,2025,1,1,24,5,1/24/2025,DL,1294,11057,1105703,31057,CLT,"Charlotte, NC",North Carolina,10397,1039707,30397,ATL,"Atlanta, GA",Georgia,1249,1307.0,18.0,18.0,1.0,1.0,1200-1259,12.0,1319.0,1402.0,4.0,1403,1406.0,3.0,3.0,0.0,0.0,1400-1459,0,,0,,,,,
376,2025,1,1,25,6,1/25/2025,DL,1294,11057,1105703,31057,CLT,"Charlotte, NC",North Carolina,10397,1039707,30397,ATL,"Atlanta, GA",Georgia,1249,1301.0,12.0,12.0,0.0,0.0,1200-1259,9.0,1310.0,1352.0,5.0,1403,1357.0,-6.0,0.0,0.0,-1.0,1400-1459,0,,0,,,,,
377,2025,1,1,26,7,1/26/2025,DL,1294,11057,1105703,31057,CLT,"Charlotte, NC",North Carolina,10397,1039707,30397,ATL,"Atlanta, GA",Georgia,1249,1245.0,-4.0,0.0,0.0,-1.0,1200-1259,16.0,1301.0,1343.0,5.0,1403,1348.0,-15.0,0.0,0.0,-1.0,1400-1459,0,,0,,,,,
378,2025,1,1,27,1,1/27/2025,DL,1294,11057,1105703,31057,CLT,"Charlotte, NC",North Carolina,10397,1039707,30397,ATL,"Atlanta, GA",Georgia,1249,1241.0,-8.0,0.0,0.0,-1.0,1200-1259,16.0,1257.0,1342.0,5.0,1403,1347.0,-16.0,0.0,0.0,-2.0,1400-1459,0,,0,,,,,
379,2025,1,1,28,2,1/28/2025,DL,1294,11057,1105703,31057,CLT,"Charlotte, NC",North Carolina,10397,1039707,30397,ATL,"Atlanta, GA",Georgia,1249,1242.0,-7.0,0.0,0.0,-1.0,1200-1259,13.0,1255.0,1338.0,5.0,1403,1343.0,-20.0,0.0,0.0,-2.0,1400-1459,0,,0,,,,,
380,2025,1,1,29,3,1/29/2025,DL,1294,11057,1105703,31057,CLT,"Charlotte, NC",North Carolina,10397,1039707,30397,ATL,"Atlanta, GA",Georgia,1249,1421.0,92.0,92.0,1.0,6.0,1200-1259,14.0,1435.0,1518.0,6.0,1403,1524.0,81.0,81.0,1.0,5.0,1400-1459,0,,0,0.0,0.0,0.0,0.0,81.0
381,2025,1,1,30,4,1/30/2025,DL,1294,11057,1105703,31057,CLT,"Charlotte, NC",North Carolina,10397,1039707,30397,ATL,"Atlanta, GA",Georgia,1249,1242.0,-7.0,0.0,0.0,-1.0,1200-1259,10.0,1252.0,1335.0,19.0,1403,1354.0,-9.0,0.0,0.0,-1.0,1400-1459,0,,0,,,,,
382,2025,1,1,31,5,1/31/2025,DL,1294,11057,1105703,31057,CLT,"Charlotte, NC",North Carolina,10397,1039707,30397,ATL,"Atlanta, GA",Georgia,1249,1245.0,-4.0,0.0,0.0,-1.0,1200-1259,11.0,1256.0,1345.0,4.0,1403,1349.0,-14.0,0.0,0.0,-1.0,1400-1459,0,,0,,,,,
418,2025,1,1,2,4,1/2/2025,DL,4805,11057,1105703,31057,CLT,"Charlotte, NC",North Carolina,12478,1247805,31703,JFK,"New York, NY",New York,1150,1144.0,-6.0,0.0,0.0,-1.0,1100-1159,29.0,1213.0,1325.0,9.0,1358,1334.0,-24.0,0.0,0.0,-2.0,1300-1359,0,,0,,,,,
419,2025,1,1,3,5,1/3/2025,DL,4805,11057,1105703,31057,CLT,"Charlotte, NC",North Carolina,12478,1247805,31703,JFK,"New York, NY",New York,1150,1147.0,-3.0,0.0,0.0,-1.0,1100-1159,26.0,1213.0,1329.0,44.0,1358,1413.0,15.0,15.0,1.0,1.0,1300-1359,0,,0,0.0,0.0,15.0,0.0,0.0
429,2025,1,1,2,4,1/2/2025,DL,4824,11057,1105703,31057,CLT,"Charlotte, NC",North Carolina,10397,1039707,30397,ATL,"Atlanta, GA",Georgia,942,937.0,-5.0,0.0,0.0,-1.0,0900-0959,30.0,1007.0,1052.0,7.0,1115,1059.0,-16.0,0.0,0.0,-2.0,1100-1159,0,,0,,,,,
430,2025,1,1,3,5,1/3/2025,DL,4824,11057,1105703,31057,CLT,"Charlotte, NC",North Carolina,10397,1039707,30397,ATL,"Atlanta, GA",Georgia,942,937.0,-5.0,0.0,0.0,-1.0,0900-0959,30.0,1007.0,1052.0,9.0,1115,1101.0,-14.0,0.0,0.0,-1.0,1100-1159,0,,0,,,,,
431,2025,1,1,4,6,1/4/2025,DL,4824,11057,1105703,31057,CLT,"Charlotte, NC",North Carolina,10397,1039707,30397,ATL,"Atlanta, GA",Georgia,926,927.0,1.0,1.0,0.0,0.0,0900-0959,26.0,953.0,1037.0,8.0,1057,1045.0,-12.0,0.0,0.0,-1.0,1000-1059,0,,0,,,,,
432,2025,1,1,5,7,1/5/2025,DL,4824,11057,1105703,31057,CLT,"Charlotte, NC",North Carolina,10397,1039707,30397,ATL,"Atlanta, GA",Georgia,942,935.0,-7.0,0.0,0.0,-1.0,0900-0959,40.0,1015.0,1101.0,5.0,1115,1106.0,-9.0,0.0,0.0,-1.0,1100-1159,0,,0,,,,,
433,2025,1,1,1,3,1/1/2025,DL,4825,11057,1105703,31057,CLT,"Charlotte, NC",North Carolina,10397,1039707,30397,ATL,"Atlanta, GA",Georgia,1120,1129.0,9.0,9.0,0.0,0.0,1100-1159,27.0,1156.0,1242.0,4.0,1252,1246.0,-6.0,0.0,0.0,-1.0,1200-1259,0,,0,,,,,
434,2025,1,1,1,3,1/1/2025,DL,4827,11057,1105703,31057,CLT,"Charlotte, NC",North Carolina,10397,1039707,30397,ATL,"Atlanta, GA",Georgia,1707,1716.0,9.0,9.0,0.0,0.0,1700-1759,18.0,1734.0,1824.0,8.0,1834,1832.0,-2.0,0.0,0.0,-1.0,1800-1859,0,,0,,,,,
435,2025,1,1,2,4,1/2/2025,DL,4827,11057,1105703,31057,CLT,"Charlotte, NC",North Carolina,10397,1039707,30397,ATL,"Atlanta, GA",Georgia,1707,1659.0,-8.0,0.0,0.0,-1.0,1700-1759,34.0,1733.0,1823.0,9.0,1834,1832.0,-2.0,0.0,0.0,-1.0,1800-1859,0,,0,,,,,
436,2025,1,1,3,5,1/3/2025,DL,4827,11057,1105703,31057,CLT,"Charlotte, NC",North Carolina,10397,1039707,30397,ATL,"Atlanta, GA",Georgia,1707,1700.0,-7.0,0.0,0.0,-1.0,1700-1759,28.0,1728.0,1817.0,13.0,1834,1830.0,-4.0,0.0,0.0,-1.0,1800-1859,0,,0,,,,,
437,2025,1,1,4,6,1/4/2025,DL,4827,11057,1105703,31057,CLT,"Charlotte, NC",North Carolina,10397,1039707,30397,ATL,"Atlanta, GA",Georgia,1707,1708.0,1.0,1.0,0.0,0.0,1700-1759,26.0,1734.0,1817.0,6.0,1834,1823.0,-11.0,0.0,0.0,-1.0,1800-1859,0,,0,,,,,
438,2025,1,1,5,7,1/5/2025,DL,4827,11057,1105703,31057,CLT,"Charlotte, NC",North Carolina,10397,1039707,30397,ATL,"Atlanta, GA",Georgia,1707,1702.0,-5.0,0.0,0.0,-1.0,1700-1759,16.0,1718.0,1811.0,7.0,1834,1818.0,-16.0,0.0,0.0,-2.0,1800-1859,0,,0,,,,,
443,2025,1,1,6,1,1/6/2025,DL,5040,11057,1105703,31057,CLT,"Charlotte, NC",North Carolina,12478,1247805,31703,JFK,"New York, NY",New York,1746,2057.0,191.0,191.0,1.0,12.0,1700-1759,48.0,2145.0,2312.0,12.0,1959,2324.0,205.0,205.0,1.0,12.0,1900-1959,0,,0,0.0,0.0,14.0,0.0,191.0
444,2025,1,1,7,2,1/7/2025,DL,5040,11057,1105703,31057,CLT,"Charlotte, NC",North Carolina,12478,1247805,31703,JFK,"New York, NY",New York,1746,2019.0,153.0,153.0,1.0,10.0,1700-1759,73.0,2132.0,2255.0,8.0,1959,2303.0,184.0,184.0,1.0,12.0,1900-1959,0,,0,51.0,0.0,31.0,0.0,102.0
445,2025,1,1,8,3,1/8/2025,DL,5040,11057,1105703,31057,CLT,"Charlotte, NC",North Carolina,12478,1247805,31703,JFK,"New York, NY",New York,1746,1739.0,-7.0,0.0,0.0,-1.0,1700-1759,75.0,1854.0,2008.0,9.0,1959,2017.0,18.0,18.0,1.0,1.0,1900-1959,0,,0,0.0,0.0,18.0,0.0,0.0
446,2025,1,1,9,4,1/9/2025,DL,5040,11057,1105703,31057,CLT,"Charlotte, NC",North Carolina,12478,1247805,31703,JFK,"New York, NY",New York,1746,1915.0,89.0,89.0,1.0,5.0,1700-1759,47.0,2002.0,2128.0,11.0,1959,2139.0,100.0,100.0,1.0,6.0,1900-1959,0,,0,0.0,89.0,11.0,0.0,0.0
447,2025,1,1,10,5,1/10/2025,DL,5040,11057,1105703,31057,CLT,"Charlotte, NC",North Carolina,12478,1247805,31703,JFK,"New York, NY",New York,1746,1812.0,26.0,26.0,1.0,1.0,1700-1759,41.0,1853.0,2008.0,16.0,1959,2024.0,25.0,25.0,1.0,1.0,1900-1959,0,,0,0.0,0.0,0.0,0.0,25.0
448,2025,1,1,11,6,1/11/2025,DL,5040,11057,1105703,31057,CLT,"Charlotte, NC",North Carolina,12478,1247805,31703,JFK,"New York, NY",New York,1746,1821.0,35.0,35.0,1.0,2.0,1700-1759,34.0,1855.0,2015.0,16.0,1959,2031.0,32.0,32.0,1.0,2.0,1900-1959,0,,0,2.0,0.0,0.0,0.0,30.0
449,2025,1,1,12,7,1/12/2025,DL,5040,11057,1105703,31057,CLT,"Charlotte, NC",North Carolina,12478,1247805,31703,JFK,"New York, NY",New York,1746,1745.0,-1.0,0.0,0.0,-1.0,1700-1759,23.0,1808.0,1929.0,17.0,1959,1946.0,-13.0,0.0,0.0,-1.0,1900-1959,0,,0,,,,,
450,2025,1,1,13,1,1/13/2025,DL,5040,11057,1105703,31057,CLT,"Charlotte, NC",North Carolina,12478,1247805,31703,JFK,"New York, NY",New York,1746,1739.0,-7.0,0.0,0.0,-1.0,1700-1759,24.0,1803.0,1926.0,13.0,1959,1939.0,-20.0,0.0,0.0,-2.0,1900-1959,0,,0,,,,,
451,2025,1,1,14,2,1/14/2025,DL,5040,11057,1105703,31057,CLT,"Charlotte, NC",North Carolina,12478,1247805,31703,JFK,"New York, NY",New York,1746,1744.0,-2.0,0.0,0.0,-1.0,1700-1759,18.0,1802.0,1914.0,19.0,1959,1933.0,-26.0,0.0,0.0,-2.0,1900-1959,0,,0,,,,,
452,2025,1,1,15,3,1/15/2025,DL,5040,11057,1105703,31057,CLT,"Charlotte, NC",North Carolina,12478,1247805,31703,JFK,"New York, NY",New York,1746,1736.0,-10.0,0.0,0.0,-1.0,1700-1759,16.0,1752.0,1909.0,12.0,1959,1921.0,-38.0,0.0,0.0,-2.0,1900-1959,0,,0,,,,,
453,2025,1,1,16,4,1/16/2025,DL,5040,11057,1105703,31057,CLT,"Charlotte, NC",North Carolina,12478,1247805,31703,JFK,"New York, NY",New York,1746,1742.0,-4.0,0.0,0.0,-1.0,1700-1759,18.0,1800.0,1925.0,7.0,1959,1932.0,-27.0,0.0,0.0,-2.0,1900-1959,0,,0,,,,,
454,2025,1,1,17,5,1/17/2025,DL,5040,11057,1105703,31057,CLT,"Charlotte, NC",North Carolina,12478,1247805,31703,JFK,"New York, NY",New York,1746,1809.0,23.0,23.0,1.0,1.0,1700-1759,40.0,1849.0,2013.0,12.0,1959,2025.0,26.0,26.0,1.0,1.0,1900-1959,0,,0,23.0,0.0,3.0,0.0,0.0
455,2025,1,1,18,6,1/18/2025,DL,5040,11057,1105703,31057,CLT,"Charlotte, NC",North Carolina,12478,1247805,31703,JFK,"New York, NY",New York,1746,1752.0,6.0,6.0,0.0,0.0,1700-1759,24.0,1816.0,1937.0,10.0,1959,1947.0,-12.0,0.0,0.0,-1.0,1900-1959,0,,0,,,,,
456,2025,1,1,19,7,1/19/2025,DL,5040,11057,1105703,31057,CLT,"Charlotte, NC",North Carolina,12478,1247805,31703,JFK,"New York, NY",New York,1746,,,,,,1700-1759,,,,,1959,,,,,,1900-1959,1,B,0,,,,,
457,2025,1,1,20,1,1/20/2025,DL,5040,11057,1105703,31057,CLT,"Charlotte, NC",North Carolina,12478,1247805,31703,JFK,"New York, NY",New York,1746,2040.0,174.0,174.0,1.0,11.0,1700-1759,24.0,2104.0,2220.0,12.0,1959,2232.0,153.0,153.0,1.0,10.0,1900-1959,0,,0,16.0,0.0,0.0,0.0,137.0
458,2025,1,1,21,2,1/21/2025,DL,5040,11057,1105703,31057,CLT,"Charlotte, NC",North Carolina,12478,1247805,31703,JFK,"New York, NY",New York,1746,1816.0,30.0,30.0,1.0,2.0,1700-1759,50.0,1906.0,2016.0,9.0,1959,2025.0,26.0,26.0,1.0,1.0,1900-1959,0,,0,0.0,0.0,0.0,0.0,26.0
459,2025,1,1,22,3,1/22/2025,DL,5040,11057,1105703,31057,CLT,"Charlotte, NC",North Carolina,12478,1247805,31703,JFK,"New York, NY",New York,1746,2147.0,241.0,241.0,1.0,12.0,1700-1759,22.0,2209.0,2329.0,6.0,1959,2335.0,216.0,216.0,1.0,12.0,1900-1959,0,,0,216.0,0.0,0.0,0.0,0.0
460,2025,1,1,23,4,1/23/2025,DL,5040,11057,1105703,31057,CLT,"Charlotte, NC",North Carolina,12478,1247805,31703,JFK,"New York, NY",New York,1746,1741.0,-5.0,0.0,0.0,-1.0,1700-1759,13.0,1754.0,1913.0,7.0,1959,1920.0,-39.0,0.0,0.0,-2.0,1900-1959,0,,0,,,,,
461,2025,1,1,24,5,1/24/2025,DL,5040,11057,1105703,31057,CLT,"Charlotte, NC",North Carolina,12478,1247805,31703,JFK,"New York, NY",New York,1746,1743.0,-3.0,0.0,0.0,-1.0,1700-1759,32.0,1815.0,1929.0,8.0,1959,1937.0,-22.0,0.0,0.0,-2.0,1900-1959,0,,0,,,,,
462,2025,1,1,25,6,1/25/2025,DL,5040,11057,1105703,31057,CLT,"Charlotte, NC",North Carolina,12478,1247805,31703,JFK,"New York, NY",New York,1746,1738.0,-8.0,0.0,0.0,-1.0,1700-1759,16.0,1754.0,1917.0,35.0,1959,1952.0,-7.0,0.0,0.0,-1.0,1900-1959,0,,0,,,,,
463,2025,1,1,26,7,1/26/2025,DL,5040,11057,1105703,31057,CLT,"Charlotte, NC",North Carolina,12478,1247805,31703,JFK,"New York, NY",New York,1746,1742.0,-4.0,0.0,0.0,-1.0,1700-1759,30.0,1812.0,1936.0,10.0,1959,1946.0,-13.0,0.0,0.0,-1.0,1900-1959,0,,0,,,,,
464,2025,1,1,27,1,1/27/2025,DL,5040,11057,1105703,31057,CLT,"Charlotte, NC",North Carolina,12478,1247805,31703,JFK,"New York, NY",New York,1746,1741.0,-5.0,0.0,0.0,-1.0,1700-1759,28.0,1809.0,1923.0,18.0,1959,1941.0,-18.0,0.0,0.0,-2.0,1900-1959,0,,0,,,,,
465,2025,1,1,28,2,1/28/2025,DL,5040,11057,1105703,31057,CLT,"Charlotte, NC",North Carolina,12478,1247805,31703,JFK,"New York, NY",New York,1746,1738.0,-8.0,0.0,0.0,-1.0,1700-1759,17.0,1755.0,1916.0,7.0,1959,1923.0,-36.0,0.0,0.0,-2.0,1900-1959,0,,0,,,,,
466,2025,1,1,29,3,1/29/2025,DL,5040,11057,1105703,31057,CLT,"Charlotte, NC",North Carolina,12478,1247805,31703,JFK,"New York, NY",New York,1746,1735.0,-11.0,0.0,0.0,-1.0,1700-1759,18.0,1753.0,1916.0,17.0,1959,1933.0,-26.0,0.0,0.0,-2.0,1900-1959,0,,0,,,,,
467,2025,1,1,30,4,1/30/2025,DL,5040,11057,1105703,31057,CLT,"Charlotte, NC",North Carolina,12478,1247805,31703,JFK,"New York, NY",New York,1746,1741.0,-5.0,0.0,0.0,-1.0,1700-1759,19.0,1800.0,1926.0,10.0,1959,1936.0,-23.0,0.0,0.0,-2.0,1900-1959,0,,0,,,,,
468,2025,1,1,31,5,1/31/2025,DL,5040,11057,1105703,31057,CLT,"Charlotte, NC",North Carolina,12478,1247805,31703,JFK,"New York, NY",New York,1746,1739.0,-7.0,0.0,0.0,-1.0,1700-1759,22.0,1801.0,1927.0,8.0,1959,1935.0,-24.0,0.0,0.0,-2.0,1900-1959,0,,0,,,,,
541,2025,1,1,6,1,1/6/2025,DL,5052,11057,1105703,31057,CLT,"Charlotte, NC",North Carolina,12478,1247805,31703,JFK,"New York, NY",New York,1056,1220.0,84.0,84.0,1.0,5.0,1000-1059,25.0,1245.0,1357.0,10.0,1253,1407.0,74.0,74.0,1.0,4.0,1200-1259,0,,0,70.0,0.0,0.0,0.0,4.0
542,2025,1,1,7,2,1/7/2025,DL,5052,11057,1105703,31057,CLT,"Charlotte, NC",North Carolina,12478,1247805,31703,JFK,"New York, NY",New York,1056,1100.0,4.0,4.0,0.0,0.0,1000-1059,22.0,1122.0,1240.0,8.0,1253,1248.0,-5.0,0.0,0.0,-1.0,1200-1259,0,,0,,,,,
543,2025,1,1,8,3,1/8/2025,DL,5052,11057,1105703,31057,CLT,"Charlotte, NC",North Carolina,12478,1247805,31703,JFK,"New York, NY",New York,1056,1054.0,-2.0,0.0,0.0,-1.0,1000-1059,21.0,1115.0,1235.0,7.0,1253,1242.0,-11.0,0.0,0.0,-1.0,1200-1259,0,,0,,,,,
544,2025,1,1,9,4,1/9/2025,DL,5052,11057,1105703,31057,CLT,"Charlotte, NC",North Carolina,12478,1247805,31703,JFK,"New York, NY",New York,1056,1306.0,130.0,130.0,1.0,8.0,1000-1059,38.0,1344.0,1505.0,7.0,1253,1512.0,139.0,139.0,1.0,9.0,1200-1259,0,,0,130.0,0.0,9.0,0.0,0.0
545,2025,1,1,10,5,1/10/2025,DL,5052,11057,1105703,31057,CLT,"Charlotte, NC",North Carolina,12478,1247805,31703,JFK,"New York, NY",New York,1056,1054.0,-2.0,0.0,0.0,-1.0,1000-1059,23.0,1117.0,1233.0,7.0,1253,1240.0,-13.0,0.0,0.0,-1.0,1200-1259,0,,0,,,,,
546,2025,1,1,11,6,1/11/2025,DL,5052,11057,1105703,31057,CLT,"Charlotte, NC",North Carolina,12478,1247805,31703,JFK,"New York, NY",New York,1056,1152.0,56.0,56.0,1.0,3.0,1000-1059,30.0,1222.0,1341.0,10.0,1253,1351.0,58.0,58.0,1.0,3.0,1200-1259,0,,0,10.0,0.0,2.0,0.0,46.0
547,2025,1,1,12,7,1/12/2025,DL,5052,11057,1105703,31057,CLT,"Charlotte, NC",North Carolina,12478,1247805,31703,JFK,"New York, NY",New York,1056,1058.0,2.0,2.0,0.0,0.0,1000-1059,20.0,1118.0,1232.0,7.0,1253,1239.0,-14.0,0.0,0.0,-1.0,1200-1259,0,,0,,,,,
548,2025,1,1,13,1,1/13/2025,DL,5052,11057,1105703,31057,CLT,"Charlotte, NC",North Carolina,12478,1247805,31703,JFK,"New York, NY",New York,1056,1111.0,15.0,15.0,1.0,1.0,1000-1059,26.0,1137.0,1258.0,12.0,1253,1310.0,17.0,17.0,1.0,1.0,1200-1259,0,,0,0.0,0.0,2.0,0.0,15.0
549,2025,1,1,14,2,1/14/2025,DL,5052,11057,1105703,31057,CLT,"Charlotte, NC",North Carolina,12478,1247805,31703,JFK,"New York, NY",New York,1056,1059.0,3.0,3.0,0.0,0.0,1000-1059,26.0,1125.0,1237.0,7.0,1253,1244.0,-9.0,0.0,0.0,-1.0,1200-1259,0,,0,,,,,
550,2025,1,1,15,3,1/15/2025,DL,5052,11057,1105703,31057,CLT,"Charlotte, NC",North Carolina,12478,1247805,31703,JFK,"New York, NY",New York,1056,1049.0,-7.0,0.0,0.0,-1.0,1000-1059,22.0,1111.0,1227.0,6.0,1253,1233.0,-20.0,0.0,0.0,-2.0,1200-1259,0,,0,,,,,
551,2025,1,1,16,4,1/16/2025,DL,5052,11057,1105703,31057,CLT,"Charlotte, NC",North Carolina,12478,1247805,31703,JFK,"New York, NY",New York,1056,1054.0,-2.0,0.0,0.0,-1.0,1000-1059,26.0,1120.0,1241.0,11.0,1253,1252.0,-1.0,0.0,0.0,-1.0,1200-1259,0,,0,,,,,
552,2025,1,1,17,5,1/17/2025,DL,5052,11057,1105703,31057,CLT,"Charlotte, NC",North Carolina,12478,1247805,31703,JFK,"New York, NY",New York,1056,1057.0,1.0,1.0,0.0,0.0,1000-1059,27.0,1124.0,1250.0,9.0,1253,1259.0,6.0,6.0,0.0,0.0,1200-1259,0,,0,,,,,
553,2025,1,1,18,6,1/18/2025,DL,5052,11057,1105703,31057,CLT,"Charlotte, NC",North Carolina,12478,1247805,31703,JFK,"New York, NY",New York,1056,1056.0,0.0,0.0,0.0,0.0,1000-1059,72.0,1208.0,1325.0,8.0,1253,1333.0,40.0,40.0,1.0,2.0,1200-1259,0,,0,0.0,0.0,40.0,0.0,0.0
554,2025,1,1,19,7,1/19/2025,DL,5052,11057,1105703,31057,CLT,"Charlotte, NC",North Carolina,12478,1247805,31703,JFK,"New York, NY",New York,1056,1056.0,0.0,0.0,0.0,0.0,1000-1059,33.0,1129.0,1235.0,10.0,1253,1245.0,-8.0,0.0,0.0,-1.0,1200-1259,0,,0,,,,,
555,2025,1,1,20,1,1/20/2025,DL,5052,11057,1105703,31057,CLT,"Charlotte, NC",North Carolina,12478,1247805,31703,JFK,"New York, NY",New York,1056,1929.0,513.0,513.0,1.0,12.0,1000-1059,39.0,2008.0,2131.0,11.0,1253,2142.0,529.0,529.0,1.0,12.0,1200-1259,0,,0,0.0,0.0,25.0,0.0,504.0
556,2025,1,1,21,2,1/21/2025,DL,5052,11057,1105703,31057,CLT,"Charlotte, NC",North Carolina,12478,1247805,31703,JFK,"New York, NY",New York,1056,1106.0,10.0,10.0,0.0,0.0,1000-1059,25.0,1131.0,1237.0,6.0,1253,1243.0,-10.0,0.0,0.0,-1.0,1200-1259,0,,0,,,,,
557,2025,1,1,22,3,1/22/2025,DL,5052,11057,1105703,31057,CLT,"Charlotte, NC",North Carolina,12478,1247805,31703,JFK,"New York, NY",New York,1056,1333.0,157.0,157.0,1.0,10.0,1000-1059,28.0,1401.0,1514.0,9.0,1253,1523.0,150.0,150.0,1.0,10.0,1200-1259,0,,0,0.0,0.0,0.0,0.0,150.0
558,2025,1,1,23,4,1/23/2025,DL,5052,11057,1105703,31057,CLT,"Charlotte, NC",North Carolina,12478,1247805,31703,JFK,"New York, NY",New York,1056,1052.0,-4.0,0.0,0.0,-1.0,1000-1059,27.0,1119.0,1233.0,8.0,1253,1241.0,-12.0,0.0,0.0,-1.0,1200-1259,0,,0,,,,,
559,2025,1,1,24,5,1/24/2025,DL,5052,11057,1105703,31057,CLT,"Charlotte, NC",North Carolina,12478,1247805,31703,JFK,"New York, NY",New York,1056,1050.0,-6.0,0.0,0.0,-1.0,1000-1059,21.0,1111.0,1220.0,6.0,1253,1226.0,-27.0,0.0,0.0,-2.0,1200-1259,0,,0,,,,,
560,2025,1,1,25,6,1/25/2025,DL,5052,11057,1105703,31057,CLT,"Charlotte, NC",North Carolina,12478,1247805,31703,JFK,"New York, NY",New York,1056,1047.0,-9.0,0.0,0.0,-1.0,1000-1059,30.0,1117.0,1232.0,5.0,1253,1237.0,-16.0,0.0,0.0,-2.0,1200-1259,0,,0,,,,,
561,2025,1,1,26,7,1/26/2025,DL,5052,11057,1105703,31057,CLT,"Charlotte, NC",North Carolina,12478,1247805,31703,JFK,"New York, NY",New York,1056,1049.0,-7.0,0.0,0.0,-1.0,1000-1059,25.0,1114.0,1231.0,6.0,1253,1237.0,-16.0,0.0,0.0,-2.0,1200-1259,0,,0,,,,,
562,2025,1,1,27,1,1/27/2025,DL,5052,11057,1105703,31057,CLT,"Charlotte, NC",North Carolina,12478,1247805,31703,JFK,"New York, NY",New York,1056,1114.0,18.0,18.0,1.0,1.0,1000-1059,31.0,1145.0,1257.0,12.0,1253,1309.0,16.0,16.0,1.0,1.0,1200-1259,0,,0,0.0,0.0,0.0,0.0,16.0
563,2025,1,1,28,2,1/28/2025,DL,5052,11057,1105703,31057,CLT,"Charlotte, NC",North Carolina,12478,1247805,31703,JFK,"New York, NY",New York,1056,1051.0,-5.0,0.0,0.0,-1.0,1000-1059,31.0,1122.0,1241.0,9.0,1253,1250.0,-3.0,0.0,0.0,-1.0,1200-1259,0,,0,,,,,
564,2025,1,1,29,3,1/29/2025,DL,5052,11057,1105703,31057,CLT,"Charlotte, NC",North Carolina,12478,1247805,31703,JFK,"New York, NY",New York,1056,1107.0,11.0,11.0,0.0,0.0,1000-1059,23.0,1130.0,1246.0,10.0,1253,1256.0,3.0,3.0,0.0,0.0,1200-1259,0,,0,,,,,
565,2025,1,1,30,4,1/30/2025,DL,5052,11057,1105703,31057,CLT,"Charlotte, NC",North Carolina,12478,1247805,31703,JFK,"New York, NY",New York,1056,1052.0,-4.0,0.0,0.0,-1.0,1000-1059,21.0,1113.0,1232.0,7.0,1253,1239.0,-14.0,0.0,0.0,-1.0,1200-1259,0,,0,,,,,
566,2025,1,1,31,5,1/31/2025,DL,5052,11057,1105703,31057,CLT,"Charlotte, NC",North Carolina,12478,1247805,31703,JFK,"New York, NY",New York,1056,1102.0,6.0,6.0,0.0,0.0,1000-1059,27.0,1129.0,1247.0,6.0,1253,1253.0,0.0,0.0,0.0,0.0,1200-1259,0,,0,,,,,
567,2025,1,1,2,4,1/2/2025,DL,5053,11057,1105703,31057,CLT,"Charlotte, NC",North Carolina,12478,1247805,31703,JFK,"New York, NY",New York,1633,1659.0,26.0,26.0,1.0,1.0,1600-1659,21.0,1720.0,1835.0,15.0,1848,1850.0,2.0,2.0,0.0,0.0,1800-1859,0,,0,,,,,
568,2025,1,1,3,5,1/3/2025,DL,5053,11057,1105703,31057,CLT,"Charlotte, NC",North Carolina,12478,1247805,31703,JFK,"New York, NY",New York,1633,1631.0,-2.0,0.0,0.0,-1.0,1600-1659,20.0,1651.0,1814.0,11.0,1848,1825.0,-23.0,0.0,0.0,-2.0,1800-1859,0,,0,,,,,
569,2025,1,1,4,6,1/4/2025,DL,5053,11057,1105703,31057,CLT,"Charlotte, NC",North Carolina,12478,1247805,31703,JFK,"New York, NY",New York,1633,1628.0,-5.0,0.0,0.0,-1.0,1600-1659,45.0,1713.0,1839.0,10.0,1848,1849.0,1.0,1.0,0.0,0.0,1800-1859,0,,0,,,,,
570,2025,1,1,5,7,1/5/2025,DL,5053,11057,1105703,31057,CLT,"Charlotte, NC",North Carolina,12478,1247805,31703,JFK,"New York, NY",New York,1745,1744.0,-1.0,0.0,0.0,-1.0,1700-1759,14.0,1758.0,1914.0,20.0,2003,1934.0,-29.0,0.0,0.0,-2.0,2000-2059,0,,0,,,,,
571,2025,1,1,6,1,1/6/2025,DL,5055,11057,1105703,31057,CLT,"Charlotte, NC",North Carolina,10397,1039707,30397,ATL,"Atlanta, GA",Georgia,1430,1540.0,70.0,70.0,1.0,4.0,1400-1459,34.0,1614.0,1704.0,7.0,1558,1711.0,73.0,73.0,1.0,4.0,1500-1559,0,,0,5.0,0.0,3.0,0.0,65.0
572,2025,1,1,7,2,1/7/2025,DL,5055,11057,1105703,31057,CLT,"Charlotte, NC",North Carolina,10397,1039707,30397,ATL,"Atlanta, GA",Georgia,1430,1425.0,-5.0,0.0,0.0,-1.0,1400-1459,22.0,1447.0,1529.0,13.0,1558,1542.0,-16.0,0.0,0.0,-2.0,1500-1559,0,,0,,,,,
573,2025,1,1,8,3,1/8/2025,DL,5055,11057,1105703,31057,CLT,"Charlotte, NC",North Carolina,10397,1039707,30397,ATL,"Atlanta, GA",Georgia,1430,1431.0,1.0,1.0,0.0,0.0,1400-1459,26.0,1457.0,1544.0,6.0,1558,1550.0,-8.0,0.0,0.0,-1.0,1500-1559,0,,0,,,,,
574,2025,1,1,9,4,1/9/2025,DL,5055,11057,1105703,31057,CLT,"Charlotte, NC",North Carolina,10397,1039707,30397,ATL,"Atlanta, GA",Georgia,1430,1539.0,69.0,69.0,1.0,4.0,1400-1459,16.0,1555.0,1642.0,10.0,1558,1652.0,54.0,54.0,1.0,3.0,1500-1559,0,,0,16.0,0.0,0.0,0.0,38.0
575,2025,1,1,10,5,1/10/2025,DL,5055,11057,1105703,31057,CLT,"Charlotte, NC",North Carolina,10397,1039707,30397,ATL,"Atlanta, GA",Georgia,1430,,,,,,1400-1459,,,,,1558,,,,,,1500-1559,1,B,0,,,,,
576,2025,1,1,12,7,1/12/2025,DL,5055,11057,1105703,31057,CLT,"Charlotte, NC",North Carolina,10397,1039707,30397,ATL,"Atlanta, GA",Georgia,1430,1659.0,149.0,149.0,1.0,9.0,1400-1459,24.0,1723.0,1809.0,5.0,1558,1814.0,136.0,136.0,1.0,9.0,1500-1559,0,,0,0.0,0.0,8.0,0.0,128.0
580,2025,1,1,6,1,1/6/2025,DL,5079,11057,1105703,31057,CLT,"Charlotte, NC",North Carolina,12478,1247805,31703,JFK,"New York, NY",New York,600,557.0,-3.0,0.0,0.0,-1.0,0600-0659,28.0,625.0,736.0,9.0,803,745.0,-18.0,0.0,0.0,-2.0,0800-0859,0,,0,,,,,
581,2025,1,1,7,2,1/7/2025,DL,5079,11057,1105703,31057,CLT,"Charlotte, NC",North Carolina,12478,1247805,31703,JFK,"New York, NY",New York,600,810.0,130.0,130.0,1.0,8.0,0600-0659,51.0,901.0,1021.0,8.0,759,1029.0,150.0,150.0,1.0,10.0,0700-0759,0,,0,130.0,0.0,20.0,0.0,0.0
582,2025,1,1,8,3,1/8/2025,DL,5079,11057,1105703,31057,CLT,"Charlotte, NC",North Carolina,12478,1247805,31703,JFK,"New York, NY",New York,600,607.0,7.0,7.0,0.0,0.0,0600-0659,47.0,654.0,808.0,5.0,759,813.0,14.0,14.0,0.0,0.0,0700-0759,0,,0,,,,,
583,2025,1,1,9,4,1/9/2025,DL,5079,11057,1105703,31057,CLT,"Charlotte, NC",North Carolina,12478,1247805,31703,JFK,"New York, NY",New York,600,603.0,3.0,3.0,0.0,0.0,0600-0659,24.0,627.0,748.0,6.0,759,754.0,-5.0,0.0,0.0,-1.0,0700-0759,0,,0,,,,,
584,2025,1,1,10,5,1/10/2025,DL,5079,11057,1105703,31057,CLT,"Charlotte, NC",North Carolina,12478,1247805,31703,JFK,"New York, NY",New York,600,607.0,7.0,7.0,0.0,0.0,0600-0659,21.0,628.0,750.0,6.0,759,756.0,-3.0,0.0,0.0,-1.0,0700-0759,0,,0,,,,,
585,2025,1,1,11,6,1/11/2025,DL,5079,11057,1105703,31057,CLT,"Charlotte, NC",North Carolina,12478,1247805,31703,JFK,"New York, NY",New York,600,,,,,,0600-0659,,,,,803,,,,,,0800-0859,1,B,0,,,,,
586,2025,1,1,12,7,1/12/2025,DL,5079,11057,1105703,31057,CLT,"Charlotte, NC",North Carolina,12478,1247805,31703,JFK,"New York, NY",New York,600,552.0,-8.0,0.0,0.0,-1.0,0600-0659,42.0,634.0,748.0,6.0,803,754.0,-9.0,0.0,0.0,-1.0,0800-0859,0,,0,,,,,
587,2025,1,1,13,1,1/13/2025,DL,5079,11057,1105703,31057,CLT,"Charlotte, NC",North Carolina,12478,1247805,31703,JFK,"New York, NY",New York,600,551.0,-9.0,0.0,0.0,-1.0,0600-0659,20.0,611.0,727.0,12.0,759,739.0,-20.0,0.0,0.0,-2.0,0700-0759,0,,0,,,,,
588,2025,1,1,14,2,1/14/2025,DL,5079,11057,1105703,31057,CLT,"Charlotte, NC",North Carolina,12478,1247805,31703,JFK,"New York, NY",New York,600,554.0,-6.0,0.0,0.0,-1.0,0600-0659,39.0,633.0,743.0,7.0,759,750.0,-9.0,0.0,0.0,-1.0,0700-0759,0,,0,,,,,
589,2025,1,1,15,3,1/15/2025,DL,5079,11057,1105703,31057,CLT,"Charlotte, NC",North Carolina,12478,1247805,31703,JFK,"New York, NY",New York,600,556.0,-4.0,0.0,0.0,-1.0,0600-0659,23.0,619.0,732.0,8.0,759,740.0,-19.0,0.0,0.0,-2.0,0700-0759,0,,0,,,,,
590,2025,1,1,16,4,1/16/2025,DL,5079,11057,1105703,31057,CLT,"Charlotte, NC",North Carolina,12478,1247805,31703,JFK,"New York, NY",New York,600,555.0,-5.0,0.0,0.0,-1.0,0600-0659,36.0,631.0,751.0,6.0,759,757.0,-2.0,0.0,0.0,-1.0,0700-0759,0,,0,,,,,
591,2025,1,1,17,5,1/17/2025,DL,5079,11057,1105703,31057,CLT,"Charlotte, NC",North Carolina,12478,1247805,31703,JFK,"New York, NY",New York,600,556.0,-4.0,0.0,0.0,-1.0,0600-0659,29.0,625.0,746.0,8.0,759,754.0,-5.0,0.0,0.0,-1.0,0700-0759,0,,0,,,,,
592,2025,1,1,18,6,1/18/2025,DL,5079,11057,1105703,31057,CLT,"Charlotte, NC",North Carolina,12478,1247805,31703,JFK,"New York, NY",New York,600,604.0,4.0,4.0,0.0,0.0,0600-0659,19.0,623.0,740.0,5.0,803,745.0,-18.0,0.0,0.0,-2.0,0800-0859,0,,0,,,,,
593,2025,1,1,19,7,1/19/2025,DL,5079,11057,1105703,31057,CLT,"Charlotte, NC",North Carolina,12478,1247805,31703,JFK,"New York, NY",New York,600,603.0,3.0,3.0,0.0,0.0,0600-0659,18.0,621.0,729.0,14.0,803,743.0,-20.0,0.0,0.0,-2.0,0800-0859,0,,0,,,,,
594,2025,1,1,20,1,1/20/2025,DL,5079,11057,1105703,31057,CLT,"Charlotte, NC",North Carolina,12478,1247805,31703,JFK,"New York, NY",New York,600,557.0,-3.0,0.0,0.0,-1.0,0600-0659,29.0,626.0,735.0,13.0,759,748.0,-11.0,0.0,0.0,-1.0,0700-0759,0,,0,,,,,
595,2025,1,1,21,2,1/21/2025,DL,5079,11057,1105703,31057,CLT,"Charlotte, NC",North Carolina,12478,1247805,31703,JFK,"New York, NY",New York,600,640.0,40.0,40.0,1.0,2.0,0600-0659,18.0,658.0,812.0,21.0,759,833.0,34.0,34.0,1.0,2.0,0700-0759,0,,0,34.0,0.0,0.0,0.0,0.0
596,2025,1,1,22,3,1/22/2025,DL,5079,11057,1105703,31057,CLT,"Charlotte, NC",North Carolina,12478,1247805,31703,JFK,"New York, NY",New York,600,555.0,-5.0,0.0,0.0,-1.0,0600-0659,25.0,620.0,728.0,12.0,759,740.0,-19.0,0.0,0.0,-2.0,0700-0759,0,,0,,,,,
597,2025,1,1,23,4,1/23/2025,DL,5079,11057,1105703,31057,CLT,"Charlotte, NC",North Carolina,12478,1247805,31703,JFK,"New York, NY",New York,600,555.0,-5.0,0.0,0.0,-1.0,0600-0659,31.0,626.0,738.0,10.0,759,748.0,-11.0,0.0,0.0,-1.0,0700-0759,0,,0,,,,,
598,2025,1,1,24,5,1/24/2025,DL,5079,11057,1105703,31057,CLT,"Charlotte, NC",North Carolina,12478,1247805,31703,JFK,"New York, NY",New York,600,555.0,-5.0,0.0,0.0,-1.0,0600-0659,50.0,645.0,757.0,10.0,759,807.0,8.0,8.0,0.0,0.0,0700-0759,0,,0,,,,,
599,2025,1,1,25,6,1/25/2025,DL,5079,11057,1105703,31057,CLT,"Charlotte, NC",North Carolina,12478,1247805,31703,JFK,"New York, NY",New York,600,603.0,3.0,3.0,0.0,0.0,0600-0659,36.0,639.0,752.0,7.0,803,759.0,-4.0,0.0,0.0,-1.0,0800-0859,0,,0,,,,,
600,2025,1,1,26,7,1/26/2025,DL,5079,11057,1105703,31057,CLT,"Charlotte, NC",North Carolina,12478,1247805,31703,JFK,"New York, NY",New York,600,555.0,-5.0,0.0,0.0,-1.0,0600-0659,19.0,614.0,732.0,14.0,803,746.0,-17.0,0.0,0.0,-2.0,0800-0859,0,,0,,,,,
601,2025,1,1,27,1,1/27/2025,DL,5079,11057,1105703,31057,CLT,"Charlotte, NC",North Carolina,12478,1247805,31703,JFK,"New York, NY",New York,600,600.0,0.0,0.0,0.0,0.0,0600-0659,22.0,622.0,736.0,11.0,759,747.0,-12.0,0.0,0.0,-1.0,0700-0759,0,,0,,,,,
602,2025,1,1,28,2,1/28/2025,DL,5079,11057,1105703,31057,CLT,"Charlotte, NC",North Carolina,12478,1247805,31703,JFK,"New York, NY",New York,600,552.0,-8.0,0.0,0.0,-1.0,0600-0659,62.0,654.0,816.0,11.0,759,827.0,28.0,28.0,1.0,1.0,0700-0759,0,,0,0.0,0.0,28.0,0.0,0.0
603,2025,1,1,29,3,1/29/2025,DL,5079,11057,1105703,31057,CLT,"Charlotte, NC",North Carolina,12478,1247805,31703,JFK,"New York, NY",New York,600,545.0,-15.0,0.0,0.0,-1.0,0600-0659,28.0,613.0,734.0,11.0,759,745.0,-14.0,0.0,0.0,-1.0,0700-0759,0,,0,,,,,
604,2025,1,1,30,4,1/30/2025,DL,5079,11057,1105703,31057,CLT,"Charlotte, NC",North Carolina,12478,1247805,31703,JFK,"New York, NY",New York,600,553.0,-7.0,0.0,0.0,-1.0,0600-0659,27.0,620.0,740.0,12.0,759,752.0,-7.0,0.0,0.0,-1.0,0700-0759,0,,0,,,,,
605,2025,1,1,31,5,1/31/2025,DL,5079,11057,1105703,31057,CLT,"Charlotte, NC",North Carolina,12478,1247805,31703,JFK,"New York, NY",New York,600,557.0,-3.0,0.0,0.0,-1.0,0600-0659,36.0,633.0,750.0,11.0,759,801.0,2.0,2.0,0.0,0.0,0700-0759,0,,0,,,,,
629,2025,1,1,13,1,1/13/2025,DL,5152,11057,1105703,31057,CLT,"Charlotte, NC",North Carolina,10397,1039707,30397,ATL,"Atlanta, GA",Georgia,1430,1449.0,19.0,19.0,1.0,1.0,1400-1459,28.0,1517.0,1607.0,10.0,1558,1617.0,19.0,19.0,1.0,1.0,1500-1559,0,,0,19.0,0.0,0.0,0.0,0.0
630,2025,1,1,14,2,1/14/2025,DL,5152,11057,1105703,31057,CLT,"Charlotte, NC",North Carolina,10397,1039707,30397,ATL,"Atlanta, GA",Georgia,1430,1435.0,5.0,5.0,0.0,0.0,1400-1459,20.0,1455.0,1540.0,7.0,1558,1547.0,-11.0,0.0,0.0,-1.0,1500-1559,0,,0,,,,,
631,2025,1,1,15,3,1/15/2025,DL,5152,11057,1105703,31057,CLT,"Charlotte, NC",North Carolina,10397,1039707,30397,ATL,"Atlanta, GA",Georgia,1430,1427.0,-3.0,0.0,0.0,-1.0,1400-1459,24.0,1451.0,1538.0,8.0,1558,1546.0,-12.0,0.0,0.0,-1.0,1500-1559,0,,0,,,,,
632,2025,1,1,16,4,1/16/2025,DL,5152,11057,1105703,31057,CLT,"Charlotte, NC",North Carolina,10397,1039707,30397,ATL,"Atlanta, GA",Georgia,1430,1430.0,0.0,0.0,0.0,0.0,1400-1459,14.0,1444.0,1529.0,8.0,1558,1537.0,-21.0,0.0,0.0,-2.0,1500-1559,0,,0,,,,,
633,2025,1,1,17,5,1/17/2025,DL,5152,11057,1105703,31057,CLT,"Charlotte, NC",North Carolina,10397,1039707,30397,ATL,"Atlanta, GA",Georgia,1430,1430.0,0.0,0.0,0.0,0.0,1400-1459,13.0,1443.0,1526.0,6.0,1558,1532.0,-26.0,0.0,0.0,-2.0,1500-1559,0,,0,,,,,
638,2025,1,1,1,3,1/1/2025,DL,5336,11057,1105703,31057,CLT,"Charlotte, NC",North Carolina,10397,1039707,30397,ATL,"Atlanta, GA",Georgia,1300,1254.0,-6.0,0.0,0.0,-1.0,1300-1359,22.0,1316.0,1403.0,7.0,1427,1410.0,-17.0,0.0,0.0,-2.0,1400-1459,0,,0,,,,,
639,2025,1,1,2,4,1/2/2025,DL,5336,11057,1105703,31057,CLT,"Charlotte, NC",North Carolina,10397,1039707,30397,ATL,"Atlanta, GA",Georgia,1146,1137.0,-9.0,0.0,0.0,-1.0,1100-1159,29.0,1206.0,1251.0,4.0,1319,1255.0,-24.0,0.0,0.0,-2.0,1300-1359,0,,0,,,,,
640,2025,1,1,3,5,1/3/2025,DL,5336,11057,1105703,31057,CLT,"Charlotte, NC",North Carolina,10397,1039707,30397,ATL,"Atlanta, GA",Georgia,1146,1304.0,78.0,78.0,1.0,5.0,1100-1159,33.0,1337.0,1424.0,5.0,1319,1429.0,70.0,70.0,1.0,4.0,1300-1359,0,,0,70.0,0.0,0.0,0.0,0.0
641,2025,1,1,4,6,1/4/2025,DL,5336,11057,1105703,31057,CLT,"Charlotte, NC",North Carolina,10397,1039707,30397,ATL,"Atlanta, GA",Georgia,1146,1144.0,-2.0,0.0,0.0,-1.0,1100-1159,16.0,1200.0,1248.0,5.0,1319,1253.0,-26.0,0.0,0.0,-2.0,1300-1359,0,,0,,,,,
642,2025,1,1,5,7,1/5/2025,DL,5336,11057,1105703,31057,CLT,"Charlotte, NC",North Carolina,10397,1039707,30397,ATL,"Atlanta, GA",Georgia,1146,1143.0,-3.0,0.0,0.0,-1.0,1100-1159,23.0,1206.0,1252.0,5.0,1319,1257.0,-22.0,0.0,0.0,-2.0,1300-1359,0,,0,,,,,
643,2025,1,1,2,4,1/2/2025,DL,5435,11057,1105703,31057,CLT,"Charlotte, NC",North Carolina,10397,1039707,30397,ATL,"Atlanta, GA",Georgia,1959,1943.0,-16.0,0.0,0.0,-2.0,1900-1959,28.0,2011.0,2054.0,21.0,2129,2115.0,-14.0,0.0,0.0,-1.0,2100-2159,0,,0,,,,,
644,2025,1,1,3,5,1/3/2025,DL,5435,11057,1105703,31057,CLT,"Charlotte, NC",North Carolina,10397,1039707,30397,ATL,"Atlanta, GA",Georgia,1959,1959.0,0.0,0.0,0.0,0.0,1900-1959,23.0,2022.0,2109.0,9.0,2129,2118.0,-11.0,0.0,0.0,-1.0,2100-2159,0,,0,,,,,
645,2025,1,1,4,6,1/4/2025,DL,5435,11057,1105703,31057,CLT,"Charlotte, NC",North Carolina,10397,1039707,30397,ATL,"Atlanta, GA",Georgia,1959,1957.0,-2.0,0.0,0.0,-1.0,1900-1959,19.0,2016.0,2100.0,17.0,2129,2117.0,-12.0,0.0,0.0,-1.0,2100-2159,0,,0,,,,,
646,2025,1,1,5,7,1/5/2025,DL,5435,11057,1105703,31057,CLT,"Charlotte, NC",North Carolina,10397,1039707,30397,ATL,"Atlanta, GA",Georgia,1959,1955.0,-4.0,0.0,0.0,-1.0,1900-1959,19.0,2014.0,2104.0,14.0,2129,2118.0,-11.0,0.0,0.0,-1.0,2100-2159,0,,0,,,,,
647,2025,1,1,2,4,1/2/2025,DL,5441,11057,1105703,31057,CLT,"Charlotte, NC",North Carolina,10397,1039707,30397,ATL,"Atlanta, GA",Georgia,1824,1821.0,-3.0,0.0,0.0,-1.0,1800-1859,23.0,1844.0,1929.0,7.0,2000,1936.0,-24.0,0.0,0.0,-2.0,2000-2059,0,,0,,,,,
648,2025,1,1,3,5,1/3/2025,DL,5441,11057,1105703,31057,CLT,"Charlotte, NC",North Carolina,10397,1039707,30397,ATL,"Atlanta, GA",Georgia,1824,1817.0,-7.0,0.0,0.0,-1.0,1800-1859,29.0,1846.0,1936.0,8.0,2000,1944.0,-16.0,0.0,0.0,-2.0,2000-2059,0,,0,,,,,
649,2025,1,1,4,6,1/4/2025,DL,5441,11057,1105703,31057,CLT,"Charlotte, NC",North Carolina,10397,1039707,30397,ATL,"Atlanta, GA",Georgia,1825,1823.0,-2.0,0.0,0.0,-1.0,1800-1859,37.0,1900.0,1945.0,11.0,2001,1956.0,-5.0,0.0,0.0,-1.0,2000-2059,0,,0,,,,,
650,2025,1,1,5,7,1/5/2025,DL,5441,11057,1105703,31057,CLT,"Charlotte, NC",North Carolina,10397,1039707,30397,ATL,"Atlanta, GA",Georgia,1825,1827.0,2.0,2.0,0.0,0.0,1800-1859,34.0,1901.0,1956.0,7.0,2001,2003.0,2.0,2.0,0.0,0.0,2000-2059,0,,0,,,,,
656,2025,1,1,1,3,1/1/2025,F9,3109,11057,1105703,31057,CLT,"Charlotte, NC",North Carolina,11298,1129806,30194,DFW,"Dallas/Fort Worth, TX",Texas,1853,1859.0,6.0,6.0,0.0,0.0,1800-1859,26.0,1925.0,2121.0,20.0,2052,2141.0,49.0,49.0,1.0,3.0,2000-2059,0,,0,0.0,0.0,43.0,0.0,6.0
666,2025,1,1,2,4,1/2/2025,F9,2985,11057,1105703,31057,CLT,"Charlotte, NC",North Carolina,11292,1129202,30325,DEN,"Denver, CO",Colorado,1102,1052.0,-10.0,0.0,0.0,-1.0,1100-1159,22.0,1114.0,1233.0,12.0,1301,1245.0,-16.0,0.0,0.0,-2.0,1300-1359,0,,0,,,,,
671,2025,1,1,2,4,1/2/2025,F9,3141,11057,1105703,31057,CLT,"Charlotte, NC",North Carolina,13930,1393008,30977,ORD,"Chicago, IL",Illinois,1813,1821.0,8.0,8.0,0.0,0.0,1800-1859,34.0,1855.0,1930.0,15.0,1936,1945.0,9.0,9.0,0.0,0.0,1900-1959,0,,0,,,,,
673,2025,1,1,3,5,1/3/2025,F9,2985,11057,1105703,31057,CLT,"Charlotte, NC",North Carolina,11292,1129202,30325,DEN,"Denver, CO",Colorado,1309,1329.0,20.0,20.0,1.0,1.0,1300-1359,28.0,1357.0,1522.0,21.0,1515,1543.0,28.0,28.0,1.0,1.0,1500-1559,0,,0,19.0,0.0,8.0,0.0,1.0
675,2025,1,1,3,5,1/3/2025,F9,3109,11057,1105703,31057,CLT,"Charlotte, NC",North Carolina,11298,1129806,30194,DFW,"Dallas/Fort Worth, TX",Texas,1240,1225.0,-15.0,0.0,0.0,-1.0,1200-1259,11.0,1236.0,1404.0,9.0,1439,1413.0,-26.0,0.0,0.0,-2.0,1400-1459,0,,0,,,,,
691,2025,1,1,4,6,1/4/2025,F9,2985,11057,1105703,31057,CLT,"Charlotte, NC",North Carolina,11292,1129202,30325,DEN,"Denver, CO",Colorado,1215,1224.0,9.0,9.0,0.0,0.0,1200-1259,16.0,1240.0,1354.0,8.0,1415,1402.0,-13.0,0.0,0.0,-1.0,1400-1459,0,,0,,,,,
693,2025,1,1,5,7,1/5/2025,F9,3141,11057,1105703,31057,CLT,"Charlotte, NC",North Carolina,13930,1393008,30977,ORD,"Chicago, IL",Illinois,1813,1804.0,-9.0,0.0,0.0,-1.0,1800-1859,16.0,1820.0,1857.0,22.0,1936,1919.0,-17.0,0.0,0.0,-2.0,1900-1959,0,,0,,,,,
694,2025,1,1,5,7,1/5/2025,F9,2985,11057,1105703,31057,CLT,"Charlotte, NC",North Carolina,11292,1129202,30325,DEN,"Denver, CO",Colorado,1102,1114.0,12.0,12.0,0.0,0.0,1100-1159,21.0,1135.0,1251.0,11.0,1301,1302.0,1.0,1.0,0.0,0.0,1300-1359,0,,0,,,,,
705,2025,1,1,6,1,1/6/2025,F9,3109,11057,1105703,31057,CLT,"Charlotte, NC",North Carolina,11298,1129806,30194,DFW,"Dallas/Fort Worth, TX",Texas,1240,1249.0,9.0,9.0,0.0,0.0,1200-1259,15.0,1304.0,1438.0,24.0,1439,1502.0,23.0,23.0,1.0,1.0,1400-1459,0,,0,0.0,0.0,14.0,0.0,9.0
708,2025,1,1,6,1,1/6/2025,F9,2985,11057,1105703,31057,CLT,"Charlotte, NC",North Carolina,11292,1129202,30325,DEN,"Denver, CO",Colorado,1309,1307.0,-2.0,0.0,0.0,-1.0,1300-1359,17.0,1324.0,1443.0,11.0,1515,1454.0,-21.0,0.0,0.0,-2.0,1500-1559,0,,0,,,,,
721,2025,1,1,9,4,1/9/2025,F9,3109,11057,1105703,31057,CLT,"Charlotte, NC",North Carolina,11298,1129806,30194,DFW,"Dallas/Fort Worth, TX",Texas,1240,,,,,,1200-1259,,,,,1439,,,,,,1400-1459,1,B,0,,,,,
723,2025,1,1,9,4,1/9/2025,F9,1361,11057,1105703,31057,CLT,"Charlotte, NC",North Carolina,11292,1129202,30325,DEN,"Denver, CO",Colorado,1915,1905.0,-10.0,0.0,0.0,-1.0,1900-1959,18.0,1923.0,2026.0,12.0,2111,2038.0,-33.0,0.0,0.0,-2.0,2100-2159,0,,0,,,,,
731,2025,1,1,10,5,1/10/2025,F9,3109,11057,1105703,31057,CLT,"Charlotte, NC",North Carolina,11298,1129806,30194,DFW,"Dallas/Fort Worth, TX",Texas,1240,,,,,,1200-1259,,,,,1439,,,,,,1400-1459,1,B,0,,,,,
736,2025,1,1,10,5,1/10/2025,F9,2985,11057,1105703,31057,CLT,"Charlotte, NC",North Carolina,11292,1129202,30325,DEN,"Denver, CO",Colorado,1707,,,,,,1700-1759,,,,,1908,,,,,,1900-1959,1,B,0,,,,,
744,2025,1,1,12,7,1/12/2025,F9,3109,11057,1105703,31057,CLT,"Charlotte, NC",North Carolina,11298,1129806,30194,DFW,"Dallas/Fort Worth, TX",Texas,1240,1233.0,-7.0,0.0,0.0,-1.0,1200-1259,18.0,1251.0,1422.0,7.0,1439,1429.0,-10.0,0.0,0.0,-1.0,1400-1459,0,,0,,,,,
746,2025,1,1,12,7,1/12/2025,F9,1361,11057,1105703,31057,CLT,"Charlotte, NC",North Carolina,11292,1129202,30325,DEN,"Denver, CO",Colorado,1915,1905.0,-10.0,0.0,0.0,-1.0,1900-1959,19.0,1924.0,2053.0,19.0,2111,2112.0,1.0,1.0,0.0,0.0,2100-2159,0,,0,,,,,
752,2025,1,1,13,1,1/13/2025,F9,3109,11057,1105703,31057,CLT,"Charlotte, NC",North Carolina,11298,1129806,30194,DFW,"Dallas/Fort Worth, TX",Texas,1240,1227.0,-13.0,0.0,0.0,-1.0,1200-1259,58.0,1325.0,1502.0,13.0,1439,1515.0,36.0,36.0,1.0,2.0,1400-1459,0,,0,0.0,0.0,36.0,0.0,0.0
756,2025,1,1,13,1,1/13/2025,F9,1361,11057,1105703,31057,CLT,"Charlotte, NC",North Carolina,11292,1129202,30325,DEN,"Denver, CO",Colorado,1915,1913.0,-2.0,0.0,0.0,-1.0,1900-1959,14.0,1927.0,2048.0,13.0,2111,2101.0,-10.0,0.0,0.0,-1.0,2100-2159,0,,0,,,,,
766,2025,1,1,16,4,1/16/2025,F9,3109,11057,1105703,31057,CLT,"Charlotte, NC",North Carolina,11298,1129806,30194,DFW,"Dallas/Fort Worth, TX",Texas,1246,1236.0,-10.0,0.0,0.0,-1.0,1200-1259,21.0,1257.0,1414.0,7.0,1453,1421.0,-32.0,0.0,0.0,-2.0,1400-1459,0,,0,,,,,
769,2025,1,1,16,4,1/16/2025,F9,1361,11057,1105703,31057,CLT,"Charlotte, NC",North Carolina,11292,1129202,30325,DEN,"Denver, CO",Colorado,1915,1909.0,-6.0,0.0,0.0,-1.0,1900-1959,22.0,1931.0,2034.0,7.0,2110,2041.0,-29.0,0.0,0.0,-2.0,2100-2159,0,,0,,,,,
772,2025,1,1,17,5,1/17/2025,F9,3109,11057,1105703,31057,CLT,"Charlotte, NC",North Carolina,11298,1129806,30194,DFW,"Dallas/Fort Worth, TX",Texas,1246,1236.0,-10.0,0.0,0.0,-1.0,1200-1259,14.0,1250.0,1415.0,7.0,1453,1422.0,-31.0,0.0,0.0,-2.0,1400-1459,0,,0,,,,,
780,2025,1,1,17,5,1/17/2025,F9,2985,11057,1105703,31057,CLT,"Charlotte, NC",North Carolina,11292,1129202,30325,DEN,"Denver, CO",Colorado,1708,1703.0,-5.0,0.0,0.0,-1.0,1700-1759,23.0,1726.0,1829.0,11.0,1910,1840.0,-30.0,0.0,0.0,-2.0,1900-1959,0,,0,,,,,
790,2025,1,1,19,7,1/19/2025,F9,3109,11057,1105703,31057,CLT,"Charlotte, NC",North Carolina,11298,1129806,30194,DFW,"Dallas/Fort Worth, TX",Texas,1246,1238.0,-8.0,0.0,0.0,-1.0,1200-1259,21.0,1259.0,1431.0,14.0,1453,1445.0,-8.0,0.0,0.0,-1.0,1400-1459,0,,0,,,,,
792,2025,1,1,19,7,1/19/2025,F9,1361,11057,1105703,31057,CLT,"Charlotte, NC",North Carolina,11292,1129202,30325,DEN,"Denver, CO",Colorado,1915,1906.0,-9.0,0.0,0.0,-1.0,1900-1959,23.0,1929.0,2051.0,10.0,2110,2101.0,-9.0,0.0,0.0,-1.0,2100-2159,0,,0,,,,,
800,2025,1,1,20,1,1/20/2025,F9,1361,11057,1105703,31057,CLT,"Charlotte, NC",North Carolina,11292,1129202,30325,DEN,"Denver, CO",Colorado,1915,1914.0,-1.0,0.0,0.0,-1.0,1900-1959,21.0,1935.0,2104.0,21.0,2110,2125.0,15.0,15.0,1.0,1.0,2100-2159,0,,0,0.0,0.0,15.0,0.0,0.0
802,2025,1,1,20,1,1/20/2025,F9,3109,11057,1105703,31057,CLT,"Charlotte, NC",North Carolina,11298,1129806,30194,DFW,"Dallas/Fort Worth, TX",Texas,1246,849.0,1203.0,1203.0,1.0,12.0,1200-1259,23.0,912.0,1058.0,18.0,1453,1116.0,1223.0,1223.0,1.0,12.0,1400-1459,0,,0,1223.0,0.0,0.0,0.0,0.0
812,2025,1,1,23,4,1/23/2025,F9,3109,11057,1105703,31057,CLT,"Charlotte, NC",North Carolina,11298,1129806,30194,DFW,"Dallas/Fort Worth, TX",Texas,1246,1236.0,-10.0,0.0,0.0,-1.0,1200-1259,20.0,1256.0,1439.0,15.0,1453,1454.0,1.0,1.0,0.0,0.0,1400-1459,0,,0,,,,,
816,2025,1,1,23,4,1/23/2025,F9,1361,11057,1105703,31057,CLT,"Charlotte, NC",North Carolina,11292,1129202,30325,DEN,"Denver, CO",Colorado,1915,1924.0,9.0,9.0,0.0,0.0,1900-1959,17.0,1941.0,2058.0,11.0,2110,2109.0,-1.0,0.0,0.0,-1.0,2100-2159,0,,0,,,,,
819,2025,1,1,24,5,1/24/2025,F9,3109,11057,1105703,31057,CLT,"Charlotte, NC",North Carolina,11298,1129806,30194,DFW,"Dallas/Fort Worth, TX",Texas,1246,1239.0,-7.0,0.0,0.0,-1.0,1200-1259,15.0,1254.0,1420.0,9.0,1453,1429.0,-24.0,0.0,0.0,-2.0,1400-1459,0,,0,,,,,
827,2025,1,1,24,5,1/24/2025,F9,2985,11057,1105703,31057,CLT,"Charlotte, NC",North Carolina,11292,1129202,30325,DEN,"Denver, CO",Colorado,1708,1704.0,-4.0,0.0,0.0,-1.0,1700-1759,21.0,1725.0,1842.0,16.0,1910,1858.0,-12.0,0.0,0.0,-1.0,1900-1959,0,,0,,,,,
833,2025,1,1,26,7,1/26/2025,F9,3109,11057,1105703,31057,CLT,"Charlotte, NC",North Carolina,11298,1129806,30194,DFW,"Dallas/Fort Worth, TX",Texas,1246,1232.0,-14.0,0.0,0.0,-1.0,1200-1259,20.0,1252.0,1425.0,17.0,1453,1442.0,-11.0,0.0,0.0,-1.0,1400-1459,0,,0,,,,,
835,2025,1,1,26,7,1/26/2025,F9,1361,11057,1105703,31057,CLT,"Charlotte, NC",North Carolina,11292,1129202,30325,DEN,"Denver, CO",Colorado,1915,1905.0,-10.0,0.0,0.0,-1.0,1900-1959,15.0,1920.0,2048.0,16.0,2110,2104.0,-6.0,0.0,0.0,-1.0,2100-2159,0,,0,,,,,
843,2025,1,1,27,1,1/27/2025,F9,3109,11057,1105703,31057,CLT,"Charlotte, NC",North Carolina,11298,1129806,30194,DFW,"Dallas/Fort Worth, TX",Texas,1246,1242.0,-4.0,0.0,0.0,-1.0,1200-1259,25.0,1307.0,1450.0,12.0,1453,1502.0,9.0,9.0,0.0,0.0,1400-1459,0,,0,,,,,
849,2025,1,1,27,1,1/27/2025,F9,1361,11057,1105703,31057,CLT,"Charlotte, NC",North Carolina,11292,1129202,30325,DEN,"Denver, CO",Colorado,1915,1912.0,-3.0,0.0,0.0,-1.0,1900-1959,17.0,1929.0,2057.0,38.0,2110,2135.0,25.0,25.0,1.0,1.0,2100-2159,0,,0,0.0,0.0,25.0,0.0,0.0
857,2025,1,1,30,4,1/30/2025,F9,3109,11057,1105703,31057,CLT,"Charlotte, NC",North Carolina,11298,1129806,30194,DFW,"Dallas/Fort Worth, TX",Texas,1246,1244.0,-2.0,0.0,0.0,-1.0,1200-1259,27.0,1311.0,1442.0,19.0,1453,1501.0,8.0,8.0,0.0,0.0,1400-1459,0,,0,,,,,
861,2025,1,1,30,4,1/30/2025,F9,1361,11057,1105703,31057,CLT,"Charlotte, NC",North Carolina,11292,1129202,30325,DEN,"Denver, CO",Colorado,1915,1917.0,2.0,2.0,0.0,0.0,1900-1959,14.0,1931.0,2038.0,9.0,2110,2047.0,-23.0,0.0,0.0,-2.0,2100-2159,0,,0,,,,,
867,2025,1,1,31,5,1/31/2025,F9,3109,11057,1105703,31057,CLT,"Charlotte, NC",North Carolina,11298,1129806,30194,DFW,"Dallas/Fort Worth, TX",Texas,1246,1310.0,24.0,24.0,1.0,1.0,1200-1259,47.0,1357.0,1534.0,14.0,1453,1548.0,55.0,55.0,1.0,3.0,1400-1459,0,,0,9.0,0.0,31.0,0.0,15.0
873,2025,1,1,31,5,1/31/2025,F9,2985,11057,1105703,31057,CLT,"Charlotte, NC",North Carolina,11292,1129202,30325,DEN,"Denver, CO",Colorado,1708,1701.0,-7.0,0.0,0.0,-1.0,1700-1759,19.0,1720.0,1828.0,10.0,1910,1838.0,-32.0,0.0,0.0,-2.0,1900-1959,0,,0,,,,,
1206,2025,1,1,1,3,1/1/2025,AA,3988,11057,1105703,31057,CLT,"Charlotte, NC",North Carolina,10397,1039707,30397,ATL,"Atlanta, GA",Georgia,1150,1148.0,-2.0,0.0,0.0,-1.0,1100-1159,14.0,1202.0,1248.0,9.0,1319,1257.0,-22.0,0.0,0.0,-2.0,1300-1359,0,,0,,,,,
1207,2025,1,1,2,4,1/2/2025,AA,3988,11057,1105703,31057,CLT,"Charlotte, NC",North Carolina,10397,1039707,30397,ATL,"Atlanta, GA",Georgia,1150,1149.0,-1.0,0.0,0.0,-1.0,1100-1159,23.0,1212.0,1300.0,6.0,1319,1306.0,-13.0,0.0,0.0,-1.0,1300-1359,0,,0,,,,,
1208,2025,1,1,3,5,1/3/2025,AA,3988,11057,1105703,31057,CLT,"Charlotte, NC",North Carolina,10397,1039707,30397,ATL,"Atlanta, GA",Georgia,1150,1440.0,170.0,170.0,1.0,11.0,1100-1159,44.0,1524.0,1610.0,6.0,1319,1616.0,177.0,177.0,1.0,11.0,1300-1359,0,,0,170.0,0.0,7.0,0.0,0.0
1209,2025,1,1,5,7,1/5/2025,AA,3988,11057,1105703,31057,CLT,"Charlotte, NC",North Carolina,10397,1039707,30397,ATL,"Atlanta, GA",Georgia,1150,1150.0,0.0,0.0,0.0,0.0,1100-1159,24.0,1214.0,1304.0,9.0,1319,1313.0,-6.0,0.0,0.0,-1.0,1300-1359,0,,0,,,,,
1210,2025,1,1,6,1,1/6/2025,AA,3988,11057,1105703,31057,CLT,"Charlotte, NC",North Carolina,10397,1039707,30397,ATL,"Atlanta, GA",Georgia,1150,1148.0,-2.0,0.0,0.0,-1.0,1100-1159,24.0,1212.0,1301.0,6.0,1319,1307.0,-12.0,0.0,0.0,-1.0,1300-1359,0,,0,,,,,
1456,2025,1,1,1,3,1/1/2025,NK,210,11057,1105703,31057,CLT,"Charlotte, NC",North Carolina,11298,1129806,30194,DFW,"Dallas/Fort Worth, TX",Texas,2049,2100.0,11.0,11.0,0.0,0.0,2000-2059,24.0,2124.0,2303.0,8.0,2248,2311.0,23.0,23.0,1.0,1.0,2200-2259,0,,0,11.0,0.0,12.0,0.0,0.0
1457,2025,1,1,2,4,1/2/2025,NK,210,11057,1105703,31057,CLT,"Charlotte, NC",North Carolina,11298,1129806,30194,DFW,"Dallas/Fort Worth, TX",Texas,2049,2132.0,43.0,43.0,1.0,2.0,2000-2059,18.0,2150.0,2307.0,8.0,2248,2315.0,27.0,27.0,1.0,1.0,2200-2259,0,,0,5.0,0.0,1.0,0.0,21.0
1458,2025,1,1,3,5,1/3/2025,NK,210,11057,1105703,31057,CLT,"Charlotte, NC",North Carolina,11298,1129806,30194,DFW,"Dallas/Fort Worth, TX",Texas,2049,2215.0,86.0,86.0,1.0,5.0,2000-2059,17.0,2232.0,2358.0,10.0,2248,8.0,80.0,80.0,1.0,5.0,2200-2259,0,,0,7.0,0.0,1.0,0.0,72.0
1459,2025,1,1,4,6,1/4/2025,NK,210,11057,1105703,31057,CLT,"Charlotte, NC",North Carolina,11298,1129806,30194,DFW,"Dallas/Fort Worth, TX",Texas,2049,2102.0,13.0,13.0,0.0,0.0,2000-2059,29.0,2131.0,2259.0,13.0,2248,2312.0,24.0,24.0,1.0,1.0,2200-2259,0,,0,0.0,0.0,11.0,0.0,13.0
1460,2025,1,1,5,7,1/5/2025,NK,210,11057,1105703,31057,CLT,"Charlotte, NC",North Carolina,11298,1129806,30194,DFW,"Dallas/Fort Worth, TX",Texas,2049,2216.0,87.0,87.0,1.0,5.0,2000-2059,11.0,2227.0,7.0,25.0,2248,32.0,104.0,104.0,1.0,6.0,2200-2259,0,,0,23.0,0.0,81.0,0.0,0.0
1461,2025,1,1,6,1,1/6/2025,NK,210,11057,1105703,31057,CLT,"Charlotte, NC",North Carolina,11298,1129806,30194,DFW,"Dallas/Fort Worth, TX",Texas,2049,2048.0,-1.0,0.0,0.0,-1.0,2000-2059,25.0,2113.0,2246.0,18.0,2248,2304.0,16.0,16.0,1.0,1.0,2200-2259,0,,0,0.0,0.0,16.0,0.0,0.0
1462,2025,1,1,7,2,1/7/2025,NK,210,11057,1105703,31057,CLT,"Charlotte, NC",North Carolina,11298,1129806,30194,DFW,"Dallas/Fort Worth, TX",Texas,2049,2037.0,-12.0,0.0,0.0,-1.0,2000-2059,15.0,2052.0,2226.0,6.0,2248,2232.0,-16.0,0.0,0.0,-2.0,2200-2259,0,,0,,,,,
1463,2025,1,1,8,3,1/8/2025,NK,210,11057,1105703,31057,CLT,"Charlotte, NC",North Carolina,11298,1129806,30194,DFW,"Dallas/Fort Worth, TX",Texas,2049,,,,,,2000-2059,,,,,2248,,,,,,2200-2259,1,B,0,,,,,
1518,2025,1,1,1,3,1/1/2025,NK,390,11057,1105703,31057,CLT,"Charlotte, NC",North Carolina,12892,1289208,32575,LAX,"Los Angeles, CA",California,2125,2137.0,12.0,12.0,0.0,0.0,2100-2159,17.0,2154.0,13.0,9.0,2359,22.0,23.0,23.0,1.0,1.0,2300-2359,0,,0,7.0,0.0,11.0,0.0,5.0
1519,2025,1,1,2,4,1/2/2025,NK,390,11057,1105703,31057,CLT,"Charlotte, NC",North Carolina,12892,1289208,32575,LAX,"Los Angeles, CA",California,2125,2120.0,-5.0,0.0,0.0,-1.0,2100-2159,20.0,2140.0,2342.0,9.0,2359,2351.0,-8.0,0.0,0.0,-1.0,2300-2359,0,,0,,,,,
1520,2025,1,1,3,5,1/3/2025,NK,390,11057,1105703,31057,CLT,"Charlotte, NC",North Carolina,12892,1289208,32575,LAX,"Los Angeles, CA",California,2125,2122.0,-3.0,0.0,0.0,-1.0,2100-2159,22.0,2144.0,2354.0,17.0,2359,11.0,12.0,12.0,0.0,0.0,2300-2359,0,,0,,,,,
1521,2025,1,1,4,6,1/4/2025,NK,390,11057,1105703,31057,CLT,"Charlotte, NC",North Carolina,12892,1289208,32575,LAX,"Los Angeles, CA",California,2125,2146.0,21.0,21.0,1.0,1.0,2100-2159,14.0,2200.0,23.0,9.0,2359,32.0,33.0,33.0,1.0,2.0,2300-2359,0,,0,0.0,0.0,33.0,0.0,0.0
1522,2025,1,1,5,7,1/5/2025,NK,390,11057,1105703,31057,CLT,"Charlotte, NC",North Carolina,12892,1289208,32575,LAX,"Los Angeles, CA",California,2125,2124.0,-1.0,0.0,0.0,-1.0,2100-2159,25.0,2149.0,2350.0,8.0,2359,2358.0,-1.0,0.0,0.0,-1.0,2300-2359,0,,0,,,,,
1523,2025,1,1,6,1,1/6/2025,NK,390,11057,1105703,31057,CLT,"Charlotte, NC",North Carolina,12892,1289208,32575,LAX,"Los Angeles, CA",California,2125,2125.0,0.0,0.0,0.0,0.0,2100-2159,16.0,2141.0,2338.0,7.0,2359,2345.0,-14.0,0.0,0.0,-1.0,2300-2359,0,,0,,,,,
1524,2025,1,1,7,2,1/7/2025,NK,390,11057,1105703,31057,CLT,"Charlotte, NC",North Carolina,12892,1289208,32575,LAX,"Los Angeles, CA",California,2125,2323.0,118.0,118.0,1.0,7.0,2100-2159,16.0,2339.0,134.0,3.0,2359,137.0,98.0,98.0,1.0,6.0,2300-2359,0,,0,60.0,0.0,38.0,0.0,0.0
1525,2025,1,1,8,3,1/8/2025,NK,390,11057,1105703,31057,CLT,"Charlotte, NC",North Carolina,12892,1289208,32575,LAX,"Los Angeles, CA",California,2125,2118.0,-7.0,0.0,0.0,-1.0,2100-2159,14.0,2132.0,2319.0,7.0,2359,2326.0,-33.0,0.0,0.0,-2.0,2300-2359,0,,0,,,,,
1686,2025,1,1,1,3,1/1/2025,AA,5019,11057,1105703,31057,CLT,"Charlotte, NC",North Carolina,10397,1039707,30397,ATL,"Atlanta, GA",Georgia,900,855.0,-5.0,0.0,0.0,-1.0,0900-0959,21.0,916.0,1001.0,5.0,1027,1006.0,-21.0,0.0,0.0,-2.0,1000-1059,0,,0,,,,,
1687,2025,1,1,2,4,1/2/2025,AA,5019,11057,1105703,31057,CLT,"Charlotte, NC",North Carolina,10397,1039707,30397,ATL,"Atlanta, GA",Georgia,900,858.0,-2.0,0.0,0.0,-1.0,0900-0959,16.0,914.0,958.0,5.0,1027,1003.0,-24.0,0.0,0.0,-2.0,1000-1059,0,,0,,,,,
1688,2025,1,1,3,5,1/3/2025,AA,5019,11057,1105703,31057,CLT,"Charlotte, NC",North Carolina,10397,1039707,30397,ATL,"Atlanta, GA",Georgia,900,857.0,-3.0,0.0,0.0,-1.0,0900-0959,19.0,916.0,1003.0,7.0,1027,1010.0,-17.0,0.0,0.0,-2.0,1000-1059,0,,0,,,,,
1689,2025,1,1,5,7,1/5/2025,AA,5019,11057,1105703,31057,CLT,"Charlotte, NC",North Carolina,10397,1039707,30397,ATL,"Atlanta, GA",Georgia,900,914.0,14.0,14.0,0.0,0.0,0900-0959,38.0,952.0,1038.0,7.0,1027,1045.0,18.0,18.0,1.0,1.0,1000-1059,0,,0,14.0,0.0,4.0,0.0,0.0
1690,2025,1,1,6,1,1/6/2025,AA,5019,11057,1105703,31057,CLT,"Charlotte, NC",North Carolina,10397,1039707,30397,ATL,"Atlanta, GA",Georgia,900,855.0,-5.0,0.0,0.0,-1.0,0900-0959,19.0,914.0,1005.0,5.0,1027,1010.0,-17.0,0.0,0.0,-2.0,1000-1059,0,,0,,,,,
1691,2025,1,1,7,2,1/7/2025,AA,5019,11057,1105703,31057,CLT,"Charlotte, NC",North Carolina,10397,1039707,30397,ATL,"Atlanta, GA",Georgia,900,913.0,13.0,13.0,0.0,0.0,0900-0959,36.0,949.0,1035.0,5.0,1033,1040.0,7.0,7.0,0.0,0.0,1000-1059,0,,0,,,,,
1692,2025,1,1,8,3,1/8/2025,AA,5019,11057,1105703,31057,CLT,"Charlotte, NC",North Carolina,10397,1039707,30397,ATL,"Atlanta, GA",Georgia,900,855.0,-5.0,0.0,0.0,-1.0,0900-0959,21.0,916.0,1000.0,5.0,1033,1005.0,-28.0,0.0,0.0,-2.0,1000-1059,0,,0,,,,,
1693,2025,1,1,9,4,1/9/2025,AA,5019,11057,1105703,31057,CLT,"Charlotte, NC",North Carolina,10397,1039707,30397,ATL,"Atlanta, GA",Georgia,900,856.0,-4.0,0.0,0.0,-1.0,0900-0959,24.0,920.0,1004.0,5.0,1033,1009.0,-24.0,0.0,0.0,-2.0,1000-1059,0,,0,,,,,
1694,2025,1,1,10,5,1/10/2025,AA,5019,11057,1105703,31057,CLT,"Charlotte, NC",North Carolina,10397,1039707,30397,ATL,"Atlanta, GA",Georgia,900,,,,,,0900-0959,,,,,1033,,,,,,1000-1059,1,B,0,,,,,
1695,2025,1,1,11,6,1/11/2025,AA,5019,11057,1105703,31057,CLT,"Charlotte, NC",North Carolina,10397,1039707,30397,ATL,"Atlanta, GA",Georgia,900,,,,,,0900-0959,,,,,1033,,,,,,1000-1059,1,B,0,,,,,
1696,2025,1,1,12,7,1/12/2025,AA,5019,11057,1105703,31057,CLT,"Charlotte, NC",North Carolina,10397,1039707,30397,ATL,"Atlanta, GA",Georgia,900,857.0,-3.0,0.0,0.0,-1.0,0900-0959,27.0,924.0,1008.0,5.0,1033,1013.0,-20.0,0.0,0.0,-2.0,1000-1059,0,,0,,,,,
1697,2025,1,1,13,1,1/13/2025,AA,5019,11057,1105703,31057,CLT,"Charlotte, NC",North Carolina,10397,1039707,30397,ATL,"Atlanta, GA",Georgia,900,854.0,-6.0,0.0,0.0,-1.0,0900-0959,24.0,918.0,1005.0,41.0,1033,1046.0,13.0,13.0,0.0,0.0,1000-1059,0,,0,,,,,
1698,2025,1,1,14,2,1/14/2025,AA,5019,11057,1105703,31057,CLT,"Charlotte, NC",North Carolina,10397,1039707,30397,ATL,"Atlanta, GA",Georgia,900,901.0,1.0,1.0,0.0,0.0,0900-0959,23.0,924.0,1012.0,6.0,1033,1018.0,-15.0,0.0,0.0,-1.0,1000-1059,0,,0,,,,,
1699,2025,1,1,15,3,1/15/2025,AA,5019,11057,1105703,31057,CLT,"Charlotte, NC",North Carolina,10397,1039707,30397,ATL,"Atlanta, GA",Georgia,900,854.0,-6.0,0.0,0.0,-1.0,0900-0959,20.0,914.0,1000.0,6.0,1033,1006.0,-27.0,0.0,0.0,-2.0,1000-1059,0,,0,,,,,
1700,2025,1,1,16,4,1/16/2025,AA,5019,11057,1105703,31057,CLT,"Charlotte, NC",North Carolina,10397,1039707,30397,ATL,"Atlanta, GA",Georgia,900,853.0,-7.0,0.0,0.0,-1.0,0900-0959,18.0,911.0,956.0,9.0,1033,1005.0,-28.0,0.0,0.0,-2.0,1000-1059,0,,0,,,,,
1701,2025,1,1,17,5,1/17/2025,AA,5019,11057,1105703,31057,CLT,"Charlotte, NC",North Carolina,10397,1039707,30397,ATL,"Atlanta, GA",Georgia,900,853.0,-7.0,0.0,0.0,-1.0,0900-0959,21.0,914.0,956.0,4.0,1033,1000.0,-33.0,0.0,0.0,-2.0,1000-1059,0,,0,,,,,
1702,2025,1,1,18,6,1/18/2025,AA,5019,11057,1105703,31057,CLT,"Charlotte, NC",North Carolina,10397,1039707,30397,ATL,"Atlanta, GA",Georgia,900,857.0,-3.0,0.0,0.0,-1.0,0900-0959,24.0,921.0,1015.0,7.0,1033,1022.0,-11.0,0.0,0.0,-1.0,1000-1059,0,,0,,,,,
1703,2025,1,1,19,7,1/19/2025,AA,5019,11057,1105703,31057,CLT,"Charlotte, NC",North Carolina,10397,1039707,30397,ATL,"Atlanta, GA",Georgia,900,853.0,-7.0,0.0,0.0,-1.0,0900-0959,38.0,931.0,1019.0,6.0,1033,1025.0,-8.0,0.0,0.0,-1.0,1000-1059,0,,0,,,,,
1704,2025,1,1,20,1,1/20/2025,AA,5019,11057,1105703,31057,CLT,"Charlotte, NC",North Carolina,10397,1039707,30397,ATL,"Atlanta, GA",Georgia,900,901.0,1.0,1.0,0.0,0.0,0900-0959,37.0,938.0,1025.0,5.0,1033,1030.0,-3.0,0.0,0.0,-1.0,1000-1059,0,,0,,,,,
1705,2025,1,1,21,2,1/21/2025,AA,5019,11057,1105703,31057,CLT,"Charlotte, NC",North Carolina,10397,1039707,30397,ATL,"Atlanta, GA",Georgia,900,857.0,-3.0,0.0,0.0,-1.0,0900-0959,26.0,923.0,1014.0,20.0,1033,1034.0,1.0,1.0,0.0,0.0,1000-1059,0,,0,,,,,
1706,2025,1,1,22,3,1/22/2025,AA,5019,11057,1105703,31057,CLT,"Charlotte, NC",North Carolina,10397,1039707,30397,ATL,"Atlanta, GA",Georgia,900,907.0,7.0,7.0,0.0,0.0,0900-0959,30.0,937.0,1032.0,11.0,1033,1043.0,10.0,10.0,0.0,0.0,1000-1059,0,,0,,,,,
1707,2025,1,1,23,4,1/23/2025,AA,5019,11057,1105703,31057,CLT,"Charlotte, NC",North Carolina,10397,1039707,30397,ATL,"Atlanta, GA",Georgia,900,858.0,-2.0,0.0,0.0,-1.0,0900-0959,24.0,922.0,1009.0,5.0,1033,1014.0,-19.0,0.0,0.0,-2.0,1000-1059,0,,0,,,,,
1708,2025,1,1,24,5,1/24/2025,AA,5019,11057,1105703,31057,CLT,"Charlotte, NC",North Carolina,10397,1039707,30397,ATL,"Atlanta, GA",Georgia,900,900.0,0.0,0.0,0.0,0.0,0900-0959,20.0,920.0,1015.0,5.0,1033,1020.0,-13.0,0.0,0.0,-1.0,1000-1059,0,,0,,,,,
1709,2025,1,1,25,6,1/25/2025,AA,5019,11057,1105703,31057,CLT,"Charlotte, NC",North Carolina,10397,1039707,30397,ATL,"Atlanta, GA",Georgia,900,853.0,-7.0,0.0,0.0,-1.0,0900-0959,15.0,908.0,953.0,5.0,1033,958.0,-35.0,0.0,0.0,-2.0,1000-1059,0,,0,,,,,
1710,2025,1,1,26,7,1/26/2025,AA,5019,11057,1105703,31057,CLT,"Charlotte, NC",North Carolina,10397,1039707,30397,ATL,"Atlanta, GA",Georgia,900,855.0,-5.0,0.0,0.0,-1.0,0900-0959,40.0,935.0,1018.0,5.0,1033,1023.0,-10.0,0.0,0.0,-1.0,1000-1059,0,,0,,,,,
1711,2025,1,1,27,1,1/27/2025,AA,5019,11057,1105703,31057,CLT,"Charlotte, NC",North Carolina,10397,1039707,30397,ATL,"Atlanta, GA",Georgia,900,854.0,-6.0,0.0,0.0,-1.0,0900-0959,26.0,920.0,1009.0,7.0,1033,1016.0,-17.0,0.0,0.0,-2.0,1000-1059,0,,0,,,,,
1712,2025,1,1,28,2,1/28/2025,AA,5019,11057,1105703,31057,CLT,"Charlotte, NC",North Carolina,10397,1039707,30397,ATL,"Atlanta, GA",Georgia,900,858.0,-2.0,0.0,0.0,-1.0,0900-0959,51.0,949.0,1033.0,5.0,1033,1038.0,5.0,5.0,0.0,0.0,1000-1059,0,,0,,,,,
1713,2025,1,1,29,3,1/29/2025,AA,5019,11057,1105703,31057,CLT,"Charlotte, NC",North Carolina,10397,1039707,30397,ATL,"Atlanta, GA",Georgia,900,852.0,-8.0,0.0,0.0,-1.0,0900-0959,28.0,920.0,1007.0,10.0,1033,1017.0,-16.0,0.0,0.0,-2.0,1000-1059,0,,0,,,,,
1714,2025,1,1,30,4,1/30/2025,AA,5019,11057,1105703,31057,CLT,"Charlotte, NC",North Carolina,10397,1039707,30397,ATL,"Atlanta, GA",Georgia,900,854.0,-6.0,0.0,0.0,-1.0,0900-0959,20.0,914.0,1002.0,8.0,1033,1010.0,-23.0,0.0,0.0,-2.0,1000-1059,0,,0,,,,,
1715,2025,1,1,31,5,1/31/2025,AA,5019,11057,1105703,31057,CLT,"Charlotte, NC",North Carolina,10397,1039707,30397,ATL,"Atlanta, GA",Georgia,900,854.0,-6.0,0.0,0.0,-1.0,0900-0959,32.0,926.0,1016.0,10.0,1033,1026.0,-7.0,0.0,0.0,-1.0,1000-1059,0,,0,,,,,
1716,2025,1,1,7,2,1/7/2025,AA,5021,11057,1105703,31057,CLT,"Charlotte, NC",North Carolina,10397,1039707,30397,ATL,"Atlanta, GA",Georgia,1353,1351.0,-2.0,0.0,0.0,-1.0,1300-1359,24.0,1415.0,1458.0,5.0,1517,1503.0,-14.0,0.0,0.0,-1.0,1500-1559,0,,0,,,,,
1717,2025,1,1,8,3,1/8/2025,AA,5021,11057,1105703,31057,CLT,"Charlotte, NC",North Carolina,10397,1039707,30397,ATL,"Atlanta, GA",Georgia,1353,1347.0,-6.0,0.0,0.0,-1.0,1300-1359,23.0,1410.0,1457.0,7.0,1517,1504.0,-13.0,0.0,0.0,-1.0,1500-1559,0,,0,,,,,
1718,2025,1,1,9,4,1/9/2025,AA,5021,11057,1105703,31057,CLT,"Charlotte, NC",North Carolina,10397,1039707,30397,ATL,"Atlanta, GA",Georgia,1353,1347.0,-6.0,0.0,0.0,-1.0,1300-1359,22.0,1409.0,1453.0,6.0,1517,1459.0,-18.0,0.0,0.0,-2.0,1500-1559,0,,0,,,,,
1719,2025,1,1,10,5,1/10/2025,AA,5021,11057,1105703,31057,CLT,"Charlotte, NC",North Carolina,10397,1039707,30397,ATL,"Atlanta, GA",Georgia,1353,,,,,,1300-1359,,,,,1517,,,,,,1500-1559,1,B,0,,,,,
1720,2025,1,1,11,6,1/11/2025,AA,5021,11057,1105703,31057,CLT,"Charlotte, NC",North Carolina,10397,1039707,30397,ATL,"Atlanta, GA",Georgia,1353,1415.0,22.0,22.0,1.0,1.0,1300-1359,18.0,1433.0,1514.0,6.0,1517,1520.0,3.0,3.0,0.0,0.0,1500-1559,0,,0,,,,,
1721,2025,1,1,12,7,1/12/2025,AA,5021,11057,1105703,31057,CLT,"Charlotte, NC",North Carolina,10397,1039707,30397,ATL,"Atlanta, GA",Georgia,1353,1359.0,6.0,6.0,0.0,0.0,1300-1359,19.0,1418.0,1504.0,6.0,1517,1510.0,-7.0,0.0,0.0,-1.0,1500-1559,0,,0,,,,,
1722,2025,1,1,13,1,1/13/2025,AA,5021,11057,1105703,31057,CLT,"Charlotte, NC",North Carolina,10397,1039707,30397,ATL,"Atlanta, GA",Georgia,1353,1350.0,-3.0,0.0,0.0,-1.0,1300-1359,21.0,1411.0,1457.0,5.0,1517,1502.0,-15.0,0.0,0.0,-1.0,1500-1559,0,,0,,,,,
1723,2025,1,1,14,2,1/14/2025,AA,5021,11057,1105703,31057,CLT,"Charlotte, NC",North Carolina,10397,1039707,30397,ATL,"Atlanta, GA",Georgia,1353,1354.0,1.0,1.0,0.0,0.0,1300-1359,21.0,1415.0,1505.0,6.0,1517,1511.0,-6.0,0.0,0.0,-1.0,1500-1559,0,,0,,,,,
1724,2025,1,1,15,3,1/15/2025,AA,5021,11057,1105703,31057,CLT,"Charlotte, NC",North Carolina,10397,1039707,30397,ATL,"Atlanta, GA",Georgia,1353,1349.0,-4.0,0.0,0.0,-1.0,1300-1359,25.0,1414.0,1500.0,5.0,1517,1505.0,-12.0,0.0,0.0,-1.0,1500-1559,0,,0,,,,,
1725,2025,1,1,16,4,1/16/2025,AA,5021,11057,1105703,31057,CLT,"Charlotte, NC",North Carolina,10397,1039707,30397,ATL,"Atlanta, GA",Georgia,1353,1346.0,-7.0,0.0,0.0,-1.0,1300-1359,26.0,1412.0,1500.0,7.0,1517,1507.0,-10.0,0.0,0.0,-1.0,1500-1559,0,,0,,,,,
1726,2025,1,1,17,5,1/17/2025,AA,5021,11057,1105703,31057,CLT,"Charlotte, NC",North Carolina,10397,1039707,30397,ATL,"Atlanta, GA",Georgia,1353,1345.0,-8.0,0.0,0.0,-1.0,1300-1359,21.0,1406.0,1450.0,17.0,1517,1507.0,-10.0,0.0,0.0,-1.0,1500-1559,0,,0,,,,,
1727,2025,1,1,18,6,1/18/2025,AA,5021,11057,1105703,31057,CLT,"Charlotte, NC",North Carolina,10397,1039707,30397,ATL,"Atlanta, GA",Georgia,1353,1423.0,30.0,30.0,1.0,2.0,1300-1359,37.0,1500.0,1547.0,4.0,1517,1551.0,34.0,34.0,1.0,2.0,1500-1559,0,,0,30.0,0.0,4.0,0.0,0.0
1728,2025,1,1,19,7,1/19/2025,AA,5021,11057,1105703,31057,CLT,"Charlotte, NC",North Carolina,10397,1039707,30397,ATL,"Atlanta, GA",Georgia,1353,1351.0,-2.0,0.0,0.0,-1.0,1300-1359,13.0,1404.0,1454.0,11.0,1517,1505.0,-12.0,0.0,0.0,-1.0,1500-1559,0,,0,,,,,
1729,2025,1,1,20,1,1/20/2025,AA,5021,11057,1105703,31057,CLT,"Charlotte, NC",North Carolina,10397,1039707,30397,ATL,"Atlanta, GA",Georgia,1353,1414.0,21.0,21.0,1.0,1.0,1300-1359,40.0,1454.0,1545.0,5.0,1517,1550.0,33.0,33.0,1.0,2.0,1500-1559,0,,0,21.0,0.0,12.0,0.0,0.0
1730,2025,1,1,21,2,1/21/2025,AA,5021,11057,1105703,31057,CLT,"Charlotte, NC",North Carolina,10397,1039707,30397,ATL,"Atlanta, GA",Georgia,1353,1350.0,-3.0,0.0,0.0,-1.0,1300-1359,31.0,1421.0,1513.0,5.0,1517,1518.0,1.0,1.0,0.0,0.0,1500-1559,0,,0,,,,,
1731,2025,1,1,22,3,1/22/2025,AA,5021,11057,1105703,31057,CLT,"Charlotte, NC",North Carolina,10397,1039707,30397,ATL,"Atlanta, GA",Georgia,1353,1351.0,-2.0,0.0,0.0,-1.0,1300-1359,22.0,1413.0,1501.0,9.0,1517,1510.0,-7.0,0.0,0.0,-1.0,1500-1559,0,,0,,,,,
1732,2025,1,1,23,4,1/23/2025,AA,5021,11057,1105703,31057,CLT,"Charlotte, NC",North Carolina,10397,1039707,30397,ATL,"Atlanta, GA",Georgia,1353,1408.0,15.0,15.0,1.0,1.0,1300-1359,21.0,1429.0,1518.0,5.0,1517,1523.0,6.0,6.0,0.0,0.0,1500-1559,0,,0,,,,,
1733,2025,1,1,24,5,1/24/2025,AA,5021,11057,1105703,31057,CLT,"Charlotte, NC",North Carolina,10397,1039707,30397,ATL,"Atlanta, GA",Georgia,1353,1350.0,-3.0,0.0,0.0,-1.0,1300-1359,17.0,1407.0,1452.0,5.0,1517,1457.0,-20.0,0.0,0.0,-2.0,1500-1559,0,,0,,,,,
1734,2025,1,1,25,6,1/25/2025,AA,5021,11057,1105703,31057,CLT,"Charlotte, NC",North Carolina,10397,1039707,30397,ATL,"Atlanta, GA",Georgia,1353,1346.0,-7.0,0.0,0.0,-1.0,1300-1359,30.0,1416.0,1502.0,6.0,1517,1508.0,-9.0,0.0,0.0,-1.0,1500-1559,0,,0,,,,,
1735,2025,1,1,26,7,1/26/2025,AA,5021,11057,1105703,31057,CLT,"Charlotte, NC",North Carolina,10397,1039707,30397,ATL,"Atlanta, GA",Georgia,1353,1346.0,-7.0,0.0,0.0,-1.0,1300-1359,29.0,1415.0,1503.0,6.0,1517,1509.0,-8.0,0.0,0.0,-1.0,1500-1559,0,,0,,,,,
1736,2025,1,1,27,1,1/27/2025,AA,5021,11057,1105703,31057,CLT,"Charlotte, NC",North Carolina,10397,1039707,30397,ATL,"Atlanta, GA",Georgia,1353,1345.0,-8.0,0.0,0.0,-1.0,1300-1359,32.0,1417.0,1506.0,9.0,1517,1515.0,-2.0,0.0,0.0,-1.0,1500-1559,0,,0,,,,,
1737,2025,1,1,28,2,1/28/2025,AA,5021,11057,1105703,31057,CLT,"Charlotte, NC",North Carolina,10397,1039707,30397,ATL,"Atlanta, GA",Georgia,1353,1437.0,44.0,44.0,1.0,2.0,1300-1359,32.0,1509.0,1556.0,6.0,1517,1602.0,45.0,45.0,1.0,3.0,1500-1559,0,,0,0.0,0.0,1.0,0.0,44.0
1738,2025,1,1,29,3,1/29/2025,AA,5021,11057,1105703,31057,CLT,"Charlotte, NC",North Carolina,10397,1039707,30397,ATL,"Atlanta, GA",Georgia,1353,1347.0,-6.0,0.0,0.0,-1.0,1300-1359,18.0,1405.0,1451.0,5.0,1517,1456.0,-21.0,0.0,0.0,-2.0,1500-1559,0,,0,,,,,
1739,2025,1,1,30,4,1/30/2025,AA,5021,11057,1105703,31057,CLT,"Charlotte, NC",North Carolina,10397,1039707,30397,ATL,"Atlanta, GA",Georgia,1353,1447.0,54.0,54.0,1.0,3.0,1300-1359,32.0,1519.0,1607.0,8.0,1517,1615.0,58.0,58.0,1.0,3.0,1500-1559,0,,0,3.0,0.0,4.0,0.0,51.0
1740,2025,1,1,31,5,1/31/2025,AA,5021,11057,1105703,31057,CLT,"Charlotte, NC",North Carolina,10397,1039707,30397,ATL,"Atlanta, GA",Georgia,1353,1407.0,14.0,14.0,0.0,0.0,1300-1359,22.0,1429.0,1518.0,7.0,1517,1525.0,8.0,8.0,0.0,0.0,1500-1559,0,,0,,,,,
1742,2025,1,1,1,3,1/1/2025,AA,5022,11057,1105703,31057,CLT,"Charlotte, NC",North Carolina,10397,1039707,30397,ATL,"Atlanta, GA",Georgia,1615,1721.0,66.0,66.0,1.0,4.0,1600-1659,18.0,1739.0,1828.0,8.0,1733,1836.0,63.0,63.0,1.0,4.0,1700-1759,0,,0,63.0,0.0,0.0,0.0,0.0
1743,2025,1,1,2,4,1/2/2025,AA,5022,11057,1105703,31057,CLT,"Charlotte, NC",North Carolina,10397,1039707,30397,ATL,"Atlanta, GA",Georgia,1615,1611.0,-4.0,0.0,0.0,-1.0,1600-1659,18.0,1629.0,1714.0,32.0,1733,1746.0,13.0,13.0,0.0,0.0,1700-1759,0,,0,,,,,
1744,2025,1,1,3,5,1/3/2025,AA,5022,11057,1105703,31057,CLT,"Charlotte, NC",North Carolina,10397,1039707,30397,ATL,"Atlanta, GA",Georgia,1615,1627.0,12.0,12.0,0.0,0.0,1600-1659,21.0,1648.0,1738.0,5.0,1733,1743.0,10.0,10.0,0.0,0.0,1700-1759,0,,0,,,,,
1745,2025,1,1,4,6,1/4/2025,AA,5022,11057,1105703,31057,CLT,"Charlotte, NC",North Carolina,10397,1039707,30397,ATL,"Atlanta, GA",Georgia,1615,1623.0,8.0,8.0,0.0,0.0,1600-1659,23.0,1646.0,1734.0,6.0,1733,1740.0,7.0,7.0,0.0,0.0,1700-1759,0,,0,,,,,
1746,2025,1,1,5,7,1/5/2025,AA,5022,11057,1105703,31057,CLT,"Charlotte, NC",North Carolina,10397,1039707,30397,ATL,"Atlanta, GA",Georgia,1615,1657.0,42.0,42.0,1.0,2.0,1600-1659,34.0,1731.0,1826.0,9.0,1733,1835.0,62.0,62.0,1.0,4.0,1700-1759,0,,0,7.0,0.0,20.0,0.0,35.0
1747,2025,1,1,6,1,1/6/2025,AA,5022,11057,1105703,31057,CLT,"Charlotte, NC",North Carolina,10397,1039707,30397,ATL,"Atlanta, GA",Georgia,1615,1643.0,28.0,28.0,1.0,1.0,1600-1659,18.0,1701.0,1745.0,48.0,1733,1833.0,60.0,60.0,1.0,4.0,1700-1759,0,,0,23.0,0.0,32.0,0.0,5.0
1927,2025,1,1,1,3,1/1/2025,AA,5059,11057,1105703,31057,CLT,"Charlotte, NC",North Carolina,10397,1039707,30397,ATL,"Atlanta, GA",Georgia,1823,1816.0,-7.0,0.0,0.0,-1.0,1800-1859,34.0,1850.0,1941.0,11.0,1950,1952.0,2.0,2.0,0.0,0.0,1900-1959,0,,0,,,,,
1928,2025,1,1,2,4,1/2/2025,AA,5059,11057,1105703,31057,CLT,"Charlotte, NC",North Carolina,10397,1039707,30397,ATL,"Atlanta, GA",Georgia,1823,1818.0,-5.0,0.0,0.0,-1.0,1800-1859,28.0,1846.0,1932.0,6.0,1950,1938.0,-12.0,0.0,0.0,-1.0,1900-1959,0,,0,,,,,
1929,2025,1,1,3,5,1/3/2025,AA,5059,11057,1105703,31057,CLT,"Charlotte, NC",North Carolina,10397,1039707,30397,ATL,"Atlanta, GA",Georgia,1823,1818.0,-5.0,0.0,0.0,-1.0,1800-1859,25.0,1843.0,1931.0,8.0,1950,1939.0,-11.0,0.0,0.0,-1.0,1900-1959,0,,0,,,,,
1930,2025,1,1,4,6,1/4/2025,AA,5059,11057,1105703,31057,CLT,"Charlotte, NC",North Carolina,10397,1039707,30397,ATL,"Atlanta, GA",Georgia,1823,1817.0,-6.0,0.0,0.0,-1.0,1800-1859,30.0,1847.0,1932.0,8.0,1950,1940.0,-10.0,0.0,0.0,-1.0,1900-1959,0,,0,,,,,
1931,2025,1,1,5,7,1/5/2025,AA,5059,11057,1105703,31057,CLT,"Charlotte, NC",North Carolina,10397,1039707,30397,ATL,"Atlanta, GA",Georgia,1823,1822.0,-1.0,0.0,0.0,-1.0,1800-1859,46.0,1908.0,2006.0,7.0,1950,2013.0,23.0,23.0,1.0,1.0,1900-1959,0,,0,0.0,0.0,23.0,0.0,0.0
1932,2025,1,1,6,1,1/6/2025,AA,5059,11057,1105703,31057,CLT,"Charlotte, NC",North Carolina,10397,1039707,30397,ATL,"Atlanta, GA",Georgia,1823,1914.0,51.0,51.0,1.0,3.0,1800-1859,30.0,1944.0,2028.0,5.0,1950,2033.0,43.0,43.0,1.0,2.0,1900-1959,0,,0,20.0,0.0,0.0,0.0,23.0
2277,2025,1,1,7,2,1/7/2025,AA,5121,11057,1105703,31057,CLT,"Charlotte, NC",North Carolina,10397,1039707,30397,ATL,"Atlanta, GA",Georgia,1617,1613.0,-4.0,0.0,0.0,-1.0,1600-1659,16.0,1629.0,1710.0,6.0,1742,1716.0,-26.0,0.0,0.0,-2.0,1700-1759,0,,0,,,,,
2278,2025,1,1,8,3,1/8/2025,AA,5121,11057,1105703,31057,CLT,"Charlotte, NC",North Carolina,10397,1039707,30397,ATL,"Atlanta, GA",Georgia,1617,1611.0,-6.0,0.0,0.0,-1.0,1600-1659,22.0,1633.0,1722.0,5.0,1742,1727.0,-15.0,0.0,0.0,-1.0,1700-1759,0,,0,,,,,
2279,2025,1,1,9,4,1/9/2025,AA,5121,11057,1105703,31057,CLT,"Charlotte, NC",North Carolina,10397,1039707,30397,ATL,"Atlanta, GA",Georgia,1617,1628.0,11.0,11.0,0.0,0.0,1600-1659,22.0,1650.0,1736.0,5.0,1742,1741.0,-1.0,0.0,0.0,-1.0,1700-1759,0,,0,,,,,
2280,2025,1,1,10,5,1/10/2025,AA,5121,11057,1105703,31057,CLT,"Charlotte, NC",North Carolina,10397,1039707,30397,ATL,"Atlanta, GA",Georgia,1617,,,,,,1600-1659,,,,,1742,,,,,,1700-1759,1,B,0,,,,,
2281,2025,1,1,11,6,1/11/2025,AA,5121,11057,1105703,31057,CLT,"Charlotte, NC",North Carolina,10397,1039707,30397,ATL,"Atlanta, GA",Georgia,1617,1643.0,26.0,26.0,1.0,1.0,1600-1659,20.0,1703.0,1746.0,4.0,1742,1750.0,8.0,8.0,0.0,0.0,1700-1759,0,,0,,,,,
2282,2025,1,1,12,7,1/12/2025,AA,5121,11057,1105703,31057,CLT,"Charlotte, NC",North Carolina,10397,1039707,30397,ATL,"Atlanta, GA",Georgia,1617,1952.0,215.0,215.0,1.0,12.0,1600-1659,18.0,2010.0,2055.0,8.0,1742,2103.0,201.0,201.0,1.0,12.0,1700-1759,0,,0,37.0,0.0,0.0,0.0,164.0
2283,2025,1,1,13,1,1/13/2025,AA,5121,11057,1105703,31057,CLT,"Charlotte, NC",North Carolina,10397,1039707,30397,ATL,"Atlanta, GA",Georgia,1617,1613.0,-4.0,0.0,0.0,-1.0,1600-1659,21.0,1634.0,1720.0,5.0,1742,1725.0,-17.0,0.0,0.0,-2.0,1700-1759,0,,0,,,,,
2284,2025,1,1,14,2,1/14/2025,AA,5121,11057,1105703,31057,CLT,"Charlotte, NC",North Carolina,10397,1039707,30397,ATL,"Atlanta, GA",Georgia,1617,1612.0,-5.0,0.0,0.0,-1.0,1600-1659,14.0,1626.0,1713.0,5.0,1742,1718.0,-24.0,0.0,0.0,-2.0,1700-1759,0,,0,,,,,
2285,2025,1,1,15,3,1/15/2025,AA,5121,11057,1105703,31057,CLT,"Charlotte, NC",North Carolina,10397,1039707,30397,ATL,"Atlanta, GA",Georgia,1617,1616.0,-1.0,0.0,0.0,-1.0,1600-1659,26.0,1642.0,1730.0,6.0,1742,1736.0,-6.0,0.0,0.0,-1.0,1700-1759,0,,0,,,,,
2286,2025,1,1,16,4,1/16/2025,AA,5121,11057,1105703,31057,CLT,"Charlotte, NC",North Carolina,10397,1039707,30397,ATL,"Atlanta, GA",Georgia,1617,1611.0,-6.0,0.0,0.0,-1.0,1600-1659,16.0,1627.0,1711.0,15.0,1742,1726.0,-16.0,0.0,0.0,-2.0,1700-1759,0,,0,,,,,
2287,2025,1,1,17,5,1/17/2025,AA,5121,11057,1105703,31057,CLT,"Charlotte, NC",North Carolina,10397,1039707,30397,ATL,"Atlanta, GA",Georgia,1617,1615.0,-2.0,0.0,0.0,-1.0,1600-1659,27.0,1642.0,1727.0,6.0,1742,1733.0,-9.0,0.0,0.0,-1.0,1700-1759,0,,0,,,,,
2288,2025,1,1,18,6,1/18/2025,AA,5121,11057,1105703,31057,CLT,"Charlotte, NC",North Carolina,10397,1039707,30397,ATL,"Atlanta, GA",Georgia,1617,1611.0,-6.0,0.0,0.0,-1.0,1600-1659,26.0,1637.0,1723.0,10.0,1742,1733.0,-9.0,0.0,0.0,-1.0,1700-1759,0,,0,,,,,
2289,2025,1,1,19,7,1/19/2025,AA,5121,11057,1105703,31057,CLT,"Charlotte, NC",North Carolina,10397,1039707,30397,ATL,"Atlanta, GA",Georgia,1617,1628.0,11.0,11.0,0.0,0.0,1600-1659,45.0,1713.0,1803.0,6.0,1742,1809.0,27.0,27.0,1.0,1.0,1700-1759,0,,0,0.0,0.0,16.0,0.0,11.0
2290,2025,1,1,20,1,1/20/2025,AA,5121,11057,1105703,31057,CLT,"Charlotte, NC",North Carolina,10397,1039707,30397,ATL,"Atlanta, GA",Georgia,1617,1615.0,-2.0,0.0,0.0,-1.0,1600-1659,19.0,1634.0,1720.0,6.0,1742,1726.0,-16.0,0.0,0.0,-2.0,1700-1759,0,,0,,,,,
2291,2025,1,1,21,2,1/21/2025,AA,5121,11057,1105703,31057,CLT,"Charlotte, NC",North Carolina,10397,1039707,30397,ATL,"Atlanta, GA",Georgia,1617,1612.0,-5.0,0.0,0.0,-1.0,1600-1659,36.0,1648.0,1742.0,6.0,1742,1748.0,6.0,6.0,0.0,0.0,1700-1759,0,,0,,,,,
2292,2025,1,1,22,3,1/22/2025,AA,5121,11057,1105703,31057,CLT,"Charlotte, NC",North Carolina,10397,1039707,30397,ATL,"Atlanta, GA",Georgia,1617,1630.0,13.0,13.0,0.0,0.0,1600-1659,20.0,1650.0,1738.0,8.0,1742,1746.0,4.0,4.0,0.0,0.0,1700-1759,0,,0,,,,,
2293,2025,1,1,23,4,1/23/2025,AA,5121,11057,1105703,31057,CLT,"Charlotte, NC",North Carolina,10397,1039707,30397,ATL,"Atlanta, GA",Georgia,1617,1613.0,-4.0,0.0,0.0,-1.0,1600-1659,43.0,1656.0,1744.0,6.0,1742,1750.0,8.0,8.0,0.0,0.0,1700-1759,0,,0,,,,,
2294,2025,1,1,24,5,1/24/2025,AA,5121,11057,1105703,31057,CLT,"Charlotte, NC",North Carolina,10397,1039707,30397,ATL,"Atlanta, GA",Georgia,1617,1619.0,2.0,2.0,0.0,0.0,1600-1659,17.0,1636.0,1722.0,6.0,1742,1728.0,-14.0,0.0,0.0,-1.0,1700-1759,0,,0,,,,,
2295,2025,1,1,25,6,1/25/2025,AA,5121,11057,1105703,31057,CLT,"Charlotte, NC",North Carolina,10397,1039707,30397,ATL,"Atlanta, GA",Georgia,1617,1617.0,0.0,0.0,0.0,0.0,1600-1659,36.0,1653.0,1738.0,5.0,1742,1743.0,1.0,1.0,0.0,0.0,1700-1759,0,,0,,,,,
2296,2025,1,1,26,7,1/26/2025,AA,5121,11057,1105703,31057,CLT,"Charlotte, NC",North Carolina,10397,1039707,30397,ATL,"Atlanta, GA",Georgia,1617,1623.0,6.0,6.0,0.0,0.0,1600-1659,22.0,1645.0,1732.0,15.0,1742,1747.0,5.0,5.0,0.0,0.0,1700-1759,0,,0,,,,,
2297,2025,1,1,27,1,1/27/2025,AA,5121,11057,1105703,31057,CLT,"Charlotte, NC",North Carolina,10397,1039707,30397,ATL,"Atlanta, GA",Georgia,1617,1612.0,-5.0,0.0,0.0,-1.0,1600-1659,47.0,1659.0,1748.0,13.0,1742,1801.0,19.0,19.0,1.0,1.0,1700-1759,0,,0,0.0,0.0,19.0,0.0,0.0
2298,2025,1,1,28,2,1/28/2025,AA,5121,11057,1105703,31057,CLT,"Charlotte, NC",North Carolina,10397,1039707,30397,ATL,"Atlanta, GA",Georgia,1617,1613.0,-4.0,0.0,0.0,-1.0,1600-1659,20.0,1633.0,1719.0,9.0,1742,1728.0,-14.0,0.0,0.0,-1.0,1700-1759,0,,0,,,,,
2299,2025,1,1,29,3,1/29/2025,AA,5121,11057,1105703,31057,CLT,"Charlotte, NC",North Carolina,10397,1039707,30397,ATL,"Atlanta, GA",Georgia,1617,1613.0,-4.0,0.0,0.0,-1.0,1600-1659,26.0,1639.0,1725.0,6.0,1742,1731.0,-11.0,0.0,0.0,-1.0,1700-1759,0,,0,,,,,
2300,2025,1,1,30,4,1/30/2025,AA,5121,11057,1105703,31057,CLT,"Charlotte, NC",North Carolina,10397,1039707,30397,ATL,"Atlanta, GA",Georgia,1617,1615.0,-2.0,0.0,0.0,-1.0,1600-1659,23.0,1638.0,1724.0,11.0,1742,1735.0,-7.0,0.0,0.0,-1.0,1700-1759,0,,0,,,,,
2301,2025,1,1,31,5,1/31/2025,AA,5121,11057,1105703,31057,CLT,"Charlotte, NC",North Carolina,10397,1039707,30397,ATL,"Atlanta, GA",Georgia,1617,1630.0,13.0,13.0,0.0,0.0,1600-1659,27.0,1657.0,1751.0,5.0,1742,1756.0,14.0,14.0,0.0,0.0,1700-1759,0,,0,,,,,
2835,2025,1,1,2,4,1/2/2025,AA,5176,11057,1105703,31057,CLT,"Charlotte, NC",North Carolina,10397,1039707,30397,ATL,"Atlanta, GA",Georgia,715,709.0,-6.0,0.0,0.0,-1.0,0700-0759,37.0,746.0,832.0,8.0,838,840.0,2.0,2.0,0.0,0.0,0800-0859,0,,0,,,,,
2836,2025,1,1,3,5,1/3/2025,AA,5176,11057,1105703,31057,CLT,"Charlotte, NC",North Carolina,10397,1039707,30397,ATL,"Atlanta, GA",Georgia,715,709.0,-6.0,0.0,0.0,-1.0,0700-0759,23.0,732.0,820.0,9.0,838,829.0,-9.0,0.0,0.0,-1.0,0800-0859,0,,0,,,,,
2837,2025,1,1,5,7,1/5/2025,AA,5176,11057,1105703,31057,CLT,"Charlotte, NC",North Carolina,10397,1039707,30397,ATL,"Atlanta, GA",Georgia,715,710.0,-5.0,0.0,0.0,-1.0,0700-0759,17.0,727.0,814.0,6.0,838,820.0,-18.0,0.0,0.0,-2.0,0800-0859,0,,0,,,,,
2838,2025,1,1,6,1,1/6/2025,AA,5176,11057,1105703,31057,CLT,"Charlotte, NC",North Carolina,10397,1039707,30397,ATL,"Atlanta, GA",Georgia,715,713.0,-2.0,0.0,0.0,-1.0,0700-0759,47.0,800.0,851.0,5.0,838,856.0,18.0,18.0,1.0,1.0,0800-0859,0,,0,0.0,0.0,18.0,0.0,0.0
2839,2025,1,1,9,4,1/9/2025,AA,5176,11057,1105703,31057,CLT,"Charlotte, NC",North Carolina,10397,1039707,30397,ATL,"Atlanta, GA",Georgia,716,712.0,-4.0,0.0,0.0,-1.0,0700-0759,20.0,732.0,816.0,7.0,844,823.0,-21.0,0.0,0.0,-2.0,0800-0859,0,,0,,,,,
2840,2025,1,1,12,7,1/12/2025,AA,5176,11057,1105703,31057,CLT,"Charlotte, NC",North Carolina,10397,1039707,30397,ATL,"Atlanta, GA",Georgia,716,742.0,26.0,26.0,1.0,1.0,0700-0759,54.0,836.0,917.0,7.0,844,924.0,40.0,40.0,1.0,2.0,0800-0859,0,,0,26.0,0.0,14.0,0.0,0.0
2841,2025,1,1,16,4,1/16/2025,AA,5176,11057,1105703,31057,CLT,"Charlotte, NC",North Carolina,10397,1039707,30397,ATL,"Atlanta, GA",Georgia,716,709.0,-7.0,0.0,0.0,-1.0,0700-0759,36.0,745.0,832.0,7.0,844,839.0,-5.0,0.0,0.0,-1.0,0800-0859,0,,0,,,,,
2842,2025,1,1,23,4,1/23/2025,AA,5176,11057,1105703,31057,CLT,"Charlotte, NC",North Carolina,10397,1039707,30397,ATL,"Atlanta, GA",Georgia,716,711.0,-5.0,0.0,0.0,-1.0,0700-0759,34.0,745.0,834.0,6.0,844,840.0,-4.0,0.0,0.0,-1.0,0800-0859,0,,0,,,,,
2843,2025,1,1,26,7,1/26/2025,AA,5176,11057,1105703,31057,CLT,"Charlotte, NC",North Carolina,10397,1039707,30397,ATL,"Atlanta, GA",Georgia,716,800.0,44.0,44.0,1.0,2.0,0700-0759,32.0,832.0,920.0,5.0,844,925.0,41.0,41.0,1.0,2.0,0800-0859,0,,0,41.0,0.0,0.0,0.0,0.0
2844,2025,1,1,30,4,1/30/2025,AA,5176,11057,1105703,31057,CLT,"Charlotte, NC",North Carolina,10397,1039707,30397,ATL,"Atlanta, GA",Georgia,716,713.0,-3.0,0.0,0.0,-1.0,0700-0759,29.0,742.0,828.0,13.0,844,841.0,-3.0,0.0,0.0,-1.0,0800-0859,0,,0,,,,,
3335,2025,1,1,7,2,1/7/2025,AA,5226,11057,1105703,31057,CLT,"Charlotte, NC",North Carolina,10397,1039707,30397,ATL,"Atlanta, GA",Georgia,1819,1828.0,9.0,9.0,0.0,0.0,1800-1859,20.0,1848.0,1933.0,9.0,1948,1942.0,-6.0,0.0,0.0,-1.0,1900-1959,0,,0,,,,,
3336,2025,1,1,8,3,1/8/2025,AA,5226,11057,1105703,31057,CLT,"Charlotte, NC",North Carolina,10397,1039707,30397,ATL,"Atlanta, GA",Georgia,1819,1814.0,-5.0,0.0,0.0,-1.0,1800-1859,29.0,1843.0,1934.0,10.0,1948,1944.0,-4.0,0.0,0.0,-1.0,1900-1959,0,,0,,,,,
3337,2025,1,1,9,4,1/9/2025,AA,5226,11057,1105703,31057,CLT,"Charlotte, NC",North Carolina,10397,1039707,30397,ATL,"Atlanta, GA",Georgia,1819,1815.0,-4.0,0.0,0.0,-1.0,1800-1859,36.0,1851.0,1935.0,38.0,1948,2013.0,25.0,25.0,1.0,1.0,1900-1959,0,,0,0.0,0.0,25.0,0.0,0.0
3338,2025,1,1,10,5,1/10/2025,AA,5226,11057,1105703,31057,CLT,"Charlotte, NC",North Carolina,10397,1039707,30397,ATL,"Atlanta, GA",Georgia,1819,,,,,,1800-1859,,,,,1948,,,,,,1900-1959,1,B,0,,,,,
3339,2025,1,1,11,6,1/11/2025,AA,5226,11057,1105703,31057,CLT,"Charlotte, NC",North Carolina,10397,1039707,30397,ATL,"Atlanta, GA",Georgia,1819,1841.0,22.0,22.0,1.0,1.0,1800-1859,24.0,1905.0,1948.0,6.0,1948,1954.0,6.0,6.0,0.0,0.0,1900-1959,0,,0,,,,,
3340,2025,1,1,12,7,1/12/2025,AA,5226,11057,1105703,31057,CLT,"Charlotte, NC",North Carolina,10397,1039707,30397,ATL,"Atlanta, GA",Georgia,1819,1850.0,31.0,31.0,1.0,2.0,1800-1859,28.0,1918.0,2002.0,4.0,1948,2006.0,18.0,18.0,1.0,1.0,1900-1959,0,,0,18.0,0.0,0.0,0.0,0.0
3341,2025,1,1,13,1,1/13/2025,AA,5226,11057,1105703,31057,CLT,"Charlotte, NC",North Carolina,10397,1039707,30397,ATL,"Atlanta, GA",Georgia,1819,1943.0,84.0,84.0,1.0,5.0,1800-1859,18.0,2001.0,2048.0,6.0,1948,2054.0,66.0,66.0,1.0,4.0,1900-1959,0,,0,0.0,0.0,0.0,0.0,66.0
3342,2025,1,1,14,2,1/14/2025,AA,5226,11057,1105703,31057,CLT,"Charlotte, NC",North Carolina,10397,1039707,30397,ATL,"Atlanta, GA",Georgia,1819,1858.0,39.0,39.0,1.0,2.0,1800-1859,19.0,1917.0,2004.0,8.0,1948,2012.0,24.0,24.0,1.0,1.0,1900-1959,0,,0,24.0,0.0,0.0,0.0,0.0
3343,2025,1,1,15,3,1/15/2025,AA,5226,11057,1105703,31057,CLT,"Charlotte, NC",North Carolina,10397,1039707,30397,ATL,"Atlanta, GA",Georgia,1819,1813.0,-6.0,0.0,0.0,-1.0,1800-1859,38.0,1851.0,1938.0,9.0,1948,1947.0,-1.0,0.0,0.0,-1.0,1900-1959,0,,0,,,,,
3344,2025,1,1,16,4,1/16/2025,AA,5226,11057,1105703,31057,CLT,"Charlotte, NC",North Carolina,10397,1039707,30397,ATL,"Atlanta, GA",Georgia,1819,1812.0,-7.0,0.0,0.0,-1.0,1800-1859,30.0,1842.0,1929.0,4.0,1948,1933.0,-15.0,0.0,0.0,-1.0,1900-1959,0,,0,,,,,
3345,2025,1,1,17,5,1/17/2025,AA,5226,11057,1105703,31057,CLT,"Charlotte, NC",North Carolina,10397,1039707,30397,ATL,"Atlanta, GA",Georgia,1819,1813.0,-6.0,0.0,0.0,-1.0,1800-1859,28.0,1841.0,1925.0,9.0,1948,1934.0,-14.0,0.0,0.0,-1.0,1900-1959,0,,0,,,,,
3346,2025,1,1,18,6,1/18/2025,AA,5226,11057,1105703,31057,CLT,"Charlotte, NC",North Carolina,10397,1039707,30397,ATL,"Atlanta, GA",Georgia,1819,1811.0,-8.0,0.0,0.0,-1.0,1800-1859,40.0,1851.0,1941.0,5.0,1948,1946.0,-2.0,0.0,0.0,-1.0,1900-1959,0,,0,,,,,
3347,2025,1,1,19,7,1/19/2025,AA,5226,11057,1105703,31057,CLT,"Charlotte, NC",North Carolina,10397,1039707,30397,ATL,"Atlanta, GA",Georgia,1819,1948.0,89.0,89.0,1.0,5.0,1800-1859,20.0,2008.0,2104.0,7.0,1948,2111.0,83.0,83.0,1.0,5.0,1900-1959,0,,0,83.0,0.0,0.0,0.0,0.0
3348,2025,1,1,20,1,1/20/2025,AA,5226,11057,1105703,31057,CLT,"Charlotte, NC",North Carolina,10397,1039707,30397,ATL,"Atlanta, GA",Georgia,1819,1813.0,-6.0,0.0,0.0,-1.0,1800-1859,30.0,1843.0,1935.0,5.0,1948,1940.0,-8.0,0.0,0.0,-1.0,1900-1959,0,,0,,,,,
3349,2025,1,1,21,2,1/21/2025,AA,5226,11057,1105703,31057,CLT,"Charlotte, NC",North Carolina,10397,1039707,30397,ATL,"Atlanta, GA",Georgia,1819,1945.0,86.0,86.0,1.0,5.0,1800-1859,117.0,2142.0,2230.0,7.0,1948,2237.0,169.0,169.0,1.0,11.0,1900-1959,0,,0,0.0,0.0,169.0,0.0,0.0
3350,2025,1,1,22,3,1/22/2025,AA,5226,11057,1105703,31057,CLT,"Charlotte, NC",North Carolina,10397,1039707,30397,ATL,"Atlanta, GA",Georgia,1819,1814.0,-5.0,0.0,0.0,-1.0,1800-1859,27.0,1841.0,1929.0,9.0,1948,1938.0,-10.0,0.0,0.0,-1.0,1900-1959,0,,0,,,,,
3351,2025,1,1,23,4,1/23/2025,AA,5226,11057,1105703,31057,CLT,"Charlotte, NC",North Carolina,10397,1039707,30397,ATL,"Atlanta, GA",Georgia,1819,1819.0,0.0,0.0,0.0,0.0,1800-1859,34.0,1853.0,1942.0,9.0,1948,1951.0,3.0,3.0,0.0,0.0,1900-1959,0,,0,,,,,
3352,2025,1,1,24,5,1/24/2025,AA,5226,11057,1105703,31057,CLT,"Charlotte, NC",North Carolina,10397,1039707,30397,ATL,"Atlanta, GA",Georgia,1819,1813.0,-6.0,0.0,0.0,-1.0,1800-1859,28.0,1841.0,1925.0,6.0,1948,1931.0,-17.0,0.0,0.0,-2.0,1900-1959,0,,0,,,,,
3353,2025,1,1,25,6,1/25/2025,AA,5226,11057,1105703,31057,CLT,"Charlotte, NC",North Carolina,10397,1039707,30397,ATL,"Atlanta, GA",Georgia,1819,1814.0,-5.0,0.0,0.0,-1.0,1800-1859,39.0,1853.0,1939.0,6.0,1948,1945.0,-3.0,0.0,0.0,-1.0,1900-1959,0,,0,,,,,
3354,2025,1,1,26,7,1/26/2025,AA,5226,11057,1105703,31057,CLT,"Charlotte, NC",North Carolina,10397,1039707,30397,ATL,"Atlanta, GA",Georgia,1819,1829.0,10.0,10.0,0.0,0.0,1800-1859,26.0,1855.0,1943.0,11.0,1948,1954.0,6.0,6.0,0.0,0.0,1900-1959,0,,0,,,,,
3355,2025,1,1,27,1,1/27/2025,AA,5226,11057,1105703,31057,CLT,"Charlotte, NC",North Carolina,10397,1039707,30397,ATL,"Atlanta, GA",Georgia,1819,1848.0,29.0,29.0,1.0,1.0,1800-1859,40.0,1928.0,2015.0,9.0,1948,2024.0,36.0,36.0,1.0,2.0,1900-1959,0,,0,8.0,0.0,7.0,0.0,21.0
3356,2025,1,1,28,2,1/28/2025,AA,5226,11057,1105703,31057,CLT,"Charlotte, NC",North Carolina,10397,1039707,30397,ATL,"Atlanta, GA",Georgia,1819,1813.0,-6.0,0.0,0.0,-1.0,1800-1859,31.0,1844.0,1926.0,9.0,1948,1935.0,-13.0,0.0,0.0,-1.0,1900-1959,0,,0,,,,,
3357,2025,1,1,29,3,1/29/2025,AA,5226,11057,1105703,31057,CLT,"Charlotte, NC",North Carolina,10397,1039707,30397,ATL,"Atlanta, GA",Georgia,1819,1812.0,-7.0,0.0,0.0,-1.0,1800-1859,27.0,1839.0,1926.0,6.0,1948,1932.0,-16.0,0.0,0.0,-2.0,1900-1959,0,,0,,,,,
3358,2025,1,1,30,4,1/30/2025,AA,5226,11057,1105703,31057,CLT,"Charlotte, NC",North Carolina,10397,1039707,30397,ATL,"Atlanta, GA",Georgia,1819,,,,,,1800-1859,,,,,1948,,,,,,1900-1959,1,A,0,,,,,
3359,2025,1,1,31,5,1/31/2025,AA,5226,11057,1105703,31057,CLT,"Charlotte, NC",North Carolina,10397,1039707,30397,ATL,"Atlanta, GA",Georgia,1819,1820.0,1.0,1.0,0.0,0.0,1800-1859,28.0,1848.0,1938.0,8.0,1948,1946.0,-2.0,0.0,0.0,-1.0,1900-1959,0,,0,,,,,
5161,2025,1,1,4,6,1/4/2025,AA,5456,11057,1105703,31057,CLT,"Charlotte, NC",North Carolina,14576,1457607,34576,ROC,"Rochester, NY",New York,1453,1448.0,-5.0,0.0,0.0,-1.0,1400-1459,22.0,1510.0,1643.0,8.0,1648,1651.0,3.0,3.0,0.0,0.0,1600-1659,0,,0,,,,,
6008,2025,1,1,2,4,1/2/2025,AA,5588,11057,1105703,31057,CLT,"Charlotte, NC",North Carolina,10397,1039707,30397,ATL,"Atlanta, GA",Georgia,2254,2249.0,-5.0,0.0,0.0,-1.0,2200-2259,28.0,2317.0,1.0,6.0,26,7.0,-19.0,0.0,0.0,-2.0,0001-0559,0,,0,,,,,
6009,2025,1,1,4,6,1/4/2025,AA,5588,11057,1105703,31057,CLT,"Charlotte, NC",North Carolina,10397,1039707,30397,ATL,"Atlanta, GA",Georgia,2254,2253.0,-1.0,0.0,0.0,-1.0,2200-2259,20.0,2313.0,2357.0,9.0,26,6.0,-20.0,0.0,0.0,-2.0,0001-0559,0,,0,,,,,
6010,2025,1,1,5,7,1/5/2025,AA,5588,11057,1105703,31057,CLT,"Charlotte, NC",North Carolina,10397,1039707,30397,ATL,"Atlanta, GA",Georgia,2254,2249.0,-5.0,0.0,0.0,-1.0,2200-2259,30.0,2319.0,6.0,8.0,26,14.0,-12.0,0.0,0.0,-1.0,0001-0559,0,,0,,,,,
6412,2025,1,1,28,2,1/28/2025,UA,1377,11057,1105703,31057,CLT,"Charlotte, NC",North Carolina,11292,1129202,30325,DEN,"Denver, CO",Colorado,1610,1604.0,-6.0,0.0,0.0,-1.0,1600-1659,10.0,1614.0,1731.0,10.0,1806,1741.0,-25.0,0.0,0.0,-2.0,1800-1859,0,,0,,,,,
6413,2025,1,1,28,2,1/28/2025,UA,1256,11057,1105703,31057,CLT,"Charlotte, NC",North Carolina,11292,1129202,30325,DEN,"Denver, CO",Colorado,808,759.0,-9.0,0.0,0.0,-1.0,0800-0859,11.0,810.0,923.0,5.0,1006,928.0,-38.0,0.0,0.0,-2.0,1000-1059,0,,0,,,,,
6417,2025,1,1,27,1,1/27/2025,UA,2672,11057,1105703,31057,CLT,"Charlotte, NC",North Carolina,13930,1393008,30977,ORD,"Chicago, IL",Illinois,630,620.0,-10.0,0.0,0.0,-1.0,0600-0659,15.0,635.0,708.0,25.0,745,733.0,-12.0,0.0,0.0,-1.0,0700-0759,0,,0,,,,,
6419,2025,1,1,27,1,1/27/2025,UA,1377,11057,1105703,31057,CLT,"Charlotte, NC",North Carolina,11292,1129202,30325,DEN,"Denver, CO",Colorado,1610,1603.0,-7.0,0.0,0.0,-1.0,1600-1659,13.0,1616.0,1737.0,26.0,1806,1803.0,-3.0,0.0,0.0,-1.0,1800-1859,0,,0,,,,,
6420,2025,1,1,27,1,1/27/2025,UA,1256,11057,1105703,31057,CLT,"Charlotte, NC",North Carolina,11292,1129202,30325,DEN,"Denver, CO",Colorado,808,759.0,-9.0,0.0,0.0,-1.0,0800-0859,18.0,817.0,943.0,20.0,1006,1003.0,-3.0,0.0,0.0,-1.0,1000-1059,0,,0,,,,,
6424,2025,1,1,26,7,1/26/2025,UA,2672,11057,1105703,31057,CLT,"Charlotte, NC",North Carolina,13930,1393008,30977,ORD,"Chicago, IL",Illinois,625,645.0,20.0,20.0,1.0,1.0,0600-0659,17.0,702.0,738.0,6.0,740,744.0,4.0,4.0,0.0,0.0,0700-0759,0,,0,,,,,
6426,2025,1,1,26,7,1/26/2025,UA,1377,11057,1105703,31057,CLT,"Charlotte, NC",North Carolina,11292,1129202,30325,DEN,"Denver, CO",Colorado,1610,1602.0,-8.0,0.0,0.0,-1.0,1600-1659,16.0,1618.0,1745.0,5.0,1806,1750.0,-16.0,0.0,0.0,-2.0,1800-1859,0,,0,,,,,
6427,2025,1,1,26,7,1/26/2025,UA,1256,11057,1105703,31057,CLT,"Charlotte, NC",North Carolina,11292,1129202,30325,DEN,"Denver, CO",Colorado,808,800.0,-8.0,0.0,0.0,-1.0,0800-0859,19.0,819.0,954.0,11.0,1006,1005.0,-1.0,0.0,0.0,-1.0,1000-1059,0,,0,,,,,
6430,2025,1,1,25,6,1/25/2025,UA,2672,11057,1105703,31057,CLT,"Charlotte, NC",North Carolina,13930,1393008,30977,ORD,"Chicago, IL",Illinois,625,626.0,1.0,1.0,0.0,0.0,0600-0659,17.0,643.0,721.0,13.0,740,734.0,-6.0,0.0,0.0,-1.0,0700-0759,0,,0,,,,,
6432,2025,1,1,25,6,1/25/2025,UA,1377,11057,1105703,31057,CLT,"Charlotte, NC",North Carolina,11292,1129202,30325,DEN,"Denver, CO",Colorado,1610,1612.0,2.0,2.0,0.0,0.0,1600-1659,17.0,1629.0,1755.0,16.0,1806,1811.0,5.0,5.0,0.0,0.0,1800-1859,0,,0,,,,,
6433,2025,1,1,25,6,1/25/2025,UA,1256,11057,1105703,31057,CLT,"Charlotte, NC",North Carolina,11292,1129202,30325,DEN,"Denver, CO",Colorado,808,804.0,-4.0,0.0,0.0,-1.0,0800-0859,35.0,839.0,1017.0,10.0,1006,1027.0,21.0,21.0,1.0,1.0,1000-1059,0,,0,0.0,0.0,21.0,0.0,0.0
6437,2025,1,1,17,5,1/17/2025,UA,2672,11057,1105703,31057,CLT,"Charlotte, NC",North Carolina,13930,1393008,30977,ORD,"Chicago, IL",Illinois,630,623.0,-7.0,0.0,0.0,-1.0,0600-0659,15.0,638.0,714.0,6.0,745,720.0,-25.0,0.0,0.0,-2.0,0700-0759,0,,0,,,,,
6439,2025,1,1,17,5,1/17/2025,UA,1377,11057,1105703,31057,CLT,"Charlotte, NC",North Carolina,11292,1129202,30325,DEN,"Denver, CO",Colorado,1610,1607.0,-3.0,0.0,0.0,-1.0,1600-1659,11.0,1618.0,1730.0,22.0,1806,1752.0,-14.0,0.0,0.0,-1.0,1800-1859,0,,0,,,,,
6440,2025,1,1,17,5,1/17/2025,UA,1256,11057,1105703,31057,CLT,"Charlotte, NC",North Carolina,11292,1129202,30325,DEN,"Denver, CO",Colorado,808,802.0,-6.0,0.0,0.0,-1.0,0800-0859,20.0,822.0,925.0,9.0,1006,934.0,-32.0,0.0,0.0,-2.0,1000-1059,0,,0,,,,,
6444,2025,1,1,16,4,1/16/2025,UA,2672,11057,1105703,31057,CLT,"Charlotte, NC",North Carolina,13930,1393008,30977,ORD,"Chicago, IL",Illinois,630,623.0,-7.0,0.0,0.0,-1.0,0600-0659,17.0,640.0,723.0,13.0,745,736.0,-9.0,0.0,0.0,-1.0,0700-0759,0,,0,,,,,
6446,2025,1,1,16,4,1/16/2025,UA,1377,11057,1105703,31057,CLT,"Charlotte, NC",North Carolina,11292,1129202,30325,DEN,"Denver, CO",Colorado,1610,1615.0,5.0,5.0,0.0,0.0,1600-1659,14.0,1629.0,1742.0,10.0,1806,1752.0,-14.0,0.0,0.0,-1.0,1800-1859,0,,0,,,,,
6447,2025,1,1,16,4,1/16/2025,UA,1256,11057,1105703,31057,CLT,"Charlotte, NC",North Carolina,11292,1129202,30325,DEN,"Denver, CO",Colorado,808,759.0,-9.0,0.0,0.0,-1.0,0800-0859,25.0,824.0,951.0,8.0,1006,959.0,-7.0,0.0,0.0,-1.0,1000-1059,0,,0,,,,,
6451,2025,1,1,15,3,1/15/2025,UA,2672,11057,1105703,31057,CLT,"Charlotte, NC",North Carolina,13930,1393008,30977,ORD,"Chicago, IL",Illinois,630,625.0,-5.0,0.0,0.0,-1.0,0600-0659,20.0,645.0,724.0,27.0,745,751.0,6.0,6.0,0.0,0.0,0700-0759,0,,0,,,,,
6453,2025,1,1,15,3,1/15/2025,UA,1377,11057,1105703,31057,CLT,"Charlotte, NC",North Carolina,11292,1129202,30325,DEN,"Denver, CO",Colorado,1610,1619.0,9.0,9.0,0.0,0.0,1600-1659,20.0,1639.0,1752.0,11.0,1806,1803.0,-3.0,0.0,0.0,-1.0,1800-1859,0,,0,,,,,
6454,2025,1,1,15,3,1/15/2025,UA,1256,11057,1105703,31057,CLT,"Charlotte, NC",North Carolina,11292,1129202,30325,DEN,"Denver, CO",Colorado,808,805.0,-3.0,0.0,0.0,-1.0,0800-0859,16.0,821.0,944.0,21.0,1006,1005.0,-1.0,0.0,0.0,-1.0,1000-1059,0,,0,,,,,
6458,2025,1,1,14,2,1/14/2025,UA,2672,11057,1105703,31057,CLT,"Charlotte, NC",North Carolina,13930,1393008,30977,ORD,"Chicago, IL",Illinois,630,622.0,-8.0,0.0,0.0,-1.0,0600-0659,29.0,651.0,737.0,21.0,745,758.0,13.0,13.0,0.0,0.0,0700-0759,0,,0,,,,,
6461,2025,1,1,4,6,1/4/2025,UA,1377,11057,1105703,31057,CLT,"Charlotte, NC",North Carolina,11292,1129202,30325,DEN,"Denver, CO",Colorado,1615,1618.0,3.0,3.0,0.0,0.0,1600-1659,14.0,1632.0,1759.0,37.0,1811,1836.0,25.0,25.0,1.0,1.0,1800-1859,0,,0,0.0,0.0,25.0,0.0,0.0
6463,2025,1,1,4,6,1/4/2025,UA,1256,11057,1105703,31057,CLT,"Charlotte, NC",North Carolina,11292,1129202,30325,DEN,"Denver, CO",Colorado,807,804.0,-3.0,0.0,0.0,-1.0,0800-0859,16.0,820.0,949.0,22.0,1005,1011.0,6.0,6.0,0.0,0.0,1000-1059,0,,0,,,,,
6465,2025,1,1,3,5,1/3/2025,UA,2672,11057,1105703,31057,CLT,"Charlotte, NC",North Carolina,13930,1393008,30977,ORD,"Chicago, IL",Illinois,628,632.0,4.0,4.0,0.0,0.0,0600-0659,19.0,651.0,725.0,23.0,743,748.0,5.0,5.0,0.0,0.0,0700-0759,0,,0,,,,,
6466,2025,1,1,3,5,1/3/2025,UA,1935,11057,1105703,31057,CLT,"Charlotte, NC",North Carolina,13930,1393008,30977,ORD,"Chicago, IL",Illinois,1100,1055.0,-5.0,0.0,0.0,-1.0,1100-1159,13.0,1108.0,1151.0,8.0,1215,1159.0,-16.0,0.0,0.0,-2.0,1200-1259,0,,0,,,,,
6469,2025,1,1,3,5,1/3/2025,UA,1377,11057,1105703,31057,CLT,"Charlotte, NC",North Carolina,11292,1129202,30325,DEN,"Denver, CO",Colorado,1615,1606.0,-9.0,0.0,0.0,-1.0,1600-1659,16.0,1622.0,1756.0,14.0,1811,1810.0,-1.0,0.0,0.0,-1.0,1800-1859,0,,0,,,,,
6471,2025,1,1,3,5,1/3/2025,UA,1256,11057,1105703,31057,CLT,"Charlotte, NC",North Carolina,11292,1129202,30325,DEN,"Denver, CO",Colorado,807,845.0,38.0,38.0,1.0,2.0,0800-0859,14.0,859.0,1024.0,7.0,1005,1031.0,26.0,26.0,1.0,1.0,1000-1059,0,,0,26.0,0.0,0.0,0.0,0.0
6473,2025,1,1,2,4,1/2/2025,UA,2672,11057,1105703,31057,CLT,"Charlotte, NC",North Carolina,13930,1393008,30977,ORD,"Chicago, IL",Illinois,645,639.0,-6.0,0.0,0.0,-1.0,0600-0659,16.0,655.0,740.0,7.0,800,747.0,-13.0,0.0,0.0,-1.0,0800-0859,0,,0,,,,,
6474,2025,1,1,2,4,1/2/2025,UA,1935,11057,1105703,31057,CLT,"Charlotte, NC",North Carolina,13930,1393008,30977,ORD,"Chicago, IL",Illinois,1100,1058.0,-2.0,0.0,0.0,-1.0,1100-1159,27.0,1125.0,1159.0,6.0,1215,1205.0,-10.0,0.0,0.0,-1.0,1200-1259,0,,0,,,,,
6477,2025,1,1,2,4,1/2/2025,UA,1377,11057,1105703,31057,CLT,"Charlotte, NC",North Carolina,11292,1129202,30325,DEN,"Denver, CO",Colorado,1615,1607.0,-8.0,0.0,0.0,-1.0,1600-1659,17.0,1624.0,1754.0,12.0,1811,1806.0,-5.0,0.0,0.0,-1.0,1800-1859,0,,0,,,,,
6479,2025,1,1,2,4,1/2/2025,UA,1256,11057,1105703,31057,CLT,"Charlotte, NC",North Carolina,11292,1129202,30325,DEN,"Denver, CO",Colorado,807,922.0,75.0,75.0,1.0,5.0,0800-0859,20.0,942.0,1110.0,8.0,1005,1118.0,73.0,73.0,1.0,4.0,1000-1059,0,,0,73.0,0.0,0.0,0.0,0.0
6481,2025,1,1,1,3,1/1/2025,UA,1935,11057,1105703,31057,CLT,"Charlotte, NC",North Carolina,13930,1393008,30977,ORD,"Chicago, IL",Illinois,1100,1050.0,-10.0,0.0,0.0,-1.0,1100-1159,13.0,1103.0,1140.0,13.0,1215,1153.0,-22.0,0.0,0.0,-2.0,1200-1259,0,,0,,,,,
6484,2025,1,1,1,3,1/1/2025,UA,1377,11057,1105703,31057,CLT,"Charlotte, NC",North Carolina,11292,1129202,30325,DEN,"Denver, CO",Colorado,1615,1610.0,-5.0,0.0,0.0,-1.0,1600-1659,15.0,1625.0,1754.0,13.0,1811,1807.0,-4.0,0.0,0.0,-1.0,1800-1859,0,,0,,,,,
6486,2025,1,1,31,5,1/31/2025,UA,2672,11057,1105703,31057,CLT,"Charlotte, NC",North Carolina,13930,1393008,30977,ORD,"Chicago, IL",Illinois,630,624.0,-6.0,0.0,0.0,-1.0,0600-0659,16.0,640.0,736.0,43.0,745,819.0,34.0,34.0,1.0,2.0,0700-0759,0,,0,0.0,0.0,34.0,0.0,0.0
6488,2025,1,1,31,5,1/31/2025,UA,1377,11057,1105703,31057,CLT,"Charlotte, NC",North Carolina,11292,1129202,30325,DEN,"Denver, CO",Colorado,1610,1606.0,-4.0,0.0,0.0,-1.0,1600-1659,14.0,1620.0,1734.0,16.0,1806,1750.0,-16.0,0.0,0.0,-2.0,1800-1859,0,,0,,,,,
6489,2025,1,1,31,5,1/31/2025,UA,1256,11057,1105703,31057,CLT,"Charlotte, NC",North Carolina,11292,1129202,30325,DEN,"Denver, CO",Colorado,808,756.0,-12.0,0.0,0.0,-1.0,0800-0859,16.0,812.0,926.0,34.0,1006,1000.0,-6.0,0.0,0.0,-1.0,1000-1059,0,,0,,,,,
6493,2025,1,1,30,4,1/30/2025,UA,2672,11057,1105703,31057,CLT,"Charlotte, NC",North Carolina,13930,1393008,30977,ORD,"Chicago, IL",Illinois,630,625.0,-5.0,0.0,0.0,-1.0,0600-0659,20.0,645.0,724.0,13.0,745,737.0,-8.0,0.0,0.0,-1.0,0700-0759,0,,0,,,,,
6495,2025,1,1,30,4,1/30/2025,UA,1377,11057,1105703,31057,CLT,"Charlotte, NC",North Carolina,11292,1129202,30325,DEN,"Denver, CO",Colorado,1610,1607.0,-3.0,0.0,0.0,-1.0,1600-1659,30.0,1637.0,1751.0,12.0,1806,1803.0,-3.0,0.0,0.0,-1.0,1800-1859,0,,0,,,,,
6496,2025,1,1,30,4,1/30/2025,UA,1256,11057,1105703,31057,CLT,"Charlotte, NC",North Carolina,11292,1129202,30325,DEN,"Denver, CO",Colorado,808,759.0,-9.0,0.0,0.0,-1.0,0800-0859,13.0,812.0,925.0,31.0,1006,956.0,-10.0,0.0,0.0,-1.0,1000-1059,0,,0,,,,,
6500,2025,1,1,29,3,1/29/2025,UA,2672,11057,1105703,31057,CLT,"Charlotte, NC",North Carolina,13930,1393008,30977,ORD,"Chicago, IL",Illinois,630,619.0,-11.0,0.0,0.0,-1.0,0600-0659,12.0,631.0,709.0,5.0,745,714.0,-31.0,0.0,0.0,-2.0,0700-0759,0,,0,,,,,
6502,2025,1,1,29,3,1/29/2025,UA,1377,11057,1105703,31057,CLT,"Charlotte, NC",North Carolina,11292,1129202,30325,DEN,"Denver, CO",Colorado,1610,1559.0,-11.0,0.0,0.0,-1.0,1600-1659,14.0,1613.0,1743.0,10.0,1806,1753.0,-13.0,0.0,0.0,-1.0,1800-1859,0,,0,,,,,
6503,2025,1,1,29,3,1/29/2025,UA,1256,11057,1105703,31057,CLT,"Charlotte, NC",North Carolina,11292,1129202,30325,DEN,"Denver, CO",Colorado,808,801.0,-7.0,0.0,0.0,-1.0,0800-0859,12.0,813.0,946.0,10.0,1006,956.0,-10.0,0.0,0.0,-1.0,1000-1059,0,,0,,,,,
6507,2025,1,1,28,2,1/28/2025,UA,2672,11057,1105703,31057,CLT,"Charlotte, NC",North Carolina,13930,1393008,30977,ORD,"Chicago, IL",Illinois,630,622.0,-8.0,0.0,0.0,-1.0,0600-0659,13.0,635.0,712.0,35.0,745,747.0,2.0,2.0,0.0,0.0,0700-0759,0,,0,,,,,
6509,2025,1,1,14,2,1/14/2025,UA,1377,11057,1105703,31057,CLT,"Charlotte, NC",North Carolina,11292,1129202,30325,DEN,"Denver, CO",Colorado,1610,1604.0,-6.0,0.0,0.0,-1.0,1600-1659,14.0,1618.0,1756.0,10.0,1806,1806.0,0.0,0.0,0.0,0.0,1800-1859,0,,0,,,,,
6510,2025,1,1,14,2,1/14/2025,UA,1256,11057,1105703,31057,CLT,"Charlotte, NC",North Carolina,11292,1129202,30325,DEN,"Denver, CO",Colorado,808,759.0,-9.0,0.0,0.0,-1.0,0800-0859,15.0,814.0,949.0,9.0,1006,958.0,-8.0,0.0,0.0,-1.0,1000-1059,0,,0,,,,,
6514,2025,1,1,13,1,1/13/2025,UA,2672,11057,1105703,31057,CLT,"Charlotte, NC",North Carolina,13930,1393008,30977,ORD,"Chicago, IL",Illinois,630,620.0,-10.0,0.0,0.0,-1.0,0600-0659,19.0,639.0,720.0,10.0,745,730.0,-15.0,0.0,0.0,-1.0,0700-0759,0,,0,,,,,
6516,2025,1,1,13,1,1/13/2025,UA,1377,11057,1105703,31057,CLT,"Charlotte, NC",North Carolina,11292,1129202,30325,DEN,"Denver, CO",Colorado,1610,1604.0,-6.0,0.0,0.0,-1.0,1600-1659,15.0,1619.0,1758.0,14.0,1806,1812.0,6.0,6.0,0.0,0.0,1800-1859,0,,0,,,,,
6517,2025,1,1,13,1,1/13/2025,UA,1256,11057,1105703,31057,CLT,"Charlotte, NC",North Carolina,11292,1129202,30325,DEN,"Denver, CO",Colorado,808,802.0,-6.0,0.0,0.0,-1.0,0800-0859,14.0,816.0,949.0,10.0,1006,959.0,-7.0,0.0,0.0,-1.0,1000-1059,0,,0,,,,,
6521,2025,1,1,12,7,1/12/2025,UA,2672,11057,1105703,31057,CLT,"Charlotte, NC",North Carolina,13930,1393008,30977,ORD,"Chicago, IL",Illinois,625,617.0,-8.0,0.0,0.0,-1.0,0600-0659,18.0,635.0,714.0,14.0,740,728.0,-12.0,0.0,0.0,-1.0,0700-0759,0,,0,,,,,
6523,2025,1,1,12,7,1/12/2025,UA,1377,11057,1105703,31057,CLT,"Charlotte, NC",North Carolina,11292,1129202,30325,DEN,"Denver, CO",Colorado,1610,1606.0,-4.0,0.0,0.0,-1.0,1600-1659,16.0,1622.0,1744.0,8.0,1806,1752.0,-14.0,0.0,0.0,-1.0,1800-1859,0,,0,,,,,
6524,2025,1,1,12,7,1/12/2025,UA,1256,11057,1105703,31057,CLT,"Charlotte, NC",North Carolina,11292,1129202,30325,DEN,"Denver, CO",Colorado,808,807.0,-1.0,0.0,0.0,-1.0,0800-0859,33.0,840.0,1002.0,12.0,1006,1014.0,8.0,8.0,0.0,0.0,1000-1059,0,,0,,,,,
6527,2025,1,1,11,6,1/11/2025,UA,2672,11057,1105703,31057,CLT,"Charlotte, NC",North Carolina,13930,1393008,30977,ORD,"Chicago, IL",Illinois,625,625.0,0.0,0.0,0.0,0.0,0600-0659,66.0,731.0,804.0,14.0,740,818.0,38.0,38.0,1.0,2.0,0700-0759,0,,0,0.0,0.0,38.0,0.0,0.0
6529,2025,1,1,11,6,1/11/2025,UA,1377,11057,1105703,31057,CLT,"Charlotte, NC",North Carolina,11292,1129202,30325,DEN,"Denver, CO",Colorado,1610,1630.0,20.0,20.0,1.0,1.0,1600-1659,24.0,1654.0,1816.0,11.0,1806,1827.0,21.0,21.0,1.0,1.0,1800-1859,0,,0,0.0,0.0,21.0,0.0,0.0
6530,2025,1,1,11,6,1/11/2025,UA,1256,11057,1105703,31057,CLT,"Charlotte, NC",North Carolina,11292,1129202,30325,DEN,"Denver, CO",Colorado,808,802.0,-6.0,0.0,0.0,-1.0,0800-0859,66.0,908.0,1028.0,5.0,1006,1033.0,27.0,27.0,1.0,1.0,1000-1059,0,,0,0.0,0.0,27.0,0.0,0.0
6531,2025,1,1,1,3,1/1/2025,UA,1256,11057,1105703,31057,CLT,"Charlotte, NC",North Carolina,11292,1129202,30325,DEN,"Denver, CO",Colorado,807,757.0,-10.0,0.0,0.0,-1.0,0800-0859,13.0,810.0,951.0,25.0,1005,1016.0,11.0,11.0,0.0,0.0,1000-1059,0,,0,,,,,
6533,2025,1,1,24,5,1/24/2025,UA,2672,11057,1105703,31057,CLT,"Charlotte, NC",North Carolina,13930,1393008,30977,ORD,"Chicago, IL",Illinois,630,621.0,-9.0,0.0,0.0,-1.0,0600-0659,52.0,713.0,741.0,11.0,745,752.0,7.0,7.0,0.0,0.0,0700-0759,0,,0,,,,,
6535,2025,1,1,24,5,1/24/2025,UA,1377,11057,1105703,31057,CLT,"Charlotte, NC",North Carolina,11292,1129202,30325,DEN,"Denver, CO",Colorado,1610,1635.0,25.0,25.0,1.0,1.0,1600-1659,18.0,1653.0,1816.0,9.0,1806,1825.0,19.0,19.0,1.0,1.0,1800-1859,0,,0,19.0,0.0,0.0,0.0,0.0
6536,2025,1,1,24,5,1/24/2025,UA,1256,11057,1105703,31057,CLT,"Charlotte, NC",North Carolina,11292,1129202,30325,DEN,"Denver, CO",Colorado,808,,,,,,0800-0859,,,,,1006,,,,,,1000-1059,1,A,0,,,,,
6540,2025,1,1,23,4,1/23/2025,UA,2672,11057,1105703,31057,CLT,"Charlotte, NC",North Carolina,13930,1393008,30977,ORD,"Chicago, IL",Illinois,630,622.0,-8.0,0.0,0.0,-1.0,0600-0659,15.0,637.0,711.0,13.0,745,724.0,-21.0,0.0,0.0,-2.0,0700-0759,0,,0,,,,,
6542,2025,1,1,23,4,1/23/2025,UA,1377,11057,1105703,31057,CLT,"Charlotte, NC",North Carolina,11292,1129202,30325,DEN,"Denver, CO",Colorado,1610,1609.0,-1.0,0.0,0.0,-1.0,1600-1659,14.0,1623.0,1740.0,12.0,1806,1752.0,-14.0,0.0,0.0,-1.0,1800-1859,0,,0,,,,,
6543,2025,1,1,23,4,1/23/2025,UA,1256,11057,1105703,31057,CLT,"Charlotte, NC",North Carolina,11292,1129202,30325,DEN,"Denver, CO",Colorado,808,810.0,2.0,2.0,0.0,0.0,0800-0859,18.0,828.0,947.0,13.0,1006,1000.0,-6.0,0.0,0.0,-1.0,1000-1059,0,,0,,,,,
6547,2025,1,1,22,3,1/22/2025,UA,2672,11057,1105703,31057,CLT,"Charlotte, NC",North Carolina,13930,1393008,30977,ORD,"Chicago, IL",Illinois,630,625.0,-5.0,0.0,0.0,-1.0,0600-0659,16.0,641.0,710.0,15.0,745,725.0,-20.0,0.0,0.0,-2.0,0700-0759,0,,0,,,,,
6549,2025,1,1,22,3,1/22/2025,UA,1377,11057,1105703,31057,CLT,"Charlotte, NC",North Carolina,11292,1129202,30325,DEN,"Denver, CO",Colorado,1610,1609.0,-1.0,0.0,0.0,-1.0,1600-1659,16.0,1625.0,1750.0,12.0,1806,1802.0,-4.0,0.0,0.0,-1.0,1800-1859,0,,0,,,,,
6550,2025,1,1,22,3,1/22/2025,UA,1256,11057,1105703,31057,CLT,"Charlotte, NC",North Carolina,11292,1129202,30325,DEN,"Denver, CO",Colorado,808,806.0,-2.0,0.0,0.0,-1.0,0800-0859,22.0,828.0,949.0,7.0,1006,956.0,-10.0,0.0,0.0,-1.0,1000-1059,0,,0,,,,,
6554,2025,1,1,21,2,1/21/2025,UA,2672,11057,1105703,31057,CLT,"Charlotte, NC",North Carolina,13930,1393008,30977,ORD,"Chicago, IL",Illinois,630,629.0,-1.0,0.0,0.0,-1.0,0600-0659,17.0,646.0,723.0,4.0,745,727.0,-18.0,0.0,0.0,-2.0,0700-0759,0,,0,,,,,
6557,2025,1,1,10,5,1/10/2025,UA,2672,11057,1105703,31057,CLT,"Charlotte, NC",North Carolina,13930,1393008,30977,ORD,"Chicago, IL",Illinois,630,627.0,-3.0,0.0,0.0,-1.0,0600-0659,18.0,645.0,719.0,15.0,745,734.0,-11.0,0.0,0.0,-1.0,0700-0759,0,,0,,,,,
6559,2025,1,1,10,5,1/10/2025,UA,1377,11057,1105703,31057,CLT,"Charlotte, NC",North Carolina,11292,1129202,30325,DEN,"Denver, CO",Colorado,1610,1559.0,-11.0,0.0,0.0,-1.0,1600-1659,43.0,1642.0,1756.0,15.0,1806,1811.0,5.0,5.0,0.0,0.0,1800-1859,0,,0,,,,,
6560,2025,1,1,10,5,1/10/2025,UA,1256,11057,1105703,31057,CLT,"Charlotte, NC",North Carolina,11292,1129202,30325,DEN,"Denver, CO",Colorado,808,800.0,-8.0,0.0,0.0,-1.0,0800-0859,18.0,818.0,940.0,15.0,1006,955.0,-11.0,0.0,0.0,-1.0,1000-1059,0,,0,,,,,
6564,2025,1,1,9,4,1/9/2025,UA,2672,11057,1105703,31057,CLT,"Charlotte, NC",North Carolina,13930,1393008,30977,ORD,"Chicago, IL",Illinois,630,620.0,-10.0,0.0,0.0,-1.0,0600-0659,18.0,638.0,716.0,7.0,745,723.0,-22.0,0.0,0.0,-2.0,0700-0759,0,,0,,,,,
6566,2025,1,1,9,4,1/9/2025,UA,1377,11057,1105703,31057,CLT,"Charlotte, NC",North Carolina,11292,1129202,30325,DEN,"Denver, CO",Colorado,1610,1613.0,3.0,3.0,0.0,0.0,1600-1659,12.0,1625.0,1753.0,11.0,1806,1804.0,-2.0,0.0,0.0,-1.0,1800-1859,0,,0,,,,,
6567,2025,1,1,9,4,1/9/2025,UA,1256,11057,1105703,31057,CLT,"Charlotte, NC",North Carolina,11292,1129202,30325,DEN,"Denver, CO",Colorado,808,759.0,-9.0,0.0,0.0,-1.0,0800-0859,20.0,819.0,939.0,12.0,1006,951.0,-15.0,0.0,0.0,-1.0,1000-1059,0,,0,,,,,
6571,2025,1,1,8,3,1/8/2025,UA,2672,11057,1105703,31057,CLT,"Charlotte, NC",North Carolina,13930,1393008,30977,ORD,"Chicago, IL",Illinois,630,621.0,-9.0,0.0,0.0,-1.0,0600-0659,41.0,702.0,743.0,11.0,745,754.0,9.0,9.0,0.0,0.0,0700-0759,0,,0,,,,,
6573,2025,1,1,8,3,1/8/2025,UA,1377,11057,1105703,31057,CLT,"Charlotte, NC",North Carolina,11292,1129202,30325,DEN,"Denver, CO",Colorado,1610,1603.0,-7.0,0.0,0.0,-1.0,1600-1659,14.0,1617.0,1730.0,21.0,1806,1751.0,-15.0,0.0,0.0,-1.0,1800-1859,0,,0,,,,,
6574,2025,1,1,8,3,1/8/2025,UA,1256,11057,1105703,31057,CLT,"Charlotte, NC",North Carolina,11292,1129202,30325,DEN,"Denver, CO",Colorado,808,801.0,-7.0,0.0,0.0,-1.0,0800-0859,14.0,815.0,938.0,9.0,1006,947.0,-19.0,0.0,0.0,-2.0,1000-1059,0,,0,,,,,
6578,2025,1,1,7,2,1/7/2025,UA,2672,11057,1105703,31057,CLT,"Charlotte, NC",North Carolina,13930,1393008,30977,ORD,"Chicago, IL",Illinois,630,622.0,-8.0,0.0,0.0,-1.0,0600-0659,16.0,638.0,711.0,12.0,745,723.0,-22.0,0.0,0.0,-2.0,0700-0759,0,,0,,,,,
6580,2025,1,1,21,2,1/21/2025,UA,1377,11057,1105703,31057,CLT,"Charlotte, NC",North Carolina,11292,1129202,30325,DEN,"Denver, CO",Colorado,1610,1608.0,-2.0,0.0,0.0,-1.0,1600-1659,14.0,1622.0,1745.0,21.0,1806,1806.0,0.0,0.0,0.0,0.0,1800-1859,0,,0,,,,,
6581,2025,1,1,21,2,1/21/2025,UA,1256,11057,1105703,31057,CLT,"Charlotte, NC",North Carolina,11292,1129202,30325,DEN,"Denver, CO",Colorado,808,834.0,26.0,26.0,1.0,1.0,0800-0859,14.0,848.0,1020.0,7.0,1006,1027.0,21.0,21.0,1.0,1.0,1000-1059,0,,0,21.0,0.0,0.0,0.0,0.0
6585,2025,1,1,20,1,1/20/2025,UA,2672,11057,1105703,31057,CLT,"Charlotte, NC",North Carolina,13930,1393008,30977,ORD,"Chicago, IL",Illinois,630,633.0,3.0,3.0,0.0,0.0,0600-0659,20.0,653.0,731.0,7.0,745,738.0,-7.0,0.0,0.0,-1.0,0700-0759,0,,0,,,,,
6587,2025,1,1,20,1,1/20/2025,UA,1377,11057,1105703,31057,CLT,"Charlotte, NC",North Carolina,11292,1129202,30325,DEN,"Denver, CO",Colorado,1610,1639.0,29.0,29.0,1.0,1.0,1600-1659,15.0,1654.0,1818.0,16.0,1806,1834.0,28.0,28.0,1.0,1.0,1800-1859,0,,0,13.0,0.0,0.0,0.0,15.0
6588,2025,1,1,20,1,1/20/2025,UA,1256,11057,1105703,31057,CLT,"Charlotte, NC",North Carolina,11292,1129202,30325,DEN,"Denver, CO",Colorado,808,801.0,-7.0,0.0,0.0,-1.0,0800-0859,13.0,814.0,937.0,30.0,1006,1007.0,1.0,1.0,0.0,0.0,1000-1059,0,,0,,,,,
6592,2025,1,1,19,7,1/19/2025,UA,2672,11057,1105703,31057,CLT,"Charlotte, NC",North Carolina,13930,1393008,30977,ORD,"Chicago, IL",Illinois,625,621.0,-4.0,0.0,0.0,-1.0,0600-0659,15.0,636.0,701.0,20.0,740,721.0,-19.0,0.0,0.0,-2.0,0700-0759,0,,0,,,,,
6594,2025,1,1,19,7,1/19/2025,UA,1377,11057,1105703,31057,CLT,"Charlotte, NC",North Carolina,11292,1129202,30325,DEN,"Denver, CO",Colorado,1610,1831.0,141.0,141.0,1.0,9.0,1600-1659,19.0,1850.0,2009.0,10.0,1806,2019.0,133.0,133.0,1.0,8.0,1800-1859,0,,0,0.0,0.0,8.0,0.0,125.0
6595,2025,1,1,19,7,1/19/2025,UA,1256,11057,1105703,31057,CLT,"Charlotte, NC",North Carolina,11292,1129202,30325,DEN,"Denver, CO",Colorado,808,759.0,-9.0,0.0,0.0,-1.0,0800-0859,14.0,813.0,941.0,42.0,1006,1023.0,17.0,17.0,1.0,1.0,1000-1059,0,,0,0.0,0.0,17.0,0.0,0.0
6598,2025,1,1,18,6,1/18/2025,UA,2672,11057,1105703,31057,CLT,"Charlotte, NC",North Carolina,13930,1393008,30977,ORD,"Chicago, IL",Illinois,625,624.0,-1.0,0.0,0.0,-1.0,0600-0659,15.0,639.0,713.0,9.0,739,722.0,-17.0,0.0,0.0,-2.0,0700-0759,0,,0,,,,,
6600,2025,1,1,18,6,1/18/2025,UA,1377,11057,1105703,31057,CLT,"Charlotte, NC",North Carolina,11292,1129202,30325,DEN,"Denver, CO",Colorado,1610,1604.0,-6.0,0.0,0.0,-1.0,1600-1659,12.0,1616.0,1741.0,15.0,1806,1756.0,-10.0,0.0,0.0,-1.0,1800-1859,0,,0,,,,,
6601,2025,1,1,18,6,1/18/2025,UA,1256,11057,1105703,31057,CLT,"Charlotte, NC",North Carolina,11292,1129202,30325,DEN,"Denver, CO",Colorado,808,805.0,-3.0,0.0,0.0,-1.0,0800-0859,20.0,825.0,958.0,44.0,1006,1042.0,36.0,36.0,1.0,2.0,1000-1059,0,,0,0.0,0.0,36.0,0.0,0.0
6604,2025,1,1,7,2,1/7/2025,UA,1377,11057,1105703,31057,CLT,"Charlotte, NC",North Carolina,11292,1129202,30325,DEN,"Denver, CO",Colorado,1610,1606.0,-4.0,0.0,0.0,-1.0,1600-1659,13.0,1619.0,1739.0,15.0,1806,1754.0,-12.0,0.0,0.0,-1.0,1800-1859,0,,0,,,,,
6605,2025,1,1,7,2,1/7/2025,UA,1256,11057,1105703,31057,CLT,"Charlotte, NC",North Carolina,11292,1129202,30325,DEN,"Denver, CO",Colorado,808,806.0,-2.0,0.0,0.0,-1.0,0800-0859,14.0,820.0,939.0,14.0,1006,953.0,-13.0,0.0,0.0,-1.0,1000-1059,0,,0,,,,,
6609,2025,1,1,6,1,1/6/2025,UA,2672,11057,1105703,31057,CLT,"Charlotte, NC",North Carolina,13930,1393008,30977,ORD,"Chicago, IL",Illinois,645,638.0,-7.0,0.0,0.0,-1.0,0600-0659,23.0,701.0,813.0,16.0,800,829.0,29.0,29.0,1.0,1.0,0800-0859,0,,0,0.0,0.0,29.0,0.0,0.0
6610,2025,1,1,6,1,1/6/2025,UA,1935,11057,1105703,31057,CLT,"Charlotte, NC",North Carolina,13930,1393008,30977,ORD,"Chicago, IL",Illinois,1100,1328.0,148.0,148.0,1.0,9.0,1100-1159,15.0,1343.0,1422.0,24.0,1215,1446.0,151.0,151.0,1.0,10.0,1200-1259,0,,0,0.0,0.0,3.0,0.0,148.0
6613,2025,1,1,6,1,1/6/2025,UA,1377,11057,1105703,31057,CLT,"Charlotte, NC",North Carolina,11292,1129202,30325,DEN,"Denver, CO",Colorado,1615,1610.0,-5.0,0.0,0.0,-1.0,1600-1659,14.0,1624.0,1746.0,10.0,1811,1756.0,-15.0,0.0,0.0,-1.0,1800-1859,0,,0,,,,,
6615,2025,1,1,6,1,1/6/2025,UA,1256,11057,1105703,31057,CLT,"Charlotte, NC",North Carolina,11292,1129202,30325,DEN,"Denver, CO",Colorado,807,804.0,-3.0,0.0,0.0,-1.0,0800-0859,29.0,833.0,1011.0,6.0,1005,1017.0,12.0,12.0,0.0,0.0,1000-1059,0,,0,,,,,
6617,2025,1,1,5,7,1/5/2025,UA,2672,11057,1105703,31057,CLT,"Charlotte, NC",North Carolina,13930,1393008,30977,ORD,"Chicago, IL",Illinois,645,642.0,-3.0,0.0,0.0,-1.0,0600-0659,21.0,703.0,740.0,16.0,800,756.0,-4.0,0.0,0.0,-1.0,0800-0859,0,,0,,,,,
6618,2025,1,1,5,7,1/5/2025,UA,1935,11057,1105703,31057,CLT,"Charlotte, NC",North Carolina,13930,1393008,30977,ORD,"Chicago, IL",Illinois,1100,1059.0,-1.0,0.0,0.0,-1.0,1100-1159,31.0,1130.0,1209.0,16.0,1215,1225.0,10.0,10.0,0.0,0.0,1200-1259,0,,0,,,,,
6621,2025,1,1,5,7,1/5/2025,UA,1377,11057,1105703,31057,CLT,"Charlotte, NC",North Carolina,11292,1129202,30325,DEN,"Denver, CO",Colorado,1615,1611.0,-4.0,0.0,0.0,-1.0,1600-1659,10.0,1621.0,1739.0,8.0,1811,1747.0,-24.0,0.0,0.0,-2.0,1800-1859,0,,0,,,,,
6623,2025,1,1,5,7,1/5/2025,UA,1256,11057,1105703,31057,CLT,"Charlotte, NC",North Carolina,11292,1129202,30325,DEN,"Denver, CO",Colorado,807,822.0,15.0,15.0,1.0,1.0,0800-0859,14.0,836.0,956.0,52.0,1005,1048.0,43.0,43.0,1.0,2.0,1000-1059,0,,0,15.0,0.0,28.0,0.0,0.0
6625,2025,1,1,4,6,1/4/2025,UA,2672,11057,1105703,31057,CLT,"Charlotte, NC",North Carolina,13930,1393008,30977,ORD,"Chicago, IL",Illinois,630,645.0,15.0,15.0,1.0,1.0,0600-0659,28.0,713.0,759.0,10.0,745,809.0,24.0,24.0,1.0,1.0,0700-0759,0,,0,15.0,0.0,9.0,0.0,0.0
6626,2025,1,1,4,6,1/4/2025,UA,1935,11057,1105703,31057,CLT,"Charlotte, NC",North Carolina,13930,1393008,30977,ORD,"Chicago, IL",Illinois,1100,1058.0,-2.0,0.0,0.0,-1.0,1100-1159,25.0,1123.0,1208.0,6.0,1215,1214.0,-1.0,0.0,0.0,-1.0,1200-1259,0,,0,,,,,
6639,2025,1,1,1,3,1/1/2025,AA,311,11057,1105703,31057,CLT,"Charlotte, NC",North Carolina,11298,1129806,30194,DFW,"Dallas/Fort Worth, TX",Texas,2041,2046.0,5.0,5.0,0.0,0.0,2000-2059,22.0,2108.0,2235.0,13.0,2249,2248.0,-1.0,0.0,0.0,-1.0,2200-2259,0,,0,,,,,
6640,2025,1,1,2,4,1/2/2025,AA,311,11057,1105703,31057,CLT,"Charlotte, NC",North Carolina,11298,1129806,30194,DFW,"Dallas/Fort Worth, TX",Texas,2041,2050.0,9.0,9.0,0.0,0.0,2000-2059,38.0,2128.0,2303.0,7.0,2249,2310.0,21.0,21.0,1.0,1.0,2200-2259,0,,0,9.0,0.0,12.0,0.0,0.0
6641,2025,1,1,3,5,1/3/2025,AA,311,11057,1105703,31057,CLT,"Charlotte, NC",North Carolina,11298,1129806,30194,DFW,"Dallas/Fort Worth, TX",Texas,2041,2038.0,-3.0,0.0,0.0,-1.0,2000-2059,14.0,2052.0,2213.0,5.0,2249,2218.0,-31.0,0.0,0.0,-2.0,2200-2259,0,,0,,,,,
6642,2025,1,1,4,6,1/4/2025,AA,311,11057,1105703,31057,CLT,"Charlotte, NC",North Carolina,11298,1129806,30194,DFW,"Dallas/Fort Worth, TX",Texas,2041,2045.0,4.0,4.0,0.0,0.0,2000-2059,19.0,2104.0,2225.0,7.0,2249,2232.0,-17.0,0.0,0.0,-2.0,2200-2259,0,,0,,,,,
6643,2025,1,1,5,7,1/5/2025,AA,311,11057,1105703,31057,CLT,"Charlotte, NC",North Carolina,11298,1129806,30194,DFW,"Dallas/Fort Worth, TX",Texas,2041,2107.0,26.0,26.0,1.0,1.0,2000-2059,16.0,2123.0,2309.0,31.0,2249,2340.0,51.0,51.0,1.0,3.0,2200-2259,0,,0,8.0,0.0,25.0,0.0,18.0
6644,2025,1,1,6,1,1/6/2025,AA,311,11057,1105703,31057,CLT,"Charlotte, NC",North Carolina,11298,1129806,30194,DFW,"Dallas/Fort Worth, TX",Texas,2041,2118.0,37.0,37.0,1.0,2.0,2000-2059,18.0,2136.0,2306.0,13.0,2249,2319.0,30.0,30.0,1.0,2.0,2200-2259,0,,0,24.0,0.0,0.0,0.0,6.0
6725,2025,1,1,1,3,1/1/2025,AA,374,11057,1105703,31057,CLT,"Charlotte, NC",North Carolina,12478,1247805,31703,JFK,"New York, NY",New York,1309,1325.0,16.0,16.0,1.0,1.0,1300-1359,13.0,1338.0,1450.0,7.0,1501,1457.0,-4.0,0.0,0.0,-1.0,1500-1559,0,,0,,,,,
6726,2025,1,1,2,4,1/2/2025,AA,374,11057,1105703,31057,CLT,"Charlotte, NC",North Carolina,12478,1247805,31703,JFK,"New York, NY",New York,1309,1323.0,14.0,14.0,0.0,0.0,1300-1359,23.0,1346.0,1457.0,6.0,1501,1503.0,2.0,2.0,0.0,0.0,1500-1559,0,,0,,,,,
6727,2025,1,1,3,5,1/3/2025,AA,374,11057,1105703,31057,CLT,"Charlotte, NC",North Carolina,12478,1247805,31703,JFK,"New York, NY",New York,1309,1308.0,-1.0,0.0,0.0,-1.0,1300-1359,19.0,1327.0,1440.0,6.0,1501,1446.0,-15.0,0.0,0.0,-1.0,1500-1559,0,,0,,,,,
6728,2025,1,1,5,7,1/5/2025,AA,374,11057,1105703,31057,CLT,"Charlotte, NC",North Carolina,12478,1247805,31703,JFK,"New York, NY",New York,1309,1309.0,0.0,0.0,0.0,0.0,1300-1359,24.0,1333.0,1453.0,4.0,1501,1457.0,-4.0,0.0,0.0,-1.0,1500-1559,0,,0,,,,,
6729,2025,1,1,6,1,1/6/2025,AA,374,11057,1105703,31057,CLT,"Charlotte, NC",North Carolina,12478,1247805,31703,JFK,"New York, NY",New York,1309,1419.0,70.0,70.0,1.0,4.0,1300-1359,15.0,1434.0,1547.0,10.0,1459,1557.0,58.0,58.0,1.0,3.0,1400-1459,0,,0,7.0,0.0,0.0,0.0,51.0
6730,2025,1,1,7,2,1/7/2025,AA,374,11057,1105703,31057,CLT,"Charlotte, NC",North Carolina,12478,1247805,31703,JFK,"New York, NY",New York,1306,1309.0,3.0,3.0,0.0,0.0,1300-1359,26.0,1335.0,1453.0,6.0,1459,1459.0,0.0,0.0,0.0,0.0,1400-1459,0,,0,,,,,
6731,2025,1,1,8,3,1/8/2025,AA,374,11057,1105703,31057,CLT,"Charlotte, NC",North Carolina,12478,1247805,31703,JFK,"New York, NY",New York,1306,1305.0,-1.0,0.0,0.0,-1.0,1300-1359,31.0,1336.0,1453.0,7.0,1459,1500.0,1.0,1.0,0.0,0.0,1400-1459,0,,0,,,,,
6732,2025,1,1,9,4,1/9/2025,AA,374,11057,1105703,31057,CLT,"Charlotte, NC",North Carolina,12478,1247805,31703,JFK,"New York, NY",New York,1306,1304.0,-2.0,0.0,0.0,-1.0,1300-1359,18.0,1322.0,1447.0,6.0,1459,1453.0,-6.0,0.0,0.0,-1.0,1400-1459,0,,0,,,,,
6733,2025,1,1,10,5,1/10/2025,AA,374,11057,1105703,31057,CLT,"Charlotte, NC",North Carolina,12478,1247805,31703,JFK,"New York, NY",New York,1306,1530.0,144.0,144.0,1.0,9.0,1300-1359,57.0,1627.0,1740.0,5.0,1459,1745.0,166.0,166.0,1.0,11.0,1400-1459,0,,0,0.0,0.0,22.0,0.0,144.0
6734,2025,1,1,11,6,1/11/2025,AA,374,11057,1105703,31057,CLT,"Charlotte, NC",North Carolina,12478,1247805,31703,JFK,"New York, NY",New York,1306,1426.0,80.0,80.0,1.0,5.0,1300-1359,17.0,1443.0,1557.0,5.0,1459,1602.0,63.0,63.0,1.0,4.0,1400-1459,0,,0,4.0,0.0,0.0,0.0,59.0
6735,2025,1,1,12,7,1/12/2025,AA,374,11057,1105703,31057,CLT,"Charlotte, NC",North Carolina,12478,1247805,31703,JFK,"New York, NY",New York,1306,1313.0,7.0,7.0,0.0,0.0,1300-1359,21.0,1334.0,1453.0,4.0,1459,1457.0,-2.0,0.0,0.0,-1.0,1400-1459,0,,0,,,,,
6736,2025,1,1,13,1,1/13/2025,AA,374,11057,1105703,31057,CLT,"Charlotte, NC",North Carolina,12478,1247805,31703,JFK,"New York, NY",New York,1306,1306.0,0.0,0.0,0.0,0.0,1300-1359,24.0,1330.0,1455.0,10.0,1459,1505.0,6.0,6.0,0.0,0.0,1400-1459,0,,0,,,,,
6737,2025,1,1,14,2,1/14/2025,AA,374,11057,1105703,31057,CLT,"Charlotte, NC",North Carolina,12478,1247805,31703,JFK,"New York, NY",New York,1306,1300.0,-6.0,0.0,0.0,-1.0,1300-1359,15.0,1315.0,1427.0,7.0,1459,1434.0,-25.0,0.0,0.0,-2.0,1400-1459,0,,0,,,,,
6738,2025,1,1,15,3,1/15/2025,AA,374,11057,1105703,31057,CLT,"Charlotte, NC",North Carolina,12478,1247805,31703,JFK,"New York, NY",New York,1306,1300.0,-6.0,0.0,0.0,-1.0,1300-1359,19.0,1319.0,1444.0,6.0,1459,1450.0,-9.0,0.0,0.0,-1.0,1400-1459,0,,0,,,,,
6739,2025,1,1,16,4,1/16/2025,AA,374,11057,1105703,31057,CLT,"Charlotte, NC",North Carolina,12478,1247805,31703,JFK,"New York, NY",New York,1306,1310.0,4.0,4.0,0.0,0.0,1300-1359,16.0,1326.0,1449.0,10.0,1459,1459.0,0.0,0.0,0.0,0.0,1400-1459,0,,0,,,,,
6740,2025,1,1,17,5,1/17/2025,AA,374,11057,1105703,31057,CLT,"Charlotte, NC",North Carolina,12478,1247805,31703,JFK,"New York, NY",New York,1306,1439.0,93.0,93.0,1.0,6.0,1300-1359,48.0,1527.0,1650.0,8.0,1459,1658.0,119.0,119.0,1.0,7.0,1400-1459,0,,0,20.0,0.0,26.0,0.0,73.0
6741,2025,1,1,18,6,1/18/2025,AA,374,11057,1105703,31057,CLT,"Charlotte, NC",North Carolina,12478,1247805,31703,JFK,"New York, NY",New York,1306,1306.0,0.0,0.0,0.0,0.0,1300-1359,13.0,1319.0,1439.0,9.0,1459,1448.0,-11.0,0.0,0.0,-1.0,1400-1459,0,,0,,,,,
6742,2025,1,1,19,7,1/19/2025,AA,374,11057,1105703,31057,CLT,"Charlotte, NC",North Carolina,12478,1247805,31703,JFK,"New York, NY",New York,1306,1450.0,104.0,104.0,1.0,6.0,1300-1359,43.0,1533.0,1639.0,13.0,1459,1652.0,113.0,113.0,1.0,7.0,1400-1459,0,,0,0.0,104.0,9.0,0.0,0.0
6743,2025,1,1,20,1,1/20/2025,AA,374,11057,1105703,31057,CLT,"Charlotte, NC",North Carolina,12478,1247805,31703,JFK,"New York, NY",New York,1306,1423.0,77.0,77.0,1.0,5.0,1300-1359,16.0,1439.0,1550.0,6.0,1459,1556.0,57.0,57.0,1.0,3.0,1400-1459,0,,0,1.0,0.0,0.0,0.0,56.0
6744,2025,1,1,21,2,1/21/2025,AA,374,11057,1105703,31057,CLT,"Charlotte, NC",North Carolina,12478,1247805,31703,JFK,"New York, NY",New York,1306,1302.0,-4.0,0.0,0.0,-1.0,1300-1359,23.0,1325.0,1437.0,5.0,1459,1442.0,-17.0,0.0,0.0,-2.0,1400-1459,0,,0,,,,,
6745,2025,1,1,22,3,1/22/2025,AA,374,11057,1105703,31057,CLT,"Charlotte, NC",North Carolina,12478,1247805,31703,JFK,"New York, NY",New York,1306,1300.0,-6.0,0.0,0.0,-1.0,1300-1359,13.0,1313.0,1429.0,5.0,1459,1434.0,-25.0,0.0,0.0,-2.0,1400-1459,0,,0,,,,,
6746,2025,1,1,23,4,1/23/2025,AA,374,11057,1105703,31057,CLT,"Charlotte, NC",North Carolina,12478,1247805,31703,JFK,"New York, NY",New York,1306,1311.0,5.0,5.0,0.0,0.0,1300-1359,23.0,1334.0,1450.0,7.0,1459,1457.0,-2.0,0.0,0.0,-1.0,1400-1459,0,,0,,,,,
6747,2025,1,1,24,5,1/24/2025,AA,374,11057,1105703,31057,CLT,"Charlotte, NC",North Carolina,12478,1247805,31703,JFK,"New York, NY",New York,1306,1303.0,-3.0,0.0,0.0,-1.0,1300-1359,14.0,1317.0,1423.0,5.0,1459,1428.0,-31.0,0.0,0.0,-2.0,1400-1459,0,,0,,,,,
6748,2025,1,1,25,6,1/25/2025,AA,374,11057,1105703,31057,CLT,"Charlotte, NC",North Carolina,12478,1247805,31703,JFK,"New York, NY",New York,1306,1306.0,0.0,0.0,0.0,0.0,1300-1359,15.0,1321.0,1440.0,5.0,1459,1445.0,-14.0,0.0,0.0,-1.0,1400-1459,0,,0,,,,,
6749,2025,1,1,26,7,1/26/2025,AA,374,11057,1105703,31057,CLT,"Charlotte, NC",North Carolina,12478,1247805,31703,JFK,"New York, NY",New York,1306,1322.0,16.0,16.0,1.0,1.0,1300-1359,15.0,1337.0,1459.0,12.0,1459,1511.0,12.0,12.0,0.0,0.0,1400-1459,0,,0,,,,,
6750,2025,1,1,27,1,1/27/2025,AA,374,11057,1105703,31057,CLT,"Charlotte, NC",North Carolina,12478,1247805,31703,JFK,"New York, NY",New York,1306,1301.0,-5.0,0.0,0.0,-1.0,1300-1359,28.0,1329.0,1442.0,5.0,1459,1447.0,-12.0,0.0,0.0,-1.0,1400-1459,0,,0,,,,,
6751,2025,1,1,28,2,1/28/2025,AA,374,11057,1105703,31057,CLT,"Charlotte, NC",North Carolina,12478,1247805,31703,JFK,"New York, NY",New York,1306,1300.0,-6.0,0.0,0.0,-1.0,1300-1359,25.0,1325.0,1448.0,6.0,1459,1454.0,-5.0,0.0,0.0,-1.0,1400-1459,0,,0,,,,,
6752,2025,1,1,29,3,1/29/2025,AA,374,11057,1105703,31057,CLT,"Charlotte, NC",North Carolina,12478,1247805,31703,JFK,"New York, NY",New York,1306,1305.0,-1.0,0.0,0.0,-1.0,1300-1359,13.0,1318.0,1441.0,5.0,1459,1446.0,-13.0,0.0,0.0,-1.0,1400-1459,0,,0,,,,,
6753,2025,1,1,30,4,1/30/2025,AA,374,11057,1105703,31057,CLT,"Charlotte, NC",North Carolina,12478,1247805,31703,JFK,"New York, NY",New York,1307,1620.0,193.0,193.0,1.0,12.0,1300-1359,19.0,1639.0,1805.0,19.0,1500,1824.0,204.0,204.0,1.0,12.0,1500-1559,0,,0,73.0,0.0,11.0,0.0,120.0
6754,2025,1,1,31,5,1/31/2025,AA,374,11057,1105703,31057,CLT,"Charlotte, NC",North Carolina,12478,1247805,31703,JFK,"New York, NY",New York,1307,1303.0,-4.0,0.0,0.0,-1.0,1300-1359,27.0,1330.0,1449.0,11.0,1500,1500.0,0.0,0.0,0.0,0.0,1500-1559,0,,0,,,,,
6755,2025,1,1,1,3,1/1/2025,AA,375,11057,1105703,31057,CLT,"Charlotte, NC",North Carolina,11298,1129806,30194,DFW,"Dallas/Fort Worth, TX",Texas,1800,1756.0,-4.0,0.0,0.0,-1.0,1800-1859,15.0,1811.0,1936.0,21.0,2000,1957.0,-3.0,0.0,0.0,-1.0,2000-2059,0,,0,,,,,
6756,2025,1,1,2,4,1/2/2025,AA,375,11057,1105703,31057,CLT,"Charlotte, NC",North Carolina,11298,1129806,30194,DFW,"Dallas/Fort Worth, TX",Texas,1800,1756.0,-4.0,0.0,0.0,-1.0,1800-1859,11.0,1807.0,1945.0,18.0,2000,2003.0,3.0,3.0,0.0,0.0,2000-2059,0,,0,,,,,
6757,2025,1,1,3,5,1/3/2025,AA,375,11057,1105703,31057,CLT,"Charlotte, NC",North Carolina,11298,1129806,30194,DFW,"Dallas/Fort Worth, TX",Texas,1800,1803.0,3.0,3.0,0.0,0.0,1800-1859,21.0,1824.0,1943.0,27.0,2000,2010.0,10.0,10.0,0.0,0.0,2000-2059,0,,0,,,,,
6758,2025,1,1,4,6,1/4/2025,AA,375,11057,1105703,31057,CLT,"Charlotte, NC",North Carolina,11298,1129806,30194,DFW,"Dallas/Fort Worth, TX",Texas,1800,1758.0,-2.0,0.0,0.0,-1.0,1800-1859,11.0,1809.0,1939.0,13.0,2000,1952.0,-8.0,0.0,0.0,-1.0,2000-2059,0,,0,,,,,
6759,2025,1,1,5,7,1/5/2025,AA,375,11057,1105703,31057,CLT,"Charlotte, NC",North Carolina,11298,1129806,30194,DFW,"Dallas/Fort Worth, TX",Texas,1800,1852.0,52.0,52.0,1.0,3.0,1800-1859,66.0,1958.0,2142.0,41.0,2000,2223.0,143.0,143.0,1.0,9.0,2000-2059,0,,0,0.0,0.0,143.0,0.0,0.0
6760,2025,1,1,6,1,1/6/2025,AA,375,11057,1105703,31057,CLT,"Charlotte, NC",North Carolina,11298,1129806,30194,DFW,"Dallas/Fort Worth, TX",Texas,1800,1813.0,13.0,13.0,0.0,0.0,1800-1859,13.0,1826.0,1958.0,23.0,2000,2021.0,21.0,21.0,1.0,1.0,2000-2059,0,,0,6.0,0.0,8.0,0.0,7.0
6761,2025,1,1,7,2,1/7/2025,AA,375,11057,1105703,31057,CLT,"Charlotte, NC",North Carolina,11298,1129806,30194,DFW,"Dallas/Fort Worth, TX",Texas,1819,1816.0,-3.0,0.0,0.0,-1.0,1800-1859,15.0,1831.0,2000.0,20.0,2018,2020.0,2.0,2.0,0.0,0.0,2000-2059,0,,0,,,,,
6762,2025,1,1,8,3,1/8/2025,AA,375,11057,1105703,31057,CLT,"Charlotte, NC",North Carolina,11298,1129806,30194,DFW,"Dallas/Fort Worth, TX",Texas,1819,1833.0,14.0,14.0,0.0,0.0,1800-1859,14.0,1847.0,2010.0,6.0,2018,2016.0,-2.0,0.0,0.0,-1.0,2000-2059,0,,0,,,,,
6763,2025,1,1,9,4,1/9/2025,AA,375,11057,1105703,31057,CLT,"Charlotte, NC",North Carolina,11298,1129806,30194,DFW,"Dallas/Fort Worth, TX",Texas,1759,,,,,,1700-1759,,,,,1958,,,,,,1900-1959,1,B,0,,,,,
6764,2025,1,1,10,5,1/10/2025,AA,375,11057,1105703,31057,CLT,"Charlotte, NC",North Carolina,11298,1129806,30194,DFW,"Dallas/Fort Worth, TX",Texas,1819,,,,,,1800-1859,,,,,2018,,,,,,2000-2059,1,B,0,,,,,
6765,2025,1,1,11,6,1/11/2025,AA,375,11057,1105703,31057,CLT,"Charlotte, NC",North Carolina,11298,1129806,30194,DFW,"Dallas/Fort Worth, TX",Texas,1819,1819.0,0.0,0.0,0.0,0.0,1800-1859,14.0,1833.0,1959.0,17.0,2018,2016.0,-2.0,0.0,0.0,-1.0,2000-2059,0,,0,,,,,
6766,2025,1,1,12,7,1/12/2025,AA,375,11057,1105703,31057,CLT,"Charlotte, NC",North Carolina,11298,1129806,30194,DFW,"Dallas/Fort Worth, TX",Texas,1759,1755.0,-4.0,0.0,0.0,-1.0,1700-1759,13.0,1808.0,1940.0,37.0,1958,2017.0,19.0,19.0,1.0,1.0,1900-1959,0,,0,0.0,0.0,19.0,0.0,0.0
6767,2025,1,1,13,1,1/13/2025,AA,375,11057,1105703,31057,CLT,"Charlotte, NC",North Carolina,11298,1129806,30194,DFW,"Dallas/Fort Worth, TX",Texas,1819,1813.0,-6.0,0.0,0.0,-1.0,1800-1859,13.0,1826.0,2018.0,7.0,2018,2025.0,7.0,7.0,0.0,0.0,2000-2059,0,,0,,,,,
6768,2025,1,1,14,2,1/14/2025,AA,375,11057,1105703,31057,CLT,"Charlotte, NC",North Carolina,11298,1129806,30194,DFW,"Dallas/Fort Worth, TX",Texas,1819,1818.0,-1.0,0.0,0.0,-1.0,1800-1859,17.0,1835.0,2005.0,9.0,2018,2014.0,-4.0,0.0,0.0,-1.0,2000-2059,0,,0,,,,,
6769,2025,1,1,15,3,1/15/2025,AA,375,11057,1105703,31057,CLT,"Charlotte, NC",North Carolina,11298,1129806,30194,DFW,"Dallas/Fort Worth, TX",Texas,1819,1815.0,-4.0,0.0,0.0,-1.0,1800-1859,12.0,1827.0,2008.0,13.0,2018,2021.0,3.0,3.0,0.0,0.0,2000-2059,0,,0,,,,,
6770,2025,1,1,16,4,1/16/2025,AA,375,11057,1105703,31057,CLT,"Charlotte, NC",North Carolina,11298,1129806,30194,DFW,"Dallas/Fort Worth, TX",Texas,1759,1758.0,-1.0,0.0,0.0,-1.0,1700-1759,13.0,1811.0,1929.0,22.0,1958,1951.0,-7.0,0.0,0.0,-1.0,1900-1959,0,,0,,,,,
6771,2025,1,1,17,5,1/17/2025,AA,375,11057,1105703,31057,CLT,"Charlotte, NC",North Carolina,11298,1129806,30194,DFW,"Dallas/Fort Worth, TX",Texas,1819,1818.0,-1.0,0.0,0.0,-1.0,1800-1859,27.0,1845.0,2010.0,20.0,2018,2030.0,12.0,12.0,0.0,0.0,2000-2059,0,,0,,,,,
6772,2025,1,1,18,6,1/18/2025,AA,375,11057,1105703,31057,CLT,"Charlotte, NC",North Carolina,11298,1129806,30194,DFW,"Dallas/Fort Worth, TX",Texas,1819,1813.0,-6.0,0.0,0.0,-1.0,1800-1859,12.0,1825.0,2006.0,11.0,2018,2017.0,-1.0,0.0,0.0,-1.0,2000-2059,0,,0,,,,,
6773,2025,1,1,19,7,1/19/2025,AA,375,11057,1105703,31057,CLT,"Charlotte, NC",North Carolina,11298,1129806,30194,DFW,"Dallas/Fort Worth, TX",Texas,1759,1757.0,-2.0,0.0,0.0,-1.0,1700-1759,13.0,1810.0,1947.0,10.0,1958,1957.0,-1.0,0.0,0.0,-1.0,1900-1959,0,,0,,,,,
6774,2025,1,1,20,1,1/20/2025,AA,375,11057,1105703,31057,CLT,"Charlotte, NC",North Carolina,11298,1129806,30194,DFW,"Dallas/Fort Worth, TX",Texas,1819,1820.0,1.0,1.0,0.0,0.0,1800-1859,16.0,1836.0,2025.0,21.0,2018,2046.0,28.0,28.0,1.0,1.0,2000-2059,0,,0,1.0,0.0,27.0,0.0,0.0
6775,2025,1,1,21,2,1/21/2025,AA,375,11057,1105703,31057,CLT,"Charlotte, NC",North Carolina,11298,1129806,30194,DFW,"Dallas/Fort Worth, TX",Texas,1819,1825.0,6.0,6.0,0.0,0.0,1800-1859,66.0,1931.0,2052.0,34.0,2018,2126.0,68.0,68.0,1.0,4.0,2000-2059,0,,0,0.0,0.0,62.0,0.0,6.0
6776,2025,1,1,22,3,1/22/2025,AA,375,11057,1105703,31057,CLT,"Charlotte, NC",North Carolina,11298,1129806,30194,DFW,"Dallas/Fort Worth, TX",Texas,1819,1818.0,-1.0,0.0,0.0,-1.0,1800-1859,20.0,1838.0,2005.0,5.0,2018,2010.0,-8.0,0.0,0.0,-1.0,2000-2059,0,,0,,,,,
6777,2025,1,1,23,4,1/23/2025,AA,375,11057,1105703,31057,CLT,"Charlotte, NC",North Carolina,11298,1129806,30194,DFW,"Dallas/Fort Worth, TX",Texas,1759,1754.0,-5.0,0.0,0.0,-1.0,1700-1759,12.0,1806.0,1943.0,18.0,1958,2001.0,3.0,3.0,0.0,0.0,1900-1959,0,,0,,,,,
6778,2025,1,1,24,5,1/24/2025,AA,375,11057,1105703,31057,CLT,"Charlotte, NC",North Carolina,11298,1129806,30194,DFW,"Dallas/Fort Worth, TX",Texas,1819,1816.0,-3.0,0.0,0.0,-1.0,1800-1859,19.0,1835.0,1958.0,11.0,2018,2009.0,-9.0,0.0,0.0,-1.0,2000-2059,0,,0,,,,,
6779,2025,1,1,25,6,1/25/2025,AA,375,11057,1105703,31057,CLT,"Charlotte, NC",North Carolina,11298,1129806,30194,DFW,"Dallas/Fort Worth, TX",Texas,1819,1813.0,-6.0,0.0,0.0,-1.0,1800-1859,11.0,1824.0,1952.0,19.0,2018,2011.0,-7.0,0.0,0.0,-1.0,2000-2059,0,,0,,,,,
6780,2025,1,1,26,7,1/26/2025,AA,375,11057,1105703,31057,CLT,"Charlotte, NC",North Carolina,11298,1129806,30194,DFW,"Dallas/Fort Worth, TX",Texas,1759,1759.0,0.0,0.0,0.0,0.0,1700-1759,17.0,1816.0,1955.0,18.0,1958,2013.0,15.0,15.0,1.0,1.0,1900-1959,0,,0,0.0,0.0,15.0,0.0,0.0
6781,2025,1,1,27,1,1/27/2025,AA,375,11057,1105703,31057,CLT,"Charlotte, NC",North Carolina,11298,1129806,30194,DFW,"Dallas/Fort Worth, TX",Texas,1819,1821.0,2.0,2.0,0.0,0.0,1800-1859,14.0,1835.0,2006.0,21.0,2018,2027.0,9.0,9.0,0.0,0.0,2000-2059,0,,0,,,,,
6782,2025,1,1,28,2,1/28/2025,AA,375,11057,1105703,31057,CLT,"Charlotte, NC",North Carolina,11298,1129806,30194,DFW,"Dallas/Fort Worth, TX",Texas,1819,1812.0,-7.0,0.0,0.0,-1.0,1800-1859,11.0,1823.0,1950.0,33.0,2018,2023.0,5.0,5.0,0.0,0.0,2000-2059,0,,0,,,,,
6783,2025,1,1,29,3,1/29/2025,AA,375,11057,1105703,31057,CLT,"Charlotte, NC",North Carolina,11298,1129806,30194,DFW,"Dallas/Fort Worth, TX",Texas,1819,1818.0,-1.0,0.0,0.0,-1.0,1800-1859,19.0,1837.0,2025.0,89.0,2018,2154.0,96.0,96.0,1.0,6.0,2000-2059,0,,0,0.0,0.0,96.0,0.0,0.0
6784,2025,1,1,30,4,1/30/2025,AA,375,11057,1105703,31057,CLT,"Charlotte, NC",North Carolina,11298,1129806,30194,DFW,"Dallas/Fort Worth, TX",Texas,1759,1757.0,-2.0,0.0,0.0,-1.0,1700-1759,15.0,1812.0,1938.0,19.0,1958,1957.0,-1.0,0.0,0.0,-1.0,1900-1959,0,,0,,,,,
6785,2025,1,1,31,5,1/31/2025,AA,375,11057,1105703,31057,CLT,"Charlotte, NC",North Carolina,11298,1129806,30194,DFW,"Dallas/Fort Worth, TX",Texas,1819,1817.0,-2.0,0.0,0.0,-1.0,1800-1859,13.0,1830.0,2008.0,13.0,2018,2021.0,3.0,3.0,0.0,0.0,2000-2059,0,,0,,,,,
7028,2025,1,1,1,3,1/1/2025,AA,454,11057,1105703,31057,CLT,"Charlotte, NC",North Carolina,12478,1247805,31703,JFK,"New York, NY",New York,1620,1619.0,-1.0,0.0,0.0,-1.0,1600-1659,15.0,1634.0,1747.0,14.0,1808,1801.0,-7.0,0.0,0.0,-1.0,1800-1859,0,,0,,,,,
7029,2025,1,1,2,4,1/2/2025,AA,454,11057,1105703,31057,CLT,"Charlotte, NC",North Carolina,12478,1247805,31703,JFK,"New York, NY",New York,1619,1618.0,-1.0,0.0,0.0,-1.0,1600-1659,12.0,1630.0,1742.0,5.0,1808,1747.0,-21.0,0.0,0.0,-2.0,1800-1859,0,,0,,,,,
7030,2025,1,1,3,5,1/3/2025,AA,454,11057,1105703,31057,CLT,"Charlotte, NC",North Carolina,12478,1247805,31703,JFK,"New York, NY",New York,1619,1647.0,28.0,28.0,1.0,1.0,1600-1659,13.0,1700.0,1820.0,15.0,1808,1835.0,27.0,27.0,1.0,1.0,1800-1859,0,,0,27.0,0.0,0.0,0.0,0.0
7031,2025,1,1,4,6,1/4/2025,AA,454,11057,1105703,31057,CLT,"Charlotte, NC",North Carolina,12478,1247805,31703,JFK,"New York, NY",New York,1620,1721.0,61.0,61.0,1.0,4.0,1600-1659,15.0,1736.0,1858.0,5.0,1808,1903.0,55.0,55.0,1.0,3.0,1800-1859,0,,0,55.0,0.0,0.0,0.0,0.0
7032,2025,1,1,5,7,1/5/2025,AA,454,11057,1105703,31057,CLT,"Charlotte, NC",North Carolina,12478,1247805,31703,JFK,"New York, NY",New York,1619,1625.0,6.0,6.0,0.0,0.0,1600-1659,34.0,1659.0,1820.0,6.0,1808,1826.0,18.0,18.0,1.0,1.0,1800-1859,0,,0,6.0,0.0,12.0,0.0,0.0
7033,2025,1,1,6,1,1/6/2025,AA,454,11057,1105703,31057,CLT,"Charlotte, NC",North Carolina,12478,1247805,31703,JFK,"New York, NY",New York,1615,1901.0,166.0,166.0,1.0,11.0,1600-1659,15.0,1916.0,2129.0,6.0,1759,2135.0,216.0,216.0,1.0,12.0,1700-1759,0,,0,9.0,0.0,50.0,0.0,157.0
7034,2025,1,1,1,3,1/1/2025,AA,459,11057,1105703,31057,CLT,"Charlotte, NC",North Carolina,11292,1129202,30325,DEN,"Denver, CO",Colorado,1715,1709.0,-6.0,0.0,0.0,-1.0,1700-1759,19.0,1728.0,1847.0,9.0,1853,1856.0,3.0,3.0,0.0,0.0,1800-1859,0,,0,,,,,
7035,2025,1,1,2,4,1/2/2025,AA,459,11057,1105703,31057,CLT,"Charlotte, NC",North Carolina,11292,1129202,30325,DEN,"Denver, CO",Colorado,1715,1813.0,58.0,58.0,1.0,3.0,1700-1759,13.0,1826.0,1958.0,8.0,1853,2006.0,73.0,73.0,1.0,4.0,1800-1859,0,,0,50.0,0.0,15.0,8.0,0.0
7036,2025,1,1,3,5,1/3/2025,AA,459,11057,1105703,31057,CLT,"Charlotte, NC",North Carolina,11292,1129202,30325,DEN,"Denver, CO",Colorado,1715,1940.0,145.0,145.0,1.0,9.0,1700-1759,15.0,1955.0,2125.0,6.0,1853,2131.0,158.0,158.0,1.0,10.0,1800-1859,0,,0,2.0,0.0,13.0,0.0,143.0
7037,2025,1,1,4,6,1/4/2025,AA,459,11057,1105703,31057,CLT,"Charlotte, NC",North Carolina,11292,1129202,30325,DEN,"Denver, CO",Colorado,1715,1714.0,-1.0,0.0,0.0,-1.0,1700-1759,16.0,1730.0,1846.0,30.0,1853,1916.0,23.0,23.0,1.0,1.0,1800-1859,0,,0,0.0,0.0,23.0,0.0,0.0
7038,2025,1,1,5,7,1/5/2025,AA,459,11057,1105703,31057,CLT,"Charlotte, NC",North Carolina,11292,1129202,30325,DEN,"Denver, CO",Colorado,1715,1712.0,-3.0,0.0,0.0,-1.0,1700-1759,14.0,1726.0,1833.0,11.0,1853,1844.0,-9.0,0.0,0.0,-1.0,1800-1859,0,,0,,,,,
7039,2025,1,1,6,1,1/6/2025,AA,459,11057,1105703,31057,CLT,"Charlotte, NC",North Carolina,11292,1129202,30325,DEN,"Denver, CO",Colorado,1715,1738.0,23.0,23.0,1.0,1.0,1700-1759,15.0,1753.0,1902.0,8.0,1853,1910.0,17.0,17.0,1.0,1.0,1800-1859,0,,0,0.0,0.0,0.0,0.0,17.0
7040,2025,1,1,7,2,1/7/2025,AA,459,11057,1105703,31057,CLT,"Charlotte, NC",North Carolina,11292,1129202,30325,DEN,"Denver, CO",Colorado,1623,1619.0,-4.0,0.0,0.0,-1.0,1600-1659,20.0,1639.0,1800.0,10.0,1807,1810.0,3.0,3.0,0.0,0.0,1800-1859,0,,0,,,,,
7041,2025,1,1,8,3,1/8/2025,AA,459,11057,1105703,31057,CLT,"Charlotte, NC",North Carolina,11292,1129202,30325,DEN,"Denver, CO",Colorado,1623,1704.0,41.0,41.0,1.0,2.0,1600-1659,15.0,1719.0,1825.0,8.0,1807,1833.0,26.0,26.0,1.0,1.0,1800-1859,0,,0,3.0,0.0,0.0,0.0,23.0
7042,2025,1,1,9,4,1/9/2025,AA,459,11057,1105703,31057,CLT,"Charlotte, NC",North Carolina,11292,1129202,30325,DEN,"Denver, CO",Colorado,1623,1734.0,71.0,71.0,1.0,4.0,1600-1659,13.0,1747.0,1912.0,7.0,1807,1919.0,72.0,72.0,1.0,4.0,1800-1859,0,,0,0.0,0.0,1.0,0.0,71.0
7043,2025,1,1,10,5,1/10/2025,AA,459,11057,1105703,31057,CLT,"Charlotte, NC",North Carolina,11292,1129202,30325,DEN,"Denver, CO",Colorado,1623,1622.0,-1.0,0.0,0.0,-1.0,1600-1659,53.0,1715.0,1816.0,7.0,1807,1823.0,16.0,16.0,1.0,1.0,1800-1859,0,,0,0.0,0.0,16.0,0.0,0.0
7044,2025,1,1,11,6,1/11/2025,AA,459,11057,1105703,31057,CLT,"Charlotte, NC",North Carolina,11292,1129202,30325,DEN,"Denver, CO",Colorado,1623,1621.0,-2.0,0.0,0.0,-1.0,1600-1659,28.0,1649.0,1808.0,8.0,1807,1816.0,9.0,9.0,0.0,0.0,1800-1859,0,,0,,,,,
7045,2025,1,1,12,7,1/12/2025,AA,459,11057,1105703,31057,CLT,"Charlotte, NC",North Carolina,11292,1129202,30325,DEN,"Denver, CO",Colorado,1623,1623.0,0.0,0.0,0.0,0.0,1600-1659,17.0,1640.0,1800.0,12.0,1807,1812.0,5.0,5.0,0.0,0.0,1800-1859,0,,0,,,,,
7046,2025,1,1,13,1,1/13/2025,AA,459,11057,1105703,31057,CLT,"Charlotte, NC",North Carolina,11292,1129202,30325,DEN,"Denver, CO",Colorado,1623,1619.0,-4.0,0.0,0.0,-1.0,1600-1659,12.0,1631.0,1752.0,16.0,1807,1808.0,1.0,1.0,0.0,0.0,1800-1859,0,,0,,,,,
7047,2025,1,1,14,2,1/14/2025,AA,459,11057,1105703,31057,CLT,"Charlotte, NC",North Carolina,11292,1129202,30325,DEN,"Denver, CO",Colorado,1623,1614.0,-9.0,0.0,0.0,-1.0,1600-1659,11.0,1625.0,1750.0,12.0,1807,1802.0,-5.0,0.0,0.0,-1.0,1800-1859,0,,0,,,,,
7048,2025,1,1,15,3,1/15/2025,AA,459,11057,1105703,31057,CLT,"Charlotte, NC",North Carolina,11292,1129202,30325,DEN,"Denver, CO",Colorado,1623,1620.0,-3.0,0.0,0.0,-1.0,1600-1659,15.0,1635.0,1747.0,9.0,1807,1756.0,-11.0,0.0,0.0,-1.0,1800-1859,0,,0,,,,,
7049,2025,1,1,16,4,1/16/2025,AA,459,11057,1105703,31057,CLT,"Charlotte, NC",North Carolina,11292,1129202,30325,DEN,"Denver, CO",Colorado,1623,1617.0,-6.0,0.0,0.0,-1.0,1600-1659,20.0,1637.0,1741.0,15.0,1807,1756.0,-11.0,0.0,0.0,-1.0,1800-1859,0,,0,,,,,
7050,2025,1,1,17,5,1/17/2025,AA,459,11057,1105703,31057,CLT,"Charlotte, NC",North Carolina,11292,1129202,30325,DEN,"Denver, CO",Colorado,1623,1620.0,-3.0,0.0,0.0,-1.0,1600-1659,16.0,1636.0,1749.0,10.0,1807,1759.0,-8.0,0.0,0.0,-1.0,1800-1859,0,,0,,,,,
7051,2025,1,1,18,6,1/18/2025,AA,459,11057,1105703,31057,CLT,"Charlotte, NC",North Carolina,11292,1129202,30325,DEN,"Denver, CO",Colorado,1623,1616.0,-7.0,0.0,0.0,-1.0,1600-1659,13.0,1629.0,1752.0,18.0,1807,1810.0,3.0,3.0,0.0,0.0,1800-1859,0,,0,,,,,
7052,2025,1,1,19,7,1/19/2025,AA,459,11057,1105703,31057,CLT,"Charlotte, NC",North Carolina,11292,1129202,30325,DEN,"Denver, CO",Colorado,1623,1621.0,-2.0,0.0,0.0,-1.0,1600-1659,12.0,1633.0,1759.0,8.0,1807,1807.0,0.0,0.0,0.0,0.0,1800-1859,0,,0,,,,,
7053,2025,1,1,20,1,1/20/2025,AA,459,11057,1105703,31057,CLT,"Charlotte, NC",North Carolina,11292,1129202,30325,DEN,"Denver, CO",Colorado,1623,1645.0,22.0,22.0,1.0,1.0,1600-1659,14.0,1659.0,1833.0,9.0,1807,1842.0,35.0,35.0,1.0,2.0,1800-1859,0,,0,5.0,0.0,13.0,0.0,17.0
7054,2025,1,1,21,2,1/21/2025,AA,459,11057,1105703,31057,CLT,"Charlotte, NC",North Carolina,11292,1129202,30325,DEN,"Denver, CO",Colorado,1623,1615.0,-8.0,0.0,0.0,-1.0,1600-1659,12.0,1627.0,1750.0,8.0,1807,1758.0,-9.0,0.0,0.0,-1.0,1800-1859,0,,0,,,,,
7055,2025,1,1,22,3,1/22/2025,AA,459,11057,1105703,31057,CLT,"Charlotte, NC",North Carolina,11292,1129202,30325,DEN,"Denver, CO",Colorado,1623,1622.0,-1.0,0.0,0.0,-1.0,1600-1659,20.0,1642.0,1759.0,11.0,1807,1810.0,3.0,3.0,0.0,0.0,1800-1859,0,,0,,,,,
7056,2025,1,1,23,4,1/23/2025,AA,459,11057,1105703,31057,CLT,"Charlotte, NC",North Carolina,11292,1129202,30325,DEN,"Denver, CO",Colorado,1623,1630.0,7.0,7.0,0.0,0.0,1600-1659,14.0,1644.0,1757.0,11.0,1807,1808.0,1.0,1.0,0.0,0.0,1800-1859,0,,0,,,,,
7057,2025,1,1,24,5,1/24/2025,AA,459,11057,1105703,31057,CLT,"Charlotte, NC",North Carolina,11292,1129202,30325,DEN,"Denver, CO",Colorado,1623,1631.0,8.0,8.0,0.0,0.0,1600-1659,16.0,1647.0,1808.0,12.0,1807,1820.0,13.0,13.0,0.0,0.0,1800-1859,0,,0,,,,,
7058,2025,1,1,25,6,1/25/2025,AA,459,11057,1105703,31057,CLT,"Charlotte, NC",North Carolina,11292,1129202,30325,DEN,"Denver, CO",Colorado,1623,1723.0,60.0,60.0,1.0,4.0,1600-1659,13.0,1736.0,1854.0,10.0,1807,1904.0,57.0,57.0,1.0,3.0,1800-1859,0,,0,0.0,0.0,0.0,0.0,57.0
7059,2025,1,1,26,7,1/26/2025,AA,459,11057,1105703,31057,CLT,"Charlotte, NC",North Carolina,11292,1129202,30325,DEN,"Denver, CO",Colorado,1623,1618.0,-5.0,0.0,0.0,-1.0,1600-1659,16.0,1634.0,1802.0,9.0,1807,1811.0,4.0,4.0,0.0,0.0,1800-1859,0,,0,,,,,
7060,2025,1,1,27,1,1/27/2025,AA,459,11057,1105703,31057,CLT,"Charlotte, NC",North Carolina,11292,1129202,30325,DEN,"Denver, CO",Colorado,1623,1620.0,-3.0,0.0,0.0,-1.0,1600-1659,19.0,1639.0,1746.0,14.0,1807,1800.0,-7.0,0.0,0.0,-1.0,1800-1859,0,,0,,,,,
7061,2025,1,1,28,2,1/28/2025,AA,459,11057,1105703,31057,CLT,"Charlotte, NC",North Carolina,11292,1129202,30325,DEN,"Denver, CO",Colorado,1623,1638.0,15.0,15.0,1.0,1.0,1600-1659,16.0,1654.0,1758.0,12.0,1807,1810.0,3.0,3.0,0.0,0.0,1800-1859,0,,0,,,,,
7062,2025,1,1,29,3,1/29/2025,AA,459,11057,1105703,31057,CLT,"Charlotte, NC",North Carolina,11292,1129202,30325,DEN,"Denver, CO",Colorado,1623,1623.0,0.0,0.0,0.0,0.0,1600-1659,14.0,1637.0,1750.0,12.0,1807,1802.0,-5.0,0.0,0.0,-1.0,1800-1859,0,,0,,,,,
7063,2025,1,1,30,4,1/30/2025,AA,459,11057,1105703,31057,CLT,"Charlotte, NC",North Carolina,11292,1129202,30325,DEN,"Denver, CO",Colorado,1623,1620.0,-3.0,0.0,0.0,-1.0,1600-1659,15.0,1635.0,1750.0,13.0,1807,1803.0,-4.0,0.0,0.0,-1.0,1800-1859,0,,0,,,,,
7064,2025,1,1,31,5,1/31/2025,AA,459,11057,1105703,31057,CLT,"Charlotte, NC",North Carolina,11292,1129202,30325,DEN,"Denver, CO",Colorado,1623,1617.0,-6.0,0.0,0.0,-1.0,1600-1659,20.0,1637.0,1747.0,10.0,1807,1757.0,-10.0,0.0,0.0,-1.0,1800-1859,0,,0,,,,,
7139,2025,1,1,2,4,1/2/2025,AA,493,11057,1105703,31057,CLT,"Charlotte, NC",North Carolina,12478,1247805,31703,JFK,"New York, NY",New York,804,802.0,-2.0,0.0,0.0,-1.0,0800-0859,24.0,826.0,937.0,9.0,952,946.0,-6.0,0.0,0.0,-1.0,0900-0959,0,,0,,,,,
7140,2025,1,1,3,5,1/3/2025,AA,493,11057,1105703,31057,CLT,"Charlotte, NC",North Carolina,12478,1247805,31703,JFK,"New York, NY",New York,804,807.0,3.0,3.0,0.0,0.0,0800-0859,20.0,827.0,942.0,6.0,952,948.0,-4.0,0.0,0.0,-1.0,0900-0959,0,,0,,,,,
7141,2025,1,1,5,7,1/5/2025,AA,493,11057,1105703,31057,CLT,"Charlotte, NC",North Carolina,12478,1247805,31703,JFK,"New York, NY",New York,804,801.0,-3.0,0.0,0.0,-1.0,0800-0859,12.0,813.0,930.0,8.0,952,938.0,-14.0,0.0,0.0,-1.0,0900-0959,0,,0,,,,,
7142,2025,1,1,6,1,1/6/2025,AA,493,11057,1105703,31057,CLT,"Charlotte, NC",North Carolina,12478,1247805,31703,JFK,"New York, NY",New York,804,801.0,-3.0,0.0,0.0,-1.0,0800-0859,16.0,817.0,932.0,9.0,952,941.0,-11.0,0.0,0.0,-1.0,0900-0959,0,,0,,,,,
7143,2025,1,1,7,2,1/7/2025,AA,493,11057,1105703,31057,CLT,"Charlotte, NC",North Carolina,12478,1247805,31703,JFK,"New York, NY",New York,800,801.0,1.0,1.0,0.0,0.0,0800-0859,17.0,818.0,935.0,6.0,953,941.0,-12.0,0.0,0.0,-1.0,0900-0959,0,,0,,,,,
7144,2025,1,1,8,3,1/8/2025,AA,493,11057,1105703,31057,CLT,"Charlotte, NC",North Carolina,12478,1247805,31703,JFK,"New York, NY",New York,800,755.0,-5.0,0.0,0.0,-1.0,0800-0859,13.0,808.0,923.0,4.0,953,927.0,-26.0,0.0,0.0,-2.0,0900-0959,0,,0,,,,,
7145,2025,1,1,9,4,1/9/2025,AA,493,11057,1105703,31057,CLT,"Charlotte, NC",North Carolina,12478,1247805,31703,JFK,"New York, NY",New York,800,753.0,-7.0,0.0,0.0,-1.0,0800-0859,20.0,813.0,933.0,5.0,953,938.0,-15.0,0.0,0.0,-1.0,0900-0959,0,,0,,,,,
7146,2025,1,1,10,5,1/10/2025,AA,493,11057,1105703,31057,CLT,"Charlotte, NC",North Carolina,12478,1247805,31703,JFK,"New York, NY",New York,800,812.0,12.0,12.0,0.0,0.0,0800-0859,17.0,829.0,952.0,5.0,953,957.0,4.0,4.0,0.0,0.0,0900-0959,0,,0,,,,,
7147,2025,1,1,11,6,1/11/2025,AA,493,11057,1105703,31057,CLT,"Charlotte, NC",North Carolina,12478,1247805,31703,JFK,"New York, NY",New York,806,849.0,43.0,43.0,1.0,2.0,0800-0859,13.0,902.0,1019.0,5.0,959,1024.0,25.0,25.0,1.0,1.0,0900-0959,0,,0,0.0,0.0,0.0,0.0,25.0
7148,2025,1,1,12,7,1/12/2025,AA,493,11057,1105703,31057,CLT,"Charlotte, NC",North Carolina,12478,1247805,31703,JFK,"New York, NY",New York,800,755.0,-5.0,0.0,0.0,-1.0,0800-0859,19.0,814.0,930.0,6.0,953,936.0,-17.0,0.0,0.0,-2.0,0900-0959,0,,0,,,,,
7149,2025,1,1,13,1,1/13/2025,AA,493,11057,1105703,31057,CLT,"Charlotte, NC",North Carolina,12478,1247805,31703,JFK,"New York, NY",New York,800,755.0,-5.0,0.0,0.0,-1.0,0800-0859,14.0,809.0,924.0,10.0,953,934.0,-19.0,0.0,0.0,-2.0,0900-0959,0,,0,,,,,
7150,2025,1,1,14,2,1/14/2025,AA,493,11057,1105703,31057,CLT,"Charlotte, NC",North Carolina,12478,1247805,31703,JFK,"New York, NY",New York,800,757.0,-3.0,0.0,0.0,-1.0,0800-0859,13.0,810.0,921.0,8.0,953,929.0,-24.0,0.0,0.0,-2.0,0900-0959,0,,0,,,,,
7151,2025,1,1,15,3,1/15/2025,AA,493,11057,1105703,31057,CLT,"Charlotte, NC",North Carolina,12478,1247805,31703,JFK,"New York, NY",New York,800,758.0,-2.0,0.0,0.0,-1.0,0800-0859,22.0,820.0,937.0,5.0,953,942.0,-11.0,0.0,0.0,-1.0,0900-0959,0,,0,,,,,
7152,2025,1,1,16,4,1/16/2025,AA,493,11057,1105703,31057,CLT,"Charlotte, NC",North Carolina,12478,1247805,31703,JFK,"New York, NY",New York,800,755.0,-5.0,0.0,0.0,-1.0,0800-0859,12.0,807.0,926.0,10.0,953,936.0,-17.0,0.0,0.0,-2.0,0900-0959,0,,0,,,,,
7153,2025,1,1,17,5,1/17/2025,AA,493,11057,1105703,31057,CLT,"Charlotte, NC",North Carolina,12478,1247805,31703,JFK,"New York, NY",New York,800,801.0,1.0,1.0,0.0,0.0,0800-0859,16.0,817.0,942.0,10.0,953,952.0,-1.0,0.0,0.0,-1.0,0900-0959,0,,0,,,,,
7154,2025,1,1,18,6,1/18/2025,AA,493,11057,1105703,31057,CLT,"Charlotte, NC",North Carolina,12478,1247805,31703,JFK,"New York, NY",New York,806,802.0,-4.0,0.0,0.0,-1.0,0800-0859,22.0,824.0,940.0,10.0,959,950.0,-9.0,0.0,0.0,-1.0,0900-0959,0,,0,,,,,
7155,2025,1,1,19,7,1/19/2025,AA,493,11057,1105703,31057,CLT,"Charlotte, NC",North Carolina,12478,1247805,31703,JFK,"New York, NY",New York,800,755.0,-5.0,0.0,0.0,-1.0,0800-0859,17.0,812.0,915.0,10.0,953,925.0,-28.0,0.0,0.0,-2.0,0900-0959,0,,0,,,,,
7156,2025,1,1,20,1,1/20/2025,AA,493,11057,1105703,31057,CLT,"Charlotte, NC",North Carolina,12478,1247805,31703,JFK,"New York, NY",New York,800,758.0,-2.0,0.0,0.0,-1.0,0800-0859,15.0,813.0,922.0,7.0,953,929.0,-24.0,0.0,0.0,-2.0,0900-0959,0,,0,,,,,
7157,2025,1,1,21,2,1/21/2025,AA,493,11057,1105703,31057,CLT,"Charlotte, NC",North Carolina,12478,1247805,31703,JFK,"New York, NY",New York,800,757.0,-3.0,0.0,0.0,-1.0,0800-0859,13.0,810.0,918.0,6.0,953,924.0,-29.0,0.0,0.0,-2.0,0900-0959,0,,0,,,,,
7158,2025,1,1,22,3,1/22/2025,AA,493,11057,1105703,31057,CLT,"Charlotte, NC",North Carolina,12478,1247805,31703,JFK,"New York, NY",New York,800,753.0,-7.0,0.0,0.0,-1.0,0800-0859,18.0,811.0,921.0,7.0,953,928.0,-25.0,0.0,0.0,-2.0,0900-0959,0,,0,,,,,
7159,2025,1,1,23,4,1/23/2025,AA,493,11057,1105703,31057,CLT,"Charlotte, NC",North Carolina,12478,1247805,31703,JFK,"New York, NY",New York,800,752.0,-8.0,0.0,0.0,-1.0,0800-0859,13.0,805.0,918.0,18.0,953,936.0,-17.0,0.0,0.0,-2.0,0900-0959,0,,0,,,,,
7160,2025,1,1,24,5,1/24/2025,AA,493,11057,1105703,31057,CLT,"Charlotte, NC",North Carolina,12478,1247805,31703,JFK,"New York, NY",New York,800,758.0,-2.0,0.0,0.0,-1.0,0800-0859,14.0,812.0,918.0,7.0,953,925.0,-28.0,0.0,0.0,-2.0,0900-0959,0,,0,,,,,
7161,2025,1,1,25,6,1/25/2025,AA,493,11057,1105703,31057,CLT,"Charlotte, NC",North Carolina,12478,1247805,31703,JFK,"New York, NY",New York,806,759.0,-7.0,0.0,0.0,-1.0,0800-0859,10.0,809.0,924.0,5.0,959,929.0,-30.0,0.0,0.0,-2.0,0900-0959,0,,0,,,,,
7162,2025,1,1,26,7,1/26/2025,AA,493,11057,1105703,31057,CLT,"Charlotte, NC",North Carolina,12478,1247805,31703,JFK,"New York, NY",New York,800,755.0,-5.0,0.0,0.0,-1.0,0800-0859,15.0,810.0,926.0,10.0,953,936.0,-17.0,0.0,0.0,-2.0,0900-0959,0,,0,,,,,
7163,2025,1,1,27,1,1/27/2025,AA,493,11057,1105703,31057,CLT,"Charlotte, NC",North Carolina,12478,1247805,31703,JFK,"New York, NY",New York,800,757.0,-3.0,0.0,0.0,-1.0,0800-0859,14.0,811.0,924.0,6.0,953,930.0,-23.0,0.0,0.0,-2.0,0900-0959,0,,0,,,,,
7164,2025,1,1,28,2,1/28/2025,AA,493,11057,1105703,31057,CLT,"Charlotte, NC",North Carolina,12478,1247805,31703,JFK,"New York, NY",New York,800,755.0,-5.0,0.0,0.0,-1.0,0800-0859,18.0,813.0,929.0,4.0,953,933.0,-20.0,0.0,0.0,-2.0,0900-0959,0,,0,,,,,
7165,2025,1,1,29,3,1/29/2025,AA,493,11057,1105703,31057,CLT,"Charlotte, NC",North Carolina,12478,1247805,31703,JFK,"New York, NY",New York,800,753.0,-7.0,0.0,0.0,-1.0,0800-0859,12.0,805.0,925.0,9.0,953,934.0,-19.0,0.0,0.0,-2.0,0900-0959,0,,0,,,,,
7166,2025,1,1,30,4,1/30/2025,AA,493,11057,1105703,31057,CLT,"Charlotte, NC",North Carolina,12478,1247805,31703,JFK,"New York, NY",New York,800,755.0,-5.0,0.0,0.0,-1.0,0800-0859,14.0,809.0,928.0,8.0,953,936.0,-17.0,0.0,0.0,-2.0,0900-0959,0,,0,,,,,
7167,2025,1,1,31,5,1/31/2025,AA,493,11057,1105703,31057,CLT,"Charlotte, NC",North Carolina,12478,1247805,31703,JFK,"New York, NY",New York,800,756.0,-4.0,0.0,0.0,-1.0,0800-0859,31.0,827.0,943.0,15.0,953,958.0,5.0,5.0,0.0,0.0,0900-0959,0,,0,,,,,
7230,2025,1,1,2,4,1/2/2025,AA,522,11057,1105703,31057,CLT,"Charlotte, NC",North Carolina,11298,1129806,30194,DFW,"Dallas/Fort Worth, TX",Texas,2237,2255.0,18.0,18.0,1.0,1.0,2200-2259,14.0,2309.0,43.0,9.0,41,52.0,11.0,11.0,0.0,0.0,0001-0559,0,,0,,,,,
7231,2025,1,1,3,5,1/3/2025,AA,522,11057,1105703,31057,CLT,"Charlotte, NC",North Carolina,11298,1129806,30194,DFW,"Dallas/Fort Worth, TX",Texas,2237,2236.0,-1.0,0.0,0.0,-1.0,2200-2259,14.0,2250.0,10.0,6.0,41,16.0,-25.0,0.0,0.0,-2.0,0001-0559,0,,0,,,,,
7232,2025,1,1,4,6,1/4/2025,AA,522,11057,1105703,31057,CLT,"Charlotte, NC",North Carolina,11298,1129806,30194,DFW,"Dallas/Fort Worth, TX",Texas,2237,2246.0,9.0,9.0,0.0,0.0,2200-2259,16.0,2302.0,24.0,6.0,41,30.0,-11.0,0.0,0.0,-1.0,0001-0559,0,,0,,,,,
7233,2025,1,1,5,7,1/5/2025,AA,522,11057,1105703,31057,CLT,"Charlotte, NC",North Carolina,11298,1129806,30194,DFW,"Dallas/Fort Worth, TX",Texas,2237,2352.0,75.0,75.0,1.0,5.0,2200-2259,15.0,7.0,141.0,5.0,41,146.0,65.0,65.0,1.0,4.0,0001-0559,0,,0,46.0,0.0,0.0,0.0,19.0
7234,2025,1,1,6,1,1/6/2025,AA,522,11057,1105703,31057,CLT,"Charlotte, NC",North Carolina,11298,1129806,30194,DFW,"Dallas/Fort Worth, TX",Texas,2237,2239.0,2.0,2.0,0.0,0.0,2200-2259,40.0,2319.0,48.0,7.0,41,55.0,14.0,14.0,0.0,0.0,0001-0559,0,,0,,,,,
7235,2025,1,1,7,2,1/7/2025,AA,522,11057,1105703,31057,CLT,"Charlotte, NC",North Carolina,11298,1129806,30194,DFW,"Dallas/Fort Worth, TX",Texas,2252,2240.0,-12.0,0.0,0.0,-1.0,2200-2259,14.0,2254.0,27.0,8.0,52,35.0,-17.0,0.0,0.0,-2.0,0001-0559,0,,0,,,,,
7236,2025,1,1,8,3,1/8/2025,AA,522,11057,1105703,31057,CLT,"Charlotte, NC",North Carolina,11298,1129806,30194,DFW,"Dallas/Fort Worth, TX",Texas,2252,,,,,,2200-2259,,,,,52,,,,,,0001-0559,1,B,0,,,,,
7237,2025,1,1,9,4,1/9/2025,AA,522,11057,1105703,31057,CLT,"Charlotte, NC",North Carolina,11298,1129806,30194,DFW,"Dallas/Fort Worth, TX",Texas,2252,,,,,,2200-2259,,,,,52,,,,,,0001-0559,1,B,0,,,,,
7238,2025,1,1,10,5,1/10/2025,AA,522,11057,1105703,31057,CLT,"Charlotte, NC",North Carolina,11298,1129806,30194,DFW,"Dallas/Fort Worth, TX",Texas,2252,,,,,,2200-2259,,,,,52,,,,,,0001-0559,1,B,0,,,,,
7239,2025,1,1,11,6,1/11/2025,AA,522,11057,1105703,31057,CLT,"Charlotte, NC",North Carolina,11298,1129806,30194,DFW,"Dallas/Fort Worth, TX",Texas,2252,2252.0,0.0,0.0,0.0,0.0,2200-2259,13.0,2305.0,17.0,7.0,52,24.0,-28.0,0.0,0.0,-2.0,0001-0559,0,,0,,,,,
7240,2025,1,1,12,7,1/12/2025,AA,522,11057,1105703,31057,CLT,"Charlotte, NC",North Carolina,11298,1129806,30194,DFW,"Dallas/Fort Worth, TX",Texas,2252,2248.0,-4.0,0.0,0.0,-1.0,2200-2259,17.0,2305.0,35.0,6.0,52,41.0,-11.0,0.0,0.0,-1.0,0001-0559,0,,0,,,,,
7241,2025,1,1,13,1,1/13/2025,AA,522,11057,1105703,31057,CLT,"Charlotte, NC",North Carolina,11298,1129806,30194,DFW,"Dallas/Fort Worth, TX",Texas,2252,2245.0,-7.0,0.0,0.0,-1.0,2200-2259,14.0,2259.0,26.0,6.0,52,32.0,-20.0,0.0,0.0,-2.0,0001-0559,0,,0,,,,,
7242,2025,1,1,14,2,1/14/2025,AA,522,11057,1105703,31057,CLT,"Charlotte, NC",North Carolina,11298,1129806,30194,DFW,"Dallas/Fort Worth, TX",Texas,2252,2304.0,12.0,12.0,0.0,0.0,2200-2259,27.0,2331.0,124.0,11.0,52,135.0,43.0,43.0,1.0,2.0,0001-0559,0,,0,12.0,0.0,31.0,0.0,0.0
7243,2025,1,1,15,3,1/15/2025,AA,522,11057,1105703,31057,CLT,"Charlotte, NC",North Carolina,11298,1129806,30194,DFW,"Dallas/Fort Worth, TX",Texas,2252,2243.0,-9.0,0.0,0.0,-1.0,2200-2259,15.0,2258.0,27.0,5.0,52,32.0,-20.0,0.0,0.0,-2.0,0001-0559,0,,0,,,,,
7244,2025,1,1,16,4,1/16/2025,AA,522,11057,1105703,31057,CLT,"Charlotte, NC",North Carolina,11298,1129806,30194,DFW,"Dallas/Fort Worth, TX",Texas,2252,2305.0,13.0,13.0,0.0,0.0,2200-2259,26.0,2331.0,48.0,14.0,52,102.0,10.0,10.0,0.0,0.0,0001-0559,0,,0,,,,,
7245,2025,1,1,17,5,1/17/2025,AA,522,11057,1105703,31057,CLT,"Charlotte, NC",North Carolina,11298,1129806,30194,DFW,"Dallas/Fort Worth, TX",Texas,2252,2246.0,-6.0,0.0,0.0,-1.0,2200-2259,17.0,2303.0,52.0,8.0,52,100.0,8.0,8.0,0.0,0.0,0001-0559,0,,0,,,,,
7246,2025,1,1,18,6,1/18/2025,AA,522,11057,1105703,31057,CLT,"Charlotte, NC",North Carolina,11298,1129806,30194,DFW,"Dallas/Fort Worth, TX",Texas,2252,2239.0,-13.0,0.0,0.0,-1.0,2200-2259,13.0,2252.0,22.0,5.0,52,27.0,-25.0,0.0,0.0,-2.0,0001-0559,0,,0,,,,,
7247,2025,1,1,19,7,1/19/2025,AA,522,11057,1105703,31057,CLT,"Charlotte, NC",North Carolina,11298,1129806,30194,DFW,"Dallas/Fort Worth, TX",Texas,2252,2247.0,-5.0,0.0,0.0,-1.0,2200-2259,14.0,2301.0,38.0,7.0,52,45.0,-7.0,0.0,0.0,-1.0,0001-0559,0,,0,,,,,
7248,2025,1,1,20,1,1/20/2025,AA,522,11057,1105703,31057,CLT,"Charlotte, NC",North Carolina,11298,1129806,30194,DFW,"Dallas/Fort Worth, TX",Texas,2252,2252.0,0.0,0.0,0.0,0.0,2200-2259,17.0,2309.0,36.0,6.0,52,42.0,-10.0,0.0,0.0,-1.0,0001-0559,0,,0,,,,,
7249,2025,1,1,21,2,1/21/2025,AA,522,11057,1105703,31057,CLT,"Charlotte, NC",North Carolina,11298,1129806,30194,DFW,"Dallas/Fort Worth, TX",Texas,2252,2333.0,41.0,41.0,1.0,2.0,2200-2259,43.0,16.0,142.0,5.0,52,147.0,55.0,55.0,1.0,3.0,0001-0559,0,,0,0.0,37.0,14.0,0.0,4.0
7250,2025,1,1,22,3,1/22/2025,AA,522,11057,1105703,31057,CLT,"Charlotte, NC",North Carolina,11298,1129806,30194,DFW,"Dallas/Fort Worth, TX",Texas,2252,2248.0,-4.0,0.0,0.0,-1.0,2200-2259,13.0,2301.0,27.0,4.0,52,31.0,-21.0,0.0,0.0,-2.0,0001-0559,0,,0,,,,,
7251,2025,1,1,23,4,1/23/2025,AA,522,11057,1105703,31057,CLT,"Charlotte, NC",North Carolina,11298,1129806,30194,DFW,"Dallas/Fort Worth, TX",Texas,2252,2243.0,-9.0,0.0,0.0,-1.0,2200-2259,17.0,2300.0,34.0,11.0,52,45.0,-7.0,0.0,0.0,-1.0,0001-0559,0,,0,,,,,
7252,2025,1,1,24,5,1/24/2025,AA,522,11057,1105703,31057,CLT,"Charlotte, NC",North Carolina,11298,1129806,30194,DFW,"Dallas/Fort Worth, TX",Texas,2252,2338.0,46.0,46.0,1.0,3.0,2200-2259,16.0,2354.0,133.0,12.0,52,145.0,53.0,53.0,1.0,3.0,0001-0559,0,,0,46.0,0.0,7.0,0.0,0.0
7253,2025,1,1,25,6,1/25/2025,AA,522,11057,1105703,31057,CLT,"Charlotte, NC",North Carolina,11298,1129806,30194,DFW,"Dallas/Fort Worth, TX",Texas,2252,2252.0,0.0,0.0,0.0,0.0,2200-2259,14.0,2306.0,26.0,6.0,52,32.0,-20.0,0.0,0.0,-2.0,0001-0559,0,,0,,,,,
7254,2025,1,1,26,7,1/26/2025,AA,522,11057,1105703,31057,CLT,"Charlotte, NC",North Carolina,11298,1129806,30194,DFW,"Dallas/Fort Worth, TX",Texas,2252,2255.0,3.0,3.0,0.0,0.0,2200-2259,18.0,2313.0,109.0,7.0,52,116.0,24.0,24.0,1.0,1.0,0001-0559,0,,0,3.0,0.0,21.0,0.0,0.0
7255,2025,1,1,27,1,1/27/2025,AA,522,11057,1105703,31057,CLT,"Charlotte, NC",North Carolina,11298,1129806,30194,DFW,"Dallas/Fort Worth, TX",Texas,2252,2247.0,-5.0,0.0,0.0,-1.0,2200-2259,16.0,2303.0,24.0,8.0,52,32.0,-20.0,0.0,0.0,-2.0,0001-0559,0,,0,,,,,
7256,2025,1,1,28,2,1/28/2025,AA,522,11057,1105703,31057,CLT,"Charlotte, NC",North Carolina,11298,1129806,30194,DFW,"Dallas/Fort Worth, TX",Texas,2252,2237.0,-15.0,0.0,0.0,-1.0,2200-2259,16.0,2253.0,9.0,10.0,52,19.0,-33.0,0.0,0.0,-2.0,0001-0559,0,,0,,,,,
7257,2025,1,1,29,3,1/29/2025,AA,522,11057,1105703,31057,CLT,"Charlotte, NC",North Carolina,11298,1129806,30194,DFW,"Dallas/Fort Worth, TX",Texas,2252,,,,,,2200-2259,,,,,52,,,,,,0001-0559,1,B,0,,,,,
7258,2025,1,1,30,4,1/30/2025,AA,522,11057,1105703,31057,CLT,"Charlotte, NC",North Carolina,11298,1129806,30194,DFW,"Dallas/Fort Worth, TX",Texas,2252,2251.0,-1.0,0.0,0.0,-1.0,2200-2259,37.0,2328.0,132.0,10.0,52,142.0,50.0,50.0,1.0,3.0,0001-0559,0,,0,0.0,0.0,50.0,0.0,0.0
7259,2025,1,1,31,5,1/31/2025,AA,522,11057,1105703,31057,CLT,"Charlotte, NC",North Carolina,11298,1129806,30194,DFW,"Dallas/Fort Worth, TX",Texas,2252,2249.0,-3.0,0.0,0.0,-1.0,2200-2259,13.0,2302.0,35.0,8.0,52,43.0,-9.0,0.0,0.0,-1.0,0001-0559,0,,0,,,,,
7450,2025,1,1,1,3,1/1/2025,AA,568,11057,1105703,31057,CLT,"Charlotte, NC",North Carolina,14576,1457607,34576,ROC,"Rochester, NY",New York,920,915.0,-5.0,0.0,0.0,-1.0,0900-0959,21.0,936.0,1054.0,5.0,1118,1059.0,-19.0,0.0,0.0,-2.0,1100-1159,0,,0,,,,,
7451,2025,1,1,2,4,1/2/2025,AA,568,11057,1105703,31057,CLT,"Charlotte, NC",North Carolina,14576,1457607,34576,ROC,"Rochester, NY",New York,920,913.0,-7.0,0.0,0.0,-1.0,0900-0959,11.0,924.0,1042.0,5.0,1118,1047.0,-31.0,0.0,0.0,-2.0,1100-1159,0,,0,,,,,
7452,2025,1,1,3,5,1/3/2025,AA,568,11057,1105703,31057,CLT,"Charlotte, NC",North Carolina,14576,1457607,34576,ROC,"Rochester, NY",New York,920,1115.0,115.0,115.0,1.0,7.0,0900-0959,23.0,1138.0,1257.0,3.0,1118,1300.0,102.0,102.0,1.0,6.0,1100-1159,0,,0,102.0,0.0,0.0,0.0,0.0
7453,2025,1,1,4,6,1/4/2025,AA,568,11057,1105703,31057,CLT,"Charlotte, NC",North Carolina,14576,1457607,34576,ROC,"Rochester, NY",New York,920,916.0,-4.0,0.0,0.0,-1.0,0900-0959,17.0,933.0,1102.0,7.0,1118,1109.0,-9.0,0.0,0.0,-1.0,1100-1159,0,,0,,,,,
7454,2025,1,1,5,7,1/5/2025,AA,568,11057,1105703,31057,CLT,"Charlotte, NC",North Carolina,14576,1457607,34576,ROC,"Rochester, NY",New York,920,938.0,18.0,18.0,1.0,1.0,0900-0959,25.0,1003.0,1125.0,4.0,1118,1129.0,11.0,11.0,0.0,0.0,1100-1159,0,,0,,,,,
7455,2025,1,1,6,1,1/6/2025,AA,568,11057,1105703,31057,CLT,"Charlotte, NC",North Carolina,14576,1457607,34576,ROC,"Rochester, NY",New York,920,1006.0,46.0,46.0,1.0,3.0,0900-0959,10.0,1016.0,1124.0,4.0,1118,1128.0,10.0,10.0,0.0,0.0,1100-1159,0,,0,,,,,
7456,2025,1,1,7,2,1/7/2025,AA,568,11057,1105703,31057,CLT,"Charlotte, NC",North Carolina,14576,1457607,34576,ROC,"Rochester, NY",New York,900,856.0,-4.0,0.0,0.0,-1.0,0900-0959,11.0,907.0,1030.0,8.0,1048,1038.0,-10.0,0.0,0.0,-1.0,1000-1059,0,,0,,,,,
7457,2025,1,1,8,3,1/8/2025,AA,568,11057,1105703,31057,CLT,"Charlotte, NC",North Carolina,14576,1457607,34576,ROC,"Rochester, NY",New York,900,911.0,11.0,11.0,0.0,0.0,0900-0959,12.0,923.0,1048.0,6.0,1048,1054.0,6.0,6.0,0.0,0.0,1000-1059,0,,0,,,,,
7458,2025,1,1,9,4,1/9/2025,AA,568,11057,1105703,31057,CLT,"Charlotte, NC",North Carolina,14576,1457607,34576,ROC,"Rochester, NY",New York,900,855.0,-5.0,0.0,0.0,-1.0,0900-0959,13.0,908.0,1039.0,6.0,1048,1045.0,-3.0,0.0,0.0,-1.0,1000-1059,0,,0,,,,,
7459,2025,1,1,10,5,1/10/2025,AA,568,11057,1105703,31057,CLT,"Charlotte, NC",North Carolina,14576,1457607,34576,ROC,"Rochester, NY",New York,900,900.0,0.0,0.0,0.0,0.0,0900-0959,14.0,914.0,1035.0,8.0,1048,1043.0,-5.0,0.0,0.0,-1.0,1000-1059,0,,0,,,,,
7460,2025,1,1,11,6,1/11/2025,AA,568,11057,1105703,31057,CLT,"Charlotte, NC",North Carolina,14576,1457607,34576,ROC,"Rochester, NY",New York,855,1247.0,232.0,232.0,1.0,12.0,0800-0859,10.0,1257.0,1419.0,8.0,1044,1427.0,223.0,223.0,1.0,12.0,1000-1059,0,,0,0.0,0.0,0.0,0.0,223.0
7461,2025,1,1,12,7,1/12/2025,AA,568,11057,1105703,31057,CLT,"Charlotte, NC",North Carolina,14576,1457607,34576,ROC,"Rochester, NY",New York,900,856.0,-4.0,0.0,0.0,-1.0,0900-0959,11.0,907.0,1025.0,7.0,1048,1032.0,-16.0,0.0,0.0,-2.0,1000-1059,0,,0,,,,,
7462,2025,1,1,13,1,1/13/2025,AA,568,11057,1105703,31057,CLT,"Charlotte, NC",North Carolina,14576,1457607,34576,ROC,"Rochester, NY",New York,900,858.0,-2.0,0.0,0.0,-1.0,0900-0959,14.0,912.0,1030.0,4.0,1048,1034.0,-14.0,0.0,0.0,-1.0,1000-1059,0,,0,,,,,
7463,2025,1,1,14,2,1/14/2025,AA,568,11057,1105703,31057,CLT,"Charlotte, NC",North Carolina,14576,1457607,34576,ROC,"Rochester, NY",New York,900,855.0,-5.0,0.0,0.0,-1.0,0900-0959,12.0,907.0,1026.0,7.0,1048,1033.0,-15.0,0.0,0.0,-1.0,1000-1059,0,,0,,,,,
7464,2025,1,1,15,3,1/15/2025,AA,568,11057,1105703,31057,CLT,"Charlotte, NC",North Carolina,14576,1457607,34576,ROC,"Rochester, NY",New York,900,856.0,-4.0,0.0,0.0,-1.0,0900-0959,14.0,910.0,1030.0,7.0,1048,1037.0,-11.0,0.0,0.0,-1.0,1000-1059,0,,0,,,,,
7465,2025,1,1,16,4,1/16/2025,AA,568,11057,1105703,31057,CLT,"Charlotte, NC",North Carolina,14576,1457607,34576,ROC,"Rochester, NY",New York,900,853.0,-7.0,0.0,0.0,-1.0,0900-0959,17.0,910.0,1031.0,8.0,1048,1039.0,-9.0,0.0,0.0,-1.0,1000-1059,0,,0,,,,,
7466,2025,1,1,17,5,1/17/2025,AA,568,11057,1105703,31057,CLT,"Charlotte, NC",North Carolina,14576,1457607,34576,ROC,"Rochester, NY",New York,900,854.0,-6.0,0.0,0.0,-1.0,0900-0959,15.0,909.0,1035.0,7.0,1048,1042.0,-6.0,0.0,0.0,-1.0,1000-1059,0,,0,,,,,
7467,2025,1,1,18,6,1/18/2025,AA,568,11057,1105703,31057,CLT,"Charlotte, NC",North Carolina,14576,1457607,34576,ROC,"Rochester, NY",New York,855,851.0,-4.0,0.0,0.0,-1.0,0800-0859,17.0,908.0,1029.0,6.0,1044,1035.0,-9.0,0.0,0.0,-1.0,1000-1059,0,,0,,,,,
7468,2025,1,1,19,7,1/19/2025,AA,568,11057,1105703,31057,CLT,"Charlotte, NC",North Carolina,14576,1457607,34576,ROC,"Rochester, NY",New York,900,853.0,-7.0,0.0,0.0,-1.0,0900-0959,15.0,908.0,1016.0,3.0,1048,1019.0,-29.0,0.0,0.0,-2.0,1000-1059,0,,0,,,,,
7469,2025,1,1,20,1,1/20/2025,AA,568,11057,1105703,31057,CLT,"Charlotte, NC",North Carolina,14576,1457607,34576,ROC,"Rochester, NY",New York,900,920.0,20.0,20.0,1.0,1.0,0900-0959,15.0,935.0,1049.0,8.0,1048,1057.0,9.0,9.0,0.0,0.0,1000-1059,0,,0,,,,,
7470,2025,1,1,21,2,1/21/2025,AA,568,11057,1105703,31057,CLT,"Charlotte, NC",North Carolina,14576,1457607,34576,ROC,"Rochester, NY",New York,900,853.0,-7.0,0.0,0.0,-1.0,0900-0959,15.0,908.0,1020.0,8.0,1048,1028.0,-20.0,0.0,0.0,-2.0,1000-1059,0,,0,,,,,
7471,2025,1,1,22,3,1/22/2025,AA,568,11057,1105703,31057,CLT,"Charlotte, NC",North Carolina,14576,1457607,34576,ROC,"Rochester, NY",New York,900,856.0,-4.0,0.0,0.0,-1.0,0900-0959,11.0,907.0,1027.0,6.0,1048,1033.0,-15.0,0.0,0.0,-1.0,1000-1059,0,,0,,,,,
7472,2025,1,1,23,4,1/23/2025,AA,568,11057,1105703,31057,CLT,"Charlotte, NC",North Carolina,14576,1457607,34576,ROC,"Rochester, NY",New York,900,858.0,-2.0,0.0,0.0,-1.0,0900-0959,19.0,917.0,1028.0,6.0,1048,1034.0,-14.0,0.0,0.0,-1.0,1000-1059,0,,0,,,,,
7473,2025,1,1,24,5,1/24/2025,AA,568,11057,1105703,31057,CLT,"Charlotte, NC",North Carolina,14576,1457607,34576,ROC,"Rochester, NY",New York,900,857.0,-3.0,0.0,0.0,-1.0,0900-0959,14.0,911.0,1025.0,8.0,1048,1033.0,-15.0,0.0,0.0,-1.0,1000-1059,0,,0,,,,,
7474,2025,1,1,25,6,1/25/2025,AA,568,11057,1105703,31057,CLT,"Charlotte, NC",North Carolina,14576,1457607,34576,ROC,"Rochester, NY",New York,855,850.0,-5.0,0.0,0.0,-1.0,0800-0859,12.0,902.0,1024.0,8.0,1044,1032.0,-12.0,0.0,0.0,-1.0,1000-1059,0,,0,,,,,
7475,2025,1,1,26,7,1/26/2025,AA,568,11057,1105703,31057,CLT,"Charlotte, NC",North Carolina,14576,1457607,34576,ROC,"Rochester, NY",New York,900,900.0,0.0,0.0,0.0,0.0,0900-0959,13.0,913.0,1032.0,7.0,1048,1039.0,-9.0,0.0,0.0,-1.0,1000-1059,0,,0,,,,,
7476,2025,1,1,27,1,1/27/2025,AA,568,11057,1105703,31057,CLT,"Charlotte, NC",North Carolina,14576,1457607,34576,ROC,"Rochester, NY",New York,900,859.0,-1.0,0.0,0.0,-1.0,0900-0959,13.0,912.0,1031.0,6.0,1048,1037.0,-11.0,0.0,0.0,-1.0,1000-1059,0,,0,,,,,
7477,2025,1,1,28,2,1/28/2025,AA,568,11057,1105703,31057,CLT,"Charlotte, NC",North Carolina,14576,1457607,34576,ROC,"Rochester, NY",New York,900,852.0,-8.0,0.0,0.0,-1.0,0900-0959,19.0,911.0,1030.0,4.0,1048,1034.0,-14.0,0.0,0.0,-1.0,1000-1059,0,,0,,,,,
7478,2025,1,1,29,3,1/29/2025,AA,568,11057,1105703,31057,CLT,"Charlotte, NC",North Carolina,14576,1457607,34576,ROC,"Rochester, NY",New York,900,858.0,-2.0,0.0,0.0,-1.0,0900-0959,17.0,915.0,1040.0,6.0,1048,1046.0,-2.0,0.0,0.0,-1.0,1000-1059,0,,0,,,,,
7479,2025,1,1,30,4,1/30/2025,AA,568,11057,1105703,31057,CLT,"Charlotte, NC",North Carolina,14576,1457607,34576,ROC,"Rochester, NY",New York,900,853.0,-7.0,0.0,0.0,-1.0,0900-0959,14.0,907.0,1030.0,9.0,1048,1039.0,-9.0,0.0,0.0,-1.0,1000-1059,0,,0,,,,,
7480,2025,1,1,31,5,1/31/2025,AA,568,11057,1105703,31057,CLT,"Charlotte, NC",North Carolina,14576,1457607,34576,ROC,"Rochester, NY",New York,900,853.0,-7.0,0.0,0.0,-1.0,0900-0959,16.0,909.0,1030.0,6.0,1048,1036.0,-12.0,0.0,0.0,-1.0,1000-1059,0,,0,,,,,
7512,2025,1,1,7,2,1/7/2025,AA,1636,11057,1105703,31057,CLT,"Charlotte, NC",North Carolina,11292,1129202,30325,DEN,"Denver, CO",Colorado,1135,1137.0,2.0,2.0,0.0,0.0,1100-1159,47.0,1224.0,1347.0,8.0,1335,1355.0,20.0,20.0,1.0,1.0,1300-1359,0,,0,2.0,0.0,18.0,0.0,0.0
7513,2025,1,1,8,3,1/8/2025,AA,1636,11057,1105703,31057,CLT,"Charlotte, NC",North Carolina,11292,1129202,30325,DEN,"Denver, CO",Colorado,1135,1132.0,-3.0,0.0,0.0,-1.0,1100-1159,20.0,1152.0,1312.0,9.0,1335,1321.0,-14.0,0.0,0.0,-1.0,1300-1359,0,,0,,,,,
7514,2025,1,1,9,4,1/9/2025,AA,1636,11057,1105703,31057,CLT,"Charlotte, NC",North Carolina,11292,1129202,30325,DEN,"Denver, CO",Colorado,1135,1133.0,-2.0,0.0,0.0,-1.0,1100-1159,27.0,1200.0,1320.0,12.0,1335,1332.0,-3.0,0.0,0.0,-1.0,1300-1359,0,,0,,,,,
7515,2025,1,1,10,5,1/10/2025,AA,1636,11057,1105703,31057,CLT,"Charlotte, NC",North Carolina,11292,1129202,30325,DEN,"Denver, CO",Colorado,1135,1146.0,11.0,11.0,0.0,0.0,1100-1159,12.0,1158.0,1312.0,9.0,1335,1321.0,-14.0,0.0,0.0,-1.0,1300-1359,0,,0,,,,,
7516,2025,1,1,11,6,1/11/2025,AA,1636,11057,1105703,31057,CLT,"Charlotte, NC",North Carolina,11292,1129202,30325,DEN,"Denver, CO",Colorado,1135,1149.0,14.0,14.0,0.0,0.0,1100-1159,14.0,1203.0,1318.0,9.0,1335,1327.0,-8.0,0.0,0.0,-1.0,1300-1359,0,,0,,,,,
7517,2025,1,1,12,7,1/12/2025,AA,1636,11057,1105703,31057,CLT,"Charlotte, NC",North Carolina,11292,1129202,30325,DEN,"Denver, CO",Colorado,1135,1131.0,-4.0,0.0,0.0,-1.0,1100-1159,25.0,1156.0,1314.0,6.0,1335,1320.0,-15.0,0.0,0.0,-1.0,1300-1359,0,,0,,,,,
7518,2025,1,1,13,1,1/13/2025,AA,1636,11057,1105703,31057,CLT,"Charlotte, NC",North Carolina,11292,1129202,30325,DEN,"Denver, CO",Colorado,1135,1133.0,-2.0,0.0,0.0,-1.0,1100-1159,23.0,1156.0,1312.0,9.0,1335,1321.0,-14.0,0.0,0.0,-1.0,1300-1359,0,,0,,,,,
7519,2025,1,1,14,2,1/14/2025,AA,1636,11057,1105703,31057,CLT,"Charlotte, NC",North Carolina,11292,1129202,30325,DEN,"Denver, CO",Colorado,1135,1133.0,-2.0,0.0,0.0,-1.0,1100-1159,20.0,1153.0,1325.0,11.0,1335,1336.0,1.0,1.0,0.0,0.0,1300-1359,0,,0,,,,,
7520,2025,1,1,15,3,1/15/2025,AA,1636,11057,1105703,31057,CLT,"Charlotte, NC",North Carolina,11292,1129202,30325,DEN,"Denver, CO",Colorado,1135,1134.0,-1.0,0.0,0.0,-1.0,1100-1159,12.0,1146.0,1255.0,8.0,1335,1303.0,-32.0,0.0,0.0,-2.0,1300-1359,0,,0,,,,,
7521,2025,1,1,16,4,1/16/2025,AA,1636,11057,1105703,31057,CLT,"Charlotte, NC",North Carolina,11292,1129202,30325,DEN,"Denver, CO",Colorado,1135,1131.0,-4.0,0.0,0.0,-1.0,1100-1159,20.0,1151.0,1301.0,5.0,1335,1306.0,-29.0,0.0,0.0,-2.0,1300-1359,0,,0,,,,,
7522,2025,1,1,17,5,1/17/2025,AA,1636,11057,1105703,31057,CLT,"Charlotte, NC",North Carolina,11292,1129202,30325,DEN,"Denver, CO",Colorado,1135,1131.0,-4.0,0.0,0.0,-1.0,1100-1159,40.0,1211.0,1316.0,9.0,1335,1325.0,-10.0,0.0,0.0,-1.0,1300-1359,0,,0,,,,,
7523,2025,1,1,18,6,1/18/2025,AA,1636,11057,1105703,31057,CLT,"Charlotte, NC",North Carolina,11292,1129202,30325,DEN,"Denver, CO",Colorado,930,930.0,0.0,0.0,0.0,0.0,0900-0959,20.0,950.0,1113.0,10.0,1128,1123.0,-5.0,0.0,0.0,-1.0,1100-1159,0,,0,,,,,
7524,2025,1,1,19,7,1/19/2025,AA,1636,11057,1105703,31057,CLT,"Charlotte, NC",North Carolina,11292,1129202,30325,DEN,"Denver, CO",Colorado,1135,1129.0,-6.0,0.0,0.0,-1.0,1100-1159,24.0,1153.0,1319.0,9.0,1335,1328.0,-7.0,0.0,0.0,-1.0,1300-1359,0,,0,,,,,
7525,2025,1,1,20,1,1/20/2025,AA,1636,11057,1105703,31057,CLT,"Charlotte, NC",North Carolina,11292,1129202,30325,DEN,"Denver, CO",Colorado,1135,1151.0,16.0,16.0,1.0,1.0,1100-1159,14.0,1205.0,1341.0,10.0,1335,1351.0,16.0,16.0,1.0,1.0,1300-1359,0,,0,16.0,0.0,0.0,0.0,0.0
7526,2025,1,1,21,2,1/21/2025,AA,1636,11057,1105703,31057,CLT,"Charlotte, NC",North Carolina,11292,1129202,30325,DEN,"Denver, CO",Colorado,1135,1137.0,2.0,2.0,0.0,0.0,1100-1159,15.0,1152.0,1310.0,10.0,1335,1320.0,-15.0,0.0,0.0,-1.0,1300-1359,0,,0,,,,,
7527,2025,1,1,22,3,1/22/2025,AA,1636,11057,1105703,31057,CLT,"Charlotte, NC",North Carolina,11292,1129202,30325,DEN,"Denver, CO",Colorado,1135,1147.0,12.0,12.0,0.0,0.0,1100-1159,8.0,1155.0,1309.0,10.0,1335,1319.0,-16.0,0.0,0.0,-2.0,1300-1359,0,,0,,,,,
7528,2025,1,1,23,4,1/23/2025,AA,1636,11057,1105703,31057,CLT,"Charlotte, NC",North Carolina,11292,1129202,30325,DEN,"Denver, CO",Colorado,1135,1145.0,10.0,10.0,0.0,0.0,1100-1159,20.0,1205.0,1313.0,9.0,1335,1322.0,-13.0,0.0,0.0,-1.0,1300-1359,0,,0,,,,,
7529,2025,1,1,24,5,1/24/2025,AA,1636,11057,1105703,31057,CLT,"Charlotte, NC",North Carolina,11292,1129202,30325,DEN,"Denver, CO",Colorado,1135,1138.0,3.0,3.0,0.0,0.0,1100-1159,14.0,1152.0,1314.0,7.0,1335,1321.0,-14.0,0.0,0.0,-1.0,1300-1359,0,,0,,,,,
7530,2025,1,1,25,6,1/25/2025,AA,1636,11057,1105703,31057,CLT,"Charlotte, NC",North Carolina,11292,1129202,30325,DEN,"Denver, CO",Colorado,1135,1131.0,-4.0,0.0,0.0,-1.0,1100-1159,13.0,1144.0,1303.0,9.0,1335,1312.0,-23.0,0.0,0.0,-2.0,1300-1359,0,,0,,,,,
7531,2025,1,1,26,7,1/26/2025,AA,1636,11057,1105703,31057,CLT,"Charlotte, NC",North Carolina,11292,1129202,30325,DEN,"Denver, CO",Colorado,1135,1129.0,-6.0,0.0,0.0,-1.0,1100-1159,19.0,1148.0,1322.0,8.0,1335,1330.0,-5.0,0.0,0.0,-1.0,1300-1359,0,,0,,,,,
7532,2025,1,1,27,1,1/27/2025,AA,1636,11057,1105703,31057,CLT,"Charlotte, NC",North Carolina,11292,1129202,30325,DEN,"Denver, CO",Colorado,1135,1136.0,1.0,1.0,0.0,0.0,1100-1159,26.0,1202.0,1304.0,8.0,1335,1312.0,-23.0,0.0,0.0,-2.0,1300-1359,0,,0,,,,,
7533,2025,1,1,28,2,1/28/2025,AA,1636,11057,1105703,31057,CLT,"Charlotte, NC",North Carolina,11292,1129202,30325,DEN,"Denver, CO",Colorado,1135,1131.0,-4.0,0.0,0.0,-1.0,1100-1159,13.0,1144.0,1246.0,11.0,1335,1257.0,-38.0,0.0,0.0,-2.0,1300-1359,0,,0,,,,,
7534,2025,1,1,29,3,1/29/2025,AA,1636,11057,1105703,31057,CLT,"Charlotte, NC",North Carolina,11292,1129202,30325,DEN,"Denver, CO",Colorado,1135,1149.0,14.0,14.0,0.0,0.0,1100-1159,18.0,1207.0,1321.0,9.0,1335,1330.0,-5.0,0.0,0.0,-1.0,1300-1359,0,,0,,,,,
7535,2025,1,1,30,4,1/30/2025,AA,1636,11057,1105703,31057,CLT,"Charlotte, NC",North Carolina,11292,1129202,30325,DEN,"Denver, CO",Colorado,1135,1144.0,9.0,9.0,0.0,0.0,1100-1159,21.0,1205.0,1317.0,8.0,1335,1325.0,-10.0,0.0,0.0,-1.0,1300-1359,0,,0,,,,,
7536,2025,1,1,31,5,1/31/2025,AA,1636,11057,1105703,31057,CLT,"Charlotte, NC",North Carolina,11292,1129202,30325,DEN,"Denver, CO",Colorado,1135,1138.0,3.0,3.0,0.0,0.0,1100-1159,27.0,1205.0,1315.0,8.0,1335,1323.0,-12.0,0.0,0.0,-1.0,1300-1359,0,,0,,,,,
7659,2025,1,1,2,4,1/2/2025,AA,1668,11057,1105703,31057,CLT,"Charlotte, NC",North Carolina,13930,1393008,30977,ORD,"Chicago, IL",Illinois,940,938.0,-2.0,0.0,0.0,-1.0,0900-0959,22.0,1000.0,1033.0,7.0,1101,1040.0,-21.0,0.0,0.0,-2.0,1100-1159,0,,0,,,,,
7660,2025,1,1,3,5,1/3/2025,AA,1668,11057,1105703,31057,CLT,"Charlotte, NC",North Carolina,13930,1393008,30977,ORD,"Chicago, IL",Illinois,940,939.0,-1.0,0.0,0.0,-1.0,0900-0959,31.0,1010.0,1046.0,9.0,1101,1055.0,-6.0,0.0,0.0,-1.0,1100-1159,0,,0,,,,,
7661,2025,1,1,4,6,1/4/2025,AA,1668,11057,1105703,31057,CLT,"Charlotte, NC",North Carolina,13930,1393008,30977,ORD,"Chicago, IL",Illinois,940,937.0,-3.0,0.0,0.0,-1.0,0900-0959,15.0,952.0,1029.0,7.0,1101,1036.0,-25.0,0.0,0.0,-2.0,1100-1159,0,,0,,,,,
7662,2025,1,1,5,7,1/5/2025,AA,1668,11057,1105703,31057,CLT,"Charlotte, NC",North Carolina,13930,1393008,30977,ORD,"Chicago, IL",Illinois,940,947.0,7.0,7.0,0.0,0.0,0900-0959,33.0,1020.0,1056.0,15.0,1101,1111.0,10.0,10.0,0.0,0.0,1100-1159,0,,0,,,,,
7663,2025,1,1,6,1,1/6/2025,AA,1668,11057,1105703,31057,CLT,"Charlotte, NC",North Carolina,13930,1393008,30977,ORD,"Chicago, IL",Illinois,940,951.0,11.0,11.0,0.0,0.0,0900-0959,18.0,1009.0,1045.0,16.0,1101,1101.0,0.0,0.0,0.0,0.0,1100-1159,0,,0,,,,,
7664,2025,1,1,7,2,1/7/2025,AA,1668,11057,1105703,31057,CLT,"Charlotte, NC",North Carolina,13930,1393008,30977,ORD,"Chicago, IL",Illinois,920,918.0,-2.0,0.0,0.0,-1.0,0900-0959,21.0,939.0,1013.0,11.0,1038,1024.0,-14.0,0.0,0.0,-1.0,1000-1059,0,,0,,,,,
7665,2025,1,1,8,3,1/8/2025,AA,1668,11057,1105703,31057,CLT,"Charlotte, NC",North Carolina,13930,1393008,30977,ORD,"Chicago, IL",Illinois,920,911.0,-9.0,0.0,0.0,-1.0,0900-0959,18.0,929.0,1001.0,60.0,1038,1101.0,23.0,23.0,1.0,1.0,1000-1059,0,,0,0.0,0.0,23.0,0.0,0.0
7666,2025,1,1,9,4,1/9/2025,AA,1668,11057,1105703,31057,CLT,"Charlotte, NC",North Carolina,13930,1393008,30977,ORD,"Chicago, IL",Illinois,920,909.0,-11.0,0.0,0.0,-1.0,0900-0959,22.0,931.0,1003.0,16.0,1038,1019.0,-19.0,0.0,0.0,-2.0,1000-1059,0,,0,,,,,
7667,2025,1,1,10,5,1/10/2025,AA,1668,11057,1105703,31057,CLT,"Charlotte, NC",North Carolina,13930,1393008,30977,ORD,"Chicago, IL",Illinois,920,1314.0,234.0,234.0,1.0,12.0,0900-0959,14.0,1328.0,1404.0,20.0,1038,1424.0,226.0,226.0,1.0,12.0,1000-1059,0,,0,3.0,0.0,0.0,0.0,223.0
7668,2025,1,1,11,6,1/11/2025,AA,1668,11057,1105703,31057,CLT,"Charlotte, NC",North Carolina,13930,1393008,30977,ORD,"Chicago, IL",Illinois,915,,,,,,0900-0959,,,,,1024,,,,,,1000-1059,1,B,0,,,,,
7669,2025,1,1,12,7,1/12/2025,AA,1668,11057,1105703,31057,CLT,"Charlotte, NC",North Carolina,13930,1393008,30977,ORD,"Chicago, IL",Illinois,920,915.0,-5.0,0.0,0.0,-1.0,0900-0959,24.0,939.0,1012.0,17.0,1038,1029.0,-9.0,0.0,0.0,-1.0,1000-1059,0,,0,,,,,
7670,2025,1,1,13,1,1/13/2025,AA,1668,11057,1105703,31057,CLT,"Charlotte, NC",North Carolina,13930,1393008,30977,ORD,"Chicago, IL",Illinois,920,915.0,-5.0,0.0,0.0,-1.0,0900-0959,16.0,931.0,1013.0,9.0,1038,1022.0,-16.0,0.0,0.0,-2.0,1000-1059,0,,0,,,,,
7671,2025,1,1,14,2,1/14/2025,AA,1668,11057,1105703,31057,CLT,"Charlotte, NC",North Carolina,13930,1393008,30977,ORD,"Chicago, IL",Illinois,920,912.0,-8.0,0.0,0.0,-1.0,0900-0959,21.0,933.0,1013.0,18.0,1038,1031.0,-7.0,0.0,0.0,-1.0,1000-1059,0,,0,,,,,
7672,2025,1,1,15,3,1/15/2025,AA,1668,11057,1105703,31057,CLT,"Charlotte, NC",North Carolina,13930,1393008,30977,ORD,"Chicago, IL",Illinois,920,914.0,-6.0,0.0,0.0,-1.0,0900-0959,18.0,932.0,1005.0,7.0,1038,1012.0,-26.0,0.0,0.0,-2.0,1000-1059,0,,0,,,,,
7673,2025,1,1,16,4,1/16/2025,AA,1668,11057,1105703,31057,CLT,"Charlotte, NC",North Carolina,13930,1393008,30977,ORD,"Chicago, IL",Illinois,920,917.0,-3.0,0.0,0.0,-1.0,0900-0959,14.0,931.0,1011.0,11.0,1038,1022.0,-16.0,0.0,0.0,-2.0,1000-1059,0,,0,,,,,
7674,2025,1,1,17,5,1/17/2025,AA,1668,11057,1105703,31057,CLT,"Charlotte, NC",North Carolina,13930,1393008,30977,ORD,"Chicago, IL",Illinois,920,916.0,-4.0,0.0,0.0,-1.0,0900-0959,16.0,932.0,1002.0,11.0,1038,1013.0,-25.0,0.0,0.0,-2.0,1000-1059,0,,0,,,,,
7675,2025,1,1,18,6,1/18/2025,AA,1668,11057,1105703,31057,CLT,"Charlotte, NC",North Carolina,13930,1393008,30977,ORD,"Chicago, IL",Illinois,915,906.0,-9.0,0.0,0.0,-1.0,0900-0959,18.0,924.0,953.0,11.0,1024,1004.0,-20.0,0.0,0.0,-2.0,1000-1059,0,,0,,,,,
7676,2025,1,1,19,7,1/19/2025,AA,1668,11057,1105703,31057,CLT,"Charlotte, NC",North Carolina,13930,1393008,30977,ORD,"Chicago, IL",Illinois,920,917.0,-3.0,0.0,0.0,-1.0,0900-0959,20.0,937.0,1003.0,12.0,1038,1015.0,-23.0,0.0,0.0,-2.0,1000-1059,0,,0,,,,,
7677,2025,1,1,20,1,1/20/2025,AA,1668,11057,1105703,31057,CLT,"Charlotte, NC",North Carolina,13930,1393008,30977,ORD,"Chicago, IL",Illinois,920,918.0,-2.0,0.0,0.0,-1.0,0900-0959,17.0,935.0,1005.0,8.0,1038,1013.0,-25.0,0.0,0.0,-2.0,1000-1059,0,,0,,,,,
7678,2025,1,1,21,2,1/21/2025,AA,1668,11057,1105703,31057,CLT,"Charlotte, NC",North Carolina,13930,1393008,30977,ORD,"Chicago, IL",Illinois,920,1000.0,40.0,40.0,1.0,2.0,0900-0959,18.0,1018.0,1051.0,10.0,1038,1101.0,23.0,23.0,1.0,1.0,1000-1059,0,,0,23.0,0.0,0.0,0.0,0.0
7679,2025,1,1,22,3,1/22/2025,AA,1668,11057,1105703,31057,CLT,"Charlotte, NC",North Carolina,13930,1393008,30977,ORD,"Chicago, IL",Illinois,920,,,,,,0900-0959,,,,,1038,,,,,,1000-1059,1,B,0,,,,,
7680,2025,1,1,23,4,1/23/2025,AA,1668,11057,1105703,31057,CLT,"Charlotte, NC",North Carolina,13930,1393008,30977,ORD,"Chicago, IL",Illinois,920,910.0,-10.0,0.0,0.0,-1.0,0900-0959,34.0,944.0,1016.0,10.0,1038,1026.0,-12.0,0.0,0.0,-1.0,1000-1059,0,,0,,,,,
7681,2025,1,1,24,5,1/24/2025,AA,1668,11057,1105703,31057,CLT,"Charlotte, NC",North Carolina,13930,1393008,30977,ORD,"Chicago, IL",Illinois,920,916.0,-4.0,0.0,0.0,-1.0,0900-0959,19.0,935.0,1005.0,15.0,1038,1020.0,-18.0,0.0,0.0,-2.0,1000-1059,0,,0,,,,,
7682,2025,1,1,25,6,1/25/2025,AA,1668,11057,1105703,31057,CLT,"Charlotte, NC",North Carolina,13930,1393008,30977,ORD,"Chicago, IL",Illinois,915,907.0,-8.0,0.0,0.0,-1.0,0900-0959,21.0,928.0,1003.0,7.0,1024,1010.0,-14.0,0.0,0.0,-1.0,1000-1059,0,,0,,,,,
7683,2025,1,1,26,7,1/26/2025,AA,1668,11057,1105703,31057,CLT,"Charlotte, NC",North Carolina,13930,1393008,30977,ORD,"Chicago, IL",Illinois,920,918.0,-2.0,0.0,0.0,-1.0,0900-0959,19.0,937.0,1009.0,10.0,1038,1019.0,-19.0,0.0,0.0,-2.0,1000-1059,0,,0,,,,,
7684,2025,1,1,27,1,1/27/2025,AA,1668,11057,1105703,31057,CLT,"Charlotte, NC",North Carolina,13930,1393008,30977,ORD,"Chicago, IL",Illinois,920,924.0,4.0,4.0,0.0,0.0,0900-0959,19.0,943.0,1016.0,10.0,1038,1026.0,-12.0,0.0,0.0,-1.0,1000-1059,0,,0,,,,,
7685,2025,1,1,28,2,1/28/2025,AA,1668,11057,1105703,31057,CLT,"Charlotte, NC",North Carolina,13930,1393008,30977,ORD,"Chicago, IL",Illinois,920,916.0,-4.0,0.0,0.0,-1.0,0900-0959,20.0,936.0,1010.0,10.0,1038,1020.0,-18.0,0.0,0.0,-2.0,1000-1059,0,,0,,,,,
7686,2025,1,1,29,3,1/29/2025,AA,1668,11057,1105703,31057,CLT,"Charlotte, NC",North Carolina,13930,1393008,30977,ORD,"Chicago, IL",Illinois,920,918.0,-2.0,0.0,0.0,-1.0,0900-0959,30.0,948.0,1029.0,11.0,1038,1040.0,2.0,2.0,0.0,0.0,1000-1059,0,,0,,,,,
7687,2025,1,1,30,4,1/30/2025,AA,1668,11057,1105703,31057,CLT,"Charlotte, NC",North Carolina,13930,1393008,30977,ORD,"Chicago, IL",Illinois,920,909.0,-11.0,0.0,0.0,-1.0,0900-0959,19.0,928.0,958.0,8.0,1038,1006.0,-32.0,0.0,0.0,-2.0,1000-1059,0,,0,,,,,
7688,2025,1,1,31,5,1/31/2025,AA,1668,11057,1105703,31057,CLT,"Charlotte, NC",North Carolina,13930,1393008,30977,ORD,"Chicago, IL",Illinois,920,916.0,-4.0,0.0,0.0,-1.0,0900-0959,30.0,946.0,1019.0,30.0,1038,1049.0,11.0,11.0,0.0,0.0,1000-1059,0,,0,,,,,
7775,2025,1,1,1,3,1/1/2025,AA,1695,11057,1105703,31057,CLT,"Charlotte, NC",North Carolina,11298,1129806,30194,DFW,"Dallas/Fort Worth, TX",Texas,920,928.0,8.0,8.0,0.0,0.0,0900-0959,21.0,949.0,1127.0,14.0,1137,1141.0,4.0,4.0,0.0,0.0,1100-1159,0,,0,,,,,
7776,2025,1,1,2,4,1/2/2025,AA,1695,11057,1105703,31057,CLT,"Charlotte, NC",North Carolina,11298,1129806,30194,DFW,"Dallas/Fort Worth, TX",Texas,920,916.0,-4.0,0.0,0.0,-1.0,0900-0959,14.0,930.0,1104.0,10.0,1137,1114.0,-23.0,0.0,0.0,-2.0,1100-1159,0,,0,,,,,
7777,2025,1,1,3,5,1/3/2025,AA,1695,11057,1105703,31057,CLT,"Charlotte, NC",North Carolina,11298,1129806,30194,DFW,"Dallas/Fort Worth, TX",Texas,920,942.0,22.0,22.0,1.0,1.0,0900-0959,31.0,1013.0,1128.0,9.0,1137,1137.0,0.0,0.0,0.0,0.0,1100-1159,0,,0,,,,,
7778,2025,1,1,4,6,1/4/2025,AA,1695,11057,1105703,31057,CLT,"Charlotte, NC",North Carolina,11298,1129806,30194,DFW,"Dallas/Fort Worth, TX",Texas,923,920.0,-3.0,0.0,0.0,-1.0,0900-0959,18.0,938.0,1104.0,12.0,1139,1116.0,-23.0,0.0,0.0,-2.0,1100-1159,0,,0,,,,,
7779,2025,1,1,5,7,1/5/2025,AA,1695,11057,1105703,31057,CLT,"Charlotte, NC",North Carolina,11298,1129806,30194,DFW,"Dallas/Fort Worth, TX",Texas,920,918.0,-2.0,0.0,0.0,-1.0,0900-0959,22.0,940.0,1142.0,16.0,1137,1158.0,21.0,21.0,1.0,1.0,1100-1159,0,,0,0.0,0.0,21.0,0.0,0.0
7780,2025,1,1,6,1,1/6/2025,AA,1695,11057,1105703,31057,CLT,"Charlotte, NC",North Carolina,11298,1129806,30194,DFW,"Dallas/Fort Worth, TX",Texas,920,1001.0,41.0,41.0,1.0,2.0,0900-0959,21.0,1022.0,1203.0,15.0,1137,1218.0,41.0,41.0,1.0,2.0,1100-1159,0,,0,41.0,0.0,0.0,0.0,0.0
7781,2025,1,1,7,2,1/7/2025,AA,1695,11057,1105703,31057,CLT,"Charlotte, NC",North Carolina,11298,1129806,30194,DFW,"Dallas/Fort Worth, TX",Texas,925,921.0,-4.0,0.0,0.0,-1.0,0900-0959,14.0,935.0,1103.0,19.0,1139,1122.0,-17.0,0.0,0.0,-2.0,1100-1159,0,,0,,,,,
7782,2025,1,1,8,3,1/8/2025,AA,1695,11057,1105703,31057,CLT,"Charlotte, NC",North Carolina,11298,1129806,30194,DFW,"Dallas/Fort Worth, TX",Texas,925,924.0,-1.0,0.0,0.0,-1.0,0900-0959,26.0,950.0,1132.0,9.0,1139,1141.0,2.0,2.0,0.0,0.0,1100-1159,0,,0,,,,,
7783,2025,1,1,9,4,1/9/2025,AA,1695,11057,1105703,31057,CLT,"Charlotte, NC",North Carolina,11298,1129806,30194,DFW,"Dallas/Fort Worth, TX",Texas,925,925.0,0.0,0.0,0.0,0.0,0900-0959,27.0,952.0,1418.0,16.0,1139,1434.0,,,,,1100-1159,0,,1,,,,,
7784,2025,1,1,10,5,1/10/2025,AA,1695,11057,1105703,31057,CLT,"Charlotte, NC",North Carolina,11298,1129806,30194,DFW,"Dallas/Fort Worth, TX",Texas,925,933.0,8.0,8.0,0.0,0.0,0900-0959,15.0,948.0,1126.0,49.0,1139,1215.0,36.0,36.0,1.0,2.0,1100-1159,0,,0,8.0,0.0,28.0,0.0,0.0
7785,2025,1,1,11,6,1/11/2025,AA,1695,11057,1105703,31057,CLT,"Charlotte, NC",North Carolina,11298,1129806,30194,DFW,"Dallas/Fort Worth, TX",Texas,925,,,,,,0900-0959,,,,,1139,,,,,,1100-1159,1,B,0,,,,,
7786,2025,1,1,12,7,1/12/2025,AA,1695,11057,1105703,31057,CLT,"Charlotte, NC",North Carolina,11298,1129806,30194,DFW,"Dallas/Fort Worth, TX",Texas,925,953.0,28.0,28.0,1.0,1.0,0900-0959,28.0,1021.0,1152.0,6.0,1139,1158.0,19.0,19.0,1.0,1.0,1100-1159,0,,0,10.0,0.0,0.0,0.0,9.0
7787,2025,1,1,13,1,1/13/2025,AA,1695,11057,1105703,31057,CLT,"Charlotte, NC",North Carolina,11298,1129806,30194,DFW,"Dallas/Fort Worth, TX",Texas,925,923.0,-2.0,0.0,0.0,-1.0,0900-0959,25.0,948.0,1121.0,17.0,1139,1138.0,-1.0,0.0,0.0,-1.0,1100-1159,0,,0,,,,,
7788,2025,1,1,14,2,1/14/2025,AA,1695,11057,1105703,31057,CLT,"Charlotte, NC",North Carolina,11298,1129806,30194,DFW,"Dallas/Fort Worth, TX",Texas,925,921.0,-4.0,0.0,0.0,-1.0,0900-0959,22.0,943.0,1112.0,12.0,1139,1124.0,-15.0,0.0,0.0,-1.0,1100-1159,0,,0,,,,,
7789,2025,1,1,15,3,1/15/2025,AA,1695,11057,1105703,31057,CLT,"Charlotte, NC",North Carolina,11298,1129806,30194,DFW,"Dallas/Fort Worth, TX",Texas,925,922.0,-3.0,0.0,0.0,-1.0,0900-0959,23.0,945.0,1106.0,16.0,1139,1122.0,-17.0,0.0,0.0,-2.0,1100-1159,0,,0,,,,,
7790,2025,1,1,16,4,1/16/2025,AA,1695,11057,1105703,31057,CLT,"Charlotte, NC",North Carolina,11298,1129806,30194,DFW,"Dallas/Fort Worth, TX",Texas,925,923.0,-2.0,0.0,0.0,-1.0,0900-0959,19.0,942.0,1059.0,12.0,1139,1111.0,-28.0,0.0,0.0,-2.0,1100-1159,0,,0,,,,,
7791,2025,1,1,17,5,1/17/2025,AA,1695,11057,1105703,31057,CLT,"Charlotte, NC",North Carolina,11298,1129806,30194,DFW,"Dallas/Fort Worth, TX",Texas,925,922.0,-3.0,0.0,0.0,-1.0,0900-0959,17.0,939.0,1053.0,3.0,1139,1056.0,-43.0,0.0,0.0,-2.0,1100-1159,0,,0,,,,,
7792,2025,1,1,18,6,1/18/2025,AA,1695,11057,1105703,31057,CLT,"Charlotte, NC",North Carolina,11298,1129806,30194,DFW,"Dallas/Fort Worth, TX",Texas,925,923.0,-2.0,0.0,0.0,-1.0,0900-0959,19.0,942.0,1105.0,13.0,1139,1118.0,-21.0,0.0,0.0,-2.0,1100-1159,0,,0,,,,,
7793,2025,1,1,19,7,1/19/2025,AA,1695,11057,1105703,31057,CLT,"Charlotte, NC",North Carolina,11298,1129806,30194,DFW,"Dallas/Fort Worth, TX",Texas,925,924.0,-1.0,0.0,0.0,-1.0,0900-0959,23.0,947.0,1126.0,13.0,1139,1139.0,0.0,0.0,0.0,0.0,1100-1159,0,,0,,,,,
7794,2025,1,1,20,1,1/20/2025,AA,1695,11057,1105703,31057,CLT,"Charlotte, NC",North Carolina,11298,1129806,30194,DFW,"Dallas/Fort Worth, TX",Texas,925,923.0,-2.0,0.0,0.0,-1.0,0900-0959,16.0,939.0,1127.0,11.0,1139,1138.0,-1.0,0.0,0.0,-1.0,1100-1159,0,,0,,,,,
7795,2025,1,1,21,2,1/21/2025,AA,1695,11057,1105703,31057,CLT,"Charlotte, NC",North Carolina,11298,1129806,30194,DFW,"Dallas/Fort Worth, TX",Texas,925,922.0,-3.0,0.0,0.0,-1.0,0900-0959,18.0,940.0,1124.0,12.0,1139,1136.0,-3.0,0.0,0.0,-1.0,1100-1159,0,,0,,,,,
7796,2025,1,1,22,3,1/22/2025,AA,1695,11057,1105703,31057,CLT,"Charlotte, NC",North Carolina,11298,1129806,30194,DFW,"Dallas/Fort Worth, TX",Texas,925,,,,,,0900-0959,,,,,1139,,,,,,1100-1159,1,B,0,,,,,
7797,2025,1,1,23,4,1/23/2025,AA,1695,11057,1105703,31057,CLT,"Charlotte, NC",North Carolina,11298,1129806,30194,DFW,"Dallas/Fort Worth, TX",Texas,925,923.0,-2.0,0.0,0.0,-1.0,0900-0959,23.0,946.0,1118.0,11.0,1139,1129.0,-10.0,0.0,0.0,-1.0,1100-1159,0,,0,,,,,
7798,2025,1,1,24,5,1/24/2025,AA,1695,11057,1105703,31057,CLT,"Charlotte, NC",North Carolina,11298,1129806,30194,DFW,"Dallas/Fort Worth, TX",Texas,925,935.0,10.0,10.0,0.0,0.0,0900-0959,27.0,1002.0,1118.0,13.0,1139,1131.0,-8.0,0.0,0.0,-1.0,1100-1159,0,,0,,,,,
7799,2025,1,1,25,6,1/25/2025,AA,1695,11057,1105703,31057,CLT,"Charlotte, NC",North Carolina,11298,1129806,30194,DFW,"Dallas/Fort Worth, TX",Texas,925,1044.0,79.0,79.0,1.0,5.0,0900-0959,20.0,1104.0,1223.0,12.0,1139,1235.0,56.0,56.0,1.0,3.0,1100-1159,0,,0,32.0,0.0,0.0,0.0,24.0
7800,2025,1,1,26,7,1/26/2025,AA,1695,11057,1105703,31057,CLT,"Charlotte, NC",North Carolina,11298,1129806,30194,DFW,"Dallas/Fort Worth, TX",Texas,925,932.0,7.0,7.0,0.0,0.0,0900-0959,18.0,950.0,1134.0,16.0,1139,1150.0,11.0,11.0,0.0,0.0,1100-1159,0,,0,,,,,
7801,2025,1,1,27,1,1/27/2025,AA,1695,11057,1105703,31057,CLT,"Charlotte, NC",North Carolina,11298,1129806,30194,DFW,"Dallas/Fort Worth, TX",Texas,925,932.0,7.0,7.0,0.0,0.0,0900-0959,16.0,948.0,1120.0,14.0,1139,1134.0,-5.0,0.0,0.0,-1.0,1100-1159,0,,0,,,,,
7802,2025,1,1,28,2,1/28/2025,AA,1695,11057,1105703,31057,CLT,"Charlotte, NC",North Carolina,11298,1129806,30194,DFW,"Dallas/Fort Worth, TX",Texas,925,924.0,-1.0,0.0,0.0,-1.0,0900-0959,24.0,948.0,1555.0,14.0,1139,1609.0,,,,,1100-1159,0,,1,,,,,
7803,2025,1,1,29,3,1/29/2025,AA,1695,11057,1105703,31057,CLT,"Charlotte, NC",North Carolina,11298,1129806,30194,DFW,"Dallas/Fort Worth, TX",Texas,925,924.0,-1.0,0.0,0.0,-1.0,0900-0959,27.0,951.0,1125.0,16.0,1139,1141.0,2.0,2.0,0.0,0.0,1100-1159,0,,0,,,,,
7804,2025,1,1,30,4,1/30/2025,AA,1695,11057,1105703,31057,CLT,"Charlotte, NC",North Carolina,11298,1129806,30194,DFW,"Dallas/Fort Worth, TX",Texas,925,925.0,0.0,0.0,0.0,0.0,0900-0959,20.0,945.0,1151.0,15.0,1139,1206.0,27.0,27.0,1.0,1.0,1100-1159,0,,0,0.0,0.0,27.0,0.0,0.0
7805,2025,1,1,31,5,1/31/2025,AA,1695,11057,1105703,31057,CLT,"Charlotte, NC",North Carolina,11298,1129806,30194,DFW,"Dallas/Fort Worth, TX",Texas,925,924.0,-1.0,0.0,0.0,-1.0,0900-0959,37.0,1001.0,1135.0,7.0,1139,1142.0,3.0,3.0,0.0,0.0,1100-1159,0,,0,,,,,
7837,2025,1,1,1,3,1/1/2025,AA,1707,11057,1105703,31057,CLT,"Charlotte, NC",North Carolina,11298,1129806,30194,DFW,"Dallas/Fort Worth, TX",Texas,710,708.0,-2.0,0.0,0.0,-1.0,0700-0759,11.0,719.0,854.0,19.0,911,913.0,2.0,2.0,0.0,0.0,0900-0959,0,,0,,,,,
7838,2025,1,1,2,4,1/2/2025,AA,1707,11057,1105703,31057,CLT,"Charlotte, NC",North Carolina,11298,1129806,30194,DFW,"Dallas/Fort Worth, TX",Texas,710,706.0,-4.0,0.0,0.0,-1.0,0700-0759,11.0,717.0,907.0,14.0,911,921.0,10.0,10.0,0.0,0.0,0900-0959,0,,0,,,,,
7839,2025,1,1,3,5,1/3/2025,AA,1707,11057,1105703,31057,CLT,"Charlotte, NC",North Carolina,11298,1129806,30194,DFW,"Dallas/Fort Worth, TX",Texas,710,710.0,0.0,0.0,0.0,0.0,0700-0759,17.0,727.0,856.0,16.0,911,912.0,1.0,1.0,0.0,0.0,0900-0959,0,,0,,,,,
7840,2025,1,1,4,6,1/4/2025,AA,1707,11057,1105703,31057,CLT,"Charlotte, NC",North Carolina,11298,1129806,30194,DFW,"Dallas/Fort Worth, TX",Texas,715,713.0,-2.0,0.0,0.0,-1.0,0700-0759,21.0,734.0,904.0,19.0,916,923.0,7.0,7.0,0.0,0.0,0900-0959,0,,0,,,,,
7841,2025,1,1,5,7,1/5/2025,AA,1707,11057,1105703,31057,CLT,"Charlotte, NC",North Carolina,11298,1129806,30194,DFW,"Dallas/Fort Worth, TX",Texas,710,711.0,1.0,1.0,0.0,0.0,0700-0759,18.0,729.0,857.0,14.0,911,911.0,0.0,0.0,0.0,0.0,0900-0959,0,,0,,,,,
7842,2025,1,1,6,1,1/6/2025,AA,1707,11057,1105703,31057,CLT,"Charlotte, NC",North Carolina,11298,1129806,30194,DFW,"Dallas/Fort Worth, TX",Texas,710,707.0,-3.0,0.0,0.0,-1.0,0700-0759,37.0,744.0,919.0,13.0,911,932.0,21.0,21.0,1.0,1.0,0900-0959,0,,0,0.0,0.0,21.0,0.0,0.0
7843,2025,1,1,7,2,1/7/2025,AA,1707,11057,1105703,31057,CLT,"Charlotte, NC",North Carolina,11298,1129806,30194,DFW,"Dallas/Fort Worth, TX",Texas,712,710.0,-2.0,0.0,0.0,-1.0,0700-0759,23.0,733.0,903.0,18.0,911,921.0,10.0,10.0,0.0,0.0,0900-0959,0,,0,,,,,
7844,2025,1,1,8,3,1/8/2025,AA,1707,11057,1105703,31057,CLT,"Charlotte, NC",North Carolina,11298,1129806,30194,DFW,"Dallas/Fort Worth, TX",Texas,712,707.0,-5.0,0.0,0.0,-1.0,0700-0759,39.0,746.0,930.0,7.0,911,937.0,26.0,26.0,1.0,1.0,0900-0959,0,,0,0.0,0.0,26.0,0.0,0.0
7845,2025,1,1,9,4,1/9/2025,AA,1707,11057,1105703,31057,CLT,"Charlotte, NC",North Carolina,11298,1129806,30194,DFW,"Dallas/Fort Worth, TX",Texas,712,737.0,25.0,25.0,1.0,1.0,0700-0759,18.0,755.0,935.0,13.0,911,948.0,37.0,37.0,1.0,2.0,0900-0959,0,,0,25.0,0.0,12.0,0.0,0.0
7846,2025,1,1,10,5,1/10/2025,AA,1707,11057,1105703,31057,CLT,"Charlotte, NC",North Carolina,11298,1129806,30194,DFW,"Dallas/Fort Worth, TX",Texas,712,708.0,-4.0,0.0,0.0,-1.0,0700-0759,17.0,725.0,1400.0,12.0,911,1412.0,,,,,0900-0959,0,,1,,,,,
7847,2025,1,1,11,6,1/11/2025,AA,1707,11057,1105703,31057,CLT,"Charlotte, NC",North Carolina,11298,1129806,30194,DFW,"Dallas/Fort Worth, TX",Texas,712,851.0,99.0,99.0,1.0,6.0,0700-0759,12.0,903.0,1021.0,9.0,911,1030.0,79.0,79.0,1.0,5.0,0900-0959,0,,0,26.0,0.0,0.0,0.0,53.0
7848,2025,1,1,12,7,1/12/2025,AA,1707,11057,1105703,31057,CLT,"Charlotte, NC",North Carolina,11298,1129806,30194,DFW,"Dallas/Fort Worth, TX",Texas,712,709.0,-3.0,0.0,0.0,-1.0,0700-0759,32.0,741.0,907.0,12.0,911,919.0,8.0,8.0,0.0,0.0,0900-0959,0,,0,,,,,
7849,2025,1,1,13,1,1/13/2025,AA,1707,11057,1105703,31057,CLT,"Charlotte, NC",North Carolina,11298,1129806,30194,DFW,"Dallas/Fort Worth, TX",Texas,712,710.0,-2.0,0.0,0.0,-1.0,0700-0759,15.0,725.0,905.0,16.0,911,921.0,10.0,10.0,0.0,0.0,0900-0959,0,,0,,,,,
7850,2025,1,1,14,2,1/14/2025,AA,1707,11057,1105703,31057,CLT,"Charlotte, NC",North Carolina,11298,1129806,30194,DFW,"Dallas/Fort Worth, TX",Texas,712,710.0,-2.0,0.0,0.0,-1.0,0700-0759,14.0,724.0,912.0,12.0,911,924.0,13.0,13.0,0.0,0.0,0900-0959,0,,0,,,,,
7851,2025,1,1,15,3,1/15/2025,AA,1707,11057,1105703,31057,CLT,"Charlotte, NC",North Carolina,11298,1129806,30194,DFW,"Dallas/Fort Worth, TX",Texas,712,708.0,-4.0,0.0,0.0,-1.0,0700-0759,13.0,721.0,909.0,14.0,911,923.0,12.0,12.0,0.0,0.0,0900-0959,0,,0,,,,,
7852,2025,1,1,16,4,1/16/2025,AA,1707,11057,1105703,31057,CLT,"Charlotte, NC",North Carolina,11298,1129806,30194,DFW,"Dallas/Fort Worth, TX",Texas,712,734.0,22.0,22.0,1.0,1.0,0700-0759,26.0,800.0,914.0,15.0,911,929.0,18.0,18.0,1.0,1.0,0900-0959,0,,0,18.0,0.0,0.0,0.0,0.0
7853,2025,1,1,17,5,1/17/2025,AA,1707,11057,1105703,31057,CLT,"Charlotte, NC",North Carolina,11298,1129806,30194,DFW,"Dallas/Fort Worth, TX",Texas,712,713.0,1.0,1.0,0.0,0.0,0700-0759,17.0,730.0,859.0,19.0,911,918.0,7.0,7.0,0.0,0.0,0900-0959,0,,0,,,,,
7854,2025,1,1,18,6,1/18/2025,AA,1707,11057,1105703,31057,CLT,"Charlotte, NC",North Carolina,11298,1129806,30194,DFW,"Dallas/Fort Worth, TX",Texas,712,718.0,6.0,6.0,0.0,0.0,0700-0759,12.0,730.0,915.0,12.0,911,927.0,16.0,16.0,1.0,1.0,0900-0959,0,,0,6.0,0.0,10.0,0.0,0.0
7855,2025,1,1,19,7,1/19/2025,AA,1707,11057,1105703,31057,CLT,"Charlotte, NC",North Carolina,11298,1129806,30194,DFW,"Dallas/Fort Worth, TX",Texas,712,737.0,25.0,25.0,1.0,1.0,0700-0759,14.0,751.0,927.0,10.0,911,937.0,26.0,26.0,1.0,1.0,0900-0959,0,,0,25.0,0.0,1.0,0.0,0.0
7856,2025,1,1,20,1,1/20/2025,AA,1707,11057,1105703,31057,CLT,"Charlotte, NC",North Carolina,11298,1129806,30194,DFW,"Dallas/Fort Worth, TX",Texas,712,715.0,3.0,3.0,0.0,0.0,0700-0759,11.0,726.0,912.0,13.0,911,925.0,14.0,14.0,0.0,0.0,0900-0959,0,,0,,,,,
7857,2025,1,1,21,2,1/21/2025,AA,1707,11057,1105703,31057,CLT,"Charlotte, NC",North Carolina,11298,1129806,30194,DFW,"Dallas/Fort Worth, TX",Texas,712,711.0,-1.0,0.0,0.0,-1.0,0700-0759,17.0,728.0,916.0,16.0,911,932.0,21.0,21.0,1.0,1.0,0900-0959,0,,0,0.0,0.0,21.0,0.0,0.0
7858,2025,1,1,22,3,1/22/2025,AA,1707,11057,1105703,31057,CLT,"Charlotte, NC",North Carolina,11298,1129806,30194,DFW,"Dallas/Fort Worth, TX",Texas,712,707.0,-5.0,0.0,0.0,-1.0,0700-0759,14.0,721.0,849.0,17.0,911,906.0,-5.0,0.0,0.0,-1.0,0900-0959,0,,0,,,,,
7859,2025,1,1,23,4,1/23/2025,AA,1707,11057,1105703,31057,CLT,"Charlotte, NC",North Carolina,11298,1129806,30194,DFW,"Dallas/Fort Worth, TX",Texas,712,716.0,4.0,4.0,0.0,0.0,0700-0759,20.0,736.0,920.0,14.0,911,934.0,23.0,23.0,1.0,1.0,0900-0959,0,,0,4.0,0.0,19.0,0.0,0.0
7860,2025,1,1,24,5,1/24/2025,AA,1707,11057,1105703,31057,CLT,"Charlotte, NC",North Carolina,11298,1129806,30194,DFW,"Dallas/Fort Worth, TX",Texas,712,711.0,-1.0,0.0,0.0,-1.0,0700-0759,12.0,723.0,903.0,22.0,911,925.0,14.0,14.0,0.0,0.0,0900-0959,0,,0,,,,,
7861,2025,1,1,25,6,1/25/2025,AA,1707,11057,1105703,31057,CLT,"Charlotte, NC",North Carolina,11298,1129806,30194,DFW,"Dallas/Fort Worth, TX",Texas,712,714.0,2.0,2.0,0.0,0.0,0700-0759,15.0,729.0,902.0,15.0,911,917.0,6.0,6.0,0.0,0.0,0900-0959,0,,0,,,,,
7862,2025,1,1,26,7,1/26/2025,AA,1707,11057,1105703,31057,CLT,"Charlotte, NC",North Carolina,11298,1129806,30194,DFW,"Dallas/Fort Worth, TX",Texas,712,708.0,-4.0,0.0,0.0,-1.0,0700-0759,52.0,800.0,928.0,24.0,911,952.0,41.0,41.0,1.0,2.0,0900-0959,0,,0,0.0,0.0,41.0,0.0,0.0
7863,2025,1,1,27,1,1/27/2025,AA,1707,11057,1105703,31057,CLT,"Charlotte, NC",North Carolina,11298,1129806,30194,DFW,"Dallas/Fort Worth, TX",Texas,712,709.0,-3.0,0.0,0.0,-1.0,0700-0759,12.0,721.0,908.0,15.0,911,923.0,12.0,12.0,0.0,0.0,0900-0959,0,,0,,,,,
7864,2025,1,1,28,2,1/28/2025,AA,1707,11057,1105703,31057,CLT,"Charlotte, NC",North Carolina,11298,1129806,30194,DFW,"Dallas/Fort Worth, TX",Texas,712,756.0,44.0,44.0,1.0,2.0,0700-0759,12.0,808.0,938.0,39.0,911,1017.0,66.0,66.0,1.0,4.0,0900-0959,0,,0,44.0,0.0,22.0,0.0,0.0
7865,2025,1,1,29,3,1/29/2025,AA,1707,11057,1105703,31057,CLT,"Charlotte, NC",North Carolina,11298,1129806,30194,DFW,"Dallas/Fort Worth, TX",Texas,712,710.0,-2.0,0.0,0.0,-1.0,0700-0759,12.0,722.0,849.0,13.0,911,902.0,-9.0,0.0,0.0,-1.0,0900-0959,0,,0,,,,,
7866,2025,1,1,30,4,1/30/2025,AA,1707,11057,1105703,31057,CLT,"Charlotte, NC",North Carolina,11298,1129806,30194,DFW,"Dallas/Fort Worth, TX",Texas,712,719.0,7.0,7.0,0.0,0.0,0700-0759,15.0,734.0,954.0,19.0,911,1013.0,62.0,62.0,1.0,4.0,0900-0959,0,,0,7.0,0.0,55.0,0.0,0.0
7867,2025,1,1,31,5,1/31/2025,AA,1707,11057,1105703,31057,CLT,"Charlotte, NC",North Carolina,11298,1129806,30194,DFW,"Dallas/Fort Worth, TX",Texas,712,710.0,-2.0,0.0,0.0,-1.0,0700-0759,25.0,735.0,912.0,15.0,911,927.0,16.0,16.0,1.0,1.0,0900-0959,0,,0,0.0,0.0,16.0,0.0,0.0
7873,2025,1,1,1,3,1/1/2025,AA,1709,11057,1105703,31057,CLT,"Charlotte, NC",North Carolina,11298,1129806,30194,DFW,"Dallas/Fort Worth, TX",Texas,1359,1356.0,-3.0,0.0,0.0,-1.0,1300-1359,10.0,1406.0,1544.0,5.0,1555,1549.0,-6.0,0.0,0.0,-1.0,1500-1559,0,,0,,,,,
7874,2025,1,1,2,4,1/2/2025,AA,1709,11057,1105703,31057,CLT,"Charlotte, NC",North Carolina,11298,1129806,30194,DFW,"Dallas/Fort Worth, TX",Texas,1359,1355.0,-4.0,0.0,0.0,-1.0,1300-1359,14.0,1409.0,1541.0,7.0,1555,1548.0,-7.0,0.0,0.0,-1.0,1500-1559,0,,0,,,,,
7875,2025,1,1,3,5,1/3/2025,AA,1709,11057,1105703,31057,CLT,"Charlotte, NC",North Carolina,11298,1129806,30194,DFW,"Dallas/Fort Worth, TX",Texas,1359,1357.0,-2.0,0.0,0.0,-1.0,1300-1359,14.0,1411.0,1533.0,6.0,1555,1539.0,-16.0,0.0,0.0,-2.0,1500-1559,0,,0,,,,,
7876,2025,1,1,4,6,1/4/2025,AA,1709,11057,1105703,31057,CLT,"Charlotte, NC",North Carolina,11298,1129806,30194,DFW,"Dallas/Fort Worth, TX",Texas,1359,1400.0,1.0,1.0,0.0,0.0,1300-1359,14.0,1414.0,1550.0,13.0,1555,1603.0,8.0,8.0,0.0,0.0,1500-1559,0,,0,,,,,
7877,2025,1,1,5,7,1/5/2025,AA,1709,11057,1105703,31057,CLT,"Charlotte, NC",North Carolina,11298,1129806,30194,DFW,"Dallas/Fort Worth, TX",Texas,1359,1523.0,84.0,84.0,1.0,5.0,1300-1359,110.0,1713.0,1923.0,8.0,1555,1931.0,216.0,216.0,1.0,12.0,1500-1559,0,,0,0.0,0.0,216.0,0.0,0.0
7878,2025,1,1,6,1,1/6/2025,AA,1709,11057,1105703,31057,CLT,"Charlotte, NC",North Carolina,11298,1129806,30194,DFW,"Dallas/Fort Worth, TX",Texas,1359,1355.0,-4.0,0.0,0.0,-1.0,1300-1359,47.0,1442.0,1609.0,8.0,1555,1617.0,22.0,22.0,1.0,1.0,1500-1559,0,,0,0.0,0.0,22.0,0.0,0.0
7879,2025,1,1,7,2,1/7/2025,AA,1709,11057,1105703,31057,CLT,"Charlotte, NC",North Carolina,11298,1129806,30194,DFW,"Dallas/Fort Worth, TX",Texas,1528,1522.0,-6.0,0.0,0.0,-1.0,1500-1559,23.0,1545.0,1720.0,15.0,1726,1735.0,9.0,9.0,0.0,0.0,1700-1759,0,,0,,,,,
7880,2025,1,1,8,3,1/8/2025,AA,1709,11057,1105703,31057,CLT,"Charlotte, NC",North Carolina,11298,1129806,30194,DFW,"Dallas/Fort Worth, TX",Texas,1528,1529.0,1.0,1.0,0.0,0.0,1500-1559,13.0,1542.0,1713.0,14.0,1726,1727.0,1.0,1.0,0.0,0.0,1700-1759,0,,0,,,,,
7881,2025,1,1,9,4,1/9/2025,AA,1709,11057,1105703,31057,CLT,"Charlotte, NC",North Carolina,11298,1129806,30194,DFW,"Dallas/Fort Worth, TX",Texas,1528,,,,,,1500-1559,,,,,1726,,,,,,1700-1759,1,B,0,,,,,
7882,2025,1,1,10,5,1/10/2025,AA,1709,11057,1105703,31057,CLT,"Charlotte, NC",North Carolina,11298,1129806,30194,DFW,"Dallas/Fort Worth, TX",Texas,1528,,,,,,1500-1559,,,,,1726,,,,,,1700-1759,1,B,0,,,,,
7883,2025,1,1,11,6,1/11/2025,AA,1709,11057,1105703,31057,CLT,"Charlotte, NC",North Carolina,11298,1129806,30194,DFW,"Dallas/Fort Worth, TX",Texas,1528,1530.0,2.0,2.0,0.0,0.0,1500-1559,10.0,1540.0,1658.0,9.0,1726,1707.0,-19.0,0.0,0.0,-2.0,1700-1759,0,,0,,,,,
7884,2025,1,1,12,7,1/12/2025,AA,1709,11057,1105703,31057,CLT,"Charlotte, NC",North Carolina,11298,1129806,30194,DFW,"Dallas/Fort Worth, TX",Texas,1528,1523.0,-5.0,0.0,0.0,-1.0,1500-1559,17.0,1540.0,1717.0,15.0,1726,1732.0,6.0,6.0,0.0,0.0,1700-1759,0,,0,,,,,
7885,2025,1,1,13,1,1/13/2025,AA,1709,11057,1105703,31057,CLT,"Charlotte, NC",North Carolina,11298,1129806,30194,DFW,"Dallas/Fort Worth, TX",Texas,1528,1534.0,6.0,6.0,0.0,0.0,1500-1559,13.0,1547.0,1717.0,19.0,1726,1736.0,10.0,10.0,0.0,0.0,1700-1759,0,,0,,,,,
7886,2025,1,1,14,2,1/14/2025,AA,1709,11057,1105703,31057,CLT,"Charlotte, NC",North Carolina,11298,1129806,30194,DFW,"Dallas/Fort Worth, TX",Texas,1528,1527.0,-1.0,0.0,0.0,-1.0,1500-1559,12.0,1539.0,1704.0,13.0,1726,1717.0,-9.0,0.0,0.0,-1.0,1700-1759,0,,0,,,,,
7887,2025,1,1,15,3,1/15/2025,AA,1709,11057,1105703,31057,CLT,"Charlotte, NC",North Carolina,11298,1129806,30194,DFW,"Dallas/Fort Worth, TX",Texas,1528,1544.0,16.0,16.0,1.0,1.0,1500-1559,12.0,1556.0,1738.0,14.0,1726,1752.0,26.0,26.0,1.0,1.0,1700-1759,0,,0,16.0,0.0,10.0,0.0,0.0
7888,2025,1,1,16,4,1/16/2025,AA,1709,11057,1105703,31057,CLT,"Charlotte, NC",North Carolina,11298,1129806,30194,DFW,"Dallas/Fort Worth, TX",Texas,1528,1526.0,-2.0,0.0,0.0,-1.0,1500-1559,15.0,1541.0,1708.0,12.0,1726,1720.0,-6.0,0.0,0.0,-1.0,1700-1759,0,,0,,,,,
7889,2025,1,1,17,5,1/17/2025,AA,1709,11057,1105703,31057,CLT,"Charlotte, NC",North Carolina,11298,1129806,30194,DFW,"Dallas/Fort Worth, TX",Texas,1528,1528.0,0.0,0.0,0.0,0.0,1500-1559,14.0,1542.0,1719.0,11.0,1726,1730.0,4.0,4.0,0.0,0.0,1700-1759,0,,0,,,,,
7890,2025,1,1,18,6,1/18/2025,AA,1709,11057,1105703,31057,CLT,"Charlotte, NC",North Carolina,11298,1129806,30194,DFW,"Dallas/Fort Worth, TX",Texas,1528,1526.0,-2.0,0.0,0.0,-1.0,1500-1559,13.0,1539.0,1704.0,14.0,1726,1718.0,-8.0,0.0,0.0,-1.0,1700-1759,0,,0,,,,,
7891,2025,1,1,19,7,1/19/2025,AA,1709,11057,1105703,31057,CLT,"Charlotte, NC",North Carolina,11298,1129806,30194,DFW,"Dallas/Fort Worth, TX",Texas,1528,1543.0,15.0,15.0,1.0,1.0,1500-1559,19.0,1602.0,1740.0,10.0,1726,1750.0,24.0,24.0,1.0,1.0,1700-1759,0,,0,9.0,0.0,9.0,0.0,6.0
7892,2025,1,1,20,1,1/20/2025,AA,1709,11057,1105703,31057,CLT,"Charlotte, NC",North Carolina,11298,1129806,30194,DFW,"Dallas/Fort Worth, TX",Texas,1528,1529.0,1.0,1.0,0.0,0.0,1500-1559,13.0,1542.0,1724.0,14.0,1726,1738.0,12.0,12.0,0.0,0.0,1700-1759,0,,0,,,,,
7893,2025,1,1,21,2,1/21/2025,AA,1709,11057,1105703,31057,CLT,"Charlotte, NC",North Carolina,11298,1129806,30194,DFW,"Dallas/Fort Worth, TX",Texas,1528,1528.0,0.0,0.0,0.0,0.0,1500-1559,21.0,1549.0,1729.0,14.0,1726,1743.0,17.0,17.0,1.0,1.0,1700-1759,0,,0,0.0,0.0,17.0,0.0,0.0
7894,2025,1,1,22,3,1/22/2025,AA,1709,11057,1105703,31057,CLT,"Charlotte, NC",North Carolina,11298,1129806,30194,DFW,"Dallas/Fort Worth, TX",Texas,1528,1523.0,-5.0,0.0,0.0,-1.0,1500-1559,12.0,1535.0,1710.0,10.0,1726,1720.0,-6.0,0.0,0.0,-1.0,1700-1759,0,,0,,,,,
7895,2025,1,1,23,4,1/23/2025,AA,1709,11057,1105703,31057,CLT,"Charlotte, NC",North Carolina,11298,1129806,30194,DFW,"Dallas/Fort Worth, TX",Texas,1528,1528.0,0.0,0.0,0.0,0.0,1500-1559,15.0,1543.0,1712.0,13.0,1726,1725.0,-1.0,0.0,0.0,-1.0,1700-1759,0,,0,,,,,
7896,2025,1,1,24,5,1/24/2025,AA,1709,11057,1105703,31057,CLT,"Charlotte, NC",North Carolina,11298,1129806,30194,DFW,"Dallas/Fort Worth, TX",Texas,1528,1526.0,-2.0,0.0,0.0,-1.0,1500-1559,24.0,1550.0,1711.0,11.0,1726,1722.0,-4.0,0.0,0.0,-1.0,1700-1759,0,,0,,,,,
7897,2025,1,1,25,6,1/25/2025,AA,1709,11057,1105703,31057,CLT,"Charlotte, NC",North Carolina,11298,1129806,30194,DFW,"Dallas/Fort Worth, TX",Texas,1528,1526.0,-2.0,0.0,0.0,-1.0,1500-1559,14.0,1540.0,1704.0,13.0,1726,1717.0,-9.0,0.0,0.0,-1.0,1700-1759,0,,0,,,,,
7898,2025,1,1,26,7,1/26/2025,AA,1709,11057,1105703,31057,CLT,"Charlotte, NC",North Carolina,11298,1129806,30194,DFW,"Dallas/Fort Worth, TX",Texas,1528,1527.0,-1.0,0.0,0.0,-1.0,1500-1559,16.0,1543.0,1724.0,15.0,1726,1739.0,13.0,13.0,0.0,0.0,1700-1759,0,,0,,,,,
7899,2025,1,1,27,1,1/27/2025,AA,1709,11057,1105703,31057,CLT,"Charlotte, NC",North Carolina,11298,1129806,30194,DFW,"Dallas/Fort Worth, TX",Texas,1528,1527.0,-1.0,0.0,0.0,-1.0,1500-1559,16.0,1543.0,1719.0,15.0,1726,1734.0,8.0,8.0,0.0,0.0,1700-1759,0,,0,,,,,
7900,2025,1,1,28,2,1/28/2025,AA,1709,11057,1105703,31057,CLT,"Charlotte, NC",North Carolina,11298,1129806,30194,DFW,"Dallas/Fort Worth, TX",Texas,1528,1523.0,-5.0,0.0,0.0,-1.0,1500-1559,14.0,1537.0,1708.0,10.0,1726,1718.0,-8.0,0.0,0.0,-1.0,1700-1759,0,,0,,,,,
7901,2025,1,1,29,3,1/29/2025,AA,1709,11057,1105703,31057,CLT,"Charlotte, NC",North Carolina,11298,1129806,30194,DFW,"Dallas/Fort Worth, TX",Texas,1528,1527.0,-1.0,0.0,0.0,-1.0,1500-1559,13.0,1540.0,1714.0,14.0,1726,1728.0,2.0,2.0,0.0,0.0,1700-1759,0,,0,,,,,
7902,2025,1,1,30,4,1/30/2025,AA,1709,11057,1105703,31057,CLT,"Charlotte, NC",North Carolina,11298,1129806,30194,DFW,"Dallas/Fort Worth, TX",Texas,1528,1551.0,23.0,23.0,1.0,1.0,1500-1559,11.0,1602.0,1738.0,17.0,1726,1755.0,29.0,29.0,1.0,1.0,1700-1759,0,,0,23.0,0.0,6.0,0.0,0.0
7903,2025,1,1,31,5,1/31/2025,AA,1709,11057,1105703,31057,CLT,"Charlotte, NC",North Carolina,11298,1129806,30194,DFW,"Dallas/Fort Worth, TX",Texas,1528,1529.0,1.0,1.0,0.0,0.0,1500-1559,12.0,1541.0,1717.0,13.0,1726,1730.0,4.0,4.0,0.0,0.0,1700-1759,0,,0,,,,,
7932,2025,1,1,1,3,1/1/2025,AA,1727,11057,1105703,31057,CLT,"Charlotte, NC",North Carolina,12478,1247805,31703,JFK,"New York, NY",New York,2000,2007.0,7.0,7.0,0.0,0.0,2000-2059,17.0,2024.0,2134.0,7.0,2150,2141.0,-9.0,0.0,0.0,-1.0,2100-2159,0,,0,,,,,
7933,2025,1,1,2,4,1/2/2025,AA,1727,11057,1105703,31057,CLT,"Charlotte, NC",North Carolina,12478,1247805,31703,JFK,"New York, NY",New York,2000,1959.0,-1.0,0.0,0.0,-1.0,2000-2059,14.0,2013.0,2122.0,5.0,2150,2127.0,-23.0,0.0,0.0,-2.0,2100-2159,0,,0,,,,,
7934,2025,1,1,3,5,1/3/2025,AA,1727,11057,1105703,31057,CLT,"Charlotte, NC",North Carolina,12478,1247805,31703,JFK,"New York, NY",New York,2000,2015.0,15.0,15.0,1.0,1.0,2000-2059,20.0,2035.0,2151.0,5.0,2150,2156.0,6.0,6.0,0.0,0.0,2100-2159,0,,0,,,,,
7935,2025,1,1,4,6,1/4/2025,AA,1727,11057,1105703,31057,CLT,"Charlotte, NC",North Carolina,12478,1247805,31703,JFK,"New York, NY",New York,2000,2026.0,26.0,26.0,1.0,1.0,2000-2059,17.0,2043.0,2210.0,7.0,2150,2217.0,27.0,27.0,1.0,1.0,2100-2159,0,,0,7.0,0.0,1.0,0.0,19.0
7936,2025,1,1,5,7,1/5/2025,AA,1727,11057,1105703,31057,CLT,"Charlotte, NC",North Carolina,12478,1247805,31703,JFK,"New York, NY",New York,2000,2015.0,15.0,15.0,1.0,1.0,2000-2059,13.0,2028.0,2143.0,13.0,2150,2156.0,6.0,6.0,0.0,0.0,2100-2159,0,,0,,,,,
7937,2025,1,1,7,2,1/7/2025,AA,1727,11057,1105703,31057,CLT,"Charlotte, NC",North Carolina,12478,1247805,31703,JFK,"New York, NY",New York,2009,2006.0,-3.0,0.0,0.0,-1.0,2000-2059,23.0,2029.0,2152.0,8.0,2159,2200.0,1.0,1.0,0.0,0.0,2100-2159,0,,0,,,,,
7938,2025,1,1,8,3,1/8/2025,AA,1727,11057,1105703,31057,CLT,"Charlotte, NC",North Carolina,12478,1247805,31703,JFK,"New York, NY",New York,2009,2033.0,24.0,24.0,1.0,1.0,2000-2059,14.0,2047.0,2202.0,7.0,2159,2209.0,10.0,10.0,0.0,0.0,2100-2159,0,,0,,,,,
7939,2025,1,1,9,4,1/9/2025,AA,1727,11057,1105703,31057,CLT,"Charlotte, NC",North Carolina,12478,1247805,31703,JFK,"New York, NY",New York,2009,2048.0,39.0,39.0,1.0,2.0,2000-2059,105.0,2233.0,2358.0,7.0,2159,5.0,126.0,126.0,1.0,8.0,2100-2159,0,,0,0.0,0.0,126.0,0.0,0.0
7940,2025,1,1,10,5,1/10/2025,AA,1727,11057,1105703,31057,CLT,"Charlotte, NC",North Carolina,12478,1247805,31703,JFK,"New York, NY",New York,2009,,,,,,2000-2059,,,,,2159,,,,,,2100-2159,1,B,0,,,,,
7941,2025,1,1,11,6,1/11/2025,AA,1727,11057,1105703,31057,CLT,"Charlotte, NC",North Carolina,12478,1247805,31703,JFK,"New York, NY",New York,2007,2001.0,-6.0,0.0,0.0,-1.0,2000-2059,21.0,2022.0,2140.0,9.0,2159,2149.0,-10.0,0.0,0.0,-1.0,2100-2159,0,,0,,,,,
7942,2025,1,1,12,7,1/12/2025,AA,1727,11057,1105703,31057,CLT,"Charlotte, NC",North Carolina,12478,1247805,31703,JFK,"New York, NY",New York,2009,2006.0,-3.0,0.0,0.0,-1.0,2000-2059,16.0,2022.0,2144.0,7.0,2159,2151.0,-8.0,0.0,0.0,-1.0,2100-2159,0,,0,,,,,
7943,2025,1,1,13,1,1/13/2025,AA,1727,11057,1105703,31057,CLT,"Charlotte, NC",North Carolina,12478,1247805,31703,JFK,"New York, NY",New York,2009,2006.0,-3.0,0.0,0.0,-1.0,2000-2059,15.0,2021.0,2138.0,7.0,2159,2145.0,-14.0,0.0,0.0,-1.0,2100-2159,0,,0,,,,,
7944,2025,1,1,14,2,1/14/2025,AA,1727,11057,1105703,31057,CLT,"Charlotte, NC",North Carolina,12478,1247805,31703,JFK,"New York, NY",New York,2009,2005.0,-4.0,0.0,0.0,-1.0,2000-2059,14.0,2019.0,2128.0,6.0,2159,2134.0,-25.0,0.0,0.0,-2.0,2100-2159,0,,0,,,,,
7945,2025,1,1,15,3,1/15/2025,AA,1727,11057,1105703,31057,CLT,"Charlotte, NC",North Carolina,12478,1247805,31703,JFK,"New York, NY",New York,2009,2001.0,-8.0,0.0,0.0,-1.0,2000-2059,26.0,2027.0,2143.0,5.0,2159,2148.0,-11.0,0.0,0.0,-1.0,2100-2159,0,,0,,,,,
7946,2025,1,1,16,4,1/16/2025,AA,1727,11057,1105703,31057,CLT,"Charlotte, NC",North Carolina,12478,1247805,31703,JFK,"New York, NY",New York,2009,2020.0,11.0,11.0,0.0,0.0,2000-2059,11.0,2031.0,2153.0,9.0,2159,2202.0,3.0,3.0,0.0,0.0,2100-2159,0,,0,,,,,
7947,2025,1,1,17,5,1/17/2025,AA,1727,11057,1105703,31057,CLT,"Charlotte, NC",North Carolina,12478,1247805,31703,JFK,"New York, NY",New York,2009,2038.0,29.0,29.0,1.0,1.0,2000-2059,16.0,2054.0,2216.0,13.0,2159,2229.0,30.0,30.0,1.0,2.0,2100-2159,0,,0,13.0,0.0,1.0,0.0,16.0
7948,2025,1,1,18,6,1/18/2025,AA,1727,11057,1105703,31057,CLT,"Charlotte, NC",North Carolina,12478,1247805,31703,JFK,"New York, NY",New York,2007,2008.0,1.0,1.0,0.0,0.0,2000-2059,32.0,2040.0,2157.0,11.0,2159,2208.0,9.0,9.0,0.0,0.0,2100-2159,0,,0,,,,,
7949,2025,1,1,19,7,1/19/2025,AA,1727,11057,1105703,31057,CLT,"Charlotte, NC",North Carolina,12478,1247805,31703,JFK,"New York, NY",New York,2009,2325.0,196.0,196.0,1.0,12.0,2000-2059,18.0,2343.0,46.0,76.0,2159,202.0,243.0,243.0,1.0,12.0,2100-2159,0,,0,0.0,0.0,243.0,0.0,0.0
7950,2025,1,1,20,1,1/20/2025,AA,1727,11057,1105703,31057,CLT,"Charlotte, NC",North Carolina,12478,1247805,31703,JFK,"New York, NY",New York,2009,2013.0,4.0,4.0,0.0,0.0,2000-2059,20.0,2033.0,2145.0,4.0,2159,2149.0,-10.0,0.0,0.0,-1.0,2100-2159,0,,0,,,,,
7951,2025,1,1,21,2,1/21/2025,AA,1727,11057,1105703,31057,CLT,"Charlotte, NC",North Carolina,12478,1247805,31703,JFK,"New York, NY",New York,2009,2008.0,-1.0,0.0,0.0,-1.0,2000-2059,75.0,2123.0,2231.0,7.0,2159,2238.0,39.0,39.0,1.0,2.0,2100-2159,0,,0,0.0,0.0,39.0,0.0,0.0
7952,2025,1,1,22,3,1/22/2025,AA,1727,11057,1105703,31057,CLT,"Charlotte, NC",North Carolina,12478,1247805,31703,JFK,"New York, NY",New York,2009,2009.0,0.0,0.0,0.0,0.0,2000-2059,13.0,2022.0,2133.0,5.0,2159,2138.0,-21.0,0.0,0.0,-2.0,2100-2159,0,,0,,,,,
7953,2025,1,1,23,4,1/23/2025,AA,1727,11057,1105703,31057,CLT,"Charlotte, NC",North Carolina,12478,1247805,31703,JFK,"New York, NY",New York,2009,2021.0,12.0,12.0,0.0,0.0,2000-2059,14.0,2035.0,2148.0,12.0,2159,2200.0,1.0,1.0,0.0,0.0,2100-2159,0,,0,,,,,
7954,2025,1,1,24,5,1/24/2025,AA,1727,11057,1105703,31057,CLT,"Charlotte, NC",North Carolina,12478,1247805,31703,JFK,"New York, NY",New York,2009,2007.0,-2.0,0.0,0.0,-1.0,2000-2059,16.0,2023.0,2139.0,12.0,2159,2151.0,-8.0,0.0,0.0,-1.0,2100-2159,0,,0,,,,,
7955,2025,1,1,25,6,1/25/2025,AA,1727,11057,1105703,31057,CLT,"Charlotte, NC",North Carolina,12478,1247805,31703,JFK,"New York, NY",New York,2007,2005.0,-2.0,0.0,0.0,-1.0,2000-2059,11.0,2016.0,2135.0,15.0,2159,2150.0,-9.0,0.0,0.0,-1.0,2100-2159,0,,0,,,,,
7956,2025,1,1,26,7,1/26/2025,AA,1727,11057,1105703,31057,CLT,"Charlotte, NC",North Carolina,12478,1247805,31703,JFK,"New York, NY",New York,2009,2006.0,-3.0,0.0,0.0,-1.0,2000-2059,12.0,2018.0,2134.0,4.0,2159,2138.0,-21.0,0.0,0.0,-2.0,2100-2159,0,,0,,,,,
7957,2025,1,1,27,1,1/27/2025,AA,1727,11057,1105703,31057,CLT,"Charlotte, NC",North Carolina,12478,1247805,31703,JFK,"New York, NY",New York,2009,2006.0,-3.0,0.0,0.0,-1.0,2000-2059,24.0,2030.0,2145.0,6.0,2159,2151.0,-8.0,0.0,0.0,-1.0,2100-2159,0,,0,,,,,
7958,2025,1,1,28,2,1/28/2025,AA,1727,11057,1105703,31057,CLT,"Charlotte, NC",North Carolina,12478,1247805,31703,JFK,"New York, NY",New York,2009,2004.0,-5.0,0.0,0.0,-1.0,2000-2059,17.0,2021.0,2137.0,4.0,2159,2141.0,-18.0,0.0,0.0,-2.0,2100-2159,0,,0,,,,,
7959,2025,1,1,29,3,1/29/2025,AA,1727,11057,1105703,31057,CLT,"Charlotte, NC",North Carolina,12478,1247805,31703,JFK,"New York, NY",New York,2009,2003.0,-6.0,0.0,0.0,-1.0,2000-2059,12.0,2015.0,2130.0,7.0,2159,2137.0,-22.0,0.0,0.0,-2.0,2100-2159,0,,0,,,,,
7960,2025,1,1,30,4,1/30/2025,AA,1727,11057,1105703,31057,CLT,"Charlotte, NC",North Carolina,12478,1247805,31703,JFK,"New York, NY",New York,2009,2007.0,-2.0,0.0,0.0,-1.0,2000-2059,14.0,2021.0,2141.0,9.0,2159,2150.0,-9.0,0.0,0.0,-1.0,2100-2159,0,,0,,,,,
7961,2025,1,1,31,5,1/31/2025,AA,1727,11057,1105703,31057,CLT,"Charlotte, NC",North Carolina,12478,1247805,31703,JFK,"New York, NY",New York,2009,2000.0,-9.0,0.0,0.0,-1.0,2000-2059,19.0,2019.0,2152.0,13.0,2159,2205.0,6.0,6.0,0.0,0.0,2100-2159,0,,0,,,,,
8623,2025,1,1,1,3,1/1/2025,AA,1848,11057,1105703,31057,CLT,"Charlotte, NC",North Carolina,13930,1393008,30977,ORD,"Chicago, IL",Illinois,1638,1639.0,1.0,1.0,0.0,0.0,1600-1659,13.0,1652.0,1728.0,8.0,1743,1736.0,-7.0,0.0,0.0,-1.0,1700-1759,0,,0,,,,,
8828,2025,1,1,1,3,1/1/2025,AA,1887,11057,1105703,31057,CLT,"Charlotte, NC",North Carolina,12892,1289208,32575,LAX,"Los Angeles, CA",California,1503,1458.0,-5.0,0.0,0.0,-1.0,1500-1559,25.0,1523.0,1738.0,5.0,1729,1743.0,14.0,14.0,0.0,0.0,1700-1759,0,,0,,,,,
8829,2025,1,1,2,4,1/2/2025,AA,1887,11057,1105703,31057,CLT,"Charlotte, NC",North Carolina,12892,1289208,32575,LAX,"Los Angeles, CA",California,1503,1512.0,9.0,9.0,0.0,0.0,1500-1559,20.0,1532.0,1728.0,7.0,1729,1735.0,6.0,6.0,0.0,0.0,1700-1759,0,,0,,,,,
8830,2025,1,1,3,5,1/3/2025,AA,1887,11057,1105703,31057,CLT,"Charlotte, NC",North Carolina,12892,1289208,32575,LAX,"Los Angeles, CA",California,1503,1547.0,44.0,44.0,1.0,2.0,1500-1559,18.0,1605.0,1751.0,7.0,1729,1758.0,29.0,29.0,1.0,1.0,1700-1759,0,,0,29.0,0.0,0.0,0.0,0.0
8831,2025,1,1,4,6,1/4/2025,AA,1887,11057,1105703,31057,CLT,"Charlotte, NC",North Carolina,12892,1289208,32575,LAX,"Los Angeles, CA",California,1503,1550.0,47.0,47.0,1.0,3.0,1500-1559,15.0,1605.0,1757.0,7.0,1729,1804.0,35.0,35.0,1.0,2.0,1700-1759,0,,0,11.0,0.0,0.0,0.0,24.0
8832,2025,1,1,5,7,1/5/2025,AA,1887,11057,1105703,31057,CLT,"Charlotte, NC",North Carolina,12892,1289208,32575,LAX,"Los Angeles, CA",California,1503,1502.0,-1.0,0.0,0.0,-1.0,1500-1559,9.0,1511.0,1656.0,12.0,1729,1708.0,-21.0,0.0,0.0,-2.0,1700-1759,0,,0,,,,,
8833,2025,1,1,6,1,1/6/2025,AA,1887,11057,1105703,31057,CLT,"Charlotte, NC",North Carolina,12892,1289208,32575,LAX,"Los Angeles, CA",California,1503,1513.0,10.0,10.0,0.0,0.0,1500-1559,13.0,1526.0,1719.0,5.0,1729,1724.0,-5.0,0.0,0.0,-1.0,1700-1759,0,,0,,,,,
9034,2025,1,1,9,4,1/9/2025,AA,2837,11057,1105703,31057,CLT,"Charlotte, NC",North Carolina,11292,1129202,30325,DEN,"Denver, CO",Colorado,1836,1832.0,-4.0,0.0,0.0,-1.0,1800-1859,22.0,1854.0,2020.0,10.0,2024,2030.0,6.0,6.0,0.0,0.0,2000-2059,0,,0,,,,,
9035,2025,1,1,10,5,1/10/2025,AA,2837,11057,1105703,31057,CLT,"Charlotte, NC",North Carolina,11292,1129202,30325,DEN,"Denver, CO",Colorado,1836,,,,,,1800-1859,,,,,2024,,,,,,2000-2059,1,B,0,,,,,
9036,2025,1,1,12,7,1/12/2025,AA,2837,11057,1105703,31057,CLT,"Charlotte, NC",North Carolina,11292,1129202,30325,DEN,"Denver, CO",Colorado,1836,1832.0,-4.0,0.0,0.0,-1.0,1800-1859,25.0,1857.0,2028.0,10.0,2024,2038.0,14.0,14.0,0.0,0.0,2000-2059,0,,0,,,,,
9037,2025,1,1,13,1,1/13/2025,AA,2837,11057,1105703,31057,CLT,"Charlotte, NC",North Carolina,11292,1129202,30325,DEN,"Denver, CO",Colorado,1836,1830.0,-6.0,0.0,0.0,-1.0,1800-1859,14.0,1844.0,2010.0,8.0,2024,2018.0,-6.0,0.0,0.0,-1.0,2000-2059,0,,0,,,,,
9038,2025,1,1,16,4,1/16/2025,AA,2837,11057,1105703,31057,CLT,"Charlotte, NC",North Carolina,11292,1129202,30325,DEN,"Denver, CO",Colorado,1836,1830.0,-6.0,0.0,0.0,-1.0,1800-1859,30.0,1900.0,2012.0,24.0,2024,2036.0,12.0,12.0,0.0,0.0,2000-2059,0,,0,,,,,
9039,2025,1,1,17,5,1/17/2025,AA,2837,11057,1105703,31057,CLT,"Charlotte, NC",North Carolina,11292,1129202,30325,DEN,"Denver, CO",Colorado,1836,1829.0,-7.0,0.0,0.0,-1.0,1800-1859,18.0,1847.0,1954.0,19.0,2024,2013.0,-11.0,0.0,0.0,-1.0,2000-2059,0,,0,,,,,
9040,2025,1,1,19,7,1/19/2025,AA,2837,11057,1105703,31057,CLT,"Charlotte, NC",North Carolina,11292,1129202,30325,DEN,"Denver, CO",Colorado,1836,2010.0,94.0,94.0,1.0,6.0,1800-1859,12.0,2022.0,2141.0,19.0,2024,2200.0,96.0,96.0,1.0,6.0,2000-2059,0,,0,94.0,0.0,2.0,0.0,0.0
9041,2025,1,1,20,1,1/20/2025,AA,2837,11057,1105703,31057,CLT,"Charlotte, NC",North Carolina,11292,1129202,30325,DEN,"Denver, CO",Colorado,1836,1845.0,9.0,9.0,0.0,0.0,1800-1859,19.0,1904.0,2024.0,7.0,2024,2031.0,7.0,7.0,0.0,0.0,2000-2059,0,,0,,,,,
9042,2025,1,1,23,4,1/23/2025,AA,2837,11057,1105703,31057,CLT,"Charlotte, NC",North Carolina,11292,1129202,30325,DEN,"Denver, CO",Colorado,1836,1832.0,-4.0,0.0,0.0,-1.0,1800-1859,17.0,1849.0,1958.0,18.0,2024,2016.0,-8.0,0.0,0.0,-1.0,2000-2059,0,,0,,,,,
9043,2025,1,1,24,5,1/24/2025,AA,2837,11057,1105703,31057,CLT,"Charlotte, NC",North Carolina,11292,1129202,30325,DEN,"Denver, CO",Colorado,1836,1833.0,-3.0,0.0,0.0,-1.0,1800-1859,15.0,1848.0,2007.0,10.0,2024,2017.0,-7.0,0.0,0.0,-1.0,2000-2059,0,,0,,,,,
9044,2025,1,1,26,7,1/26/2025,AA,2837,11057,1105703,31057,CLT,"Charlotte, NC",North Carolina,11292,1129202,30325,DEN,"Denver, CO",Colorado,1836,1844.0,8.0,8.0,0.0,0.0,1800-1859,16.0,1900.0,2032.0,7.0,2024,2039.0,15.0,15.0,1.0,1.0,2000-2059,0,,0,8.0,0.0,7.0,0.0,0.0
9045,2025,1,1,27,1,1/27/2025,AA,2837,11057,1105703,31057,CLT,"Charlotte, NC",North Carolina,11292,1129202,30325,DEN,"Denver, CO",Colorado,1836,1927.0,51.0,51.0,1.0,3.0,1800-1859,18.0,1945.0,2054.0,12.0,2024,2106.0,42.0,42.0,1.0,2.0,2000-2059,0,,0,28.0,0.0,0.0,0.0,14.0
9046,2025,1,1,30,4,1/30/2025,AA,2837,11057,1105703,31057,CLT,"Charlotte, NC",North Carolina,11292,1129202,30325,DEN,"Denver, CO",Colorado,1836,1839.0,3.0,3.0,0.0,0.0,1800-1859,16.0,1855.0,2001.0,7.0,2024,2008.0,-16.0,0.0,0.0,-2.0,2000-2059,0,,0,,,,,
9047,2025,1,1,31,5,1/31/2025,AA,2837,11057,1105703,31057,CLT,"Charlotte, NC",North Carolina,11292,1129202,30325,DEN,"Denver, CO",Colorado,1836,1842.0,6.0,6.0,0.0,0.0,1800-1859,24.0,1906.0,2010.0,5.0,2024,2015.0,-9.0,0.0,0.0,-1.0,2000-2059,0,,0,,,,,
9048,2025,1,1,1,3,1/1/2025,AA,2838,11057,1105703,31057,CLT,"Charlotte, NC",North Carolina,11298,1129806,30194,DFW,"Dallas/Fort Worth, TX",Texas,1639,1634.0,-5.0,0.0,0.0,-1.0,1600-1659,14.0,1648.0,1826.0,18.0,1845,1844.0,-1.0,0.0,0.0,-1.0,1800-1859,0,,0,,,,,
9049,2025,1,1,2,4,1/2/2025,AA,2838,11057,1105703,31057,CLT,"Charlotte, NC",North Carolina,11298,1129806,30194,DFW,"Dallas/Fort Worth, TX",Texas,1639,1638.0,-1.0,0.0,0.0,-1.0,1600-1659,19.0,1657.0,1827.0,19.0,1845,1846.0,1.0,1.0,0.0,0.0,1800-1859,0,,0,,,,,
9050,2025,1,1,3,5,1/3/2025,AA,2838,11057,1105703,31057,CLT,"Charlotte, NC",North Carolina,11298,1129806,30194,DFW,"Dallas/Fort Worth, TX",Texas,1639,1635.0,-4.0,0.0,0.0,-1.0,1600-1659,18.0,1653.0,1817.0,21.0,1845,1838.0,-7.0,0.0,0.0,-1.0,1800-1859,0,,0,,,,,
9051,2025,1,1,4,6,1/4/2025,AA,2838,11057,1105703,31057,CLT,"Charlotte, NC",North Carolina,11298,1129806,30194,DFW,"Dallas/Fort Worth, TX",Texas,1639,1639.0,0.0,0.0,0.0,0.0,1600-1659,26.0,1705.0,1832.0,16.0,1845,1848.0,3.0,3.0,0.0,0.0,1800-1859,0,,0,,,,,
9052,2025,1,1,5,7,1/5/2025,AA,2838,11057,1105703,31057,CLT,"Charlotte, NC",North Carolina,11298,1129806,30194,DFW,"Dallas/Fort Worth, TX",Texas,1639,1635.0,-4.0,0.0,0.0,-1.0,1600-1659,60.0,1735.0,1950.0,11.0,1845,2001.0,76.0,76.0,1.0,5.0,1800-1859,0,,0,0.0,0.0,76.0,0.0,0.0
9053,2025,1,1,6,1,1/6/2025,AA,2838,11057,1105703,31057,CLT,"Charlotte, NC",North Carolina,11298,1129806,30194,DFW,"Dallas/Fort Worth, TX",Texas,1639,1635.0,-4.0,0.0,0.0,-1.0,1600-1659,14.0,1649.0,1820.0,12.0,1845,1832.0,-13.0,0.0,0.0,-1.0,1800-1859,0,,0,,,,,
9054,2025,1,1,7,2,1/7/2025,AA,2838,11057,1105703,31057,CLT,"Charlotte, NC",North Carolina,11298,1129806,30194,DFW,"Dallas/Fort Worth, TX",Texas,1641,1639.0,-2.0,0.0,0.0,-1.0,1600-1659,15.0,1654.0,1824.0,12.0,1845,1836.0,-9.0,0.0,0.0,-1.0,1800-1859,0,,0,,,,,
9055,2025,1,1,8,3,1/8/2025,AA,2838,11057,1105703,31057,CLT,"Charlotte, NC",North Carolina,11298,1129806,30194,DFW,"Dallas/Fort Worth, TX",Texas,1641,1646.0,5.0,5.0,0.0,0.0,1600-1659,15.0,1701.0,1834.0,13.0,1845,1847.0,2.0,2.0,0.0,0.0,1800-1859,0,,0,,,,,
9056,2025,1,1,9,4,1/9/2025,AA,2838,11057,1105703,31057,CLT,"Charlotte, NC",North Carolina,11298,1129806,30194,DFW,"Dallas/Fort Worth, TX",Texas,1641,,,,,,1600-1659,,,,,1845,,,,,,1800-1859,1,B,0,,,,,
9057,2025,1,1,10,5,1/10/2025,AA,2838,11057,1105703,31057,CLT,"Charlotte, NC",North Carolina,11298,1129806,30194,DFW,"Dallas/Fort Worth, TX",Texas,1641,,,,,,1600-1659,,,,,1845,,,,,,1800-1859,1,B,0,,,,,
9058,2025,1,1,11,6,1/11/2025,AA,2838,11057,1105703,31057,CLT,"Charlotte, NC",North Carolina,11298,1129806,30194,DFW,"Dallas/Fort Worth, TX",Texas,1641,1641.0,0.0,0.0,0.0,0.0,1600-1659,15.0,1656.0,1815.0,13.0,1845,1828.0,-17.0,0.0,0.0,-2.0,1800-1859,0,,0,,,,,
9059,2025,1,1,12,7,1/12/2025,AA,2838,11057,1105703,31057,CLT,"Charlotte, NC",North Carolina,11298,1129806,30194,DFW,"Dallas/Fort Worth, TX",Texas,1641,1639.0,-2.0,0.0,0.0,-1.0,1600-1659,19.0,1658.0,1828.0,27.0,1845,1855.0,10.0,10.0,0.0,0.0,1800-1859,0,,0,,,,,
9060,2025,1,1,13,1,1/13/2025,AA,2838,11057,1105703,31057,CLT,"Charlotte, NC",North Carolina,11298,1129806,30194,DFW,"Dallas/Fort Worth, TX",Texas,1641,1638.0,-3.0,0.0,0.0,-1.0,1600-1659,15.0,1653.0,1818.0,21.0,1845,1839.0,-6.0,0.0,0.0,-1.0,1800-1859,0,,0,,,,,
9061,2025,1,1,14,2,1/14/2025,AA,2838,11057,1105703,31057,CLT,"Charlotte, NC",North Carolina,11298,1129806,30194,DFW,"Dallas/Fort Worth, TX",Texas,1641,1644.0,3.0,3.0,0.0,0.0,1600-1659,16.0,1700.0,1826.0,7.0,1845,1833.0,-12.0,0.0,0.0,-1.0,1800-1859,0,,0,,,,,
9062,2025,1,1,15,3,1/15/2025,AA,2838,11057,1105703,31057,CLT,"Charlotte, NC",North Carolina,11298,1129806,30194,DFW,"Dallas/Fort Worth, TX",Texas,1641,1640.0,-1.0,0.0,0.0,-1.0,1600-1659,19.0,1659.0,1833.0,22.0,1845,1855.0,10.0,10.0,0.0,0.0,1800-1859,0,,0,,,,,
9063,2025,1,1,16,4,1/16/2025,AA,2838,11057,1105703,31057,CLT,"Charlotte, NC",North Carolina,11298,1129806,30194,DFW,"Dallas/Fort Worth, TX",Texas,1641,1639.0,-2.0,0.0,0.0,-1.0,1600-1659,33.0,1712.0,1830.0,7.0,1845,1837.0,-8.0,0.0,0.0,-1.0,1800-1859,0,,0,,,,,
9064,2025,1,1,17,5,1/17/2025,AA,2838,11057,1105703,31057,CLT,"Charlotte, NC",North Carolina,11298,1129806,30194,DFW,"Dallas/Fort Worth, TX",Texas,1641,1640.0,-1.0,0.0,0.0,-1.0,1600-1659,18.0,1658.0,1842.0,25.0,1845,1907.0,22.0,22.0,1.0,1.0,1800-1859,0,,0,0.0,0.0,22.0,0.0,0.0
9065,2025,1,1,18,6,1/18/2025,AA,2838,11057,1105703,31057,CLT,"Charlotte, NC",North Carolina,11298,1129806,30194,DFW,"Dallas/Fort Worth, TX",Texas,1641,1635.0,-6.0,0.0,0.0,-1.0,1600-1659,15.0,1650.0,1820.0,28.0,1845,1848.0,3.0,3.0,0.0,0.0,1800-1859,0,,0,,,,,
9066,2025,1,1,19,7,1/19/2025,AA,2838,11057,1105703,31057,CLT,"Charlotte, NC",North Carolina,11298,1129806,30194,DFW,"Dallas/Fort Worth, TX",Texas,1641,1708.0,27.0,27.0,1.0,1.0,1600-1659,21.0,1729.0,1905.0,17.0,1845,1922.0,37.0,37.0,1.0,2.0,1800-1859,0,,0,27.0,0.0,10.0,0.0,0.0
9067,2025,1,1,20,1,1/20/2025,AA,2838,11057,1105703,31057,CLT,"Charlotte, NC",North Carolina,11298,1129806,30194,DFW,"Dallas/Fort Worth, TX",Texas,1641,1637.0,-4.0,0.0,0.0,-1.0,1600-1659,15.0,1652.0,1832.0,12.0,1845,1844.0,-1.0,0.0,0.0,-1.0,1800-1859,0,,0,,,,,
9068,2025,1,1,21,2,1/21/2025,AA,2838,11057,1105703,31057,CLT,"Charlotte, NC",North Carolina,11298,1129806,30194,DFW,"Dallas/Fort Worth, TX",Texas,1641,1638.0,-3.0,0.0,0.0,-1.0,1600-1659,20.0,1658.0,1822.0,21.0,1845,1843.0,-2.0,0.0,0.0,-1.0,1800-1859,0,,0,,,,,
9069,2025,1,1,22,3,1/22/2025,AA,2838,11057,1105703,31057,CLT,"Charlotte, NC",North Carolina,11298,1129806,30194,DFW,"Dallas/Fort Worth, TX",Texas,1641,1637.0,-4.0,0.0,0.0,-1.0,1600-1659,19.0,1656.0,1826.0,22.0,1845,1848.0,3.0,3.0,0.0,0.0,1800-1859,0,,0,,,,,
9070,2025,1,1,23,4,1/23/2025,AA,2838,11057,1105703,31057,CLT,"Charlotte, NC",North Carolina,11298,1129806,30194,DFW,"Dallas/Fort Worth, TX",Texas,1641,1639.0,-2.0,0.0,0.0,-1.0,1600-1659,15.0,1654.0,1840.0,12.0,1845,1852.0,7.0,7.0,0.0,0.0,1800-1859,0,,0,,,,,
9071,2025,1,1,24,5,1/24/2025,AA,2838,11057,1105703,31057,CLT,"Charlotte, NC",North Carolina,11298,1129806,30194,DFW,"Dallas/Fort Worth, TX",Texas,1641,1651.0,10.0,10.0,0.0,0.0,1600-1659,14.0,1705.0,1826.0,17.0,1845,1843.0,-2.0,0.0,0.0,-1.0,1800-1859,0,,0,,,,,
9072,2025,1,1,25,6,1/25/2025,AA,2838,11057,1105703,31057,CLT,"Charlotte, NC",North Carolina,11298,1129806,30194,DFW,"Dallas/Fort Worth, TX",Texas,1641,1642.0,1.0,1.0,0.0,0.0,1600-1659,30.0,1712.0,1836.0,12.0,1845,1848.0,3.0,3.0,0.0,0.0,1800-1859,0,,0,,,,,
9073,2025,1,1,26,7,1/26/2025,AA,2838,11057,1105703,31057,CLT,"Charlotte, NC",North Carolina,11298,1129806,30194,DFW,"Dallas/Fort Worth, TX",Texas,1641,1638.0,-3.0,0.0,0.0,-1.0,1600-1659,15.0,1653.0,1838.0,13.0,1845,1851.0,6.0,6.0,0.0,0.0,1800-1859,0,,0,,,,,
9074,2025,1,1,27,1,1/27/2025,AA,2838,11057,1105703,31057,CLT,"Charlotte, NC",North Carolina,11298,1129806,30194,DFW,"Dallas/Fort Worth, TX",Texas,1641,1642.0,1.0,1.0,0.0,0.0,1600-1659,47.0,1729.0,1858.0,12.0,1845,1910.0,25.0,25.0,1.0,1.0,1800-1859,0,,0,1.0,0.0,24.0,0.0,0.0
9075,2025,1,1,28,2,1/28/2025,AA,2838,11057,1105703,31057,CLT,"Charlotte, NC",North Carolina,11298,1129806,30194,DFW,"Dallas/Fort Worth, TX",Texas,1641,1636.0,-5.0,0.0,0.0,-1.0,1600-1659,21.0,1657.0,1822.0,21.0,1845,1843.0,-2.0,0.0,0.0,-1.0,1800-1859,0,,0,,,,,
9076,2025,1,1,29,3,1/29/2025,AA,2838,11057,1105703,31057,CLT,"Charlotte, NC",North Carolina,11298,1129806,30194,DFW,"Dallas/Fort Worth, TX",Texas,1641,1644.0,3.0,3.0,0.0,0.0,1600-1659,28.0,1712.0,1848.0,33.0,1845,1921.0,36.0,36.0,1.0,2.0,1800-1859,0,,0,3.0,0.0,33.0,0.0,0.0
9077,2025,1,1,30,4,1/30/2025,AA,2838,11057,1105703,31057,CLT,"Charlotte, NC",North Carolina,11298,1129806,30194,DFW,"Dallas/Fort Worth, TX",Texas,1641,1638.0,-3.0,0.0,0.0,-1.0,1600-1659,21.0,1659.0,1841.0,15.0,1845,1856.0,11.0,11.0,0.0,0.0,1800-1859,0,,0,,,,,
9078,2025,1,1,31,5,1/31/2025,AA,2838,11057,1105703,31057,CLT,"Charlotte, NC",North Carolina,11298,1129806,30194,DFW,"Dallas/Fort Worth, TX",Texas,1641,1634.0,-7.0,0.0,0.0,-1.0,1600-1659,16.0,1650.0,1826.0,6.0,1845,1832.0,-13.0,0.0,0.0,-1.0,1800-1859,0,,0,,,,,
9079,2025,1,1,1,3,1/1/2025,AA,2843,11057,1105703,31057,CLT,"Charlotte, NC",North Carolina,13930,1393008,30977,ORD,"Chicago, IL",Illinois,744,737.0,-7.0,0.0,0.0,-1.0,0700-0759,13.0,750.0,826.0,16.0,855,842.0,-13.0,0.0,0.0,-1.0,0800-0859,0,,0,,,,,
9080,2025,1,1,2,4,1/2/2025,AA,2843,11057,1105703,31057,CLT,"Charlotte, NC",North Carolina,13930,1393008,30977,ORD,"Chicago, IL",Illinois,744,743.0,-1.0,0.0,0.0,-1.0,0700-0759,32.0,815.0,847.0,10.0,855,857.0,2.0,2.0,0.0,0.0,0800-0859,0,,0,,,,,
9081,2025,1,1,3,5,1/3/2025,AA,2843,11057,1105703,31057,CLT,"Charlotte, NC",North Carolina,13930,1393008,30977,ORD,"Chicago, IL",Illinois,744,921.0,97.0,97.0,1.0,6.0,0700-0759,17.0,938.0,1013.0,15.0,855,1028.0,93.0,93.0,1.0,6.0,0800-0859,0,,0,93.0,0.0,0.0,0.0,0.0
9082,2025,1,1,4,6,1/4/2025,AA,2843,11057,1105703,31057,CLT,"Charlotte, NC",North Carolina,13930,1393008,30977,ORD,"Chicago, IL",Illinois,744,743.0,-1.0,0.0,0.0,-1.0,0700-0759,13.0,756.0,841.0,11.0,855,852.0,-3.0,0.0,0.0,-1.0,0800-0859,0,,0,,,,,
9083,2025,1,1,5,7,1/5/2025,AA,2843,11057,1105703,31057,CLT,"Charlotte, NC",North Carolina,13930,1393008,30977,ORD,"Chicago, IL",Illinois,744,740.0,-4.0,0.0,0.0,-1.0,0700-0759,27.0,807.0,841.0,8.0,855,849.0,-6.0,0.0,0.0,-1.0,0800-0859,0,,0,,,,,
9084,2025,1,1,6,1,1/6/2025,AA,2843,11057,1105703,31057,CLT,"Charlotte, NC",North Carolina,13930,1393008,30977,ORD,"Chicago, IL",Illinois,744,749.0,5.0,5.0,0.0,0.0,0700-0759,76.0,905.0,955.0,15.0,855,1010.0,75.0,75.0,1.0,5.0,0800-0859,0,,0,5.0,0.0,70.0,0.0,0.0
9085,2025,1,1,7,2,1/7/2025,AA,2843,11057,1105703,31057,CLT,"Charlotte, NC",North Carolina,13930,1393008,30977,ORD,"Chicago, IL",Illinois,720,713.0,-7.0,0.0,0.0,-1.0,0700-0759,21.0,734.0,806.0,10.0,830,816.0,-14.0,0.0,0.0,-1.0,0800-0859,0,,0,,,,,
9086,2025,1,1,8,3,1/8/2025,AA,2843,11057,1105703,31057,CLT,"Charlotte, NC",North Carolina,13930,1393008,30977,ORD,"Chicago, IL",Illinois,720,714.0,-6.0,0.0,0.0,-1.0,0700-0759,13.0,727.0,804.0,12.0,830,816.0,-14.0,0.0,0.0,-1.0,0800-0859,0,,0,,,,,
9087,2025,1,1,9,4,1/9/2025,AA,2843,11057,1105703,31057,CLT,"Charlotte, NC",North Carolina,13930,1393008,30977,ORD,"Chicago, IL",Illinois,720,717.0,-3.0,0.0,0.0,-1.0,0700-0759,14.0,731.0,806.0,11.0,830,817.0,-13.0,0.0,0.0,-1.0,0800-0859,0,,0,,,,,
9088,2025,1,1,10,5,1/10/2025,AA,2843,11057,1105703,31057,CLT,"Charlotte, NC",North Carolina,13930,1393008,30977,ORD,"Chicago, IL",Illinois,720,716.0,-4.0,0.0,0.0,-1.0,0700-0759,15.0,731.0,836.0,24.0,830,900.0,30.0,30.0,1.0,2.0,0800-0859,0,,0,0.0,0.0,30.0,0.0,0.0
9089,2025,1,1,11,6,1/11/2025,AA,2843,11057,1105703,31057,CLT,"Charlotte, NC",North Carolina,13930,1393008,30977,ORD,"Chicago, IL",Illinois,720,716.0,-4.0,0.0,0.0,-1.0,0700-0759,83.0,839.0,916.0,10.0,830,926.0,56.0,56.0,1.0,3.0,0800-0859,0,,0,0.0,0.0,56.0,0.0,0.0
9090,2025,1,1,12,7,1/12/2025,AA,2843,11057,1105703,31057,CLT,"Charlotte, NC",North Carolina,13930,1393008,30977,ORD,"Chicago, IL",Illinois,720,717.0,-3.0,0.0,0.0,-1.0,0700-0759,28.0,745.0,816.0,10.0,830,826.0,-4.0,0.0,0.0,-1.0,0800-0859,0,,0,,,,,
9091,2025,1,1,13,1,1/13/2025,AA,2843,11057,1105703,31057,CLT,"Charlotte, NC",North Carolina,13930,1393008,30977,ORD,"Chicago, IL",Illinois,720,716.0,-4.0,0.0,0.0,-1.0,0700-0759,15.0,731.0,802.0,14.0,830,816.0,-14.0,0.0,0.0,-1.0,0800-0859,0,,0,,,,,
9092,2025,1,1,14,2,1/14/2025,AA,2843,11057,1105703,31057,CLT,"Charlotte, NC",North Carolina,13930,1393008,30977,ORD,"Chicago, IL",Illinois,720,712.0,-8.0,0.0,0.0,-1.0,0700-0759,24.0,736.0,819.0,11.0,830,830.0,0.0,0.0,0.0,0.0,0800-0859,0,,0,,,,,
9093,2025,1,1,15,3,1/15/2025,AA,2843,11057,1105703,31057,CLT,"Charlotte, NC",North Carolina,13930,1393008,30977,ORD,"Chicago, IL",Illinois,720,713.0,-7.0,0.0,0.0,-1.0,0700-0759,16.0,729.0,803.0,9.0,830,812.0,-18.0,0.0,0.0,-2.0,0800-0859,0,,0,,,,,
9094,2025,1,1,16,4,1/16/2025,AA,2843,11057,1105703,31057,CLT,"Charlotte, NC",North Carolina,13930,1393008,30977,ORD,"Chicago, IL",Illinois,720,725.0,5.0,5.0,0.0,0.0,0700-0759,27.0,752.0,834.0,13.0,830,847.0,17.0,17.0,1.0,1.0,0800-0859,0,,0,5.0,0.0,12.0,0.0,0.0
9095,2025,1,1,17,5,1/17/2025,AA,2843,11057,1105703,31057,CLT,"Charlotte, NC",North Carolina,13930,1393008,30977,ORD,"Chicago, IL",Illinois,720,709.0,-11.0,0.0,0.0,-1.0,0700-0759,16.0,725.0,800.0,9.0,830,809.0,-21.0,0.0,0.0,-2.0,0800-0859,0,,0,,,,,
9096,2025,1,1,18,6,1/18/2025,AA,2843,11057,1105703,31057,CLT,"Charlotte, NC",North Carolina,13930,1393008,30977,ORD,"Chicago, IL",Illinois,720,720.0,0.0,0.0,0.0,0.0,0700-0759,25.0,745.0,815.0,11.0,830,826.0,-4.0,0.0,0.0,-1.0,0800-0859,0,,0,,,,,
9097,2025,1,1,19,7,1/19/2025,AA,2843,11057,1105703,31057,CLT,"Charlotte, NC",North Carolina,13930,1393008,30977,ORD,"Chicago, IL",Illinois,720,722.0,2.0,2.0,0.0,0.0,0700-0759,13.0,735.0,804.0,33.0,830,837.0,7.0,7.0,0.0,0.0,0800-0859,0,,0,,,,,
9098,2025,1,1,20,1,1/20/2025,AA,2843,11057,1105703,31057,CLT,"Charlotte, NC",North Carolina,13930,1393008,30977,ORD,"Chicago, IL",Illinois,720,719.0,-1.0,0.0,0.0,-1.0,0700-0759,16.0,735.0,808.0,25.0,830,833.0,3.0,3.0,0.0,0.0,0800-0859,0,,0,,,,,
9099,2025,1,1,21,2,1/21/2025,AA,2843,11057,1105703,31057,CLT,"Charlotte, NC",North Carolina,13930,1393008,30977,ORD,"Chicago, IL",Illinois,720,718.0,-2.0,0.0,0.0,-1.0,0700-0759,11.0,729.0,804.0,10.0,830,814.0,-16.0,0.0,0.0,-2.0,0800-0859,0,,0,,,,,
9100,2025,1,1,22,3,1/22/2025,AA,2843,11057,1105703,31057,CLT,"Charlotte, NC",North Carolina,13930,1393008,30977,ORD,"Chicago, IL",Illinois,720,720.0,0.0,0.0,0.0,0.0,0700-0759,14.0,734.0,812.0,13.0,830,825.0,-5.0,0.0,0.0,-1.0,0800-0859,0,,0,,,,,
9101,2025,1,1,23,4,1/23/2025,AA,2843,11057,1105703,31057,CLT,"Charlotte, NC",North Carolina,13930,1393008,30977,ORD,"Chicago, IL",Illinois,720,819.0,59.0,59.0,1.0,3.0,0700-0759,15.0,834.0,905.0,10.0,830,915.0,45.0,45.0,1.0,3.0,0800-0859,0,,0,45.0,0.0,0.0,0.0,0.0
9102,2025,1,1,24,5,1/24/2025,AA,2843,11057,1105703,31057,CLT,"Charlotte, NC",North Carolina,13930,1393008,30977,ORD,"Chicago, IL",Illinois,720,716.0,-4.0,0.0,0.0,-1.0,0700-0759,45.0,801.0,828.0,18.0,830,846.0,16.0,16.0,1.0,1.0,0800-0859,0,,0,0.0,0.0,16.0,0.0,0.0
9103,2025,1,1,25,6,1/25/2025,AA,2843,11057,1105703,31057,CLT,"Charlotte, NC",North Carolina,13930,1393008,30977,ORD,"Chicago, IL",Illinois,720,713.0,-7.0,0.0,0.0,-1.0,0700-0759,12.0,725.0,807.0,13.0,830,820.0,-10.0,0.0,0.0,-1.0,0800-0859,0,,0,,,,,
9104,2025,1,1,26,7,1/26/2025,AA,2843,11057,1105703,31057,CLT,"Charlotte, NC",North Carolina,13930,1393008,30977,ORD,"Chicago, IL",Illinois,720,721.0,1.0,1.0,0.0,0.0,0700-0759,12.0,733.0,809.0,10.0,830,819.0,-11.0,0.0,0.0,-1.0,0800-0859,0,,0,,,,,
9105,2025,1,1,27,1,1/27/2025,AA,2843,11057,1105703,31057,CLT,"Charlotte, NC",North Carolina,13930,1393008,30977,ORD,"Chicago, IL",Illinois,720,714.0,-6.0,0.0,0.0,-1.0,0700-0759,15.0,729.0,803.0,9.0,830,812.0,-18.0,0.0,0.0,-2.0,0800-0859,0,,0,,,,,
9106,2025,1,1,28,2,1/28/2025,AA,2843,11057,1105703,31057,CLT,"Charlotte, NC",North Carolina,13930,1393008,30977,ORD,"Chicago, IL",Illinois,720,714.0,-6.0,0.0,0.0,-1.0,0700-0759,31.0,745.0,819.0,16.0,830,835.0,5.0,5.0,0.0,0.0,0800-0859,0,,0,,,,,
9107,2025,1,1,29,3,1/29/2025,AA,2843,11057,1105703,31057,CLT,"Charlotte, NC",North Carolina,13930,1393008,30977,ORD,"Chicago, IL",Illinois,720,714.0,-6.0,0.0,0.0,-1.0,0700-0759,14.0,728.0,807.0,14.0,830,821.0,-9.0,0.0,0.0,-1.0,0800-0859,0,,0,,,,,
9108,2025,1,1,30,4,1/30/2025,AA,2843,11057,1105703,31057,CLT,"Charlotte, NC",North Carolina,13930,1393008,30977,ORD,"Chicago, IL",Illinois,720,713.0,-7.0,0.0,0.0,-1.0,0700-0759,17.0,730.0,801.0,15.0,830,816.0,-14.0,0.0,0.0,-1.0,0800-0859,0,,0,,,,,
9109,2025,1,1,31,5,1/31/2025,AA,2843,11057,1105703,31057,CLT,"Charlotte, NC",North Carolina,13930,1393008,30977,ORD,"Chicago, IL",Illinois,720,712.0,-8.0,0.0,0.0,-1.0,0700-0759,14.0,726.0,810.0,10.0,830,820.0,-10.0,0.0,0.0,-1.0,0800-0859,0,,0,,,,,
9402,2025,1,1,7,2,1/7/2025,AA,2947,11057,1105703,31057,CLT,"Charlotte, NC",North Carolina,12892,1289208,32575,LAX,"Los Angeles, CA",California,1505,1501.0,-4.0,0.0,0.0,-1.0,1500-1559,15.0,1516.0,1721.0,9.0,1736,1730.0,-6.0,0.0,0.0,-1.0,1700-1759,0,,0,,,,,
9403,2025,1,1,8,3,1/8/2025,AA,2947,11057,1105703,31057,CLT,"Charlotte, NC",North Carolina,12892,1289208,32575,LAX,"Los Angeles, CA",California,1505,1503.0,-2.0,0.0,0.0,-1.0,1500-1559,21.0,1524.0,1658.0,10.0,1736,1708.0,-28.0,0.0,0.0,-2.0,1700-1759,0,,0,,,,,
9404,2025,1,1,9,4,1/9/2025,AA,2947,11057,1105703,31057,CLT,"Charlotte, NC",North Carolina,12892,1289208,32575,LAX,"Los Angeles, CA",California,1505,1504.0,-1.0,0.0,0.0,-1.0,1500-1559,24.0,1528.0,1730.0,6.0,1736,1736.0,0.0,0.0,0.0,0.0,1700-1759,0,,0,,,,,
9405,2025,1,1,10,5,1/10/2025,AA,2947,11057,1105703,31057,CLT,"Charlotte, NC",North Carolina,12892,1289208,32575,LAX,"Los Angeles, CA",California,1505,1519.0,14.0,14.0,0.0,0.0,1500-1559,39.0,1558.0,1734.0,6.0,1736,1740.0,4.0,4.0,0.0,0.0,1700-1759,0,,0,,,,,
9406,2025,1,1,11,6,1/11/2025,AA,2947,11057,1105703,31057,CLT,"Charlotte, NC",North Carolina,12892,1289208,32575,LAX,"Los Angeles, CA",California,1505,1500.0,-5.0,0.0,0.0,-1.0,1500-1559,15.0,1515.0,1707.0,8.0,1736,1715.0,-21.0,0.0,0.0,-2.0,1700-1759,0,,0,,,,,
9407,2025,1,1,12,7,1/12/2025,AA,2947,11057,1105703,31057,CLT,"Charlotte, NC",North Carolina,12892,1289208,32575,LAX,"Los Angeles, CA",California,1505,1504.0,-1.0,0.0,0.0,-1.0,1500-1559,15.0,1519.0,1728.0,4.0,1736,1732.0,-4.0,0.0,0.0,-1.0,1700-1759,0,,0,,,,,
9408,2025,1,1,13,1,1/13/2025,AA,2947,11057,1105703,31057,CLT,"Charlotte, NC",North Carolina,12892,1289208,32575,LAX,"Los Angeles, CA",California,1505,1500.0,-5.0,0.0,0.0,-1.0,1500-1559,14.0,1514.0,1653.0,6.0,1736,1659.0,-37.0,0.0,0.0,-2.0,1700-1759,0,,0,,,,,
9409,2025,1,1,14,2,1/14/2025,AA,2947,11057,1105703,31057,CLT,"Charlotte, NC",North Carolina,12892,1289208,32575,LAX,"Los Angeles, CA",California,1505,1503.0,-2.0,0.0,0.0,-1.0,1500-1559,13.0,1516.0,1710.0,5.0,1736,1715.0,-21.0,0.0,0.0,-2.0,1700-1759,0,,0,,,,,
9410,2025,1,1,15,3,1/15/2025,AA,2947,11057,1105703,31057,CLT,"Charlotte, NC",North Carolina,12892,1289208,32575,LAX,"Los Angeles, CA",California,1505,1503.0,-2.0,0.0,0.0,-1.0,1500-1559,22.0,1525.0,1659.0,8.0,1736,1707.0,-29.0,0.0,0.0,-2.0,1700-1759,0,,0,,,,,
9411,2025,1,1,16,4,1/16/2025,AA,2947,11057,1105703,31057,CLT,"Charlotte, NC",North Carolina,12892,1289208,32575,LAX,"Los Angeles, CA",California,1505,1505.0,0.0,0.0,0.0,0.0,1500-1559,26.0,1531.0,1713.0,14.0,1736,1727.0,-9.0,0.0,0.0,-1.0,1700-1759,0,,0,,,,,
9412,2025,1,1,17,5,1/17/2025,AA,2947,11057,1105703,31057,CLT,"Charlotte, NC",North Carolina,12892,1289208,32575,LAX,"Los Angeles, CA",California,1505,1504.0,-1.0,0.0,0.0,-1.0,1500-1559,15.0,1519.0,1649.0,11.0,1736,1700.0,-36.0,0.0,0.0,-2.0,1700-1759,0,,0,,,,,
9413,2025,1,1,18,6,1/18/2025,AA,2947,11057,1105703,31057,CLT,"Charlotte, NC",North Carolina,12892,1289208,32575,LAX,"Los Angeles, CA",California,1505,1508.0,3.0,3.0,0.0,0.0,1500-1559,11.0,1519.0,1715.0,7.0,1736,1722.0,-14.0,0.0,0.0,-1.0,1700-1759,0,,0,,,,,
9414,2025,1,1,19,7,1/19/2025,AA,2947,11057,1105703,31057,CLT,"Charlotte, NC",North Carolina,12892,1289208,32575,LAX,"Los Angeles, CA",California,1505,1542.0,37.0,37.0,1.0,2.0,1500-1559,18.0,1600.0,1803.0,6.0,1736,1809.0,33.0,33.0,1.0,2.0,1700-1759,0,,0,33.0,0.0,0.0,0.0,0.0
9415,2025,1,1,20,1,1/20/2025,AA,2947,11057,1105703,31057,CLT,"Charlotte, NC",North Carolina,12892,1289208,32575,LAX,"Los Angeles, CA",California,1505,1500.0,-5.0,0.0,0.0,-1.0,1500-1559,11.0,1511.0,1704.0,13.0,1736,1717.0,-19.0,0.0,0.0,-2.0,1700-1759,0,,0,,,,,
9416,2025,1,1,21,2,1/21/2025,AA,2947,11057,1105703,31057,CLT,"Charlotte, NC",North Carolina,12892,1289208,32575,LAX,"Los Angeles, CA",California,1505,1503.0,-2.0,0.0,0.0,-1.0,1500-1559,13.0,1516.0,1712.0,11.0,1736,1723.0,-13.0,0.0,0.0,-1.0,1700-1759,0,,0,,,,,
9417,2025,1,1,22,3,1/22/2025,AA,2947,11057,1105703,31057,CLT,"Charlotte, NC",North Carolina,12892,1289208,32575,LAX,"Los Angeles, CA",California,1505,1511.0,6.0,6.0,0.0,0.0,1500-1559,16.0,1527.0,1718.0,10.0,1736,1728.0,-8.0,0.0,0.0,-1.0,1700-1759,0,,0,,,,,
9418,2025,1,1,23,4,1/23/2025,AA,2947,11057,1105703,31057,CLT,"Charlotte, NC",North Carolina,12892,1289208,32575,LAX,"Los Angeles, CA",California,1505,1505.0,0.0,0.0,0.0,0.0,1500-1559,11.0,1516.0,1658.0,7.0,1736,1705.0,-31.0,0.0,0.0,-2.0,1700-1759,0,,0,,,,,
9419,2025,1,1,24,5,1/24/2025,AA,2947,11057,1105703,31057,CLT,"Charlotte, NC",North Carolina,12892,1289208,32575,LAX,"Los Angeles, CA",California,1505,1521.0,16.0,16.0,1.0,1.0,1500-1559,35.0,1556.0,1743.0,6.0,1736,1749.0,13.0,13.0,0.0,0.0,1700-1759,0,,0,,,,,
9420,2025,1,1,25,6,1/25/2025,AA,2947,11057,1105703,31057,CLT,"Charlotte, NC",North Carolina,12892,1289208,32575,LAX,"Los Angeles, CA",California,1505,1504.0,-1.0,0.0,0.0,-1.0,1500-1559,10.0,1514.0,1722.0,6.0,1736,1728.0,-8.0,0.0,0.0,-1.0,1700-1759,0,,0,,,,,
9421,2025,1,1,26,7,1/26/2025,AA,2947,11057,1105703,31057,CLT,"Charlotte, NC",North Carolina,12892,1289208,32575,LAX,"Los Angeles, CA",California,1505,1509.0,4.0,4.0,0.0,0.0,1500-1559,18.0,1527.0,1745.0,6.0,1736,1751.0,15.0,15.0,1.0,1.0,1700-1759,0,,0,4.0,0.0,11.0,0.0,0.0
9422,2025,1,1,27,1,1/27/2025,AA,2947,11057,1105703,31057,CLT,"Charlotte, NC",North Carolina,12892,1289208,32575,LAX,"Los Angeles, CA",California,1505,1503.0,-2.0,0.0,0.0,-1.0,1500-1559,19.0,1522.0,1724.0,4.0,1736,1728.0,-8.0,0.0,0.0,-1.0,1700-1759,0,,0,,,,,
9423,2025,1,1,28,2,1/28/2025,AA,2947,11057,1105703,31057,CLT,"Charlotte, NC",North Carolina,12892,1289208,32575,LAX,"Los Angeles, CA",California,1505,1503.0,-2.0,0.0,0.0,-1.0,1500-1559,13.0,1516.0,1709.0,14.0,1736,1723.0,-13.0,0.0,0.0,-1.0,1700-1759,0,,0,,,,,
9424,2025,1,1,29,3,1/29/2025,AA,2947,11057,1105703,31057,CLT,"Charlotte, NC",North Carolina,12892,1289208,32575,LAX,"Los Angeles, CA",California,1505,1500.0,-5.0,0.0,0.0,-1.0,1500-1559,27.0,1527.0,1656.0,7.0,1736,1703.0,-33.0,0.0,0.0,-2.0,1700-1759,0,,0,,,,,
9425,2025,1,1,30,4,1/30/2025,AA,2947,11057,1105703,31057,CLT,"Charlotte, NC",North Carolina,12892,1289208,32575,LAX,"Los Angeles, CA",California,1505,1507.0,2.0,2.0,0.0,0.0,1500-1559,22.0,1529.0,1708.0,8.0,1736,1716.0,-20.0,0.0,0.0,-2.0,1700-1759,0,,0,,,,,
9426,2025,1,1,31,5,1/31/2025,AA,2947,11057,1105703,31057,CLT,"Charlotte, NC",North Carolina,12892,1289208,32575,LAX,"Los Angeles, CA",California,1505,1503.0,-2.0,0.0,0.0,-1.0,1500-1559,15.0,1518.0,1658.0,10.0,1736,1708.0,-28.0,0.0,0.0,-2.0,1700-1759,0,,0,,,,,
9737,2025,1,1,1,3,1/1/2025,AA,3057,11057,1105703,31057,CLT,"Charlotte, NC",North Carolina,12892,1289208,32575,LAX,"Los Angeles, CA",California,906,904.0,-2.0,0.0,0.0,-1.0,0900-0959,22.0,926.0,1131.0,12.0,1131,1143.0,12.0,12.0,0.0,0.0,1100-1159,0,,0,,,,,
9738,2025,1,1,2,4,1/2/2025,AA,3057,11057,1105703,31057,CLT,"Charlotte, NC",North Carolina,12892,1289208,32575,LAX,"Los Angeles, CA",California,906,904.0,-2.0,0.0,0.0,-1.0,0900-0959,13.0,917.0,1113.0,5.0,1131,1118.0,-13.0,0.0,0.0,-1.0,1100-1159,0,,0,,,,,
9739,2025,1,1,3,5,1/3/2025,AA,3057,11057,1105703,31057,CLT,"Charlotte, NC",North Carolina,12892,1289208,32575,LAX,"Los Angeles, CA",California,906,905.0,-1.0,0.0,0.0,-1.0,0900-0959,14.0,919.0,1107.0,5.0,1131,1112.0,-19.0,0.0,0.0,-2.0,1100-1159,0,,0,,,,,
9740,2025,1,1,4,6,1/4/2025,AA,3057,11057,1105703,31057,CLT,"Charlotte, NC",North Carolina,12892,1289208,32575,LAX,"Los Angeles, CA",California,855,852.0,-3.0,0.0,0.0,-1.0,0800-0859,16.0,908.0,1105.0,10.0,1121,1115.0,-6.0,0.0,0.0,-1.0,1100-1159,0,,0,,,,,
9741,2025,1,1,5,7,1/5/2025,AA,3057,11057,1105703,31057,CLT,"Charlotte, NC",North Carolina,12892,1289208,32575,LAX,"Los Angeles, CA",California,906,902.0,-4.0,0.0,0.0,-1.0,0900-0959,17.0,919.0,1100.0,9.0,1131,1109.0,-22.0,0.0,0.0,-2.0,1100-1159,0,,0,,,,,
9742,2025,1,1,6,1,1/6/2025,AA,3057,11057,1105703,31057,CLT,"Charlotte, NC",North Carolina,12892,1289208,32575,LAX,"Los Angeles, CA",California,906,1246.0,220.0,220.0,1.0,12.0,0900-0959,16.0,1302.0,1455.0,9.0,1131,1504.0,213.0,213.0,1.0,12.0,1100-1159,0,,0,92.0,0.0,0.0,0.0,121.0
9882,2025,1,1,1,3,1/1/2025,AA,3108,11057,1105703,31057,CLT,"Charlotte, NC",North Carolina,11298,1129806,30194,DFW,"Dallas/Fort Worth, TX",Texas,1538,1535.0,-3.0,0.0,0.0,-1.0,1500-1559,11.0,1546.0,1722.0,14.0,1735,1736.0,1.0,1.0,0.0,0.0,1700-1759,0,,0,,,,,
9883,2025,1,1,2,4,1/2/2025,AA,3108,11057,1105703,31057,CLT,"Charlotte, NC",North Carolina,11298,1129806,30194,DFW,"Dallas/Fort Worth, TX",Texas,1538,1534.0,-4.0,0.0,0.0,-1.0,1500-1559,14.0,1548.0,1722.0,12.0,1735,1734.0,-1.0,0.0,0.0,-1.0,1700-1759,0,,0,,,,,
9884,2025,1,1,3,5,1/3/2025,AA,3108,11057,1105703,31057,CLT,"Charlotte, NC",North Carolina,11298,1129806,30194,DFW,"Dallas/Fort Worth, TX",Texas,1538,1539.0,1.0,1.0,0.0,0.0,1500-1559,13.0,1552.0,1718.0,11.0,1735,1729.0,-6.0,0.0,0.0,-1.0,1700-1759,0,,0,,,,,
9885,2025,1,1,4,6,1/4/2025,AA,3108,11057,1105703,31057,CLT,"Charlotte, NC",North Carolina,11298,1129806,30194,DFW,"Dallas/Fort Worth, TX",Texas,1538,1534.0,-4.0,0.0,0.0,-1.0,1500-1559,11.0,1545.0,1710.0,13.0,1735,1723.0,-12.0,0.0,0.0,-1.0,1700-1759,0,,0,,,,,
9886,2025,1,1,5,7,1/5/2025,AA,3108,11057,1105703,31057,CLT,"Charlotte, NC",North Carolina,11298,1129806,30194,DFW,"Dallas/Fort Worth, TX",Texas,1538,1635.0,57.0,57.0,1.0,3.0,1500-1559,50.0,1725.0,1944.0,37.0,1735,2021.0,166.0,166.0,1.0,11.0,1700-1759,0,,0,0.0,0.0,166.0,0.0,0.0
9887,2025,1,1,6,1,1/6/2025,AA,3108,11057,1105703,31057,CLT,"Charlotte, NC",North Carolina,11298,1129806,30194,DFW,"Dallas/Fort Worth, TX",Texas,1538,1634.0,56.0,56.0,1.0,3.0,1500-1559,13.0,1647.0,1818.0,13.0,1735,1831.0,56.0,56.0,1.0,3.0,1700-1759,0,,0,8.0,0.0,0.0,0.0,48.0
9938,2025,1,1,1,3,1/1/2025,AA,1052,11057,1105703,31057,CLT,"Charlotte, NC",North Carolina,13930,1393008,30977,ORD,"Chicago, IL",Illinois,1304,1257.0,-7.0,0.0,0.0,-1.0,1300-1359,16.0,1313.0,1346.0,8.0,1412,1354.0,-18.0,0.0,0.0,-2.0,1400-1459,0,,0,,,,,
9939,2025,1,1,2,4,1/2/2025,AA,1052,11057,1105703,31057,CLT,"Charlotte, NC",North Carolina,13930,1393008,30977,ORD,"Chicago, IL",Illinois,1304,1258.0,-6.0,0.0,0.0,-1.0,1300-1359,20.0,1318.0,1352.0,9.0,1412,1401.0,-11.0,0.0,0.0,-1.0,1400-1459,0,,0,,,,,
9940,2025,1,1,3,5,1/3/2025,AA,1052,11057,1105703,31057,CLT,"Charlotte, NC",North Carolina,13930,1393008,30977,ORD,"Chicago, IL",Illinois,1304,1308.0,4.0,4.0,0.0,0.0,1300-1359,14.0,1322.0,1403.0,14.0,1412,1417.0,5.0,5.0,0.0,0.0,1400-1459,0,,0,,,,,
9941,2025,1,1,4,6,1/4/2025,AA,1052,11057,1105703,31057,CLT,"Charlotte, NC",North Carolina,13930,1393008,30977,ORD,"Chicago, IL",Illinois,1304,1303.0,-1.0,0.0,0.0,-1.0,1300-1359,14.0,1317.0,1356.0,7.0,1412,1403.0,-9.0,0.0,0.0,-1.0,1400-1459,0,,0,,,,,
9942,2025,1,1,5,7,1/5/2025,AA,1052,11057,1105703,31057,CLT,"Charlotte, NC",North Carolina,13930,1393008,30977,ORD,"Chicago, IL",Illinois,1304,1259.0,-5.0,0.0,0.0,-1.0,1300-1359,23.0,1322.0,1359.0,20.0,1412,1419.0,7.0,7.0,0.0,0.0,1400-1459,0,,0,,,,,
9943,2025,1,1,6,1,1/6/2025,AA,1052,11057,1105703,31057,CLT,"Charlotte, NC",North Carolina,13930,1393008,30977,ORD,"Chicago, IL",Illinois,1304,1343.0,39.0,39.0,1.0,2.0,1300-1359,15.0,1358.0,1435.0,10.0,1412,1445.0,33.0,33.0,1.0,2.0,1400-1459,0,,0,0.0,0.0,33.0,0.0,0.0
9944,2025,1,1,7,2,1/7/2025,AA,1052,11057,1105703,31057,CLT,"Charlotte, NC",North Carolina,13930,1393008,30977,ORD,"Chicago, IL",Illinois,1305,1300.0,-5.0,0.0,0.0,-1.0,1300-1359,21.0,1321.0,1350.0,10.0,1415,1400.0,-15.0,0.0,0.0,-1.0,1400-1459,0,,0,,,,,
9945,2025,1,1,8,3,1/8/2025,AA,1052,11057,1105703,31057,CLT,"Charlotte, NC",North Carolina,13930,1393008,30977,ORD,"Chicago, IL",Illinois,1305,1259.0,-6.0,0.0,0.0,-1.0,1300-1359,17.0,1316.0,1355.0,9.0,1415,1404.0,-11.0,0.0,0.0,-1.0,1400-1459,0,,0,,,,,
9946,2025,1,1,9,4,1/9/2025,AA,1052,11057,1105703,31057,CLT,"Charlotte, NC",North Carolina,13930,1393008,30977,ORD,"Chicago, IL",Illinois,1305,1317.0,12.0,12.0,0.0,0.0,1300-1359,24.0,1341.0,1419.0,9.0,1415,1428.0,13.0,13.0,0.0,0.0,1400-1459,0,,0,,,,,
9947,2025,1,1,10,5,1/10/2025,AA,1052,11057,1105703,31057,CLT,"Charlotte, NC",North Carolina,13930,1393008,30977,ORD,"Chicago, IL",Illinois,1305,1300.0,-5.0,0.0,0.0,-1.0,1300-1359,13.0,1313.0,1346.0,12.0,1415,1358.0,-17.0,0.0,0.0,-2.0,1400-1459,0,,0,,,,,
9948,2025,1,1,11,6,1/11/2025,AA,1052,11057,1105703,31057,CLT,"Charlotte, NC",North Carolina,13930,1393008,30977,ORD,"Chicago, IL",Illinois,1305,1305.0,0.0,0.0,0.0,0.0,1300-1359,13.0,1318.0,1356.0,7.0,1415,1403.0,-12.0,0.0,0.0,-1.0,1400-1459,0,,0,,,,,
9949,2025,1,1,12,7,1/12/2025,AA,1052,11057,1105703,31057,CLT,"Charlotte, NC",North Carolina,13930,1393008,30977,ORD,"Chicago, IL",Illinois,1305,1301.0,-4.0,0.0,0.0,-1.0,1300-1359,14.0,1315.0,1348.0,16.0,1415,1404.0,-11.0,0.0,0.0,-1.0,1400-1459,0,,0,,,,,
9950,2025,1,1,13,1,1/13/2025,AA,1052,11057,1105703,31057,CLT,"Charlotte, NC",North Carolina,13930,1393008,30977,ORD,"Chicago, IL",Illinois,1305,1259.0,-6.0,0.0,0.0,-1.0,1300-1359,25.0,1324.0,1403.0,8.0,1415,1411.0,-4.0,0.0,0.0,-1.0,1400-1459,0,,0,,,,,
9951,2025,1,1,14,2,1/14/2025,AA,1052,11057,1105703,31057,CLT,"Charlotte, NC",North Carolina,13930,1393008,30977,ORD,"Chicago, IL",Illinois,1305,1300.0,-5.0,0.0,0.0,-1.0,1300-1359,17.0,1317.0,1358.0,9.0,1415,1407.0,-8.0,0.0,0.0,-1.0,1400-1459,0,,0,,,,,
9952,2025,1,1,15,3,1/15/2025,AA,1052,11057,1105703,31057,CLT,"Charlotte, NC",North Carolina,13930,1393008,30977,ORD,"Chicago, IL",Illinois,1305,1301.0,-4.0,0.0,0.0,-1.0,1300-1359,21.0,1322.0,1355.0,10.0,1415,1405.0,-10.0,0.0,0.0,-1.0,1400-1459,0,,0,,,,,
9953,2025,1,1,16,4,1/16/2025,AA,1052,11057,1105703,31057,CLT,"Charlotte, NC",North Carolina,13930,1393008,30977,ORD,"Chicago, IL",Illinois,1305,1341.0,36.0,36.0,1.0,2.0,1300-1359,26.0,1407.0,1458.0,7.0,1415,1505.0,50.0,50.0,1.0,3.0,1400-1459,0,,0,36.0,0.0,14.0,0.0,0.0
9954,2025,1,1,17,5,1/17/2025,AA,1052,11057,1105703,31057,CLT,"Charlotte, NC",North Carolina,13930,1393008,30977,ORD,"Chicago, IL",Illinois,1305,1325.0,20.0,20.0,1.0,1.0,1300-1359,34.0,1359.0,1432.0,12.0,1415,1444.0,29.0,29.0,1.0,1.0,1400-1459,0,,0,14.0,0.0,9.0,0.0,6.0
9955,2025,1,1,18,6,1/18/2025,AA,1052,11057,1105703,31057,CLT,"Charlotte, NC",North Carolina,13930,1393008,30977,ORD,"Chicago, IL",Illinois,1305,1256.0,-9.0,0.0,0.0,-1.0,1300-1359,16.0,1312.0,1342.0,8.0,1415,1350.0,-25.0,0.0,0.0,-2.0,1400-1459,0,,0,,,,,
9956,2025,1,1,19,7,1/19/2025,AA,1052,11057,1105703,31057,CLT,"Charlotte, NC",North Carolina,13930,1393008,30977,ORD,"Chicago, IL",Illinois,1305,1303.0,-2.0,0.0,0.0,-1.0,1300-1359,25.0,1328.0,1402.0,16.0,1415,1418.0,3.0,3.0,0.0,0.0,1400-1459,0,,0,,,,,
9957,2025,1,1,20,1,1/20/2025,AA,1052,11057,1105703,31057,CLT,"Charlotte, NC",North Carolina,13930,1393008,30977,ORD,"Chicago, IL",Illinois,1305,1415.0,70.0,70.0,1.0,4.0,1300-1359,13.0,1428.0,1502.0,7.0,1415,1509.0,54.0,54.0,1.0,3.0,1400-1459,0,,0,1.0,0.0,0.0,0.0,53.0
9958,2025,1,1,21,2,1/21/2025,AA,1052,11057,1105703,31057,CLT,"Charlotte, NC",North Carolina,13930,1393008,30977,ORD,"Chicago, IL",Illinois,1305,1310.0,5.0,5.0,0.0,0.0,1300-1359,12.0,1322.0,1355.0,9.0,1415,1404.0,-11.0,0.0,0.0,-1.0,1400-1459,0,,0,,,,,
9959,2025,1,1,22,3,1/22/2025,AA,1052,11057,1105703,31057,CLT,"Charlotte, NC",North Carolina,13930,1393008,30977,ORD,"Chicago, IL",Illinois,1305,1303.0,-2.0,0.0,0.0,-1.0,1300-1359,13.0,1316.0,1345.0,10.0,1415,1355.0,-20.0,0.0,0.0,-2.0,1400-1459,0,,0,,,,,
9960,2025,1,1,23,4,1/23/2025,AA,1052,11057,1105703,31057,CLT,"Charlotte, NC",North Carolina,13930,1393008,30977,ORD,"Chicago, IL",Illinois,1305,1300.0,-5.0,0.0,0.0,-1.0,1300-1359,14.0,1314.0,1345.0,10.0,1415,1355.0,-20.0,0.0,0.0,-2.0,1400-1459,0,,0,,,,,
9961,2025,1,1,24,5,1/24/2025,AA,1052,11057,1105703,31057,CLT,"Charlotte, NC",North Carolina,13930,1393008,30977,ORD,"Chicago, IL",Illinois,1305,1302.0,-3.0,0.0,0.0,-1.0,1300-1359,16.0,1318.0,1348.0,9.0,1415,1357.0,-18.0,0.0,0.0,-2.0,1400-1459,0,,0,,,,,
9962,2025,1,1,25,6,1/25/2025,AA,1052,11057,1105703,31057,CLT,"Charlotte, NC",North Carolina,13930,1393008,30977,ORD,"Chicago, IL",Illinois,1305,1257.0,-8.0,0.0,0.0,-1.0,1300-1359,11.0,1308.0,1348.0,8.0,1415,1356.0,-19.0,0.0,0.0,-2.0,1400-1459,0,,0,,,,,
9963,2025,1,1,26,7,1/26/2025,AA,1052,11057,1105703,31057,CLT,"Charlotte, NC",North Carolina,13930,1393008,30977,ORD,"Chicago, IL",Illinois,1305,1335.0,30.0,30.0,1.0,2.0,1300-1359,15.0,1350.0,1424.0,10.0,1415,1434.0,19.0,19.0,1.0,1.0,1400-1459,0,,0,19.0,0.0,0.0,0.0,0.0
9964,2025,1,1,27,1,1/27/2025,AA,1052,11057,1105703,31057,CLT,"Charlotte, NC",North Carolina,13930,1393008,30977,ORD,"Chicago, IL",Illinois,1305,1301.0,-4.0,0.0,0.0,-1.0,1300-1359,14.0,1315.0,1351.0,9.0,1415,1400.0,-15.0,0.0,0.0,-1.0,1400-1459,0,,0,,,,,
9965,2025,1,1,28,2,1/28/2025,AA,1052,11057,1105703,31057,CLT,"Charlotte, NC",North Carolina,13930,1393008,30977,ORD,"Chicago, IL",Illinois,1305,1255.0,-10.0,0.0,0.0,-1.0,1300-1359,13.0,1308.0,1341.0,9.0,1415,1350.0,-25.0,0.0,0.0,-2.0,1400-1459,0,,0,,,,,
9966,2025,1,1,29,3,1/29/2025,AA,1052,11057,1105703,31057,CLT,"Charlotte, NC",North Carolina,13930,1393008,30977,ORD,"Chicago, IL",Illinois,1305,1259.0,-6.0,0.0,0.0,-1.0,1300-1359,15.0,1314.0,1352.0,11.0,1415,1403.0,-12.0,0.0,0.0,-1.0,1400-1459,0,,0,,,,,
9967,2025,1,1,30,4,1/30/2025,AA,1052,11057,1105703,31057,CLT,"Charlotte, NC",North Carolina,13930,1393008,30977,ORD,"Chicago, IL",Illinois,1305,1301.0,-4.0,0.0,0.0,-1.0,1300-1359,17.0,1318.0,1357.0,10.0,1415,1407.0,-8.0,0.0,0.0,-1.0,1400-1459,0,,0,,,,,
9968,2025,1,1,31,5,1/31/2025,AA,1052,11057,1105703,31057,CLT,"Charlotte, NC",North Carolina,13930,1393008,30977,ORD,"Chicago, IL",Illinois,1305,1259.0,-6.0,0.0,0.0,-1.0,1300-1359,15.0,1314.0,1354.0,22.0,1415,1416.0,1.0,1.0,0.0,0.0,1400-1459,0,,0,,,,,
10186,2025,1,1,20,1,1/20/2025,AA,1112,11057,1105703,31057,CLT,"Charlotte, NC",North Carolina,10397,1039707,30397,ATL,"Atlanta, GA",Georgia,2020,2031.0,11.0,11.0,0.0,0.0,2000-2059,18.0,2049.0,2132.0,8.0,2138,2140.0,2.0,2.0,0.0,0.0,2100-2159,0,,0,,,,,
10237,2025,1,1,7,2,1/7/2025,AA,1141,11057,1105703,31057,CLT,"Charlotte, NC",North Carolina,11298,1129806,30194,DFW,"Dallas/Fort Worth, TX",Texas,2035,2026.0,-9.0,0.0,0.0,-1.0,2000-2059,15.0,2041.0,2210.0,8.0,2237,2218.0,-19.0,0.0,0.0,-2.0,2200-2259,0,,0,,,,,
10238,2025,1,1,8,3,1/8/2025,AA,1141,11057,1105703,31057,CLT,"Charlotte, NC",North Carolina,11298,1129806,30194,DFW,"Dallas/Fort Worth, TX",Texas,2035,,,,,,2000-2059,,,,,2237,,,,,,2200-2259,1,B,0,,,,,
10239,2025,1,1,9,4,1/9/2025,AA,1141,11057,1105703,31057,CLT,"Charlotte, NC",North Carolina,11298,1129806,30194,DFW,"Dallas/Fort Worth, TX",Texas,2035,,,,,,2000-2059,,,,,2237,,,,,,2200-2259,1,B,0,,,,,
10240,2025,1,1,10,5,1/10/2025,AA,1141,11057,1105703,31057,CLT,"Charlotte, NC",North Carolina,11298,1129806,30194,DFW,"Dallas/Fort Worth, TX",Texas,2035,,,,,,2000-2059,,,,,2237,,,,,,2200-2259,1,B,0,,,,,
10241,2025,1,1,11,6,1/11/2025,AA,1141,11057,1105703,31057,CLT,"Charlotte, NC",North Carolina,11298,1129806,30194,DFW,"Dallas/Fort Worth, TX",Texas,2035,2030.0,-5.0,0.0,0.0,-1.0,2000-2059,15.0,2045.0,2218.0,19.0,2237,2237.0,0.0,0.0,0.0,0.0,2200-2259,0,,0,,,,,
10242,2025,1,1,12,7,1/12/2025,AA,1141,11057,1105703,31057,CLT,"Charlotte, NC",North Carolina,11298,1129806,30194,DFW,"Dallas/Fort Worth, TX",Texas,2035,2038.0,3.0,3.0,0.0,0.0,2000-2059,20.0,2058.0,2237.0,5.0,2237,2242.0,5.0,5.0,0.0,0.0,2200-2259,0,,0,,,,,
10243,2025,1,1,13,1,1/13/2025,AA,1141,11057,1105703,31057,CLT,"Charlotte, NC",North Carolina,11298,1129806,30194,DFW,"Dallas/Fort Worth, TX",Texas,2035,2033.0,-2.0,0.0,0.0,-1.0,2000-2059,15.0,2048.0,2224.0,7.0,2237,2231.0,-6.0,0.0,0.0,-1.0,2200-2259,0,,0,,,,,
10244,2025,1,1,14,2,1/14/2025,AA,1141,11057,1105703,31057,CLT,"Charlotte, NC",North Carolina,11298,1129806,30194,DFW,"Dallas/Fort Worth, TX",Texas,2035,2030.0,-5.0,0.0,0.0,-1.0,2000-2059,19.0,2049.0,2229.0,7.0,2237,2236.0,-1.0,0.0,0.0,-1.0,2200-2259,0,,0,,,,,
10245,2025,1,1,15,3,1/15/2025,AA,1141,11057,1105703,31057,CLT,"Charlotte, NC",North Carolina,11298,1129806,30194,DFW,"Dallas/Fort Worth, TX",Texas,2035,2024.0,-11.0,0.0,0.0,-1.0,2000-2059,17.0,2041.0,2214.0,5.0,2237,2219.0,-18.0,0.0,0.0,-2.0,2200-2259,0,,0,,,,,
10246,2025,1,1,16,4,1/16/2025,AA,1141,11057,1105703,31057,CLT,"Charlotte, NC",North Carolina,11298,1129806,30194,DFW,"Dallas/Fort Worth, TX",Texas,2035,2032.0,-3.0,0.0,0.0,-1.0,2000-2059,15.0,2047.0,2205.0,5.0,2237,2210.0,-27.0,0.0,0.0,-2.0,2200-2259,0,,0,,,,,
10247,2025,1,1,17,5,1/17/2025,AA,1141,11057,1105703,31057,CLT,"Charlotte, NC",North Carolina,11298,1129806,30194,DFW,"Dallas/Fort Worth, TX",Texas,2035,2035.0,0.0,0.0,0.0,0.0,2000-2059,18.0,2053.0,2222.0,8.0,2237,2230.0,-7.0,0.0,0.0,-1.0,2200-2259,0,,0,,,,,
10248,2025,1,1,18,6,1/18/2025,AA,1141,11057,1105703,31057,CLT,"Charlotte, NC",North Carolina,11298,1129806,30194,DFW,"Dallas/Fort Worth, TX",Texas,2035,2028.0,-7.0,0.0,0.0,-1.0,2000-2059,26.0,2054.0,2231.0,6.0,2237,2237.0,0.0,0.0,0.0,0.0,2200-2259,0,,0,,,,,
10249,2025,1,1,19,7,1/19/2025,AA,1141,11057,1105703,31057,CLT,"Charlotte, NC",North Carolina,11298,1129806,30194,DFW,"Dallas/Fort Worth, TX",Texas,2035,2033.0,-2.0,0.0,0.0,-1.0,2000-2059,15.0,2048.0,2220.0,7.0,2237,2227.0,-10.0,0.0,0.0,-1.0,2200-2259,0,,0,,,,,
10250,2025,1,1,20,1,1/20/2025,AA,1141,11057,1105703,31057,CLT,"Charlotte, NC",North Carolina,11298,1129806,30194,DFW,"Dallas/Fort Worth, TX",Texas,2035,2034.0,-1.0,0.0,0.0,-1.0,2000-2059,22.0,2056.0,2231.0,9.0,2237,2240.0,3.0,3.0,0.0,0.0,2200-2259,0,,0,,,,,
10251,2025,1,1,21,2,1/21/2025,AA,1141,11057,1105703,31057,CLT,"Charlotte, NC",North Carolina,11298,1129806,30194,DFW,"Dallas/Fort Worth, TX",Texas,2035,2030.0,-5.0,0.0,0.0,-1.0,2000-2059,80.0,2150.0,2313.0,4.0,2237,2317.0,40.0,40.0,1.0,2.0,2200-2259,0,,0,0.0,0.0,40.0,0.0,0.0
10252,2025,1,1,22,3,1/22/2025,AA,1141,11057,1105703,31057,CLT,"Charlotte, NC",North Carolina,11298,1129806,30194,DFW,"Dallas/Fort Worth, TX",Texas,2035,2032.0,-3.0,0.0,0.0,-1.0,2000-2059,14.0,2046.0,2221.0,4.0,2237,2225.0,-12.0,0.0,0.0,-1.0,2200-2259,0,,0,,,,,
10253,2025,1,1,23,4,1/23/2025,AA,1141,11057,1105703,31057,CLT,"Charlotte, NC",North Carolina,11298,1129806,30194,DFW,"Dallas/Fort Worth, TX",Texas,2035,2042.0,7.0,7.0,0.0,0.0,2000-2059,15.0,2057.0,2233.0,14.0,2237,2247.0,10.0,10.0,0.0,0.0,2200-2259,0,,0,,,,,
10254,2025,1,1,24,5,1/24/2025,AA,1141,11057,1105703,31057,CLT,"Charlotte, NC",North Carolina,11298,1129806,30194,DFW,"Dallas/Fort Worth, TX",Texas,2035,2031.0,-4.0,0.0,0.0,-1.0,2000-2059,14.0,2045.0,2159.0,4.0,2237,2203.0,-34.0,0.0,0.0,-2.0,2200-2259,0,,0,,,,,
10255,2025,1,1,25,6,1/25/2025,AA,1141,11057,1105703,31057,CLT,"Charlotte, NC",North Carolina,11298,1129806,30194,DFW,"Dallas/Fort Worth, TX",Texas,2035,2043.0,8.0,8.0,0.0,0.0,2000-2059,24.0,2107.0,2231.0,7.0,2237,2238.0,1.0,1.0,0.0,0.0,2200-2259,0,,0,,,,,
10256,2025,1,1,26,7,1/26/2025,AA,1141,11057,1105703,31057,CLT,"Charlotte, NC",North Carolina,11298,1129806,30194,DFW,"Dallas/Fort Worth, TX",Texas,2035,2041.0,6.0,6.0,0.0,0.0,2000-2059,34.0,2115.0,2247.0,12.0,2237,2259.0,22.0,22.0,1.0,1.0,2200-2259,0,,0,6.0,0.0,16.0,0.0,0.0
10257,2025,1,1,27,1,1/27/2025,AA,1141,11057,1105703,31057,CLT,"Charlotte, NC",North Carolina,11298,1129806,30194,DFW,"Dallas/Fort Worth, TX",Texas,2035,2034.0,-1.0,0.0,0.0,-1.0,2000-2059,20.0,2054.0,2225.0,6.0,2237,2231.0,-6.0,0.0,0.0,-1.0,2200-2259,0,,0,,,,,
10258,2025,1,1,28,2,1/28/2025,AA,1141,11057,1105703,31057,CLT,"Charlotte, NC",North Carolina,11298,1129806,30194,DFW,"Dallas/Fort Worth, TX",Texas,2035,2029.0,-6.0,0.0,0.0,-1.0,2000-2059,23.0,2052.0,2214.0,11.0,2237,2225.0,-12.0,0.0,0.0,-1.0,2200-2259,0,,0,,,,,
10259,2025,1,1,29,3,1/29/2025,AA,1141,11057,1105703,31057,CLT,"Charlotte, NC",North Carolina,11298,1129806,30194,DFW,"Dallas/Fort Worth, TX",Texas,2035,2030.0,-5.0,0.0,0.0,-1.0,2000-2059,,,,,2237,,,,,,2200-2259,1,B,0,,,,,
10260,2025,1,1,30,4,1/30/2025,AA,1141,11057,1105703,31057,CLT,"Charlotte, NC",North Carolina,11298,1129806,30194,DFW,"Dallas/Fort Worth, TX",Texas,2035,2036.0,1.0,1.0,0.0,0.0,2000-2059,23.0,2059.0,2229.0,7.0,2237,2236.0,-1.0,0.0,0.0,-1.0,2200-2259,0,,0,,,,,
10261,2025,1,1,31,5,1/31/2025,AA,1141,11057,1105703,31057,CLT,"Charlotte, NC",North Carolina,11298,1129806,30194,DFW,"Dallas/Fort Worth, TX",Texas,2035,2043.0,8.0,8.0,0.0,0.0,2000-2059,20.0,2103.0,2231.0,7.0,2237,2238.0,1.0,1.0,0.0,0.0,2200-2259,0,,0,,,,,
10444,2025,1,1,1,3,1/1/2025,AA,1180,11057,1105703,31057,CLT,"Charlotte, NC",North Carolina,13930,1393008,30977,ORD,"Chicago, IL",Illinois,2225,2230.0,5.0,5.0,0.0,0.0,2200-2259,16.0,2246.0,2322.0,10.0,2337,2332.0,-5.0,0.0,0.0,-1.0,2300-2359,0,,0,,,,,
10445,2025,1,1,2,4,1/2/2025,AA,1180,11057,1105703,31057,CLT,"Charlotte, NC",North Carolina,13930,1393008,30977,ORD,"Chicago, IL",Illinois,2225,2300.0,35.0,35.0,1.0,2.0,2200-2259,24.0,2324.0,2355.0,11.0,2337,6.0,29.0,29.0,1.0,1.0,2300-2359,0,,0,29.0,0.0,0.0,0.0,0.0
10446,2025,1,1,3,5,1/3/2025,AA,1180,11057,1105703,31057,CLT,"Charlotte, NC",North Carolina,13930,1393008,30977,ORD,"Chicago, IL",Illinois,2225,2238.0,13.0,13.0,0.0,0.0,2200-2259,13.0,2251.0,2340.0,9.0,2337,2349.0,12.0,12.0,0.0,0.0,2300-2359,0,,0,,,,,
10447,2025,1,1,4,6,1/4/2025,AA,1180,11057,1105703,31057,CLT,"Charlotte, NC",North Carolina,13930,1393008,30977,ORD,"Chicago, IL",Illinois,2225,2254.0,29.0,29.0,1.0,1.0,2200-2259,12.0,2306.0,2339.0,7.0,2337,2346.0,9.0,9.0,0.0,0.0,2300-2359,0,,0,,,,,
10448,2025,1,1,5,7,1/5/2025,AA,1180,11057,1105703,31057,CLT,"Charlotte, NC",North Carolina,13930,1393008,30977,ORD,"Chicago, IL",Illinois,2225,2237.0,12.0,12.0,0.0,0.0,2200-2259,11.0,2248.0,1714.0,17.0,2337,1731.0,,,,,2300-2359,0,,1,,,,,
10449,2025,1,1,6,1,1/6/2025,AA,1180,11057,1105703,31057,CLT,"Charlotte, NC",North Carolina,13930,1393008,30977,ORD,"Chicago, IL",Illinois,2225,2247.0,22.0,22.0,1.0,1.0,2200-2259,21.0,2308.0,2344.0,11.0,2337,2355.0,18.0,18.0,1.0,1.0,2300-2359,0,,0,18.0,0.0,0.0,0.0,0.0
10450,2025,1,1,7,2,1/7/2025,AA,1180,11057,1105703,31057,CLT,"Charlotte, NC",North Carolina,13930,1393008,30977,ORD,"Chicago, IL",Illinois,2256,2301.0,5.0,5.0,0.0,0.0,2200-2259,17.0,2318.0,2352.0,12.0,9,4.0,-5.0,0.0,0.0,-1.0,0001-0559,0,,0,,,,,
10451,2025,1,1,8,3,1/8/2025,AA,1180,11057,1105703,31057,CLT,"Charlotte, NC",North Carolina,13930,1393008,30977,ORD,"Chicago, IL",Illinois,2256,2242.0,-14.0,0.0,0.0,-1.0,2200-2259,16.0,2258.0,2332.0,8.0,9,2340.0,-29.0,0.0,0.0,-2.0,0001-0559,0,,0,,,,,
10452,2025,1,1,9,4,1/9/2025,AA,1180,11057,1105703,31057,CLT,"Charlotte, NC",North Carolina,13930,1393008,30977,ORD,"Chicago, IL",Illinois,2256,2315.0,19.0,19.0,1.0,1.0,2200-2259,28.0,2343.0,19.0,7.0,9,26.0,17.0,17.0,1.0,1.0,0001-0559,0,,0,17.0,0.0,0.0,0.0,0.0
10453,2025,1,1,10,5,1/10/2025,AA,1180,11057,1105703,31057,CLT,"Charlotte, NC",North Carolina,13930,1393008,30977,ORD,"Chicago, IL",Illinois,2256,,,,,,2200-2259,,,,,9,,,,,,0001-0559,1,B,0,,,,,
10454,2025,1,1,11,6,1/11/2025,AA,1180,11057,1105703,31057,CLT,"Charlotte, NC",North Carolina,13930,1393008,30977,ORD,"Chicago, IL",Illinois,2256,2306.0,10.0,10.0,0.0,0.0,2200-2259,16.0,2322.0,2352.0,9.0,9,1.0,-8.0,0.0,0.0,-1.0,0001-0559,0,,0,,,,,
10455,2025,1,1,12,7,1/12/2025,AA,1180,11057,1105703,31057,CLT,"Charlotte, NC",North Carolina,13930,1393008,30977,ORD,"Chicago, IL",Illinois,2256,2253.0,-3.0,0.0,0.0,-1.0,2200-2259,19.0,2312.0,2344.0,9.0,9,2353.0,-16.0,0.0,0.0,-2.0,0001-0559,0,,0,,,,,
10456,2025,1,1,13,1,1/13/2025,AA,1180,11057,1105703,31057,CLT,"Charlotte, NC",North Carolina,13930,1393008,30977,ORD,"Chicago, IL",Illinois,2256,2253.0,-3.0,0.0,0.0,-1.0,2200-2259,23.0,2316.0,2351.0,10.0,9,1.0,-8.0,0.0,0.0,-1.0,0001-0559,0,,0,,,,,
10457,2025,1,1,14,2,1/14/2025,AA,1180,11057,1105703,31057,CLT,"Charlotte, NC",North Carolina,13930,1393008,30977,ORD,"Chicago, IL",Illinois,2256,2251.0,-5.0,0.0,0.0,-1.0,2200-2259,15.0,2306.0,2338.0,9.0,9,2347.0,-22.0,0.0,0.0,-2.0,0001-0559,0,,0,,,,,
10458,2025,1,1,15,3,1/15/2025,AA,1180,11057,1105703,31057,CLT,"Charlotte, NC",North Carolina,13930,1393008,30977,ORD,"Chicago, IL",Illinois,2256,2251.0,-5.0,0.0,0.0,-1.0,2200-2259,30.0,2321.0,2355.0,7.0,9,2.0,-7.0,0.0,0.0,-1.0,0001-0559,0,,0,,,,,
10459,2025,1,1,16,4,1/16/2025,AA,1180,11057,1105703,31057,CLT,"Charlotte, NC",North Carolina,13930,1393008,30977,ORD,"Chicago, IL",Illinois,2256,2258.0,2.0,2.0,0.0,0.0,2200-2259,31.0,2329.0,5.0,9.0,9,14.0,5.0,5.0,0.0,0.0,0001-0559,0,,0,,,,,
10460,2025,1,1,17,5,1/17/2025,AA,1180,11057,1105703,31057,CLT,"Charlotte, NC",North Carolina,13930,1393008,30977,ORD,"Chicago, IL",Illinois,2256,2246.0,-10.0,0.0,0.0,-1.0,2200-2259,12.0,2258.0,2322.0,8.0,9,2330.0,-39.0,0.0,0.0,-2.0,0001-0559,0,,0,,,,,
10461,2025,1,1,18,6,1/18/2025,AA,1180,11057,1105703,31057,CLT,"Charlotte, NC",North Carolina,13930,1393008,30977,ORD,"Chicago, IL",Illinois,2256,2301.0,5.0,5.0,0.0,0.0,2200-2259,17.0,2318.0,2347.0,7.0,11,2354.0,-17.0,0.0,0.0,-2.0,0001-0559,0,,0,,,,,
10462,2025,1,1,19,7,1/19/2025,AA,1180,11057,1105703,31057,CLT,"Charlotte, NC",North Carolina,13930,1393008,30977,ORD,"Chicago, IL",Illinois,2256,2301.0,5.0,5.0,0.0,0.0,2200-2259,14.0,2315.0,2347.0,6.0,9,2353.0,-16.0,0.0,0.0,-2.0,0001-0559,0,,0,,,,,
10463,2025,1,1,20,1,1/20/2025,AA,1180,11057,1105703,31057,CLT,"Charlotte, NC",North Carolina,13930,1393008,30977,ORD,"Chicago, IL",Illinois,2256,2252.0,-4.0,0.0,0.0,-1.0,2200-2259,20.0,2312.0,2343.0,11.0,9,2354.0,-15.0,0.0,0.0,-1.0,0001-0559,0,,0,,,,,
10464,2025,1,1,21,2,1/21/2025,AA,1180,11057,1105703,31057,CLT,"Charlotte, NC",North Carolina,13930,1393008,30977,ORD,"Chicago, IL",Illinois,2256,2328.0,32.0,32.0,1.0,2.0,2200-2259,17.0,2345.0,13.0,7.0,9,20.0,11.0,11.0,0.0,0.0,0001-0559,0,,0,,,,,
10465,2025,1,1,22,3,1/22/2025,AA,1180,11057,1105703,31057,CLT,"Charlotte, NC",North Carolina,13930,1393008,30977,ORD,"Chicago, IL",Illinois,2256,2255.0,-1.0,0.0,0.0,-1.0,2200-2259,13.0,2308.0,2338.0,7.0,9,2345.0,-24.0,0.0,0.0,-2.0,0001-0559,0,,0,,,,,
10466,2025,1,1,23,4,1/23/2025,AA,1180,11057,1105703,31057,CLT,"Charlotte, NC",North Carolina,13930,1393008,30977,ORD,"Chicago, IL",Illinois,2256,2256.0,0.0,0.0,0.0,0.0,2200-2259,20.0,2316.0,2343.0,11.0,9,2354.0,-15.0,0.0,0.0,-1.0,0001-0559,0,,0,,,,,
10467,2025,1,1,24,5,1/24/2025,AA,1180,11057,1105703,31057,CLT,"Charlotte, NC",North Carolina,13930,1393008,30977,ORD,"Chicago, IL",Illinois,2256,2252.0,-4.0,0.0,0.0,-1.0,2200-2259,21.0,2313.0,2349.0,12.0,9,1.0,-8.0,0.0,0.0,-1.0,0001-0559,0,,0,,,,,
10468,2025,1,1,25,6,1/25/2025,AA,1180,11057,1105703,31057,CLT,"Charlotte, NC",North Carolina,13930,1393008,30977,ORD,"Chicago, IL",Illinois,2256,2255.0,-1.0,0.0,0.0,-1.0,2200-2259,20.0,2315.0,2349.0,9.0,9,2358.0,-11.0,0.0,0.0,-1.0,0001-0559,0,,0,,,,,
10469,2025,1,1,26,7,1/26/2025,AA,1180,11057,1105703,31057,CLT,"Charlotte, NC",North Carolina,13930,1393008,30977,ORD,"Chicago, IL",Illinois,2256,2310.0,14.0,14.0,0.0,0.0,2200-2259,13.0,2323.0,2.0,11.0,9,13.0,4.0,4.0,0.0,0.0,0001-0559,0,,0,,,,,
10470,2025,1,1,27,1,1/27/2025,AA,1180,11057,1105703,31057,CLT,"Charlotte, NC",North Carolina,13930,1393008,30977,ORD,"Chicago, IL",Illinois,2256,2251.0,-5.0,0.0,0.0,-1.0,2200-2259,20.0,2311.0,2341.0,8.0,9,2349.0,-20.0,0.0,0.0,-2.0,0001-0559,0,,0,,,,,
10471,2025,1,1,28,2,1/28/2025,AA,1180,11057,1105703,31057,CLT,"Charlotte, NC",North Carolina,13930,1393008,30977,ORD,"Chicago, IL",Illinois,2256,2245.0,-11.0,0.0,0.0,-1.0,2200-2259,22.0,2307.0,2341.0,8.0,9,2349.0,-20.0,0.0,0.0,-2.0,0001-0559,0,,0,,,,,
10472,2025,1,1,29,3,1/29/2025,AA,1180,11057,1105703,31057,CLT,"Charlotte, NC",North Carolina,13930,1393008,30977,ORD,"Chicago, IL",Illinois,2256,2256.0,0.0,0.0,0.0,0.0,2200-2259,18.0,2314.0,2358.0,7.0,9,5.0,-4.0,0.0,0.0,-1.0,0001-0559,0,,0,,,,,
10473,2025,1,1,30,4,1/30/2025,AA,1180,11057,1105703,31057,CLT,"Charlotte, NC",North Carolina,13930,1393008,30977,ORD,"Chicago, IL",Illinois,2256,2254.0,-2.0,0.0,0.0,-1.0,2200-2259,26.0,2320.0,2353.0,10.0,9,3.0,-6.0,0.0,0.0,-1.0,0001-0559,0,,0,,,,,
10474,2025,1,1,31,5,1/31/2025,AA,1180,11057,1105703,31057,CLT,"Charlotte, NC",North Carolina,13930,1393008,30977,ORD,"Chicago, IL",Illinois,2256,2257.0,1.0,1.0,0.0,0.0,2200-2259,19.0,2316.0,2349.0,9.0,9,2358.0,-11.0,0.0,0.0,-1.0,0001-0559,0,,0,,,,,
10537,2025,1,1,1,3,1/1/2025,AA,1203,11057,1105703,31057,CLT,"Charlotte, NC",North Carolina,11298,1129806,30194,DFW,"Dallas/Fort Worth, TX",Texas,1135,1133.0,-2.0,0.0,0.0,-1.0,1100-1159,18.0,1151.0,1328.0,7.0,1355,1335.0,-20.0,0.0,0.0,-2.0,1300-1359,0,,0,,,,,
10538,2025,1,1,2,4,1/2/2025,AA,1203,11057,1105703,31057,CLT,"Charlotte, NC",North Carolina,11298,1129806,30194,DFW,"Dallas/Fort Worth, TX",Texas,1135,1134.0,-1.0,0.0,0.0,-1.0,1100-1159,23.0,1157.0,1333.0,9.0,1355,1342.0,-13.0,0.0,0.0,-1.0,1300-1359,0,,0,,,,,
10539,2025,1,1,3,5,1/3/2025,AA,1203,11057,1105703,31057,CLT,"Charlotte, NC",North Carolina,11298,1129806,30194,DFW,"Dallas/Fort Worth, TX",Texas,1135,1133.0,-2.0,0.0,0.0,-1.0,1100-1159,18.0,1151.0,1313.0,14.0,1355,1327.0,-28.0,0.0,0.0,-2.0,1300-1359,0,,0,,,,,
10540,2025,1,1,4,6,1/4/2025,AA,1203,11057,1105703,31057,CLT,"Charlotte, NC",North Carolina,11298,1129806,30194,DFW,"Dallas/Fort Worth, TX",Texas,1135,1130.0,-5.0,0.0,0.0,-1.0,1100-1159,21.0,1151.0,1312.0,12.0,1355,1324.0,-31.0,0.0,0.0,-2.0,1300-1359,0,,0,,,,,
10541,2025,1,1,5,7,1/5/2025,AA,1203,11057,1105703,31057,CLT,"Charlotte, NC",North Carolina,11298,1129806,30194,DFW,"Dallas/Fort Worth, TX",Texas,1135,1249.0,74.0,74.0,1.0,4.0,1100-1159,17.0,1306.0,1451.0,7.0,1355,1458.0,63.0,63.0,1.0,4.0,1300-1359,0,,0,0.0,0.0,63.0,0.0,0.0
10542,2025,1,1,6,1,1/6/2025,AA,1203,11057,1105703,31057,CLT,"Charlotte, NC",North Carolina,11298,1129806,30194,DFW,"Dallas/Fort Worth, TX",Texas,1135,1134.0,-1.0,0.0,0.0,-1.0,1100-1159,20.0,1154.0,1331.0,12.0,1355,1343.0,-12.0,0.0,0.0,-1.0,1300-1359,0,,0,,,,,
10543,2025,1,1,7,2,1/7/2025,AA,1203,11057,1105703,31057,CLT,"Charlotte, NC",North Carolina,11298,1129806,30194,DFW,"Dallas/Fort Worth, TX",Texas,1135,1134.0,-1.0,0.0,0.0,-1.0,1100-1159,15.0,1149.0,1320.0,7.0,1349,1327.0,-22.0,0.0,0.0,-2.0,1300-1359,0,,0,,,,,
10544,2025,1,1,8,3,1/8/2025,AA,1203,11057,1105703,31057,CLT,"Charlotte, NC",North Carolina,11298,1129806,30194,DFW,"Dallas/Fort Worth, TX",Texas,1135,1134.0,-1.0,0.0,0.0,-1.0,1100-1159,24.0,1158.0,1337.0,7.0,1349,1344.0,-5.0,0.0,0.0,-1.0,1300-1359,0,,0,,,,,
10545,2025,1,1,9,4,1/9/2025,AA,1203,11057,1105703,31057,CLT,"Charlotte, NC",North Carolina,11298,1129806,30194,DFW,"Dallas/Fort Worth, TX",Texas,1135,,,,,,1100-1159,,,,,1349,,,,,,1300-1359,1,B,0,,,,,
10546,2025,1,1,10,5,1/10/2025,AA,1203,11057,1105703,31057,CLT,"Charlotte, NC",North Carolina,11298,1129806,30194,DFW,"Dallas/Fort Worth, TX",Texas,1135,1155.0,20.0,20.0,1.0,1.0,1100-1159,15.0,1210.0,1355.0,12.0,1349,1407.0,18.0,18.0,1.0,1.0,1300-1359,0,,0,0.0,0.0,0.0,18.0,0.0
10547,2025,1,1,11,6,1/11/2025,AA,1203,11057,1105703,31057,CLT,"Charlotte, NC",North Carolina,11298,1129806,30194,DFW,"Dallas/Fort Worth, TX",Texas,1135,1145.0,10.0,10.0,0.0,0.0,1100-1159,12.0,1157.0,1318.0,26.0,1349,1344.0,-5.0,0.0,0.0,-1.0,1300-1359,0,,0,,,,,
10548,2025,1,1,12,7,1/12/2025,AA,1203,11057,1105703,31057,CLT,"Charlotte, NC",North Carolina,11298,1129806,30194,DFW,"Dallas/Fort Worth, TX",Texas,1135,1135.0,0.0,0.0,0.0,0.0,1100-1159,20.0,1155.0,1332.0,10.0,1349,1342.0,-7.0,0.0,0.0,-1.0,1300-1359,0,,0,,,,,
10549,2025,1,1,13,1,1/13/2025,AA,1203,11057,1105703,31057,CLT,"Charlotte, NC",North Carolina,11298,1129806,30194,DFW,"Dallas/Fort Worth, TX",Texas,1135,1134.0,-1.0,0.0,0.0,-1.0,1100-1159,16.0,1150.0,1329.0,16.0,1349,1345.0,-4.0,0.0,0.0,-1.0,1300-1359,0,,0,,,,,
10550,2025,1,1,14,2,1/14/2025,AA,1203,11057,1105703,31057,CLT,"Charlotte, NC",North Carolina,11298,1129806,30194,DFW,"Dallas/Fort Worth, TX",Texas,1135,1138.0,3.0,3.0,0.0,0.0,1100-1159,18.0,1156.0,1325.0,11.0,1349,1336.0,-13.0,0.0,0.0,-1.0,1300-1359,0,,0,,,,,
10551,2025,1,1,15,3,1/15/2025,AA,1203,11057,1105703,31057,CLT,"Charlotte, NC",North Carolina,11298,1129806,30194,DFW,"Dallas/Fort Worth, TX",Texas,1135,1130.0,-5.0,0.0,0.0,-1.0,1100-1159,15.0,1145.0,1323.0,7.0,1349,1330.0,-19.0,0.0,0.0,-2.0,1300-1359,0,,0,,,,,
10552,2025,1,1,16,4,1/16/2025,AA,1203,11057,1105703,31057,CLT,"Charlotte, NC",North Carolina,11298,1129806,30194,DFW,"Dallas/Fort Worth, TX",Texas,1135,1139.0,4.0,4.0,0.0,0.0,1100-1159,31.0,1210.0,1332.0,11.0,1349,1343.0,-6.0,0.0,0.0,-1.0,1300-1359,0,,0,,,,,
10553,2025,1,1,17,5,1/17/2025,AA,1203,11057,1105703,31057,CLT,"Charlotte, NC",North Carolina,11298,1129806,30194,DFW,"Dallas/Fort Worth, TX",Texas,1135,1136.0,1.0,1.0,0.0,0.0,1100-1159,36.0,1212.0,1346.0,11.0,1349,1357.0,8.0,8.0,0.0,0.0,1300-1359,0,,0,,,,,
10554,2025,1,1,18,6,1/18/2025,AA,1203,11057,1105703,31057,CLT,"Charlotte, NC",North Carolina,11298,1129806,30194,DFW,"Dallas/Fort Worth, TX",Texas,1135,1137.0,2.0,2.0,0.0,0.0,1100-1159,17.0,1154.0,1317.0,11.0,1349,1328.0,-21.0,0.0,0.0,-2.0,1300-1359,0,,0,,,,,
10555,2025,1,1,19,7,1/19/2025,AA,1203,11057,1105703,31057,CLT,"Charlotte, NC",North Carolina,11298,1129806,30194,DFW,"Dallas/Fort Worth, TX",Texas,1135,1132.0,-3.0,0.0,0.0,-1.0,1100-1159,23.0,1155.0,1342.0,11.0,1349,1353.0,4.0,4.0,0.0,0.0,1300-1359,0,,0,,,,,
10556,2025,1,1,20,1,1/20/2025,AA,1203,11057,1105703,31057,CLT,"Charlotte, NC",North Carolina,11298,1129806,30194,DFW,"Dallas/Fort Worth, TX",Texas,1135,1134.0,-1.0,0.0,0.0,-1.0,1100-1159,15.0,1149.0,1331.0,4.0,1349,1335.0,-14.0,0.0,0.0,-1.0,1300-1359,0,,0,,,,,
10557,2025,1,1,21,2,1/21/2025,AA,1203,11057,1105703,31057,CLT,"Charlotte, NC",North Carolina,11298,1129806,30194,DFW,"Dallas/Fort Worth, TX",Texas,1135,1131.0,-4.0,0.0,0.0,-1.0,1100-1159,12.0,1143.0,1328.0,8.0,1349,1336.0,-13.0,0.0,0.0,-1.0,1300-1359,0,,0,,,,,
10558,2025,1,1,22,3,1/22/2025,AA,1203,11057,1105703,31057,CLT,"Charlotte, NC",North Carolina,11298,1129806,30194,DFW,"Dallas/Fort Worth, TX",Texas,1135,1132.0,-3.0,0.0,0.0,-1.0,1100-1159,12.0,1144.0,1313.0,8.0,1349,1321.0,-28.0,0.0,0.0,-2.0,1300-1359,0,,0,,,,,
10559,2025,1,1,23,4,1/23/2025,AA,1203,11057,1105703,31057,CLT,"Charlotte, NC",North Carolina,11298,1129806,30194,DFW,"Dallas/Fort Worth, TX",Texas,1135,1140.0,5.0,5.0,0.0,0.0,1100-1159,13.0,1153.0,1340.0,12.0,1349,1352.0,3.0,3.0,0.0,0.0,1300-1359,0,,0,,,,,
10560,2025,1,1,24,5,1/24/2025,AA,1203,11057,1105703,31057,CLT,"Charlotte, NC",North Carolina,11298,1129806,30194,DFW,"Dallas/Fort Worth, TX",Texas,1135,1131.0,-4.0,0.0,0.0,-1.0,1100-1159,16.0,1147.0,1326.0,10.0,1349,1336.0,-13.0,0.0,0.0,-1.0,1300-1359,0,,0,,,,,
10561,2025,1,1,25,6,1/25/2025,AA,1203,11057,1105703,31057,CLT,"Charlotte, NC",North Carolina,11298,1129806,30194,DFW,"Dallas/Fort Worth, TX",Texas,1135,1131.0,-4.0,0.0,0.0,-1.0,1100-1159,18.0,1149.0,1311.0,11.0,1349,1322.0,-27.0,0.0,0.0,-2.0,1300-1359,0,,0,,,,,
10562,2025,1,1,26,7,1/26/2025,AA,1203,11057,1105703,31057,CLT,"Charlotte, NC",North Carolina,11298,1129806,30194,DFW,"Dallas/Fort Worth, TX",Texas,1135,1133.0,-2.0,0.0,0.0,-1.0,1100-1159,16.0,1149.0,1321.0,13.0,1349,1334.0,-15.0,0.0,0.0,-1.0,1300-1359,0,,0,,,,,
10563,2025,1,1,27,1,1/27/2025,AA,1203,11057,1105703,31057,CLT,"Charlotte, NC",North Carolina,11298,1129806,30194,DFW,"Dallas/Fort Worth, TX",Texas,1135,1131.0,-4.0,0.0,0.0,-1.0,1100-1159,35.0,1206.0,1337.0,13.0,1349,1350.0,1.0,1.0,0.0,0.0,1300-1359,0,,0,,,,,
10564,2025,1,1,28,2,1/28/2025,AA,1203,11057,1105703,31057,CLT,"Charlotte, NC",North Carolina,11298,1129806,30194,DFW,"Dallas/Fort Worth, TX",Texas,1135,1133.0,-2.0,0.0,0.0,-1.0,1100-1159,16.0,1149.0,1323.0,6.0,1349,1329.0,-20.0,0.0,0.0,-2.0,1300-1359,0,,0,,,,,
10565,2025,1,1,29,3,1/29/2025,AA,1203,11057,1105703,31057,CLT,"Charlotte, NC",North Carolina,11298,1129806,30194,DFW,"Dallas/Fort Worth, TX",Texas,1135,1134.0,-1.0,0.0,0.0,-1.0,1100-1159,11.0,1145.0,1312.0,11.0,1349,1323.0,-26.0,0.0,0.0,-2.0,1300-1359,0,,0,,,,,
10566,2025,1,1,30,4,1/30/2025,AA,1203,11057,1105703,31057,CLT,"Charlotte, NC",North Carolina,11298,1129806,30194,DFW,"Dallas/Fort Worth, TX",Texas,1135,1145.0,10.0,10.0,0.0,0.0,1100-1159,27.0,1212.0,1343.0,12.0,1349,1355.0,6.0,6.0,0.0,0.0,1300-1359,0,,0,,,,,
10567,2025,1,1,31,5,1/31/2025,AA,1203,11057,1105703,31057,CLT,"Charlotte, NC",North Carolina,11298,1129806,30194,DFW,"Dallas/Fort Worth, TX",Texas,1135,1136.0,1.0,1.0,0.0,0.0,1100-1159,21.0,1157.0,1330.0,14.0,1349,1344.0,-5.0,0.0,0.0,-1.0,1300-1359,0,,0,,,,,
10838,2025,1,1,1,3,1/1/2025,AA,1283,11057,1105703,31057,CLT,"Charlotte, NC",North Carolina,11292,1129202,30325,DEN,"Denver, CO",Colorado,1303,1256.0,-7.0,0.0,0.0,-1.0,1300-1359,11.0,1307.0,1431.0,7.0,1441,1438.0,-3.0,0.0,0.0,-1.0,1400-1459,0,,0,,,,,
10839,2025,1,1,2,4,1/2/2025,AA,1283,11057,1105703,31057,CLT,"Charlotte, NC",North Carolina,11292,1129202,30325,DEN,"Denver, CO",Colorado,1303,1258.0,-5.0,0.0,0.0,-1.0,1300-1359,10.0,1308.0,1433.0,8.0,1441,1441.0,0.0,0.0,0.0,0.0,1400-1459,0,,0,,,,,
10840,2025,1,1,3,5,1/3/2025,AA,1283,11057,1105703,31057,CLT,"Charlotte, NC",North Carolina,11292,1129202,30325,DEN,"Denver, CO",Colorado,1303,1302.0,-1.0,0.0,0.0,-1.0,1300-1359,12.0,1314.0,1438.0,6.0,1441,1444.0,3.0,3.0,0.0,0.0,1400-1459,0,,0,,,,,
10841,2025,1,1,4,6,1/4/2025,AA,1283,11057,1105703,31057,CLT,"Charlotte, NC",North Carolina,11292,1129202,30325,DEN,"Denver, CO",Colorado,1303,1313.0,10.0,10.0,0.0,0.0,1300-1359,18.0,1331.0,1444.0,9.0,1441,1453.0,12.0,12.0,0.0,0.0,1400-1459,0,,0,,,,,
10842,2025,1,1,5,7,1/5/2025,AA,1283,11057,1105703,31057,CLT,"Charlotte, NC",North Carolina,11292,1129202,30325,DEN,"Denver, CO",Colorado,1303,1301.0,-2.0,0.0,0.0,-1.0,1300-1359,12.0,1313.0,1423.0,8.0,1441,1431.0,-10.0,0.0,0.0,-1.0,1400-1459,0,,0,,,,,
10843,2025,1,1,6,1,1/6/2025,AA,1283,11057,1105703,31057,CLT,"Charlotte, NC",North Carolina,11292,1129202,30325,DEN,"Denver, CO",Colorado,1303,1259.0,-4.0,0.0,0.0,-1.0,1300-1359,13.0,1312.0,1428.0,7.0,1441,1435.0,-6.0,0.0,0.0,-1.0,1400-1459,0,,0,,,,,
10905,2025,1,1,7,2,1/7/2025,AA,1326,11057,1105703,31057,CLT,"Charlotte, NC",North Carolina,10397,1039707,30397,ATL,"Atlanta, GA",Georgia,2250,2304.0,14.0,14.0,0.0,0.0,2200-2259,14.0,2318.0,2400.0,6.0,4,6.0,2.0,2.0,0.0,0.0,0001-0559,0,,0,,,,,
10906,2025,1,1,8,3,1/8/2025,AA,1326,11057,1105703,31057,CLT,"Charlotte, NC",North Carolina,10397,1039707,30397,ATL,"Atlanta, GA",Georgia,2250,2248.0,-2.0,0.0,0.0,-1.0,2200-2259,26.0,2314.0,2356.0,15.0,4,11.0,7.0,7.0,0.0,0.0,0001-0559,0,,0,,,,,
10907,2025,1,1,9,4,1/9/2025,AA,1326,11057,1105703,31057,CLT,"Charlotte, NC",North Carolina,10397,1039707,30397,ATL,"Atlanta, GA",Georgia,2250,,,,,,2200-2259,,,,,4,,,,,,0001-0559,1,B,0,,,,,
10908,2025,1,1,10,5,1/10/2025,AA,1326,11057,1105703,31057,CLT,"Charlotte, NC",North Carolina,10397,1039707,30397,ATL,"Atlanta, GA",Georgia,2250,,,,,,2200-2259,,,,,4,,,,,,0001-0559,1,B,0,,,,,
10909,2025,1,1,11,6,1/11/2025,AA,1326,11057,1105703,31057,CLT,"Charlotte, NC",North Carolina,10397,1039707,30397,ATL,"Atlanta, GA",Georgia,2250,2245.0,-5.0,0.0,0.0,-1.0,2200-2259,14.0,2259.0,2338.0,10.0,4,2348.0,-16.0,0.0,0.0,-2.0,0001-0559,0,,0,,,,,
10910,2025,1,1,12,7,1/12/2025,AA,1326,11057,1105703,31057,CLT,"Charlotte, NC",North Carolina,10397,1039707,30397,ATL,"Atlanta, GA",Georgia,2250,2244.0,-6.0,0.0,0.0,-1.0,2200-2259,14.0,2258.0,2341.0,6.0,4,2347.0,-17.0,0.0,0.0,-2.0,0001-0559,0,,0,,,,,
10911,2025,1,1,13,1,1/13/2025,AA,1326,11057,1105703,31057,CLT,"Charlotte, NC",North Carolina,10397,1039707,30397,ATL,"Atlanta, GA",Georgia,2250,2243.0,-7.0,0.0,0.0,-1.0,2200-2259,20.0,2303.0,2344.0,6.0,4,2350.0,-14.0,0.0,0.0,-1.0,0001-0559,0,,0,,,,,
10912,2025,1,1,14,2,1/14/2025,AA,1326,11057,1105703,31057,CLT,"Charlotte, NC",North Carolina,10397,1039707,30397,ATL,"Atlanta, GA",Georgia,2250,2246.0,-4.0,0.0,0.0,-1.0,2200-2259,11.0,2257.0,2341.0,5.0,4,2346.0,-18.0,0.0,0.0,-2.0,0001-0559,0,,0,,,,,
10913,2025,1,1,15,3,1/15/2025,AA,1326,11057,1105703,31057,CLT,"Charlotte, NC",North Carolina,10397,1039707,30397,ATL,"Atlanta, GA",Georgia,2250,2239.0,-11.0,0.0,0.0,-1.0,2200-2259,12.0,2251.0,2333.0,5.0,4,2338.0,-26.0,0.0,0.0,-2.0,0001-0559,0,,0,,,,,
10914,2025,1,1,16,4,1/16/2025,AA,1326,11057,1105703,31057,CLT,"Charlotte, NC",North Carolina,10397,1039707,30397,ATL,"Atlanta, GA",Georgia,2250,2246.0,-4.0,0.0,0.0,-1.0,2200-2259,10.0,2256.0,2335.0,18.0,4,2353.0,-11.0,0.0,0.0,-1.0,0001-0559,0,,0,,,,,
10915,2025,1,1,17,5,1/17/2025,AA,1326,11057,1105703,31057,CLT,"Charlotte, NC",North Carolina,10397,1039707,30397,ATL,"Atlanta, GA",Georgia,2250,2244.0,-6.0,0.0,0.0,-1.0,2200-2259,24.0,2308.0,2354.0,4.0,4,2358.0,-6.0,0.0,0.0,-1.0,0001-0559,0,,0,,,,,
10916,2025,1,1,18,6,1/18/2025,AA,1326,11057,1105703,31057,CLT,"Charlotte, NC",North Carolina,10397,1039707,30397,ATL,"Atlanta, GA",Georgia,2250,2245.0,-5.0,0.0,0.0,-1.0,2200-2259,18.0,2303.0,2345.0,4.0,4,2349.0,-15.0,0.0,0.0,-1.0,0001-0559,0,,0,,,,,
10917,2025,1,1,19,7,1/19/2025,AA,1326,11057,1105703,31057,CLT,"Charlotte, NC",North Carolina,10397,1039707,30397,ATL,"Atlanta, GA",Georgia,2250,2312.0,22.0,22.0,1.0,1.0,2200-2259,26.0,2338.0,25.0,6.0,4,31.0,27.0,27.0,1.0,1.0,0001-0559,0,,0,22.0,0.0,5.0,0.0,0.0
10918,2025,1,1,20,1,1/20/2025,AA,1326,11057,1105703,31057,CLT,"Charlotte, NC",North Carolina,10397,1039707,30397,ATL,"Atlanta, GA",Georgia,2250,2245.0,-5.0,0.0,0.0,-1.0,2200-2259,15.0,2300.0,2343.0,5.0,4,2348.0,-16.0,0.0,0.0,-2.0,0001-0559,0,,0,,,,,
10919,2025,1,1,21,2,1/21/2025,AA,1326,11057,1105703,31057,CLT,"Charlotte, NC",North Carolina,10397,1039707,30397,ATL,"Atlanta, GA",Georgia,2250,,,,,,2200-2259,,,,,4,,,,,,0001-0559,1,B,0,,,,,
10920,2025,1,1,22,3,1/22/2025,AA,1326,11057,1105703,31057,CLT,"Charlotte, NC",North Carolina,10397,1039707,30397,ATL,"Atlanta, GA",Georgia,2250,2301.0,11.0,11.0,0.0,0.0,2200-2259,24.0,2325.0,12.0,10.0,4,22.0,18.0,18.0,1.0,1.0,0001-0559,0,,0,11.0,0.0,7.0,0.0,0.0
10921,2025,1,1,23,4,1/23/2025,AA,1326,11057,1105703,31057,CLT,"Charlotte, NC",North Carolina,10397,1039707,30397,ATL,"Atlanta, GA",Georgia,2250,2240.0,-10.0,0.0,0.0,-1.0,2200-2259,12.0,2252.0,2337.0,9.0,4,2346.0,-18.0,0.0,0.0,-2.0,0001-0559,0,,0,,,,,
10922,2025,1,1,24,5,1/24/2025,AA,1326,11057,1105703,31057,CLT,"Charlotte, NC",North Carolina,10397,1039707,30397,ATL,"Atlanta, GA",Georgia,2250,2245.0,-5.0,0.0,0.0,-1.0,2200-2259,14.0,2259.0,2339.0,5.0,4,2344.0,-20.0,0.0,0.0,-2.0,0001-0559,0,,0,,,,,
10923,2025,1,1,25,6,1/25/2025,AA,1326,11057,1105703,31057,CLT,"Charlotte, NC",North Carolina,10397,1039707,30397,ATL,"Atlanta, GA",Georgia,2250,2250.0,0.0,0.0,0.0,0.0,2200-2259,17.0,2307.0,2348.0,8.0,4,2356.0,-8.0,0.0,0.0,-1.0,0001-0559,0,,0,,,,,
10924,2025,1,1,26,7,1/26/2025,AA,1326,11057,1105703,31057,CLT,"Charlotte, NC",North Carolina,10397,1039707,30397,ATL,"Atlanta, GA",Georgia,2250,2245.0,-5.0,0.0,0.0,-1.0,2200-2259,11.0,2256.0,2344.0,8.0,4,2352.0,-12.0,0.0,0.0,-1.0,0001-0559,0,,0,,,,,
10925,2025,1,1,27,1,1/27/2025,AA,1326,11057,1105703,31057,CLT,"Charlotte, NC",North Carolina,10397,1039707,30397,ATL,"Atlanta, GA",Georgia,2250,2307.0,17.0,17.0,1.0,1.0,2200-2259,14.0,2321.0,2.0,10.0,4,12.0,8.0,8.0,0.0,0.0,0001-0559,0,,0,,,,,
10926,2025,1,1,28,2,1/28/2025,AA,1326,11057,1105703,31057,CLT,"Charlotte, NC",North Carolina,10397,1039707,30397,ATL,"Atlanta, GA",Georgia,2250,2245.0,-5.0,0.0,0.0,-1.0,2200-2259,20.0,2305.0,2346.0,15.0,4,1.0,-3.0,0.0,0.0,-1.0,0001-0559,0,,0,,,,,
10927,2025,1,1,29,3,1/29/2025,AA,1326,11057,1105703,31057,CLT,"Charlotte, NC",North Carolina,10397,1039707,30397,ATL,"Atlanta, GA",Georgia,2250,2244.0,-6.0,0.0,0.0,-1.0,2200-2259,11.0,2255.0,2336.0,6.0,4,2342.0,-22.0,0.0,0.0,-2.0,0001-0559,0,,0,,,,,
10928,2025,1,1,30,4,1/30/2025,AA,1326,11057,1105703,31057,CLT,"Charlotte, NC",North Carolina,10397,1039707,30397,ATL,"Atlanta, GA",Georgia,2250,2247.0,-3.0,0.0,0.0,-1.0,2200-2259,19.0,2306.0,2351.0,5.0,4,2356.0,-8.0,0.0,0.0,-1.0,0001-0559,0,,0,,,,,
10929,2025,1,1,31,5,1/31/2025,AA,1326,11057,1105703,31057,CLT,"Charlotte, NC",North Carolina,10397,1039707,30397,ATL,"Atlanta, GA",Georgia,2250,2256.0,6.0,6.0,0.0,0.0,2200-2259,18.0,2314.0,3.0,10.0,4,13.0,9.0,9.0,0.0,0.0,0001-0559,0,,0,,,,,
10930,2025,1,1,3,5,1/3/2025,AA,1328,11057,1105703,31057,CLT,"Charlotte, NC",North Carolina,11292,1129202,30325,DEN,"Denver, CO",Colorado,749,746.0,-3.0,0.0,0.0,-1.0,0700-0759,15.0,801.0,925.0,11.0,932,936.0,4.0,4.0,0.0,0.0,0900-0959,0,,0,,,,,
10931,2025,1,1,5,7,1/5/2025,AA,1328,11057,1105703,31057,CLT,"Charlotte, NC",North Carolina,11292,1129202,30325,DEN,"Denver, CO",Colorado,749,745.0,-4.0,0.0,0.0,-1.0,0700-0759,23.0,808.0,931.0,11.0,932,942.0,10.0,10.0,0.0,0.0,0900-0959,0,,0,,,,,
10932,2025,1,1,6,1,1/6/2025,AA,1328,11057,1105703,31057,CLT,"Charlotte, NC",North Carolina,11292,1129202,30325,DEN,"Denver, CO",Colorado,749,747.0,-2.0,0.0,0.0,-1.0,0700-0759,27.0,814.0,929.0,7.0,932,936.0,4.0,4.0,0.0,0.0,0900-0959,0,,0,,,,,
10933,2025,1,1,7,2,1/7/2025,AA,1328,11057,1105703,31057,CLT,"Charlotte, NC",North Carolina,11292,1129202,30325,DEN,"Denver, CO",Colorado,740,737.0,-3.0,0.0,0.0,-1.0,0700-0759,14.0,751.0,911.0,14.0,923,925.0,2.0,2.0,0.0,0.0,0900-0959,0,,0,,,,,
10934,2025,1,1,8,3,1/8/2025,AA,1328,11057,1105703,31057,CLT,"Charlotte, NC",North Carolina,11292,1129202,30325,DEN,"Denver, CO",Colorado,740,736.0,-4.0,0.0,0.0,-1.0,0700-0759,16.0,752.0,907.0,6.0,923,913.0,-10.0,0.0,0.0,-1.0,0900-0959,0,,0,,,,,
10935,2025,1,1,9,4,1/9/2025,AA,1328,11057,1105703,31057,CLT,"Charlotte, NC",North Carolina,11292,1129202,30325,DEN,"Denver, CO",Colorado,740,736.0,-4.0,0.0,0.0,-1.0,0700-0759,18.0,754.0,923.0,10.0,923,933.0,10.0,10.0,0.0,0.0,0900-0959,0,,0,,,,,
10936,2025,1,1,10,5,1/10/2025,AA,1328,11057,1105703,31057,CLT,"Charlotte, NC",North Carolina,11292,1129202,30325,DEN,"Denver, CO",Colorado,740,738.0,-2.0,0.0,0.0,-1.0,0700-0759,18.0,756.0,903.0,9.0,923,912.0,-11.0,0.0,0.0,-1.0,0900-0959,0,,0,,,,,
10937,2025,1,1,11,6,1/11/2025,AA,1328,11057,1105703,31057,CLT,"Charlotte, NC",North Carolina,11292,1129202,30325,DEN,"Denver, CO",Colorado,740,,,,,,0700-0759,,,,,923,,,,,,0900-0959,1,B,0,,,,,
10938,2025,1,1,12,7,1/12/2025,AA,1328,11057,1105703,31057,CLT,"Charlotte, NC",North Carolina,11292,1129202,30325,DEN,"Denver, CO",Colorado,740,745.0,5.0,5.0,0.0,0.0,0700-0759,10.0,755.0,913.0,7.0,923,920.0,-3.0,0.0,0.0,-1.0,0900-0959,0,,0,,,,,
10939,2025,1,1,13,1,1/13/2025,AA,1328,11057,1105703,31057,CLT,"Charlotte, NC",North Carolina,11292,1129202,30325,DEN,"Denver, CO",Colorado,740,734.0,-6.0,0.0,0.0,-1.0,0700-0759,17.0,751.0,933.0,8.0,923,941.0,18.0,18.0,1.0,1.0,0900-0959,0,,0,0.0,0.0,18.0,0.0,0.0
10940,2025,1,1,14,2,1/14/2025,AA,1328,11057,1105703,31057,CLT,"Charlotte, NC",North Carolina,11292,1129202,30325,DEN,"Denver, CO",Colorado,740,734.0,-6.0,0.0,0.0,-1.0,0700-0759,15.0,749.0,934.0,9.0,923,943.0,20.0,20.0,1.0,1.0,0900-0959,0,,0,0.0,0.0,20.0,0.0,0.0
10941,2025,1,1,15,3,1/15/2025,AA,1328,11057,1105703,31057,CLT,"Charlotte, NC",North Carolina,11292,1129202,30325,DEN,"Denver, CO",Colorado,740,734.0,-6.0,0.0,0.0,-1.0,0700-0759,14.0,748.0,858.0,7.0,923,905.0,-18.0,0.0,0.0,-2.0,0900-0959,0,,0,,,,,
10942,2025,1,1,16,4,1/16/2025,AA,1328,11057,1105703,31057,CLT,"Charlotte, NC",North Carolina,11292,1129202,30325,DEN,"Denver, CO",Colorado,740,735.0,-5.0,0.0,0.0,-1.0,0700-0759,19.0,754.0,913.0,5.0,923,918.0,-5.0,0.0,0.0,-1.0,0900-0959,0,,0,,,,,
10943,2025,1,1,17,5,1/17/2025,AA,1328,11057,1105703,31057,CLT,"Charlotte, NC",North Carolina,11292,1129202,30325,DEN,"Denver, CO",Colorado,740,740.0,0.0,0.0,0.0,0.0,0700-0759,20.0,800.0,902.0,7.0,923,909.0,-14.0,0.0,0.0,-1.0,0900-0959,0,,0,,,,,
10944,2025,1,1,19,7,1/19/2025,AA,1328,11057,1105703,31057,CLT,"Charlotte, NC",North Carolina,11292,1129202,30325,DEN,"Denver, CO",Colorado,740,729.0,-11.0,0.0,0.0,-1.0,0700-0759,14.0,743.0,858.0,10.0,923,908.0,-15.0,0.0,0.0,-1.0,0900-0959,0,,0,,,,,
10945,2025,1,1,20,1,1/20/2025,AA,1328,11057,1105703,31057,CLT,"Charlotte, NC",North Carolina,11292,1129202,30325,DEN,"Denver, CO",Colorado,740,732.0,-8.0,0.0,0.0,-1.0,0700-0759,14.0,746.0,915.0,13.0,923,928.0,5.0,5.0,0.0,0.0,0900-0959,0,,0,,,,,
10946,2025,1,1,21,2,1/21/2025,AA,1328,11057,1105703,31057,CLT,"Charlotte, NC",North Carolina,11292,1129202,30325,DEN,"Denver, CO",Colorado,740,734.0,-6.0,0.0,0.0,-1.0,0700-0759,12.0,746.0,856.0,5.0,923,901.0,-22.0,0.0,0.0,-2.0,0900-0959,0,,0,,,,,
10947,2025,1,1,22,3,1/22/2025,AA,1328,11057,1105703,31057,CLT,"Charlotte, NC",North Carolina,11292,1129202,30325,DEN,"Denver, CO",Colorado,740,733.0,-7.0,0.0,0.0,-1.0,0700-0759,14.0,747.0,901.0,13.0,923,914.0,-9.0,0.0,0.0,-1.0,0900-0959,0,,0,,,,,
10948,2025,1,1,23,4,1/23/2025,AA,1328,11057,1105703,31057,CLT,"Charlotte, NC",North Carolina,11292,1129202,30325,DEN,"Denver, CO",Colorado,740,845.0,65.0,65.0,1.0,4.0,0700-0759,13.0,858.0,1004.0,12.0,923,1016.0,53.0,53.0,1.0,3.0,0900-0959,0,,0,53.0,0.0,0.0,0.0,0.0
10949,2025,1,1,24,5,1/24/2025,AA,1328,11057,1105703,31057,CLT,"Charlotte, NC",North Carolina,11292,1129202,30325,DEN,"Denver, CO",Colorado,740,742.0,2.0,2.0,0.0,0.0,0700-0759,21.0,803.0,915.0,6.0,923,921.0,-2.0,0.0,0.0,-1.0,0900-0959,0,,0,,,,,
10950,2025,1,1,25,6,1/25/2025,AA,1328,11057,1105703,31057,CLT,"Charlotte, NC",North Carolina,11292,1129202,30325,DEN,"Denver, CO",Colorado,740,735.0,-5.0,0.0,0.0,-1.0,0700-0759,15.0,750.0,952.0,8.0,923,1000.0,37.0,37.0,1.0,2.0,0900-0959,0,,0,0.0,0.0,37.0,0.0,0.0
10951,2025,1,1,26,7,1/26/2025,AA,1328,11057,1105703,31057,CLT,"Charlotte, NC",North Carolina,11292,1129202,30325,DEN,"Denver, CO",Colorado,740,751.0,11.0,11.0,0.0,0.0,0700-0759,21.0,812.0,941.0,11.0,923,952.0,29.0,29.0,1.0,1.0,0900-0959,0,,0,11.0,0.0,18.0,0.0,0.0
10952,2025,1,1,27,1,1/27/2025,AA,1328,11057,1105703,31057,CLT,"Charlotte, NC",North Carolina,11292,1129202,30325,DEN,"Denver, CO",Colorado,740,736.0,-4.0,0.0,0.0,-1.0,0700-0759,16.0,752.0,901.0,8.0,923,909.0,-14.0,0.0,0.0,-1.0,0900-0959,0,,0,,,,,
10953,2025,1,1,28,2,1/28/2025,AA,1328,11057,1105703,31057,CLT,"Charlotte, NC",North Carolina,11292,1129202,30325,DEN,"Denver, CO",Colorado,740,727.0,-13.0,0.0,0.0,-1.0,0700-0759,14.0,741.0,840.0,8.0,923,848.0,-35.0,0.0,0.0,-2.0,0900-0959,0,,0,,,,,
10954,2025,1,1,29,3,1/29/2025,AA,1328,11057,1105703,31057,CLT,"Charlotte, NC",North Carolina,11292,1129202,30325,DEN,"Denver, CO",Colorado,740,739.0,-1.0,0.0,0.0,-1.0,0700-0759,15.0,754.0,910.0,7.0,923,917.0,-6.0,0.0,0.0,-1.0,0900-0959,0,,0,,,,,
10955,2025,1,1,30,4,1/30/2025,AA,1328,11057,1105703,31057,CLT,"Charlotte, NC",North Carolina,11292,1129202,30325,DEN,"Denver, CO",Colorado,740,737.0,-3.0,0.0,0.0,-1.0,0700-0759,17.0,754.0,904.0,10.0,923,914.0,-9.0,0.0,0.0,-1.0,0900-0959,0,,0,,,,,
10956,2025,1,1,31,5,1/31/2025,AA,1328,11057,1105703,31057,CLT,"Charlotte, NC",North Carolina,11292,1129202,30325,DEN,"Denver, CO",Colorado,740,739.0,-1.0,0.0,0.0,-1.0,0700-0759,13.0,752.0,855.0,7.0,923,902.0,-21.0,0.0,0.0,-2.0,0900-0959,0,,0,,,,,
11213,2025,1,1,2,4,1/2/2025,AA,1931,11057,1105703,31057,CLT,"Charlotte, NC",North Carolina,11292,1129202,30325,DEN,"Denver, CO",Colorado,1831,1837.0,6.0,6.0,0.0,0.0,1800-1859,20.0,1857.0,2022.0,8.0,2018,2030.0,12.0,12.0,0.0,0.0,2000-2059,0,,0,,,,,
11214,2025,1,1,3,5,1/3/2025,AA,1931,11057,1105703,31057,CLT,"Charlotte, NC",North Carolina,11292,1129202,30325,DEN,"Denver, CO",Colorado,1831,1829.0,-2.0,0.0,0.0,-1.0,1800-1859,23.0,1852.0,2014.0,9.0,2018,2023.0,5.0,5.0,0.0,0.0,2000-2059,0,,0,,,,,
11215,2025,1,1,5,7,1/5/2025,AA,1931,11057,1105703,31057,CLT,"Charlotte, NC",North Carolina,11292,1129202,30325,DEN,"Denver, CO",Colorado,1831,1827.0,-4.0,0.0,0.0,-1.0,1800-1859,15.0,1842.0,1947.0,13.0,2018,2000.0,-18.0,0.0,0.0,-2.0,2000-2059,0,,0,,,,,
11216,2025,1,1,6,1,1/6/2025,AA,1931,11057,1105703,31057,CLT,"Charlotte, NC",North Carolina,11292,1129202,30325,DEN,"Denver, CO",Colorado,1831,1827.0,-4.0,0.0,0.0,-1.0,1800-1859,18.0,1845.0,2002.0,16.0,2018,2018.0,0.0,0.0,0.0,0.0,2000-2059,0,,0,,,,,
11392,2025,1,1,1,3,1/1/2025,AA,1987,11057,1105703,31057,CLT,"Charlotte, NC",North Carolina,12892,1289208,32575,LAX,"Los Angeles, CA",California,710,704.0,-6.0,0.0,0.0,-1.0,0700-0759,12.0,716.0,911.0,20.0,936,931.0,-5.0,0.0,0.0,-1.0,0900-0959,0,,0,,,,,
11393,2025,1,1,2,4,1/2/2025,AA,1987,11057,1105703,31057,CLT,"Charlotte, NC",North Carolina,12892,1289208,32575,LAX,"Los Angeles, CA",California,710,708.0,-2.0,0.0,0.0,-1.0,0700-0759,15.0,723.0,922.0,16.0,936,938.0,2.0,2.0,0.0,0.0,0900-0959,0,,0,,,,,
11394,2025,1,1,3,5,1/3/2025,AA,1987,11057,1105703,31057,CLT,"Charlotte, NC",North Carolina,12892,1289208,32575,LAX,"Los Angeles, CA",California,710,801.0,51.0,51.0,1.0,3.0,0700-0759,16.0,817.0,1011.0,10.0,936,1021.0,45.0,45.0,1.0,3.0,0900-0959,0,,0,0.0,0.0,0.0,0.0,45.0
11395,2025,1,1,4,6,1/4/2025,AA,1987,11057,1105703,31057,CLT,"Charlotte, NC",North Carolina,12892,1289208,32575,LAX,"Los Angeles, CA",California,710,712.0,2.0,2.0,0.0,0.0,0700-0759,18.0,730.0,925.0,11.0,936,936.0,0.0,0.0,0.0,0.0,0900-0959,0,,0,,,,,
11396,2025,1,1,5,7,1/5/2025,AA,1987,11057,1105703,31057,CLT,"Charlotte, NC",North Carolina,12892,1289208,32575,LAX,"Los Angeles, CA",California,710,712.0,2.0,2.0,0.0,0.0,0700-0759,14.0,726.0,914.0,9.0,936,923.0,-13.0,0.0,0.0,-1.0,0900-0959,0,,0,,,,,
11397,2025,1,1,6,1,1/6/2025,AA,1987,11057,1105703,31057,CLT,"Charlotte, NC",North Carolina,12892,1289208,32575,LAX,"Los Angeles, CA",California,710,715.0,5.0,5.0,0.0,0.0,0700-0759,31.0,746.0,948.0,7.0,936,955.0,19.0,19.0,1.0,1.0,0900-0959,0,,0,5.0,0.0,14.0,0.0,0.0
11398,2025,1,1,7,2,1/7/2025,AA,1987,11057,1105703,31057,CLT,"Charlotte, NC",North Carolina,12892,1289208,32575,LAX,"Los Angeles, CA",California,714,709.0,-5.0,0.0,0.0,-1.0,0700-0759,32.0,741.0,942.0,13.0,940,955.0,15.0,15.0,1.0,1.0,0900-0959,0,,0,0.0,0.0,15.0,0.0,0.0
11399,2025,1,1,8,3,1/8/2025,AA,1987,11057,1105703,31057,CLT,"Charlotte, NC",North Carolina,12892,1289208,32575,LAX,"Los Angeles, CA",California,714,714.0,0.0,0.0,0.0,0.0,0700-0759,14.0,728.0,924.0,7.0,940,931.0,-9.0,0.0,0.0,-1.0,0900-0959,0,,0,,,,,
11400,2025,1,1,9,4,1/9/2025,AA,1987,11057,1105703,31057,CLT,"Charlotte, NC",North Carolina,12892,1289208,32575,LAX,"Los Angeles, CA",California,714,706.0,-8.0,0.0,0.0,-1.0,0700-0759,14.0,720.0,905.0,15.0,940,920.0,-20.0,0.0,0.0,-2.0,0900-0959,0,,0,,,,,
11401,2025,1,1,10,5,1/10/2025,AA,1987,11057,1105703,31057,CLT,"Charlotte, NC",North Carolina,12892,1289208,32575,LAX,"Los Angeles, CA",California,714,713.0,-1.0,0.0,0.0,-1.0,0700-0759,14.0,727.0,859.0,6.0,940,905.0,-35.0,0.0,0.0,-2.0,0900-0959,0,,0,,,,,
11402,2025,1,1,11,6,1/11/2025,AA,1987,11057,1105703,31057,CLT,"Charlotte, NC",North Carolina,12892,1289208,32575,LAX,"Los Angeles, CA",California,714,709.0,-5.0,0.0,0.0,-1.0,0700-0759,16.0,725.0,918.0,9.0,940,927.0,-13.0,0.0,0.0,-1.0,0900-0959,0,,0,,,,,
11403,2025,1,1,12,7,1/12/2025,AA,1987,11057,1105703,31057,CLT,"Charlotte, NC",North Carolina,12892,1289208,32575,LAX,"Los Angeles, CA",California,714,710.0,-4.0,0.0,0.0,-1.0,0700-0759,13.0,723.0,936.0,5.0,940,941.0,1.0,1.0,0.0,0.0,0900-0959,0,,0,,,,,
11404,2025,1,1,13,1,1/13/2025,AA,1987,11057,1105703,31057,CLT,"Charlotte, NC",North Carolina,12892,1289208,32575,LAX,"Los Angeles, CA",California,714,710.0,-4.0,0.0,0.0,-1.0,0700-0759,17.0,727.0,952.0,6.0,940,958.0,18.0,18.0,1.0,1.0,0900-0959,0,,0,0.0,0.0,18.0,0.0,0.0
11405,2025,1,1,14,2,1/14/2025,AA,1987,11057,1105703,31057,CLT,"Charlotte, NC",North Carolina,12892,1289208,32575,LAX,"Los Angeles, CA",California,714,705.0,-9.0,0.0,0.0,-1.0,0700-0759,14.0,719.0,925.0,7.0,940,932.0,-8.0,0.0,0.0,-1.0,0900-0959,0,,0,,,,,
11406,2025,1,1,15,3,1/15/2025,AA,1987,11057,1105703,31057,CLT,"Charlotte, NC",North Carolina,12892,1289208,32575,LAX,"Los Angeles, CA",California,714,703.0,-11.0,0.0,0.0,-1.0,0700-0759,13.0,716.0,916.0,10.0,940,926.0,-14.0,0.0,0.0,-1.0,0900-0959,0,,0,,,,,
11407,2025,1,1,16,4,1/16/2025,AA,1987,11057,1105703,31057,CLT,"Charlotte, NC",North Carolina,12892,1289208,32575,LAX,"Los Angeles, CA",California,714,710.0,-4.0,0.0,0.0,-1.0,0700-0759,30.0,740.0,928.0,12.0,940,940.0,0.0,0.0,0.0,0.0,0900-0959,0,,0,,,,,
11408,2025,1,1,17,5,1/17/2025,AA,1987,11057,1105703,31057,CLT,"Charlotte, NC",North Carolina,12892,1289208,32575,LAX,"Los Angeles, CA",California,714,714.0,0.0,0.0,0.0,0.0,0700-0759,17.0,731.0,900.0,15.0,940,915.0,-25.0,0.0,0.0,-2.0,0900-0959,0,,0,,,,,
11409,2025,1,1,18,6,1/18/2025,AA,1987,11057,1105703,31057,CLT,"Charlotte, NC",North Carolina,12892,1289208,32575,LAX,"Los Angeles, CA",California,714,709.0,-5.0,0.0,0.0,-1.0,0700-0759,16.0,725.0,926.0,8.0,940,934.0,-6.0,0.0,0.0,-1.0,0900-0959,0,,0,,,,,
11410,2025,1,1,19,7,1/19/2025,AA,1987,11057,1105703,31057,CLT,"Charlotte, NC",North Carolina,12892,1289208,32575,LAX,"Los Angeles, CA",California,714,702.0,-12.0,0.0,0.0,-1.0,0700-0759,12.0,714.0,909.0,11.0,940,920.0,-20.0,0.0,0.0,-2.0,0900-0959,0,,0,,,,,
11411,2025,1,1,20,1,1/20/2025,AA,1987,11057,1105703,31057,CLT,"Charlotte, NC",North Carolina,12892,1289208,32575,LAX,"Los Angeles, CA",California,714,715.0,1.0,1.0,0.0,0.0,0700-0759,18.0,733.0,938.0,8.0,940,946.0,6.0,6.0,0.0,0.0,0900-0959,0,,0,,,,,
11412,2025,1,1,21,2,1/21/2025,AA,1987,11057,1105703,31057,CLT,"Charlotte, NC",North Carolina,12892,1289208,32575,LAX,"Los Angeles, CA",California,714,712.0,-2.0,0.0,0.0,-1.0,0700-0759,25.0,737.0,930.0,8.0,940,938.0,-2.0,0.0,0.0,-1.0,0900-0959,0,,0,,,,,
11413,2025,1,1,22,3,1/22/2025,AA,1987,11057,1105703,31057,CLT,"Charlotte, NC",North Carolina,12892,1289208,32575,LAX,"Los Angeles, CA",California,714,738.0,24.0,24.0,1.0,1.0,0700-0759,12.0,750.0,947.0,6.0,940,953.0,13.0,13.0,0.0,0.0,0900-0959,0,,0,,,,,
11414,2025,1,1,23,4,1/23/2025,AA,1987,11057,1105703,31057,CLT,"Charlotte, NC",North Carolina,12892,1289208,32575,LAX,"Los Angeles, CA",California,714,709.0,-5.0,0.0,0.0,-1.0,0700-0759,13.0,722.0,909.0,12.0,940,921.0,-19.0,0.0,0.0,-2.0,0900-0959,0,,0,,,,,
11415,2025,1,1,24,5,1/24/2025,AA,1987,11057,1105703,31057,CLT,"Charlotte, NC",North Carolina,12892,1289208,32575,LAX,"Los Angeles, CA",California,714,713.0,-1.0,0.0,0.0,-1.0,0700-0759,35.0,748.0,943.0,9.0,940,952.0,12.0,12.0,0.0,0.0,0900-0959,0,,0,,,,,
11416,2025,1,1,25,6,1/25/2025,AA,1987,11057,1105703,31057,CLT,"Charlotte, NC",North Carolina,12892,1289208,32575,LAX,"Los Angeles, CA",California,714,716.0,2.0,2.0,0.0,0.0,0700-0759,14.0,730.0,936.0,7.0,940,943.0,3.0,3.0,0.0,0.0,0900-0959,0,,0,,,,,
11417,2025,1,1,26,7,1/26/2025,AA,1987,11057,1105703,31057,CLT,"Charlotte, NC",North Carolina,12892,1289208,32575,LAX,"Los Angeles, CA",California,714,739.0,25.0,25.0,1.0,1.0,0700-0759,17.0,756.0,1019.0,7.0,940,1026.0,46.0,46.0,1.0,3.0,0900-0959,0,,0,25.0,0.0,21.0,0.0,0.0
11418,2025,1,1,27,1,1/27/2025,AA,1987,11057,1105703,31057,CLT,"Charlotte, NC",North Carolina,12892,1289208,32575,LAX,"Los Angeles, CA",California,714,710.0,-4.0,0.0,0.0,-1.0,0700-0759,14.0,724.0,912.0,8.0,940,920.0,-20.0,0.0,0.0,-2.0,0900-0959,0,,0,,,,,
11419,2025,1,1,28,2,1/28/2025,AA,1987,11057,1105703,31057,CLT,"Charlotte, NC",North Carolina,12892,1289208,32575,LAX,"Los Angeles, CA",California,714,718.0,4.0,4.0,0.0,0.0,0700-0759,12.0,730.0,921.0,5.0,940,926.0,-14.0,0.0,0.0,-1.0,0900-0959,0,,0,,,,,
11420,2025,1,1,29,3,1/29/2025,AA,1987,11057,1105703,31057,CLT,"Charlotte, NC",North Carolina,12892,1289208,32575,LAX,"Los Angeles, CA",California,714,706.0,-8.0,0.0,0.0,-1.0,0700-0759,12.0,718.0,904.0,7.0,940,911.0,-29.0,0.0,0.0,-2.0,0900-0959,0,,0,,,,,
11421,2025,1,1,30,4,1/30/2025,AA,1987,11057,1105703,31057,CLT,"Charlotte, NC",North Carolina,12892,1289208,32575,LAX,"Los Angeles, CA",California,714,725.0,11.0,11.0,0.0,0.0,0700-0759,21.0,746.0,924.0,7.0,940,931.0,-9.0,0.0,0.0,-1.0,0900-0959,0,,0,,,,,
11422,2025,1,1,31,5,1/31/2025,AA,1987,11057,1105703,31057,CLT,"Charlotte, NC",North Carolina,12892,1289208,32575,LAX,"Los Angeles, CA",California,714,706.0,-8.0,0.0,0.0,-1.0,0700-0759,16.0,722.0,851.0,17.0,940,908.0,-32.0,0.0,0.0,-2.0,0900-0959,0,,0,,,,,
11423,2025,1,1,1,3,1/1/2025,AA,1988,11057,1105703,31057,CLT,"Charlotte, NC",North Carolina,12892,1289208,32575,LAX,"Los Angeles, CA",California,1136,1141.0,5.0,5.0,0.0,0.0,1100-1159,21.0,1202.0,1415.0,9.0,1418,1424.0,6.0,6.0,0.0,0.0,1400-1459,0,,0,,,,,
11424,2025,1,1,2,4,1/2/2025,AA,1988,11057,1105703,31057,CLT,"Charlotte, NC",North Carolina,12892,1289208,32575,LAX,"Los Angeles, CA",California,1136,1135.0,-1.0,0.0,0.0,-1.0,1100-1159,26.0,1201.0,1402.0,5.0,1418,1407.0,-11.0,0.0,0.0,-1.0,1400-1459,0,,0,,,,,
11425,2025,1,1,3,5,1/3/2025,AA,1988,11057,1105703,31057,CLT,"Charlotte, NC",North Carolina,12892,1289208,32575,LAX,"Los Angeles, CA",California,1136,1131.0,-5.0,0.0,0.0,-1.0,1100-1159,19.0,1150.0,1345.0,20.0,1418,1405.0,-13.0,0.0,0.0,-1.0,1400-1459,0,,0,,,,,
11426,2025,1,1,4,6,1/4/2025,AA,1988,11057,1105703,31057,CLT,"Charlotte, NC",North Carolina,12892,1289208,32575,LAX,"Los Angeles, CA",California,1136,1133.0,-3.0,0.0,0.0,-1.0,1100-1159,19.0,1152.0,1342.0,8.0,1418,1350.0,-28.0,0.0,0.0,-2.0,1400-1459,0,,0,,,,,
11427,2025,1,1,5,7,1/5/2025,AA,1988,11057,1105703,31057,CLT,"Charlotte, NC",North Carolina,12892,1289208,32575,LAX,"Los Angeles, CA",California,1136,1133.0,-3.0,0.0,0.0,-1.0,1100-1159,20.0,1153.0,1338.0,14.0,1418,1352.0,-26.0,0.0,0.0,-2.0,1400-1459,0,,0,,,,,
11428,2025,1,1,6,1,1/6/2025,AA,1988,11057,1105703,31057,CLT,"Charlotte, NC",North Carolina,12892,1289208,32575,LAX,"Los Angeles, CA",California,1136,1246.0,70.0,70.0,1.0,4.0,1100-1159,14.0,1300.0,1450.0,5.0,1418,1455.0,37.0,37.0,1.0,2.0,1400-1459,0,,0,2.0,0.0,0.0,0.0,35.0
11429,2025,1,1,7,2,1/7/2025,AA,1988,11057,1105703,31057,CLT,"Charlotte, NC",North Carolina,12892,1289208,32575,LAX,"Los Angeles, CA",California,1138,1140.0,2.0,2.0,0.0,0.0,1100-1159,14.0,1154.0,1345.0,8.0,1420,1353.0,-27.0,0.0,0.0,-2.0,1400-1459,0,,0,,,,,
11430,2025,1,1,8,3,1/8/2025,AA,1988,11057,1105703,31057,CLT,"Charlotte, NC",North Carolina,12892,1289208,32575,LAX,"Los Angeles, CA",California,1138,1134.0,-4.0,0.0,0.0,-1.0,1100-1159,20.0,1154.0,1331.0,10.0,1420,1341.0,-39.0,0.0,0.0,-2.0,1400-1459,0,,0,,,,,
11431,2025,1,1,9,4,1/9/2025,AA,1988,11057,1105703,31057,CLT,"Charlotte, NC",North Carolina,12892,1289208,32575,LAX,"Los Angeles, CA",California,1138,1212.0,34.0,34.0,1.0,2.0,1100-1159,26.0,1238.0,1428.0,8.0,1420,1436.0,16.0,16.0,1.0,1.0,1400-1459,0,,0,2.0,0.0,0.0,0.0,14.0
11432,2025,1,1,10,5,1/10/2025,AA,1988,11057,1105703,31057,CLT,"Charlotte, NC",North Carolina,12892,1289208,32575,LAX,"Los Angeles, CA",California,1138,1141.0,3.0,3.0,0.0,0.0,1100-1159,16.0,1157.0,1331.0,11.0,1420,1342.0,-38.0,0.0,0.0,-2.0,1400-1459,0,,0,,,,,
11433,2025,1,1,11,6,1/11/2025,AA,1988,11057,1105703,31057,CLT,"Charlotte, NC",North Carolina,12892,1289208,32575,LAX,"Los Angeles, CA",California,1138,,,,,,1100-1159,,,,,1420,,,,,,1400-1459,1,B,0,,,,,
11434,2025,1,1,12,7,1/12/2025,AA,1988,11057,1105703,31057,CLT,"Charlotte, NC",North Carolina,12892,1289208,32575,LAX,"Los Angeles, CA",California,1138,1131.0,-7.0,0.0,0.0,-1.0,1100-1159,22.0,1153.0,1408.0,6.0,1420,1414.0,-6.0,0.0,0.0,-1.0,1400-1459,0,,0,,,,,
11435,2025,1,1,13,1,1/13/2025,AA,1988,11057,1105703,31057,CLT,"Charlotte, NC",North Carolina,12892,1289208,32575,LAX,"Los Angeles, CA",California,1138,1133.0,-5.0,0.0,0.0,-1.0,1100-1159,22.0,1155.0,1353.0,5.0,1420,1358.0,-22.0,0.0,0.0,-2.0,1400-1459,0,,0,,,,,
11436,2025,1,1,14,2,1/14/2025,AA,1988,11057,1105703,31057,CLT,"Charlotte, NC",North Carolina,12892,1289208,32575,LAX,"Los Angeles, CA",California,1138,1135.0,-3.0,0.0,0.0,-1.0,1100-1159,19.0,1154.0,1351.0,8.0,1420,1359.0,-21.0,0.0,0.0,-2.0,1400-1459,0,,0,,,,,
11437,2025,1,1,15,3,1/15/2025,AA,1988,11057,1105703,31057,CLT,"Charlotte, NC",North Carolina,12892,1289208,32575,LAX,"Los Angeles, CA",California,1138,1132.0,-6.0,0.0,0.0,-1.0,1100-1159,16.0,1148.0,1322.0,7.0,1420,1329.0,-51.0,0.0,0.0,-2.0,1400-1459,0,,0,,,,,
11438,2025,1,1,16,4,1/16/2025,AA,1988,11057,1105703,31057,CLT,"Charlotte, NC",North Carolina,12892,1289208,32575,LAX,"Los Angeles, CA",California,1138,1138.0,0.0,0.0,0.0,0.0,1100-1159,26.0,1204.0,1348.0,5.0,1420,1353.0,-27.0,0.0,0.0,-2.0,1400-1459,0,,0,,,,,
11439,2025,1,1,17,5,1/17/2025,AA,1988,11057,1105703,31057,CLT,"Charlotte, NC",North Carolina,12892,1289208,32575,LAX,"Los Angeles, CA",California,1138,1144.0,6.0,6.0,0.0,0.0,1100-1159,59.0,1243.0,1422.0,9.0,1420,1431.0,11.0,11.0,0.0,0.0,1400-1459,0,,0,,,,,
11440,2025,1,1,18,6,1/18/2025,AA,1988,11057,1105703,31057,CLT,"Charlotte, NC",North Carolina,12892,1289208,32575,LAX,"Los Angeles, CA",California,1138,1137.0,-1.0,0.0,0.0,-1.0,1100-1159,19.0,1156.0,1402.0,8.0,1420,1410.0,-10.0,0.0,0.0,-1.0,1400-1459,0,,0,,,,,
11441,2025,1,1,19,7,1/19/2025,AA,1988,11057,1105703,31057,CLT,"Charlotte, NC",North Carolina,12892,1289208,32575,LAX,"Los Angeles, CA",California,1138,1138.0,0.0,0.0,0.0,0.0,1100-1159,26.0,1204.0,1405.0,5.0,1420,1410.0,-10.0,0.0,0.0,-1.0,1400-1459,0,,0,,,,,
11442,2025,1,1,20,1,1/20/2025,AA,1988,11057,1105703,31057,CLT,"Charlotte, NC",North Carolina,12892,1289208,32575,LAX,"Los Angeles, CA",California,1138,1134.0,-4.0,0.0,0.0,-1.0,1100-1159,28.0,1202.0,1404.0,6.0,1420,1410.0,-10.0,0.0,0.0,-1.0,1400-1459,0,,0,,,,,
11443,2025,1,1,21,2,1/21/2025,AA,1988,11057,1105703,31057,CLT,"Charlotte, NC",North Carolina,12892,1289208,32575,LAX,"Los Angeles, CA",California,1138,1148.0,10.0,10.0,0.0,0.0,1100-1159,15.0,1203.0,1400.0,4.0,1420,1404.0,-16.0,0.0,0.0,-2.0,1400-1459,0,,0,,,,,
11444,2025,1,1,22,3,1/22/2025,AA,1988,11057,1105703,31057,CLT,"Charlotte, NC",North Carolina,12892,1289208,32575,LAX,"Los Angeles, CA",California,1138,1137.0,-1.0,0.0,0.0,-1.0,1100-1159,13.0,1150.0,1346.0,6.0,1420,1352.0,-28.0,0.0,0.0,-2.0,1400-1459,0,,0,,,,,
11445,2025,1,1,23,4,1/23/2025,AA,1988,11057,1105703,31057,CLT,"Charlotte, NC",North Carolina,12892,1289208,32575,LAX,"Los Angeles, CA",California,1138,1137.0,-1.0,0.0,0.0,-1.0,1100-1159,12.0,1149.0,1327.0,5.0,1420,1332.0,-48.0,0.0,0.0,-2.0,1400-1459,0,,0,,,,,
11446,2025,1,1,24,5,1/24/2025,AA,1988,11057,1105703,31057,CLT,"Charlotte, NC",North Carolina,12892,1289208,32575,LAX,"Los Angeles, CA",California,1138,1136.0,-2.0,0.0,0.0,-1.0,1100-1159,20.0,1156.0,1343.0,7.0,1420,1350.0,-30.0,0.0,0.0,-2.0,1400-1459,0,,0,,,,,
11447,2025,1,1,25,6,1/25/2025,AA,1988,11057,1105703,31057,CLT,"Charlotte, NC",North Carolina,12892,1289208,32575,LAX,"Los Angeles, CA",California,1138,1146.0,8.0,8.0,0.0,0.0,1100-1159,17.0,1203.0,1405.0,13.0,1420,1418.0,-2.0,0.0,0.0,-1.0,1400-1459,0,,0,,,,,
11448,2025,1,1,26,7,1/26/2025,AA,1988,11057,1105703,31057,CLT,"Charlotte, NC",North Carolina,12892,1289208,32575,LAX,"Los Angeles, CA",California,1138,1138.0,0.0,0.0,0.0,0.0,1100-1159,17.0,1155.0,1359.0,9.0,1420,1408.0,-12.0,0.0,0.0,-1.0,1400-1459,0,,0,,,,,
11449,2025,1,1,27,1,1/27/2025,AA,1988,11057,1105703,31057,CLT,"Charlotte, NC",North Carolina,12892,1289208,32575,LAX,"Los Angeles, CA",California,1138,1143.0,5.0,5.0,0.0,0.0,1100-1159,25.0,1208.0,1418.0,7.0,1420,1425.0,5.0,5.0,0.0,0.0,1400-1459,0,,0,,,,,
11450,2025,1,1,28,2,1/28/2025,AA,1988,11057,1105703,31057,CLT,"Charlotte, NC",North Carolina,12892,1289208,32575,LAX,"Los Angeles, CA",California,1138,1132.0,-6.0,0.0,0.0,-1.0,1100-1159,13.0,1145.0,1338.0,10.0,1420,1348.0,-32.0,0.0,0.0,-2.0,1400-1459,0,,0,,,,,
11451,2025,1,1,29,3,1/29/2025,AA,1988,11057,1105703,31057,CLT,"Charlotte, NC",North Carolina,12892,1289208,32575,LAX,"Los Angeles, CA",California,1138,1137.0,-1.0,0.0,0.0,-1.0,1100-1159,13.0,1150.0,1335.0,11.0,1420,1346.0,-34.0,0.0,0.0,-2.0,1400-1459,0,,0,,,,,
11452,2025,1,1,30,4,1/30/2025,AA,1988,11057,1105703,31057,CLT,"Charlotte, NC",North Carolina,12892,1289208,32575,LAX,"Los Angeles, CA",California,1138,1154.0,16.0,16.0,1.0,1.0,1100-1159,24.0,1218.0,1359.0,9.0,1420,1408.0,-12.0,0.0,0.0,-1.0,1400-1459,0,,0,,,,,
11453,2025,1,1,31,5,1/31/2025,AA,1988,11057,1105703,31057,CLT,"Charlotte, NC",North Carolina,12892,1289208,32575,LAX,"Los Angeles, CA",California,1138,1139.0,1.0,1.0,0.0,0.0,1100-1159,30.0,1209.0,1342.0,6.0,1420,1348.0,-32.0,0.0,0.0,-2.0,1400-1459,0,,0,,,,,
11454,2025,1,1,7,2,1/7/2025,AA,1995,11057,1105703,31057,CLT,"Charlotte, NC",North Carolina,12892,1289208,32575,LAX,"Los Angeles, CA",California,855,859.0,4.0,4.0,0.0,0.0,0800-0859,16.0,915.0,1109.0,15.0,1121,1124.0,3.0,3.0,0.0,0.0,1100-1159,0,,0,,,,,
11455,2025,1,1,8,3,1/8/2025,AA,1995,11057,1105703,31057,CLT,"Charlotte, NC",North Carolina,12892,1289208,32575,LAX,"Los Angeles, CA",California,855,904.0,9.0,9.0,0.0,0.0,0800-0859,31.0,935.0,1113.0,13.0,1121,1126.0,5.0,5.0,0.0,0.0,1100-1159,0,,0,,,,,
11456,2025,1,1,9,4,1/9/2025,AA,1995,11057,1105703,31057,CLT,"Charlotte, NC",North Carolina,12892,1289208,32575,LAX,"Los Angeles, CA",California,855,913.0,18.0,18.0,1.0,1.0,0800-0859,23.0,936.0,1118.0,5.0,1121,1123.0,2.0,2.0,0.0,0.0,1100-1159,0,,0,,,,,
11457,2025,1,1,10,5,1/10/2025,AA,1995,11057,1105703,31057,CLT,"Charlotte, NC",North Carolina,12892,1289208,32575,LAX,"Los Angeles, CA",California,855,850.0,-5.0,0.0,0.0,-1.0,0800-0859,10.0,900.0,1032.0,10.0,1121,1042.0,-39.0,0.0,0.0,-2.0,1100-1159,0,,0,,,,,
11458,2025,1,1,11,6,1/11/2025,AA,1995,11057,1105703,31057,CLT,"Charlotte, NC",North Carolina,12892,1289208,32575,LAX,"Los Angeles, CA",California,855,855.0,0.0,0.0,0.0,0.0,0800-0859,11.0,906.0,1110.0,3.0,1121,1113.0,-8.0,0.0,0.0,-1.0,1100-1159,0,,0,,,,,
11459,2025,1,1,12,7,1/12/2025,AA,1995,11057,1105703,31057,CLT,"Charlotte, NC",North Carolina,12892,1289208,32575,LAX,"Los Angeles, CA",California,855,852.0,-3.0,0.0,0.0,-1.0,0800-0859,14.0,906.0,1118.0,12.0,1121,1130.0,9.0,9.0,0.0,0.0,1100-1159,0,,0,,,,,
11460,2025,1,1,13,1,1/13/2025,AA,1995,11057,1105703,31057,CLT,"Charlotte, NC",North Carolina,12892,1289208,32575,LAX,"Los Angeles, CA",California,855,854.0,-1.0,0.0,0.0,-1.0,0800-0859,15.0,909.0,1110.0,10.0,1121,1120.0,-1.0,0.0,0.0,-1.0,1100-1159,0,,0,,,,,
11461,2025,1,1,14,2,1/14/2025,AA,1995,11057,1105703,31057,CLT,"Charlotte, NC",North Carolina,12892,1289208,32575,LAX,"Los Angeles, CA",California,855,920.0,25.0,25.0,1.0,1.0,0800-0859,20.0,940.0,1146.0,7.0,1121,1153.0,32.0,32.0,1.0,2.0,1100-1159,0,,0,25.0,0.0,7.0,0.0,0.0
11462,2025,1,1,15,3,1/15/2025,AA,1995,11057,1105703,31057,CLT,"Charlotte, NC",North Carolina,12892,1289208,32575,LAX,"Los Angeles, CA",California,855,920.0,25.0,25.0,1.0,1.0,0800-0859,19.0,939.0,1131.0,8.0,1121,1139.0,18.0,18.0,1.0,1.0,1100-1159,0,,0,18.0,0.0,0.0,0.0,0.0
11463,2025,1,1,16,4,1/16/2025,AA,1995,11057,1105703,31057,CLT,"Charlotte, NC",North Carolina,12892,1289208,32575,LAX,"Los Angeles, CA",California,855,849.0,-6.0,0.0,0.0,-1.0,0800-0859,18.0,907.0,1048.0,9.0,1121,1057.0,-24.0,0.0,0.0,-2.0,1100-1159,0,,0,,,,,
11464,2025,1,1,17,5,1/17/2025,AA,1995,11057,1105703,31057,CLT,"Charlotte, NC",North Carolina,12892,1289208,32575,LAX,"Los Angeles, CA",California,855,852.0,-3.0,0.0,0.0,-1.0,0800-0859,12.0,904.0,1039.0,11.0,1121,1050.0,-31.0,0.0,0.0,-2.0,1100-1159,0,,0,,,,,
11465,2025,1,1,18,6,1/18/2025,AA,1995,11057,1105703,31057,CLT,"Charlotte, NC",North Carolina,12892,1289208,32575,LAX,"Los Angeles, CA",California,855,852.0,-3.0,0.0,0.0,-1.0,0800-0859,10.0,902.0,1104.0,6.0,1121,1110.0,-11.0,0.0,0.0,-1.0,1100-1159,0,,0,,,,,
11466,2025,1,1,19,7,1/19/2025,AA,1995,11057,1105703,31057,CLT,"Charlotte, NC",North Carolina,12892,1289208,32575,LAX,"Los Angeles, CA",California,855,850.0,-5.0,0.0,0.0,-1.0,0800-0859,15.0,905.0,1101.0,6.0,1121,1107.0,-14.0,0.0,0.0,-1.0,1100-1159,0,,0,,,,,
11467,2025,1,1,20,1,1/20/2025,AA,1995,11057,1105703,31057,CLT,"Charlotte, NC",North Carolina,12892,1289208,32575,LAX,"Los Angeles, CA",California,855,852.0,-3.0,0.0,0.0,-1.0,0800-0859,14.0,906.0,1110.0,4.0,1121,1114.0,-7.0,0.0,0.0,-1.0,1100-1159,0,,0,,,,,
11468,2025,1,1,21,2,1/21/2025,AA,1995,11057,1105703,31057,CLT,"Charlotte, NC",North Carolina,12892,1289208,32575,LAX,"Los Angeles, CA",California,855,851.0,-4.0,0.0,0.0,-1.0,0800-0859,12.0,903.0,1056.0,5.0,1121,1101.0,-20.0,0.0,0.0,-2.0,1100-1159,0,,0,,,,,
11469,2025,1,1,22,3,1/22/2025,AA,1995,11057,1105703,31057,CLT,"Charlotte, NC",North Carolina,12892,1289208,32575,LAX,"Los Angeles, CA",California,855,848.0,-7.0,0.0,0.0,-1.0,0800-0859,13.0,901.0,1057.0,9.0,1121,1106.0,-15.0,0.0,0.0,-1.0,1100-1159,0,,0,,,,,
11470,2025,1,1,23,4,1/23/2025,AA,1995,11057,1105703,31057,CLT,"Charlotte, NC",North Carolina,12892,1289208,32575,LAX,"Los Angeles, CA",California,855,852.0,-3.0,0.0,0.0,-1.0,0800-0859,15.0,907.0,1047.0,5.0,1121,1052.0,-29.0,0.0,0.0,-2.0,1100-1159,0,,0,,,,,
11471,2025,1,1,24,5,1/24/2025,AA,1995,11057,1105703,31057,CLT,"Charlotte, NC",North Carolina,12892,1289208,32575,LAX,"Los Angeles, CA",California,855,850.0,-5.0,0.0,0.0,-1.0,0800-0859,15.0,905.0,1100.0,10.0,1121,1110.0,-11.0,0.0,0.0,-1.0,1100-1159,0,,0,,,,,
11472,2025,1,1,25,6,1/25/2025,AA,1995,11057,1105703,31057,CLT,"Charlotte, NC",North Carolina,12892,1289208,32575,LAX,"Los Angeles, CA",California,855,854.0,-1.0,0.0,0.0,-1.0,0800-0859,12.0,906.0,1102.0,6.0,1121,1108.0,-13.0,0.0,0.0,-1.0,1100-1159,0,,0,,,,,
11473,2025,1,1,26,7,1/26/2025,AA,1995,11057,1105703,31057,CLT,"Charlotte, NC",North Carolina,12892,1289208,32575,LAX,"Los Angeles, CA",California,855,851.0,-4.0,0.0,0.0,-1.0,0800-0859,14.0,905.0,1117.0,5.0,1121,1122.0,1.0,1.0,0.0,0.0,1100-1159,0,,0,,,,,
11474,2025,1,1,27,1,1/27/2025,AA,1995,11057,1105703,31057,CLT,"Charlotte, NC",North Carolina,12892,1289208,32575,LAX,"Los Angeles, CA",California,855,920.0,25.0,25.0,1.0,1.0,0800-0859,20.0,940.0,1144.0,10.0,1121,1154.0,33.0,33.0,1.0,2.0,1100-1159,0,,0,12.0,0.0,8.0,0.0,13.0
11475,2025,1,1,28,2,1/28/2025,AA,1995,11057,1105703,31057,CLT,"Charlotte, NC",North Carolina,12892,1289208,32575,LAX,"Los Angeles, CA",California,855,849.0,-6.0,0.0,0.0,-1.0,0800-0859,14.0,903.0,1056.0,7.0,1121,1103.0,-18.0,0.0,0.0,-2.0,1100-1159,0,,0,,,,,
11476,2025,1,1,29,3,1/29/2025,AA,1995,11057,1105703,31057,CLT,"Charlotte, NC",North Carolina,12892,1289208,32575,LAX,"Los Angeles, CA",California,855,851.0,-4.0,0.0,0.0,-1.0,0800-0859,12.0,903.0,1101.0,8.0,1121,1109.0,-12.0,0.0,0.0,-1.0,1100-1159,0,,0,,,,,
11477,2025,1,1,30,4,1/30/2025,AA,1995,11057,1105703,31057,CLT,"Charlotte, NC",North Carolina,12892,1289208,32575,LAX,"Los Angeles, CA",California,855,852.0,-3.0,0.0,0.0,-1.0,0800-0859,16.0,908.0,1044.0,5.0,1121,1049.0,-32.0,0.0,0.0,-2.0,1100-1159,0,,0,,,,,
11478,2025,1,1,31,5,1/31/2025,AA,1995,11057,1105703,31057,CLT,"Charlotte, NC",North Carolina,12892,1289208,32575,LAX,"Los Angeles, CA",California,855,853.0,-2.0,0.0,0.0,-1.0,0800-0859,13.0,906.0,1039.0,16.0,1121,1055.0,-26.0,0.0,0.0,-2.0,1100-1159,0,,0,,,,,
11510,2025,1,1,1,3,1/1/2025,AA,2017,11057,1105703,31057,CLT,"Charlotte, NC",North Carolina,12892,1289208,32575,LAX,"Los Angeles, CA",California,2027,2024.0,-3.0,0.0,0.0,-1.0,2000-2059,28.0,2052.0,2249.0,5.0,2253,2254.0,1.0,1.0,0.0,0.0,2200-2259,0,,0,,,,,
11511,2025,1,1,2,4,1/2/2025,AA,2017,11057,1105703,31057,CLT,"Charlotte, NC",North Carolina,12892,1289208,32575,LAX,"Los Angeles, CA",California,2027,2026.0,-1.0,0.0,0.0,-1.0,2000-2059,32.0,2058.0,2241.0,15.0,2253,2256.0,3.0,3.0,0.0,0.0,2200-2259,0,,0,,,,,
11512,2025,1,1,3,5,1/3/2025,AA,2017,11057,1105703,31057,CLT,"Charlotte, NC",North Carolina,12892,1289208,32575,LAX,"Los Angeles, CA",California,2027,2027.0,0.0,0.0,0.0,0.0,2000-2059,21.0,2048.0,2230.0,7.0,2253,2237.0,-16.0,0.0,0.0,-2.0,2200-2259,0,,0,,,,,
11513,2025,1,1,4,6,1/4/2025,AA,2017,11057,1105703,31057,CLT,"Charlotte, NC",North Carolina,12892,1289208,32575,LAX,"Los Angeles, CA",California,2027,2024.0,-3.0,0.0,0.0,-1.0,2000-2059,22.0,2046.0,2239.0,29.0,2253,2308.0,15.0,15.0,1.0,1.0,2200-2259,0,,0,0.0,0.0,15.0,0.0,0.0
11514,2025,1,1,5,7,1/5/2025,AA,2017,11057,1105703,31057,CLT,"Charlotte, NC",North Carolina,12892,1289208,32575,LAX,"Los Angeles, CA",California,2027,2026.0,-1.0,0.0,0.0,-1.0,2000-2059,15.0,2041.0,2233.0,8.0,2253,2241.0,-12.0,0.0,0.0,-1.0,2200-2259,0,,0,,,,,
11515,2025,1,1,6,1,1/6/2025,AA,2017,11057,1105703,31057,CLT,"Charlotte, NC",North Carolina,12892,1289208,32575,LAX,"Los Angeles, CA",California,2027,2022.0,-5.0,0.0,0.0,-1.0,2000-2059,22.0,2044.0,2235.0,6.0,2253,2241.0,-12.0,0.0,0.0,-1.0,2200-2259,0,,0,,,,,
11516,2025,1,1,7,2,1/7/2025,AA,2017,11057,1105703,31057,CLT,"Charlotte, NC",North Carolina,12892,1289208,32575,LAX,"Los Angeles, CA",California,2040,2107.0,27.0,27.0,1.0,1.0,2000-2059,33.0,2140.0,2331.0,8.0,2308,2339.0,31.0,31.0,1.0,2.0,2300-2359,0,,0,18.0,0.0,4.0,0.0,9.0
11517,2025,1,1,8,3,1/8/2025,AA,2017,11057,1105703,31057,CLT,"Charlotte, NC",North Carolina,12892,1289208,32575,LAX,"Los Angeles, CA",California,2040,2129.0,49.0,49.0,1.0,3.0,2000-2059,13.0,2142.0,2307.0,10.0,2308,2317.0,9.0,9.0,0.0,0.0,2300-2359,0,,0,,,,,
11518,2025,1,1,9,4,1/9/2025,AA,2017,11057,1105703,31057,CLT,"Charlotte, NC",North Carolina,12892,1289208,32575,LAX,"Los Angeles, CA",California,2040,2133.0,53.0,53.0,1.0,3.0,2000-2059,14.0,2147.0,2344.0,11.0,2308,2355.0,47.0,47.0,1.0,3.0,2300-2359,0,,0,47.0,0.0,0.0,0.0,0.0
11519,2025,1,1,10,5,1/10/2025,AA,2017,11057,1105703,31057,CLT,"Charlotte, NC",North Carolina,12892,1289208,32575,LAX,"Los Angeles, CA",California,2040,,,,,,2000-2059,,,,,2308,,,,,,2300-2359,1,B,0,,,,,
11520,2025,1,1,11,6,1/11/2025,AA,2017,11057,1105703,31057,CLT,"Charlotte, NC",North Carolina,12892,1289208,32575,LAX,"Los Angeles, CA",California,2040,2116.0,36.0,36.0,1.0,2.0,2000-2059,19.0,2135.0,2331.0,6.0,2308,2337.0,29.0,29.0,1.0,1.0,2300-2359,0,,0,5.0,0.0,0.0,0.0,24.0
11521,2025,1,1,12,7,1/12/2025,AA,2017,11057,1105703,31057,CLT,"Charlotte, NC",North Carolina,12892,1289208,32575,LAX,"Los Angeles, CA",California,2040,2039.0,-1.0,0.0,0.0,-1.0,2000-2059,26.0,2105.0,2303.0,10.0,2308,2313.0,5.0,5.0,0.0,0.0,2300-2359,0,,0,,,,,
11522,2025,1,1,13,1,1/13/2025,AA,2017,11057,1105703,31057,CLT,"Charlotte, NC",North Carolina,12892,1289208,32575,LAX,"Los Angeles, CA",California,2040,2037.0,-3.0,0.0,0.0,-1.0,2000-2059,17.0,2054.0,2247.0,6.0,2308,2253.0,-15.0,0.0,0.0,-1.0,2300-2359,0,,0,,,,,
11523,2025,1,1,14,2,1/14/2025,AA,2017,11057,1105703,31057,CLT,"Charlotte, NC",North Carolina,12892,1289208,32575,LAX,"Los Angeles, CA",California,2040,2034.0,-6.0,0.0,0.0,-1.0,2000-2059,16.0,2050.0,2244.0,8.0,2308,2252.0,-16.0,0.0,0.0,-2.0,2300-2359,0,,0,,,,,
11524,2025,1,1,15,3,1/15/2025,AA,2017,11057,1105703,31057,CLT,"Charlotte, NC",North Carolina,12892,1289208,32575,LAX,"Los Angeles, CA",California,2040,2033.0,-7.0,0.0,0.0,-1.0,2000-2059,17.0,2050.0,2216.0,9.0,2308,2225.0,-43.0,0.0,0.0,-2.0,2300-2359,0,,0,,,,,
11525,2025,1,1,16,4,1/16/2025,AA,2017,11057,1105703,31057,CLT,"Charlotte, NC",North Carolina,12892,1289208,32575,LAX,"Los Angeles, CA",California,2040,2034.0,-6.0,0.0,0.0,-1.0,2000-2059,21.0,2055.0,2230.0,24.0,2308,2254.0,-14.0,0.0,0.0,-1.0,2300-2359,0,,0,,,,,
11526,2025,1,1,17,5,1/17/2025,AA,2017,11057,1105703,31057,CLT,"Charlotte, NC",North Carolina,12892,1289208,32575,LAX,"Los Angeles, CA",California,2040,2058.0,18.0,18.0,1.0,1.0,2000-2059,26.0,2124.0,2311.0,8.0,2308,2319.0,11.0,11.0,0.0,0.0,2300-2359,0,,0,,,,,
11527,2025,1,1,18,6,1/18/2025,AA,2017,11057,1105703,31057,CLT,"Charlotte, NC",North Carolina,12892,1289208,32575,LAX,"Los Angeles, CA",California,2040,2055.0,15.0,15.0,1.0,1.0,2000-2059,29.0,2124.0,2313.0,12.0,2308,2325.0,17.0,17.0,1.0,1.0,2300-2359,0,,0,15.0,0.0,2.0,0.0,0.0
11528,2025,1,1,19,7,1/19/2025,AA,2017,11057,1105703,31057,CLT,"Charlotte, NC",North Carolina,12892,1289208,32575,LAX,"Los Angeles, CA",California,2040,2042.0,2.0,2.0,0.0,0.0,2000-2059,22.0,2104.0,2306.0,8.0,2308,2314.0,6.0,6.0,0.0,0.0,2300-2359,0,,0,,,,,
11529,2025,1,1,20,1,1/20/2025,AA,2017,11057,1105703,31057,CLT,"Charlotte, NC",North Carolina,12892,1289208,32575,LAX,"Los Angeles, CA",California,2040,2146.0,66.0,66.0,1.0,4.0,2000-2059,16.0,2202.0,2336.0,13.0,2308,2349.0,41.0,41.0,1.0,2.0,2300-2359,0,,0,5.0,0.0,0.0,0.0,36.0
11530,2025,1,1,21,2,1/21/2025,AA,2017,11057,1105703,31057,CLT,"Charlotte, NC",North Carolina,12892,1289208,32575,LAX,"Los Angeles, CA",California,2040,2045.0,5.0,5.0,0.0,0.0,2000-2059,91.0,2216.0,19.0,12.0,2308,31.0,83.0,83.0,1.0,5.0,2300-2359,0,,0,0.0,5.0,78.0,0.0,0.0
11531,2025,1,1,22,3,1/22/2025,AA,2017,11057,1105703,31057,CLT,"Charlotte, NC",North Carolina,12892,1289208,32575,LAX,"Los Angeles, CA",California,2040,2045.0,5.0,5.0,0.0,0.0,2000-2059,19.0,2104.0,2300.0,6.0,2308,2306.0,-2.0,0.0,0.0,-1.0,2300-2359,0,,0,,,,,
11532,2025,1,1,23,4,1/23/2025,AA,2017,11057,1105703,31057,CLT,"Charlotte, NC",North Carolina,12892,1289208,32575,LAX,"Los Angeles, CA",California,2040,2126.0,46.0,46.0,1.0,3.0,2000-2059,18.0,2144.0,2322.0,7.0,2308,2329.0,21.0,21.0,1.0,1.0,2300-2359,0,,0,21.0,0.0,0.0,0.0,0.0
11533,2025,1,1,24,5,1/24/2025,AA,2017,11057,1105703,31057,CLT,"Charlotte, NC",North Carolina,12892,1289208,32575,LAX,"Los Angeles, CA",California,2040,2039.0,-1.0,0.0,0.0,-1.0,2000-2059,21.0,2100.0,2256.0,10.0,2308,2306.0,-2.0,0.0,0.0,-1.0,2300-2359,0,,0,,,,,
11534,2025,1,1,25,6,1/25/2025,AA,2017,11057,1105703,31057,CLT,"Charlotte, NC",North Carolina,12892,1289208,32575,LAX,"Los Angeles, CA",California,2040,2033.0,-7.0,0.0,0.0,-1.0,2000-2059,20.0,2053.0,2306.0,7.0,2308,2313.0,5.0,5.0,0.0,0.0,2300-2359,0,,0,,,,,
11535,2025,1,1,26,7,1/26/2025,AA,2017,11057,1105703,31057,CLT,"Charlotte, NC",North Carolina,12892,1289208,32575,LAX,"Los Angeles, CA",California,2040,2037.0,-3.0,0.0,0.0,-1.0,2000-2059,24.0,2101.0,2334.0,9.0,2308,2343.0,35.0,35.0,1.0,2.0,2300-2359,0,,0,0.0,0.0,35.0,0.0,0.0
11536,2025,1,1,27,1,1/27/2025,AA,2017,11057,1105703,31057,CLT,"Charlotte, NC",North Carolina,12892,1289208,32575,LAX,"Los Angeles, CA",California,2040,2034.0,-6.0,0.0,0.0,-1.0,2000-2059,24.0,2058.0,2301.0,7.0,2308,2308.0,0.0,0.0,0.0,0.0,2300-2359,0,,0,,,,,
11537,2025,1,1,28,2,1/28/2025,AA,2017,11057,1105703,31057,CLT,"Charlotte, NC",North Carolina,12892,1289208,32575,LAX,"Los Angeles, CA",California,2040,2035.0,-5.0,0.0,0.0,-1.0,2000-2059,23.0,2058.0,2241.0,5.0,2308,2246.0,-22.0,0.0,0.0,-2.0,2300-2359,0,,0,,,,,
11538,2025,1,1,29,3,1/29/2025,AA,2017,11057,1105703,31057,CLT,"Charlotte, NC",North Carolina,12892,1289208,32575,LAX,"Los Angeles, CA",California,2040,2037.0,-3.0,0.0,0.0,-1.0,2000-2059,16.0,2053.0,2234.0,40.0,2308,2314.0,6.0,6.0,0.0,0.0,2300-2359,0,,0,,,,,
11539,2025,1,1,30,4,1/30/2025,AA,2017,11057,1105703,31057,CLT,"Charlotte, NC",North Carolina,12892,1289208,32575,LAX,"Los Angeles, CA",California,2040,2038.0,-2.0,0.0,0.0,-1.0,2000-2059,26.0,2104.0,2245.0,11.0,2308,2256.0,-12.0,0.0,0.0,-1.0,2300-2359,0,,0,,,,,
11540,2025,1,1,31,5,1/31/2025,AA,2017,11057,1105703,31057,CLT,"Charlotte, NC",North Carolina,12892,1289208,32575,LAX,"Los Angeles, CA",California,2040,2116.0,36.0,36.0,1.0,2.0,2000-2059,23.0,2139.0,2321.0,12.0,2308,2333.0,25.0,25.0,1.0,1.0,2300-2359,0,,0,0.0,0.0,0.0,22.0,3.0
11578,2025,1,1,1,3,1/1/2025,AA,2023,11057,1105703,31057,CLT,"Charlotte, NC",North Carolina,12892,1289208,32575,LAX,"Los Angeles, CA",California,1830,1859.0,29.0,29.0,1.0,1.0,1800-1859,18.0,1917.0,2112.0,14.0,2059,2126.0,27.0,27.0,1.0,1.0,2000-2059,0,,0,25.0,0.0,0.0,0.0,2.0
11579,2025,1,1,2,4,1/2/2025,AA,2023,11057,1105703,31057,CLT,"Charlotte, NC",North Carolina,12892,1289208,32575,LAX,"Los Angeles, CA",California,1830,1829.0,-1.0,0.0,0.0,-1.0,1800-1859,20.0,1849.0,2026.0,6.0,2059,2032.0,-27.0,0.0,0.0,-2.0,2000-2059,0,,0,,,,,
11580,2025,1,1,3,5,1/3/2025,AA,2023,11057,1105703,31057,CLT,"Charlotte, NC",North Carolina,12892,1289208,32575,LAX,"Los Angeles, CA",California,1830,1920.0,50.0,50.0,1.0,3.0,1800-1859,16.0,1936.0,2121.0,9.0,2059,2130.0,31.0,31.0,1.0,2.0,2000-2059,0,,0,31.0,0.0,0.0,0.0,0.0
11581,2025,1,1,4,6,1/4/2025,AA,2023,11057,1105703,31057,CLT,"Charlotte, NC",North Carolina,12892,1289208,32575,LAX,"Los Angeles, CA",California,1830,1837.0,7.0,7.0,0.0,0.0,1800-1859,22.0,1859.0,2053.0,7.0,2059,2100.0,1.0,1.0,0.0,0.0,2000-2059,0,,0,,,,,
11582,2025,1,1,5,7,1/5/2025,AA,2023,11057,1105703,31057,CLT,"Charlotte, NC",North Carolina,12892,1289208,32575,LAX,"Los Angeles, CA",California,1830,2051.0,141.0,141.0,1.0,9.0,1800-1859,13.0,2104.0,2253.0,7.0,2059,2300.0,121.0,121.0,1.0,8.0,2000-2059,0,,0,27.0,0.0,0.0,0.0,94.0
11583,2025,1,1,6,1,1/6/2025,AA,2023,11057,1105703,31057,CLT,"Charlotte, NC",North Carolina,12892,1289208,32575,LAX,"Los Angeles, CA",California,1830,2014.0,104.0,104.0,1.0,6.0,1800-1859,17.0,2031.0,2222.0,35.0,2059,2257.0,118.0,118.0,1.0,7.0,2000-2059,0,,0,9.0,0.0,14.0,0.0,95.0
11584,2025,1,1,7,2,1/7/2025,AA,2023,11057,1105703,31057,CLT,"Charlotte, NC",North Carolina,12892,1289208,32575,LAX,"Los Angeles, CA",California,1835,1834.0,-1.0,0.0,0.0,-1.0,1800-1859,20.0,1854.0,2047.0,27.0,2106,2114.0,8.0,8.0,0.0,0.0,2100-2159,0,,0,,,,,
11585,2025,1,1,8,3,1/8/2025,AA,2023,11057,1105703,31057,CLT,"Charlotte, NC",North Carolina,12892,1289208,32575,LAX,"Los Angeles, CA",California,1835,1916.0,41.0,41.0,1.0,2.0,1800-1859,16.0,1932.0,2056.0,6.0,2106,2102.0,-4.0,0.0,0.0,-1.0,2100-2159,0,,0,,,,,
11586,2025,1,1,9,4,1/9/2025,AA,2023,11057,1105703,31057,CLT,"Charlotte, NC",North Carolina,12892,1289208,32575,LAX,"Los Angeles, CA",California,1835,1836.0,1.0,1.0,0.0,0.0,1800-1859,22.0,1858.0,2052.0,4.0,2106,2056.0,-10.0,0.0,0.0,-1.0,2100-2159,0,,0,,,,,
11587,2025,1,1,10,5,1/10/2025,AA,2023,11057,1105703,31057,CLT,"Charlotte, NC",North Carolina,12892,1289208,32575,LAX,"Los Angeles, CA",California,1835,,,,,,1800-1859,,,,,2106,,,,,,2100-2159,1,B,0,,,,,
11588,2025,1,1,11,6,1/11/2025,AA,2023,11057,1105703,31057,CLT,"Charlotte, NC",North Carolina,12892,1289208,32575,LAX,"Los Angeles, CA",California,1835,1837.0,2.0,2.0,0.0,0.0,1800-1859,19.0,1856.0,2048.0,6.0,2106,2054.0,-12.0,0.0,0.0,-1.0,2100-2159,0,,0,,,,,
11589,2025,1,1,12,7,1/12/2025,AA,2023,11057,1105703,31057,CLT,"Charlotte, NC",North Carolina,12892,1289208,32575,LAX,"Los Angeles, CA",California,1835,1840.0,5.0,5.0,0.0,0.0,1800-1859,26.0,1906.0,2106.0,9.0,2106,2115.0,9.0,9.0,0.0,0.0,2100-2159,0,,0,,,,,
11590,2025,1,1,13,1,1/13/2025,AA,2023,11057,1105703,31057,CLT,"Charlotte, NC",North Carolina,12892,1289208,32575,LAX,"Los Angeles, CA",California,1835,1830.0,-5.0,0.0,0.0,-1.0,1800-1859,16.0,1846.0,2047.0,7.0,2106,2054.0,-12.0,0.0,0.0,-1.0,2100-2159,0,,0,,,,,
11591,2025,1,1,14,2,1/14/2025,AA,2023,11057,1105703,31057,CLT,"Charlotte, NC",North Carolina,12892,1289208,32575,LAX,"Los Angeles, CA",California,1835,1828.0,-7.0,0.0,0.0,-1.0,1800-1859,20.0,1848.0,2049.0,10.0,2106,2059.0,-7.0,0.0,0.0,-1.0,2100-2159,0,,0,,,,,
11592,2025,1,1,15,3,1/15/2025,AA,2023,11057,1105703,31057,CLT,"Charlotte, NC",North Carolina,12892,1289208,32575,LAX,"Los Angeles, CA",California,1835,1833.0,-2.0,0.0,0.0,-1.0,1800-1859,11.0,1844.0,2020.0,4.0,2106,2024.0,-42.0,0.0,0.0,-2.0,2100-2159,0,,0,,,,,
11593,2025,1,1,16,4,1/16/2025,AA,2023,11057,1105703,31057,CLT,"Charlotte, NC",North Carolina,12892,1289208,32575,LAX,"Los Angeles, CA",California,1835,1832.0,-3.0,0.0,0.0,-1.0,1800-1859,19.0,1851.0,2028.0,5.0,2106,2033.0,-33.0,0.0,0.0,-2.0,2100-2159,0,,0,,,,,
11594,2025,1,1,17,5,1/17/2025,AA,2023,11057,1105703,31057,CLT,"Charlotte, NC",North Carolina,12892,1289208,32575,LAX,"Los Angeles, CA",California,1835,1832.0,-3.0,0.0,0.0,-1.0,1800-1859,25.0,1857.0,2044.0,5.0,2106,2049.0,-17.0,0.0,0.0,-2.0,2100-2159,0,,0,,,,,
11595,2025,1,1,18,6,1/18/2025,AA,2023,11057,1105703,31057,CLT,"Charlotte, NC",North Carolina,12892,1289208,32575,LAX,"Los Angeles, CA",California,1835,1831.0,-4.0,0.0,0.0,-1.0,1800-1859,15.0,1846.0,2037.0,5.0,2106,2042.0,-24.0,0.0,0.0,-2.0,2100-2159,0,,0,,,,,
11596,2025,1,1,19,7,1/19/2025,AA,2023,11057,1105703,31057,CLT,"Charlotte, NC",North Carolina,12892,1289208,32575,LAX,"Los Angeles, CA",California,1835,1833.0,-2.0,0.0,0.0,-1.0,1800-1859,24.0,1857.0,2059.0,5.0,2106,2104.0,-2.0,0.0,0.0,-1.0,2100-2159,0,,0,,,,,
11597,2025,1,1,20,1,1/20/2025,AA,2023,11057,1105703,31057,CLT,"Charlotte, NC",North Carolina,12892,1289208,32575,LAX,"Los Angeles, CA",California,1835,1835.0,0.0,0.0,0.0,0.0,1800-1859,15.0,1850.0,2039.0,12.0,2106,2051.0,-15.0,0.0,0.0,-1.0,2100-2159,0,,0,,,,,
11598,2025,1,1,21,2,1/21/2025,AA,2023,11057,1105703,31057,CLT,"Charlotte, NC",North Carolina,12892,1289208,32575,LAX,"Los Angeles, CA",California,1835,1834.0,-1.0,0.0,0.0,-1.0,1800-1859,106.0,2020.0,2203.0,28.0,2106,2231.0,85.0,85.0,1.0,5.0,2100-2159,0,,0,0.0,0.0,85.0,0.0,0.0
11599,2025,1,1,22,3,1/22/2025,AA,2023,11057,1105703,31057,CLT,"Charlotte, NC",North Carolina,12892,1289208,32575,LAX,"Los Angeles, CA",California,1835,1827.0,-8.0,0.0,0.0,-1.0,1800-1859,19.0,1846.0,2054.0,5.0,2106,2059.0,-7.0,0.0,0.0,-1.0,2100-2159,0,,0,,,,,
11600,2025,1,1,23,4,1/23/2025,AA,2023,11057,1105703,31057,CLT,"Charlotte, NC",North Carolina,12892,1289208,32575,LAX,"Los Angeles, CA",California,1835,1833.0,-2.0,0.0,0.0,-1.0,1800-1859,14.0,1847.0,2029.0,4.0,2106,2033.0,-33.0,0.0,0.0,-2.0,2100-2159,0,,0,,,,,
11601,2025,1,1,24,5,1/24/2025,AA,2023,11057,1105703,31057,CLT,"Charlotte, NC",North Carolina,12892,1289208,32575,LAX,"Los Angeles, CA",California,1835,1845.0,10.0,10.0,0.0,0.0,1800-1859,18.0,1903.0,2055.0,7.0,2106,2102.0,-4.0,0.0,0.0,-1.0,2100-2159,0,,0,,,,,
11602,2025,1,1,25,6,1/25/2025,AA,2023,11057,1105703,31057,CLT,"Charlotte, NC",North Carolina,12892,1289208,32575,LAX,"Los Angeles, CA",California,1835,1835.0,0.0,0.0,0.0,0.0,1800-1859,23.0,1858.0,2105.0,9.0,2106,2114.0,8.0,8.0,0.0,0.0,2100-2159,0,,0,,,,,
11603,2025,1,1,26,7,1/26/2025,AA,2023,11057,1105703,31057,CLT,"Charlotte, NC",North Carolina,12892,1289208,32575,LAX,"Los Angeles, CA",California,1835,1832.0,-3.0,0.0,0.0,-1.0,1800-1859,15.0,1847.0,2.0,12.0,2106,14.0,,,,,2100-2159,0,,1,,,,,
11604,2025,1,1,27,1,1/27/2025,AA,2023,11057,1105703,31057,CLT,"Charlotte, NC",North Carolina,12892,1289208,32575,LAX,"Los Angeles, CA",California,1835,1834.0,-1.0,0.0,0.0,-1.0,1800-1859,23.0,1857.0,2029.0,7.0,2106,2036.0,-30.0,0.0,0.0,-2.0,2100-2159,0,,0,,,,,
11605,2025,1,1,28,2,1/28/2025,AA,2023,11057,1105703,31057,CLT,"Charlotte, NC",North Carolina,12892,1289208,32575,LAX,"Los Angeles, CA",California,1835,1833.0,-2.0,0.0,0.0,-1.0,1800-1859,29.0,1902.0,2034.0,5.0,2106,2039.0,-27.0,0.0,0.0,-2.0,2100-2159,0,,0,,,,,
11606,2025,1,1,29,3,1/29/2025,AA,2023,11057,1105703,31057,CLT,"Charlotte, NC",North Carolina,12892,1289208,32575,LAX,"Los Angeles, CA",California,1835,1831.0,-4.0,0.0,0.0,-1.0,1800-1859,23.0,1854.0,2032.0,8.0,2106,2040.0,-26.0,0.0,0.0,-2.0,2100-2159,0,,0,,,,,
11607,2025,1,1,30,4,1/30/2025,AA,2023,11057,1105703,31057,CLT,"Charlotte, NC",North Carolina,12892,1289208,32575,LAX,"Los Angeles, CA",California,1835,1836.0,1.0,1.0,0.0,0.0,1800-1859,14.0,1850.0,2028.0,13.0,2106,2041.0,-25.0,0.0,0.0,-2.0,2100-2159,0,,0,,,,,
11608,2025,1,1,31,5,1/31/2025,AA,2023,11057,1105703,31057,CLT,"Charlotte, NC",North Carolina,12892,1289208,32575,LAX,"Los Angeles, CA",California,1835,1835.0,0.0,0.0,0.0,0.0,1800-1859,23.0,1858.0,2033.0,33.0,2106,2106.0,0.0,0.0,0.0,0.0,2100-2159,0,,0,,,,,
12426,2025,1,1,1,3,1/1/2025,AA,3246,11057,1105703,31057,CLT,"Charlotte, NC",North Carolina,11292,1129202,30325,DEN,"Denver, CO",Colorado,1831,1831.0,0.0,0.0,0.0,0.0,1800-1859,23.0,1854.0,2016.0,7.0,2018,2023.0,5.0,5.0,0.0,0.0,2000-2059,0,,0,,,,,
12427,2025,1,1,4,6,1/4/2025,AA,3246,11057,1105703,31057,CLT,"Charlotte, NC",North Carolina,11292,1129202,30325,DEN,"Denver, CO",Colorado,1831,1836.0,5.0,5.0,0.0,0.0,1800-1859,18.0,1854.0,2007.0,11.0,2018,2018.0,0.0,0.0,0.0,0.0,2000-2059,0,,0,,,,,
12620,2025,1,1,1,3,1/1/2025,AA,614,11057,1105703,31057,CLT,"Charlotte, NC",North Carolina,13930,1393008,30977,ORD,"Chicago, IL",Illinois,1441,1434.0,-7.0,0.0,0.0,-1.0,1400-1459,15.0,1449.0,1522.0,10.0,1551,1532.0,-19.0,0.0,0.0,-2.0,1500-1559,0,,0,,,,,
12621,2025,1,1,2,4,1/2/2025,AA,614,11057,1105703,31057,CLT,"Charlotte, NC",North Carolina,13930,1393008,30977,ORD,"Chicago, IL",Illinois,1441,1440.0,-1.0,0.0,0.0,-1.0,1400-1459,10.0,1450.0,1525.0,9.0,1551,1534.0,-17.0,0.0,0.0,-2.0,1500-1559,0,,0,,,,,
12622,2025,1,1,3,5,1/3/2025,AA,614,11057,1105703,31057,CLT,"Charlotte, NC",North Carolina,13930,1393008,30977,ORD,"Chicago, IL",Illinois,1441,1438.0,-3.0,0.0,0.0,-1.0,1400-1459,17.0,1455.0,1534.0,9.0,1551,1543.0,-8.0,0.0,0.0,-1.0,1500-1559,0,,0,,,,,
12623,2025,1,1,4,6,1/4/2025,AA,614,11057,1105703,31057,CLT,"Charlotte, NC",North Carolina,13930,1393008,30977,ORD,"Chicago, IL",Illinois,1441,1436.0,-5.0,0.0,0.0,-1.0,1400-1459,15.0,1451.0,1526.0,9.0,1551,1535.0,-16.0,0.0,0.0,-2.0,1500-1559,0,,0,,,,,
12624,2025,1,1,5,7,1/5/2025,AA,614,11057,1105703,31057,CLT,"Charlotte, NC",North Carolina,13930,1393008,30977,ORD,"Chicago, IL",Illinois,1441,1437.0,-4.0,0.0,0.0,-1.0,1400-1459,10.0,1447.0,1525.0,10.0,1551,1535.0,-16.0,0.0,0.0,-2.0,1500-1559,0,,0,,,,,
12625,2025,1,1,6,1,1/6/2025,AA,614,11057,1105703,31057,CLT,"Charlotte, NC",North Carolina,13930,1393008,30977,ORD,"Chicago, IL",Illinois,1441,1604.0,83.0,83.0,1.0,5.0,1400-1459,13.0,1617.0,1654.0,12.0,1551,1706.0,75.0,75.0,1.0,5.0,1500-1559,0,,0,2.0,0.0,0.0,0.0,73.0
12626,2025,1,1,7,2,1/7/2025,AA,614,11057,1105703,31057,CLT,"Charlotte, NC",North Carolina,13930,1393008,30977,ORD,"Chicago, IL",Illinois,1430,1533.0,63.0,63.0,1.0,4.0,1400-1459,30.0,1603.0,1635.0,10.0,1540,1645.0,65.0,65.0,1.0,4.0,1500-1559,0,,0,63.0,0.0,2.0,0.0,0.0
12627,2025,1,1,8,3,1/8/2025,AA,614,11057,1105703,31057,CLT,"Charlotte, NC",North Carolina,13930,1393008,30977,ORD,"Chicago, IL",Illinois,1430,1444.0,14.0,14.0,0.0,0.0,1400-1459,16.0,1500.0,1535.0,10.0,1540,1545.0,5.0,5.0,0.0,0.0,1500-1559,0,,0,,,,,
12628,2025,1,1,9,4,1/9/2025,AA,614,11057,1105703,31057,CLT,"Charlotte, NC",North Carolina,13930,1393008,30977,ORD,"Chicago, IL",Illinois,1430,1425.0,-5.0,0.0,0.0,-1.0,1400-1459,16.0,1441.0,1515.0,10.0,1540,1525.0,-15.0,0.0,0.0,-1.0,1500-1559,0,,0,,,,,
12629,2025,1,1,10,5,1/10/2025,AA,614,11057,1105703,31057,CLT,"Charlotte, NC",North Carolina,13930,1393008,30977,ORD,"Chicago, IL",Illinois,1430,,,,,,1400-1459,,,,,1540,,,,,,1500-1559,1,B,0,,,,,
12630,2025,1,1,11,6,1/11/2025,AA,614,11057,1105703,31057,CLT,"Charlotte, NC",North Carolina,13930,1393008,30977,ORD,"Chicago, IL",Illinois,1430,,,,,,1400-1459,,,,,1540,,,,,,1500-1559,1,B,0,,,,,
12631,2025,1,1,12,7,1/12/2025,AA,614,11057,1105703,31057,CLT,"Charlotte, NC",North Carolina,13930,1393008,30977,ORD,"Chicago, IL",Illinois,1430,1423.0,-7.0,0.0,0.0,-1.0,1400-1459,15.0,1438.0,1525.0,10.0,1540,1535.0,-5.0,0.0,0.0,-1.0,1500-1559,0,,0,,,,,
12632,2025,1,1,13,1,1/13/2025,AA,614,11057,1105703,31057,CLT,"Charlotte, NC",North Carolina,13930,1393008,30977,ORD,"Chicago, IL",Illinois,1430,1457.0,27.0,27.0,1.0,1.0,1400-1459,21.0,1518.0,1555.0,9.0,1540,1604.0,24.0,24.0,1.0,1.0,1500-1559,0,,0,24.0,0.0,0.0,0.0,0.0
12633,2025,1,1,14,2,1/14/2025,AA,614,11057,1105703,31057,CLT,"Charlotte, NC",North Carolina,13930,1393008,30977,ORD,"Chicago, IL",Illinois,1430,1419.0,-11.0,0.0,0.0,-1.0,1400-1459,15.0,1434.0,1508.0,7.0,1540,1515.0,-25.0,0.0,0.0,-2.0,1500-1559,0,,0,,,,,
12634,2025,1,1,15,3,1/15/2025,AA,614,11057,1105703,31057,CLT,"Charlotte, NC",North Carolina,13930,1393008,30977,ORD,"Chicago, IL",Illinois,1430,1421.0,-9.0,0.0,0.0,-1.0,1400-1459,18.0,1439.0,1514.0,8.0,1540,1522.0,-18.0,0.0,0.0,-2.0,1500-1559,0,,0,,,,,
12635,2025,1,1,16,4,1/16/2025,AA,614,11057,1105703,31057,CLT,"Charlotte, NC",North Carolina,13930,1393008,30977,ORD,"Chicago, IL",Illinois,1430,1422.0,-8.0,0.0,0.0,-1.0,1400-1459,16.0,1438.0,1527.0,8.0,1540,1535.0,-5.0,0.0,0.0,-1.0,1500-1559,0,,0,,,,,
12636,2025,1,1,17,5,1/17/2025,AA,614,11057,1105703,31057,CLT,"Charlotte, NC",North Carolina,13930,1393008,30977,ORD,"Chicago, IL",Illinois,1430,1427.0,-3.0,0.0,0.0,-1.0,1400-1459,20.0,1447.0,1514.0,10.0,1540,1524.0,-16.0,0.0,0.0,-2.0,1500-1559,0,,0,,,,,
12637,2025,1,1,18,6,1/18/2025,AA,614,11057,1105703,31057,CLT,"Charlotte, NC",North Carolina,13930,1393008,30977,ORD,"Chicago, IL",Illinois,1430,1430.0,0.0,0.0,0.0,0.0,1400-1459,14.0,1444.0,1518.0,10.0,1540,1528.0,-12.0,0.0,0.0,-1.0,1500-1559,0,,0,,,,,
12638,2025,1,1,19,7,1/19/2025,AA,614,11057,1105703,31057,CLT,"Charlotte, NC",North Carolina,13930,1393008,30977,ORD,"Chicago, IL",Illinois,1430,1420.0,-10.0,0.0,0.0,-1.0,1400-1459,11.0,1431.0,1503.0,8.0,1540,1511.0,-29.0,0.0,0.0,-2.0,1500-1559,0,,0,,,,,
12639,2025,1,1,20,1,1/20/2025,AA,614,11057,1105703,31057,CLT,"Charlotte, NC",North Carolina,13930,1393008,30977,ORD,"Chicago, IL",Illinois,1430,1448.0,18.0,18.0,1.0,1.0,1400-1459,16.0,1504.0,1543.0,11.0,1540,1554.0,14.0,14.0,0.0,0.0,1500-1559,0,,0,,,,,
12640,2025,1,1,21,2,1/21/2025,AA,614,11057,1105703,31057,CLT,"Charlotte, NC",North Carolina,13930,1393008,30977,ORD,"Chicago, IL",Illinois,1430,1423.0,-7.0,0.0,0.0,-1.0,1400-1459,16.0,1439.0,1510.0,6.0,1540,1516.0,-24.0,0.0,0.0,-2.0,1500-1559,0,,0,,,,,
12641,2025,1,1,22,3,1/22/2025,AA,614,11057,1105703,31057,CLT,"Charlotte, NC",North Carolina,13930,1393008,30977,ORD,"Chicago, IL",Illinois,1430,1431.0,1.0,1.0,0.0,0.0,1400-1459,13.0,1444.0,1517.0,11.0,1540,1528.0,-12.0,0.0,0.0,-1.0,1500-1559,0,,0,,,,,
12642,2025,1,1,23,4,1/23/2025,AA,614,11057,1105703,31057,CLT,"Charlotte, NC",North Carolina,13930,1393008,30977,ORD,"Chicago, IL",Illinois,1430,1420.0,-10.0,0.0,0.0,-1.0,1400-1459,10.0,1430.0,1457.0,6.0,1540,1503.0,-37.0,0.0,0.0,-2.0,1500-1559,0,,0,,,,,
12643,2025,1,1,24,5,1/24/2025,AA,614,11057,1105703,31057,CLT,"Charlotte, NC",North Carolina,13930,1393008,30977,ORD,"Chicago, IL",Illinois,1430,1432.0,2.0,2.0,0.0,0.0,1400-1459,11.0,1443.0,1518.0,8.0,1540,1526.0,-14.0,0.0,0.0,-1.0,1500-1559,0,,0,,,,,
12644,2025,1,1,25,6,1/25/2025,AA,614,11057,1105703,31057,CLT,"Charlotte, NC",North Carolina,13930,1393008,30977,ORD,"Chicago, IL",Illinois,1430,1420.0,-10.0,0.0,0.0,-1.0,1400-1459,11.0,1431.0,1508.0,9.0,1540,1517.0,-23.0,0.0,0.0,-2.0,1500-1559,0,,0,,,,,
12645,2025,1,1,26,7,1/26/2025,AA,614,11057,1105703,31057,CLT,"Charlotte, NC",North Carolina,13930,1393008,30977,ORD,"Chicago, IL",Illinois,1430,1431.0,1.0,1.0,0.0,0.0,1400-1459,25.0,1456.0,1533.0,9.0,1540,1542.0,2.0,2.0,0.0,0.0,1500-1559,0,,0,,,,,
12646,2025,1,1,27,1,1/27/2025,AA,614,11057,1105703,31057,CLT,"Charlotte, NC",North Carolina,13930,1393008,30977,ORD,"Chicago, IL",Illinois,1430,1431.0,1.0,1.0,0.0,0.0,1400-1459,19.0,1450.0,1521.0,12.0,1540,1533.0,-7.0,0.0,0.0,-1.0,1500-1559,0,,0,,,,,
12647,2025,1,1,28,2,1/28/2025,AA,614,11057,1105703,31057,CLT,"Charlotte, NC",North Carolina,13930,1393008,30977,ORD,"Chicago, IL",Illinois,1430,1425.0,-5.0,0.0,0.0,-1.0,1400-1459,11.0,1436.0,1511.0,7.0,1540,1518.0,-22.0,0.0,0.0,-2.0,1500-1559,0,,0,,,,,
12648,2025,1,1,29,3,1/29/2025,AA,614,11057,1105703,31057,CLT,"Charlotte, NC",North Carolina,13930,1393008,30977,ORD,"Chicago, IL",Illinois,1530,1527.0,-3.0,0.0,0.0,-1.0,1500-1559,15.0,1542.0,1621.0,11.0,1640,1632.0,-8.0,0.0,0.0,-1.0,1600-1659,0,,0,,,,,
12649,2025,1,1,30,4,1/30/2025,AA,614,11057,1105703,31057,CLT,"Charlotte, NC",North Carolina,13930,1393008,30977,ORD,"Chicago, IL",Illinois,1430,1421.0,-9.0,0.0,0.0,-1.0,1400-1459,12.0,1433.0,1505.0,9.0,1540,1514.0,-26.0,0.0,0.0,-2.0,1500-1559,0,,0,,,,,
12650,2025,1,1,31,5,1/31/2025,AA,614,11057,1105703,31057,CLT,"Charlotte, NC",North Carolina,13930,1393008,30977,ORD,"Chicago, IL",Illinois,1430,1424.0,-6.0,0.0,0.0,-1.0,1400-1459,17.0,1441.0,1517.0,17.0,1540,1534.0,-6.0,0.0,0.0,-1.0,1500-1559,0,,0,,,,,
12742,2025,1,1,1,3,1/1/2025,AA,657,11057,1105703,31057,CLT,"Charlotte, NC",North Carolina,12478,1247805,31703,JFK,"New York, NY",New York,1802,1757.0,-5.0,0.0,0.0,-1.0,1800-1859,11.0,1808.0,1920.0,12.0,1952,1932.0,-20.0,0.0,0.0,-2.0,1900-1959,0,,0,,,,,
12743,2025,1,1,2,4,1/2/2025,AA,657,11057,1105703,31057,CLT,"Charlotte, NC",North Carolina,12478,1247805,31703,JFK,"New York, NY",New York,1802,1800.0,-2.0,0.0,0.0,-1.0,1800-1859,14.0,1814.0,1930.0,5.0,1952,1935.0,-17.0,0.0,0.0,-2.0,1900-1959,0,,0,,,,,
12744,2025,1,1,3,5,1/3/2025,AA,657,11057,1105703,31057,CLT,"Charlotte, NC",North Carolina,12478,1247805,31703,JFK,"New York, NY",New York,1802,1800.0,-2.0,0.0,0.0,-1.0,1800-1859,22.0,1822.0,1945.0,13.0,1952,1958.0,6.0,6.0,0.0,0.0,1900-1959,0,,0,,,,,
12745,2025,1,1,4,6,1/4/2025,AA,657,11057,1105703,31057,CLT,"Charlotte, NC",North Carolina,12478,1247805,31703,JFK,"New York, NY",New York,1806,1853.0,47.0,47.0,1.0,3.0,1800-1859,16.0,1909.0,2032.0,5.0,2000,2037.0,37.0,37.0,1.0,2.0,2000-2059,0,,0,10.0,0.0,0.0,0.0,27.0
12746,2025,1,1,5,7,1/5/2025,AA,657,11057,1105703,31057,CLT,"Charlotte, NC",North Carolina,12478,1247805,31703,JFK,"New York, NY",New York,1802,1814.0,12.0,12.0,0.0,0.0,1800-1859,23.0,1837.0,1958.0,7.0,1952,2005.0,13.0,13.0,0.0,0.0,1900-1959,0,,0,,,,,
12747,2025,1,1,6,1,1/6/2025,AA,657,11057,1105703,31057,CLT,"Charlotte, NC",North Carolina,12478,1247805,31703,JFK,"New York, NY",New York,1802,1818.0,16.0,16.0,1.0,1.0,1800-1859,17.0,1835.0,2008.0,11.0,1952,2019.0,27.0,27.0,1.0,1.0,1900-1959,0,,0,12.0,0.0,11.0,0.0,4.0
12748,2025,1,1,7,2,1/7/2025,AA,657,11057,1105703,31057,CLT,"Charlotte, NC",North Carolina,12478,1247805,31703,JFK,"New York, NY",New York,1807,1940.0,93.0,93.0,1.0,6.0,1800-1859,44.0,2024.0,2140.0,6.0,2000,2146.0,106.0,106.0,1.0,7.0,2000-2059,0,,0,0.0,0.0,20.0,0.0,86.0
12749,2025,1,1,8,3,1/8/2025,AA,657,11057,1105703,31057,CLT,"Charlotte, NC",North Carolina,12478,1247805,31703,JFK,"New York, NY",New York,1807,1801.0,-6.0,0.0,0.0,-1.0,1800-1859,46.0,1847.0,2015.0,5.0,2000,2020.0,20.0,20.0,1.0,1.0,2000-2059,0,,0,0.0,0.0,20.0,0.0,0.0
12750,2025,1,1,9,4,1/9/2025,AA,657,11057,1105703,31057,CLT,"Charlotte, NC",North Carolina,12478,1247805,31703,JFK,"New York, NY",New York,1807,1827.0,20.0,20.0,1.0,1.0,1800-1859,52.0,1919.0,2045.0,4.0,2000,2049.0,49.0,49.0,1.0,3.0,2000-2059,0,,0,20.0,0.0,29.0,0.0,0.0
12751,2025,1,1,10,5,1/10/2025,AA,657,11057,1105703,31057,CLT,"Charlotte, NC",North Carolina,12478,1247805,31703,JFK,"New York, NY",New York,1807,,,,,,1800-1859,,,,,2000,,,,,,2000-2059,1,B,0,,,,,
12752,2025,1,1,11,6,1/11/2025,AA,657,11057,1105703,31057,CLT,"Charlotte, NC",North Carolina,12478,1247805,31703,JFK,"New York, NY",New York,1806,1808.0,2.0,2.0,0.0,0.0,1800-1859,14.0,1822.0,1940.0,6.0,2000,1946.0,-14.0,0.0,0.0,-1.0,2000-2059,0,,0,,,,,
12753,2025,1,1,12,7,1/12/2025,AA,657,11057,1105703,31057,CLT,"Charlotte, NC",North Carolina,12478,1247805,31703,JFK,"New York, NY",New York,1807,1802.0,-5.0,0.0,0.0,-1.0,1800-1859,16.0,1818.0,1936.0,13.0,2000,1949.0,-11.0,0.0,0.0,-1.0,2000-2059,0,,0,,,,,
12754,2025,1,1,13,1,1/13/2025,AA,657,11057,1105703,31057,CLT,"Charlotte, NC",North Carolina,12478,1247805,31703,JFK,"New York, NY",New York,1807,1801.0,-6.0,0.0,0.0,-1.0,1800-1859,21.0,1822.0,1937.0,14.0,2000,1951.0,-9.0,0.0,0.0,-1.0,2000-2059,0,,0,,,,,
12755,2025,1,1,14,2,1/14/2025,AA,657,11057,1105703,31057,CLT,"Charlotte, NC",North Carolina,12478,1247805,31703,JFK,"New York, NY",New York,1807,1852.0,45.0,45.0,1.0,3.0,1800-1859,21.0,1913.0,2025.0,9.0,2000,2034.0,34.0,34.0,1.0,2.0,2000-2059,0,,0,0.0,0.0,0.0,0.0,34.0
12756,2025,1,1,15,3,1/15/2025,AA,657,11057,1105703,31057,CLT,"Charlotte, NC",North Carolina,12478,1247805,31703,JFK,"New York, NY",New York,1807,1757.0,-10.0,0.0,0.0,-1.0,1800-1859,16.0,1813.0,1933.0,5.0,2000,1938.0,-22.0,0.0,0.0,-2.0,2000-2059,0,,0,,,,,
12757,2025,1,1,16,4,1/16/2025,AA,657,11057,1105703,31057,CLT,"Charlotte, NC",North Carolina,12478,1247805,31703,JFK,"New York, NY",New York,1807,1816.0,9.0,9.0,0.0,0.0,1800-1859,19.0,1835.0,1959.0,17.0,2000,2016.0,16.0,16.0,1.0,1.0,2000-2059,0,,0,9.0,0.0,7.0,0.0,0.0
12758,2025,1,1,17,5,1/17/2025,AA,657,11057,1105703,31057,CLT,"Charlotte, NC",North Carolina,12478,1247805,31703,JFK,"New York, NY",New York,1807,1800.0,-7.0,0.0,0.0,-1.0,1800-1859,17.0,1817.0,1937.0,13.0,2000,1950.0,-10.0,0.0,0.0,-1.0,2000-2059,0,,0,,,,,
12759,2025,1,1,18,6,1/18/2025,AA,657,11057,1105703,31057,CLT,"Charlotte, NC",North Carolina,12478,1247805,31703,JFK,"New York, NY",New York,1806,1800.0,-6.0,0.0,0.0,-1.0,1800-1859,25.0,1825.0,1944.0,11.0,2000,1955.0,-5.0,0.0,0.0,-1.0,2000-2059,0,,0,,,,,
12760,2025,1,1,19,7,1/19/2025,AA,657,11057,1105703,31057,CLT,"Charlotte, NC",North Carolina,12478,1247805,31703,JFK,"New York, NY",New York,1807,1911.0,64.0,64.0,1.0,4.0,1800-1859,22.0,1933.0,,,2000,,,,,,2000-2059,1,B,0,,,,,
12761,2025,1,1,20,1,1/20/2025,AA,657,11057,1105703,31057,CLT,"Charlotte, NC",North Carolina,12478,1247805,31703,JFK,"New York, NY",New York,1807,1807.0,0.0,0.0,0.0,0.0,1800-1859,22.0,1829.0,1943.0,5.0,2000,1948.0,-12.0,0.0,0.0,-1.0,2000-2059,0,,0,,,,,
12762,2025,1,1,21,2,1/21/2025,AA,657,11057,1105703,31057,CLT,"Charlotte, NC",North Carolina,12478,1247805,31703,JFK,"New York, NY",New York,1807,1915.0,68.0,68.0,1.0,4.0,1800-1859,63.0,2018.0,2126.0,6.0,2000,2132.0,92.0,92.0,1.0,6.0,2000-2059,0,,0,0.0,0.0,24.0,0.0,68.0
12763,2025,1,1,22,3,1/22/2025,AA,657,11057,1105703,31057,CLT,"Charlotte, NC",North Carolina,12478,1247805,31703,JFK,"New York, NY",New York,1807,1801.0,-6.0,0.0,0.0,-1.0,1800-1859,22.0,1823.0,1932.0,7.0,2000,1939.0,-21.0,0.0,0.0,-2.0,2000-2059,0,,0,,,,,
12764,2025,1,1,23,4,1/23/2025,AA,657,11057,1105703,31057,CLT,"Charlotte, NC",North Carolina,12478,1247805,31703,JFK,"New York, NY",New York,1807,1804.0,-3.0,0.0,0.0,-1.0,1800-1859,16.0,1820.0,1939.0,15.0,2000,1954.0,-6.0,0.0,0.0,-1.0,2000-2059,0,,0,,,,,
12765,2025,1,1,24,5,1/24/2025,AA,657,11057,1105703,31057,CLT,"Charlotte, NC",North Carolina,12478,1247805,31703,JFK,"New York, NY",New York,1807,2019.0,132.0,132.0,1.0,8.0,1800-1859,10.0,2029.0,2148.0,12.0,2000,2200.0,120.0,120.0,1.0,8.0,2000-2059,0,,0,0.0,0.0,0.0,0.0,120.0
12766,2025,1,1,25,6,1/25/2025,AA,657,11057,1105703,31057,CLT,"Charlotte, NC",North Carolina,12478,1247805,31703,JFK,"New York, NY",New York,1806,1805.0,-1.0,0.0,0.0,-1.0,1800-1859,9.0,1814.0,1937.0,16.0,2000,1953.0,-7.0,0.0,0.0,-1.0,2000-2059,0,,0,,,,,
12767,2025,1,1,26,7,1/26/2025,AA,657,11057,1105703,31057,CLT,"Charlotte, NC",North Carolina,12478,1247805,31703,JFK,"New York, NY",New York,1807,1920.0,73.0,73.0,1.0,4.0,1800-1859,26.0,1946.0,2106.0,11.0,2000,2117.0,77.0,77.0,1.0,5.0,2000-2059,0,,0,0.0,0.0,4.0,28.0,45.0
12768,2025,1,1,27,1,1/27/2025,AA,657,11057,1105703,31057,CLT,"Charlotte, NC",North Carolina,12478,1247805,31703,JFK,"New York, NY",New York,1807,1805.0,-2.0,0.0,0.0,-1.0,1800-1859,14.0,1819.0,1933.0,6.0,2000,1939.0,-21.0,0.0,0.0,-2.0,2000-2059,0,,0,,,,,
12769,2025,1,1,28,2,1/28/2025,AA,657,11057,1105703,31057,CLT,"Charlotte, NC",North Carolina,12478,1247805,31703,JFK,"New York, NY",New York,1807,1758.0,-9.0,0.0,0.0,-1.0,1800-1859,18.0,1816.0,1935.0,4.0,2000,1939.0,-21.0,0.0,0.0,-2.0,2000-2059,0,,0,,,,,
12770,2025,1,1,29,3,1/29/2025,AA,657,11057,1105703,31057,CLT,"Charlotte, NC",North Carolina,12478,1247805,31703,JFK,"New York, NY",New York,1807,1803.0,-4.0,0.0,0.0,-1.0,1800-1859,15.0,1818.0,1939.0,13.0,2000,1952.0,-8.0,0.0,0.0,-1.0,2000-2059,0,,0,,,,,
12771,2025,1,1,30,4,1/30/2025,AA,657,11057,1105703,31057,CLT,"Charlotte, NC",North Carolina,12478,1247805,31703,JFK,"New York, NY",New York,1807,1829.0,22.0,22.0,1.0,1.0,1800-1859,26.0,1855.0,2016.0,10.0,2000,2026.0,26.0,26.0,1.0,1.0,2000-2059,0,,0,0.0,0.0,4.0,0.0,22.0
12772,2025,1,1,31,5,1/31/2025,AA,657,11057,1105703,31057,CLT,"Charlotte, NC",North Carolina,12478,1247805,31703,JFK,"New York, NY",New York,1807,1802.0,-5.0,0.0,0.0,-1.0,1800-1859,12.0,1814.0,1950.0,12.0,2000,2002.0,2.0,2.0,0.0,0.0,2000-2059,0,,0,,,,,
12988,2025,1,1,1,3,1/1/2025,AA,763,11057,1105703,31057,CLT,"Charlotte, NC",North Carolina,10397,1039707,30397,ATL,"Atlanta, GA",Georgia,2025,2133.0,68.0,68.0,1.0,4.0,2000-2059,12.0,2145.0,2228.0,7.0,2142,2235.0,53.0,53.0,1.0,3.0,2100-2159,0,,0,0.0,0.0,0.0,0.0,53.0
12989,2025,1,1,2,4,1/2/2025,AA,763,11057,1105703,31057,CLT,"Charlotte, NC",North Carolina,10397,1039707,30397,ATL,"Atlanta, GA",Georgia,2025,2029.0,4.0,4.0,0.0,0.0,2000-2059,25.0,2054.0,2137.0,7.0,2142,2144.0,2.0,2.0,0.0,0.0,2100-2159,0,,0,,,,,
12990,2025,1,1,3,5,1/3/2025,AA,763,11057,1105703,31057,CLT,"Charlotte, NC",North Carolina,10397,1039707,30397,ATL,"Atlanta, GA",Georgia,2025,2028.0,3.0,3.0,0.0,0.0,2000-2059,16.0,2044.0,2130.0,8.0,2142,2138.0,-4.0,0.0,0.0,-1.0,2100-2159,0,,0,,,,,
12991,2025,1,1,4,6,1/4/2025,AA,763,11057,1105703,31057,CLT,"Charlotte, NC",North Carolina,10397,1039707,30397,ATL,"Atlanta, GA",Georgia,2025,2025.0,0.0,0.0,0.0,0.0,2000-2059,25.0,2050.0,2131.0,8.0,2142,2139.0,-3.0,0.0,0.0,-1.0,2100-2159,0,,0,,,,,
12992,2025,1,1,5,7,1/5/2025,AA,763,11057,1105703,31057,CLT,"Charlotte, NC",North Carolina,10397,1039707,30397,ATL,"Atlanta, GA",Georgia,2025,2020.0,-5.0,0.0,0.0,-1.0,2000-2059,20.0,2040.0,2129.0,8.0,2142,2137.0,-5.0,0.0,0.0,-1.0,2100-2159,0,,0,,,,,
12993,2025,1,1,6,1,1/6/2025,AA,763,11057,1105703,31057,CLT,"Charlotte, NC",North Carolina,10397,1039707,30397,ATL,"Atlanta, GA",Georgia,2025,2023.0,-2.0,0.0,0.0,-1.0,2000-2059,16.0,2039.0,2123.0,7.0,2142,2130.0,-12.0,0.0,0.0,-1.0,2100-2159,0,,0,,,,,
13188,2025,1,1,1,3,1/1/2025,AA,815,11057,1105703,31057,CLT,"Charlotte, NC",North Carolina,13930,1393008,30977,ORD,"Chicago, IL",Illinois,2040,2036.0,-4.0,0.0,0.0,-1.0,2000-2059,29.0,2105.0,2138.0,10.0,2152,2148.0,-4.0,0.0,0.0,-1.0,2100-2159,0,,0,,,,,
13189,2025,1,1,2,4,1/2/2025,AA,815,11057,1105703,31057,CLT,"Charlotte, NC",North Carolina,13930,1393008,30977,ORD,"Chicago, IL",Illinois,2040,2041.0,1.0,1.0,0.0,0.0,2000-2059,29.0,2110.0,2142.0,10.0,2152,2152.0,0.0,0.0,0.0,0.0,2100-2159,0,,0,,,,,
13190,2025,1,1,3,5,1/3/2025,AA,815,11057,1105703,31057,CLT,"Charlotte, NC",North Carolina,13930,1393008,30977,ORD,"Chicago, IL",Illinois,2040,2050.0,10.0,10.0,0.0,0.0,2000-2059,16.0,2106.0,2150.0,10.0,2152,2200.0,8.0,8.0,0.0,0.0,2100-2159,0,,0,,,,,
13191,2025,1,1,4,6,1/4/2025,AA,815,11057,1105703,31057,CLT,"Charlotte, NC",North Carolina,13930,1393008,30977,ORD,"Chicago, IL",Illinois,2045,2048.0,3.0,3.0,0.0,0.0,2000-2059,20.0,2108.0,2143.0,9.0,2157,2152.0,-5.0,0.0,0.0,-1.0,2100-2159,0,,0,,,,,
13192,2025,1,1,5,7,1/5/2025,AA,815,11057,1105703,31057,CLT,"Charlotte, NC",North Carolina,13930,1393008,30977,ORD,"Chicago, IL",Illinois,2040,2041.0,1.0,1.0,0.0,0.0,2000-2059,19.0,2100.0,2137.0,13.0,2152,2150.0,-2.0,0.0,0.0,-1.0,2100-2159,0,,0,,,,,
13193,2025,1,1,6,1,1/6/2025,AA,815,11057,1105703,31057,CLT,"Charlotte, NC",North Carolina,13930,1393008,30977,ORD,"Chicago, IL",Illinois,2040,2115.0,35.0,35.0,1.0,2.0,2000-2059,19.0,2134.0,2203.0,12.0,2152,2215.0,23.0,23.0,1.0,1.0,2100-2159,0,,0,23.0,0.0,0.0,0.0,0.0
13194,2025,1,1,7,2,1/7/2025,AA,815,11057,1105703,31057,CLT,"Charlotte, NC",North Carolina,13930,1393008,30977,ORD,"Chicago, IL",Illinois,2030,2025.0,-5.0,0.0,0.0,-1.0,2000-2059,13.0,2038.0,2109.0,9.0,2142,2118.0,-24.0,0.0,0.0,-2.0,2100-2159,0,,0,,,,,
13195,2025,1,1,8,3,1/8/2025,AA,815,11057,1105703,31057,CLT,"Charlotte, NC",North Carolina,13930,1393008,30977,ORD,"Chicago, IL",Illinois,2030,2109.0,39.0,39.0,1.0,2.0,2000-2059,17.0,2126.0,2201.0,9.0,2142,2210.0,28.0,28.0,1.0,1.0,2100-2159,0,,0,28.0,0.0,0.0,0.0,0.0
13196,2025,1,1,9,4,1/9/2025,AA,815,11057,1105703,31057,CLT,"Charlotte, NC",North Carolina,13930,1393008,30977,ORD,"Chicago, IL",Illinois,2030,2044.0,14.0,14.0,0.0,0.0,2000-2059,15.0,2059.0,2132.0,10.0,2142,2142.0,0.0,0.0,0.0,0.0,2100-2159,0,,0,,,,,
13197,2025,1,1,10,5,1/10/2025,AA,815,11057,1105703,31057,CLT,"Charlotte, NC",North Carolina,13930,1393008,30977,ORD,"Chicago, IL",Illinois,2030,,,,,,2000-2059,,,,,2142,,,,,,2100-2159,1,B,0,,,,,
13198,2025,1,1,11,6,1/11/2025,AA,815,11057,1105703,31057,CLT,"Charlotte, NC",North Carolina,13930,1393008,30977,ORD,"Chicago, IL",Illinois,2030,2023.0,-7.0,0.0,0.0,-1.0,2000-2059,14.0,2037.0,2110.0,9.0,2142,2119.0,-23.0,0.0,0.0,-2.0,2100-2159,0,,0,,,,,
13199,2025,1,1,12,7,1/12/2025,AA,815,11057,1105703,31057,CLT,"Charlotte, NC",North Carolina,13930,1393008,30977,ORD,"Chicago, IL",Illinois,2030,2028.0,-2.0,0.0,0.0,-1.0,2000-2059,16.0,2044.0,2118.0,10.0,2142,2128.0,-14.0,0.0,0.0,-1.0,2100-2159,0,,0,,,,,
13200,2025,1,1,13,1,1/13/2025,AA,815,11057,1105703,31057,CLT,"Charlotte, NC",North Carolina,13930,1393008,30977,ORD,"Chicago, IL",Illinois,2030,2027.0,-3.0,0.0,0.0,-1.0,2000-2059,12.0,2039.0,2112.0,10.0,2142,2122.0,-20.0,0.0,0.0,-2.0,2100-2159,0,,0,,,,,
13201,2025,1,1,14,2,1/14/2025,AA,815,11057,1105703,31057,CLT,"Charlotte, NC",North Carolina,13930,1393008,30977,ORD,"Chicago, IL",Illinois,2030,2027.0,-3.0,0.0,0.0,-1.0,2000-2059,17.0,2044.0,2119.0,7.0,2142,2126.0,-16.0,0.0,0.0,-2.0,2100-2159,0,,0,,,,,
13202,2025,1,1,15,3,1/15/2025,AA,815,11057,1105703,31057,CLT,"Charlotte, NC",North Carolina,13930,1393008,30977,ORD,"Chicago, IL",Illinois,2030,2023.0,-7.0,0.0,0.0,-1.0,2000-2059,11.0,2034.0,2108.0,9.0,2142,2117.0,-25.0,0.0,0.0,-2.0,2100-2159,0,,0,,,,,
13203,2025,1,1,16,4,1/16/2025,AA,815,11057,1105703,31057,CLT,"Charlotte, NC",North Carolina,13930,1393008,30977,ORD,"Chicago, IL",Illinois,2030,2328.0,178.0,178.0,1.0,11.0,2000-2059,17.0,2345.0,20.0,8.0,2142,28.0,166.0,166.0,1.0,11.0,2100-2159,0,,0,50.0,0.0,0.0,0.0,116.0
13204,2025,1,1,17,5,1/17/2025,AA,815,11057,1105703,31057,CLT,"Charlotte, NC",North Carolina,13930,1393008,30977,ORD,"Chicago, IL",Illinois,2030,2030.0,0.0,0.0,0.0,0.0,2000-2059,22.0,2052.0,2117.0,9.0,2142,2126.0,-16.0,0.0,0.0,-2.0,2100-2159,0,,0,,,,,
13205,2025,1,1,18,6,1/18/2025,AA,815,11057,1105703,31057,CLT,"Charlotte, NC",North Carolina,13930,1393008,30977,ORD,"Chicago, IL",Illinois,2030,2025.0,-5.0,0.0,0.0,-1.0,2000-2059,15.0,2040.0,2108.0,11.0,2142,2119.0,-23.0,0.0,0.0,-2.0,2100-2159,0,,0,,,,,
13206,2025,1,1,19,7,1/19/2025,AA,815,11057,1105703,31057,CLT,"Charlotte, NC",North Carolina,13930,1393008,30977,ORD,"Chicago, IL",Illinois,2030,2028.0,-2.0,0.0,0.0,-1.0,2000-2059,13.0,2041.0,2130.0,12.0,2142,2142.0,0.0,0.0,0.0,0.0,2100-2159,0,,0,,,,,
13207,2025,1,1,20,1,1/20/2025,AA,815,11057,1105703,31057,CLT,"Charlotte, NC",North Carolina,13930,1393008,30977,ORD,"Chicago, IL",Illinois,2030,2027.0,-3.0,0.0,0.0,-1.0,2000-2059,18.0,2045.0,2117.0,11.0,2142,2128.0,-14.0,0.0,0.0,-1.0,2100-2159,0,,0,,,,,
13208,2025,1,1,21,2,1/21/2025,AA,815,11057,1105703,31057,CLT,"Charlotte, NC",North Carolina,13930,1393008,30977,ORD,"Chicago, IL",Illinois,2030,2102.0,32.0,32.0,1.0,2.0,2000-2059,96.0,2238.0,2309.0,7.0,2142,2316.0,94.0,94.0,1.0,6.0,2100-2159,0,,0,0.0,32.0,62.0,0.0,0.0
13209,2025,1,1,22,3,1/22/2025,AA,815,11057,1105703,31057,CLT,"Charlotte, NC",North Carolina,13930,1393008,30977,ORD,"Chicago, IL",Illinois,2030,2026.0,-4.0,0.0,0.0,-1.0,2000-2059,18.0,2044.0,2113.0,12.0,2142,2125.0,-17.0,0.0,0.0,-2.0,2100-2159,0,,0,,,,,
13210,2025,1,1,23,4,1/23/2025,AA,815,11057,1105703,31057,CLT,"Charlotte, NC",North Carolina,13930,1393008,30977,ORD,"Chicago, IL",Illinois,2030,2115.0,45.0,45.0,1.0,3.0,2000-2059,17.0,2132.0,2202.0,12.0,2142,2214.0,32.0,32.0,1.0,2.0,2100-2159,0,,0,32.0,0.0,0.0,0.0,0.0
13211,2025,1,1,24,5,1/24/2025,AA,815,11057,1105703,31057,CLT,"Charlotte, NC",North Carolina,13930,1393008,30977,ORD,"Chicago, IL",Illinois,2030,2025.0,-5.0,0.0,0.0,-1.0,2000-2059,15.0,2040.0,2116.0,9.0,2142,2125.0,-17.0,0.0,0.0,-2.0,2100-2159,0,,0,,,,,
13212,2025,1,1,25,6,1/25/2025,AA,815,11057,1105703,31057,CLT,"Charlotte, NC",North Carolina,13930,1393008,30977,ORD,"Chicago, IL",Illinois,2030,2027.0,-3.0,0.0,0.0,-1.0,2000-2059,23.0,2050.0,2126.0,10.0,2142,2136.0,-6.0,0.0,0.0,-1.0,2100-2159,0,,0,,,,,
13213,2025,1,1,26,7,1/26/2025,AA,815,11057,1105703,31057,CLT,"Charlotte, NC",North Carolina,13930,1393008,30977,ORD,"Chicago, IL",Illinois,2030,2027.0,-3.0,0.0,0.0,-1.0,2000-2059,22.0,2049.0,2123.0,8.0,2142,2131.0,-11.0,0.0,0.0,-1.0,2100-2159,0,,0,,,,,
13214,2025,1,1,27,1,1/27/2025,AA,815,11057,1105703,31057,CLT,"Charlotte, NC",North Carolina,13930,1393008,30977,ORD,"Chicago, IL",Illinois,2030,2057.0,27.0,27.0,1.0,1.0,2000-2059,17.0,2114.0,2146.0,8.0,2142,2154.0,12.0,12.0,0.0,0.0,2100-2159,0,,0,,,,,
13215,2025,1,1,28,2,1/28/2025,AA,815,11057,1105703,31057,CLT,"Charlotte, NC",North Carolina,13930,1393008,30977,ORD,"Chicago, IL",Illinois,2030,2023.0,-7.0,0.0,0.0,-1.0,2000-2059,20.0,2043.0,2117.0,11.0,2142,2128.0,-14.0,0.0,0.0,-1.0,2100-2159,0,,0,,,,,
13216,2025,1,1,29,3,1/29/2025,AA,815,11057,1105703,31057,CLT,"Charlotte, NC",North Carolina,13930,1393008,30977,ORD,"Chicago, IL",Illinois,2030,2039.0,9.0,9.0,0.0,0.0,2000-2059,17.0,2056.0,2127.0,9.0,2142,2136.0,-6.0,0.0,0.0,-1.0,2100-2159,0,,0,,,,,
13217,2025,1,1,30,4,1/30/2025,AA,815,11057,1105703,31057,CLT,"Charlotte, NC",North Carolina,13930,1393008,30977,ORD,"Chicago, IL",Illinois,2030,2026.0,-4.0,0.0,0.0,-1.0,2000-2059,21.0,2047.0,2113.0,10.0,2142,2123.0,-19.0,0.0,0.0,-2.0,2100-2159,0,,0,,,,,
13218,2025,1,1,31,5,1/31/2025,AA,815,11057,1105703,31057,CLT,"Charlotte, NC",North Carolina,13930,1393008,30977,ORD,"Chicago, IL",Illinois,2030,2031.0,1.0,1.0,0.0,0.0,2000-2059,15.0,2046.0,2122.0,11.0,2142,2133.0,-9.0,0.0,0.0,-1.0,2100-2159,0,,0,,,,,
13352,2025,1,1,1,3,1/1/2025,AA,866,11057,1105703,31057,CLT,"Charlotte, NC",North Carolina,10397,1039707,30397,ATL,"Atlanta, GA",Georgia,1930,1921.0,-9.0,0.0,0.0,-1.0,1900-1959,19.0,1940.0,2025.0,6.0,2045,2031.0,-14.0,0.0,0.0,-1.0,2000-2059,0,,0,,,,,
13421,2025,1,1,1,3,1/1/2025,AA,981,11057,1105703,31057,CLT,"Charlotte, NC",North Carolina,11292,1129202,30325,DEN,"Denver, CO",Colorado,2131,2236.0,65.0,65.0,1.0,4.0,2100-2159,14.0,2250.0,12.0,19.0,2309,31.0,82.0,82.0,1.0,5.0,2300-2359,0,,0,0.0,0.0,17.0,34.0,31.0
13422,2025,1,1,2,4,1/2/2025,AA,981,11057,1105703,31057,CLT,"Charlotte, NC",North Carolina,11292,1129202,30325,DEN,"Denver, CO",Colorado,2131,2204.0,33.0,33.0,1.0,2.0,2100-2159,11.0,2215.0,2352.0,19.0,2309,11.0,62.0,62.0,1.0,4.0,2300-2359,0,,0,33.0,0.0,29.0,0.0,0.0
13423,2025,1,1,3,5,1/3/2025,AA,981,11057,1105703,31057,CLT,"Charlotte, NC",North Carolina,11292,1129202,30325,DEN,"Denver, CO",Colorado,2131,2125.0,-6.0,0.0,0.0,-1.0,2100-2159,22.0,2147.0,2307.0,8.0,2309,2315.0,6.0,6.0,0.0,0.0,2300-2359,0,,0,,,,,
13424,2025,1,1,4,6,1/4/2025,AA,981,11057,1105703,31057,CLT,"Charlotte, NC",North Carolina,11292,1129202,30325,DEN,"Denver, CO",Colorado,2131,2151.0,20.0,20.0,1.0,1.0,2100-2159,14.0,2205.0,2318.0,10.0,2309,2328.0,19.0,19.0,1.0,1.0,2300-2359,0,,0,0.0,0.0,0.0,19.0,0.0
13425,2025,1,1,5,7,1/5/2025,AA,981,11057,1105703,31057,CLT,"Charlotte, NC",North Carolina,11292,1129202,30325,DEN,"Denver, CO",Colorado,2131,2137.0,6.0,6.0,0.0,0.0,2100-2159,14.0,2151.0,2249.0,9.0,2309,2258.0,-11.0,0.0,0.0,-1.0,2300-2359,0,,0,,,,,
13426,2025,1,1,6,1,1/6/2025,AA,981,11057,1105703,31057,CLT,"Charlotte, NC",North Carolina,11292,1129202,30325,DEN,"Denver, CO",Colorado,2131,528.0,477.0,477.0,1.0,12.0,2100-2159,25.0,553.0,709.0,11.0,2309,720.0,491.0,491.0,1.0,12.0,2300-2359,0,,0,477.0,0.0,14.0,0.0,0.0
13427,2025,1,1,7,2,1/7/2025,AA,981,11057,1105703,31057,CLT,"Charlotte, NC",North Carolina,11292,1129202,30325,DEN,"Denver, CO",Colorado,2120,2113.0,-7.0,0.0,0.0,-1.0,2100-2159,22.0,2135.0,2247.0,8.0,2304,2255.0,-9.0,0.0,0.0,-1.0,2300-2359,0,,0,,,,,
13428,2025,1,1,8,3,1/8/2025,AA,981,11057,1105703,31057,CLT,"Charlotte, NC",North Carolina,11292,1129202,30325,DEN,"Denver, CO",Colorado,2120,2113.0,-7.0,0.0,0.0,-1.0,2100-2159,18.0,2131.0,2236.0,12.0,2304,2248.0,-16.0,0.0,0.0,-2.0,2300-2359,0,,0,,,,,
13429,2025,1,1,9,4,1/9/2025,AA,981,11057,1105703,31057,CLT,"Charlotte, NC",North Carolina,11292,1129202,30325,DEN,"Denver, CO",Colorado,2120,2144.0,24.0,24.0,1.0,1.0,2100-2159,16.0,2200.0,2322.0,10.0,2304,2332.0,28.0,28.0,1.0,1.0,2300-2359,0,,0,0.0,0.0,4.0,24.0,0.0
13430,2025,1,1,11,6,1/11/2025,AA,981,11057,1105703,31057,CLT,"Charlotte, NC",North Carolina,11292,1129202,30325,DEN,"Denver, CO",Colorado,2120,2118.0,-2.0,0.0,0.0,-1.0,2100-2159,14.0,2132.0,2248.0,7.0,2304,2255.0,-9.0,0.0,0.0,-1.0,2300-2359,0,,0,,,,,
13431,2025,1,1,12,7,1/12/2025,AA,981,11057,1105703,31057,CLT,"Charlotte, NC",North Carolina,11292,1129202,30325,DEN,"Denver, CO",Colorado,2120,2111.0,-9.0,0.0,0.0,-1.0,2100-2159,19.0,2130.0,2254.0,6.0,2304,2300.0,-4.0,0.0,0.0,-1.0,2300-2359,0,,0,,,,,
13432,2025,1,1,14,2,1/14/2025,AA,981,11057,1105703,31057,CLT,"Charlotte, NC",North Carolina,11292,1129202,30325,DEN,"Denver, CO",Colorado,2120,2143.0,23.0,23.0,1.0,1.0,2100-2159,15.0,2158.0,2319.0,7.0,2304,2326.0,22.0,22.0,1.0,1.0,2300-2359,0,,0,22.0,0.0,0.0,0.0,0.0
13433,2025,1,1,15,3,1/15/2025,AA,981,11057,1105703,31057,CLT,"Charlotte, NC",North Carolina,11292,1129202,30325,DEN,"Denver, CO",Colorado,2120,2110.0,-10.0,0.0,0.0,-1.0,2100-2159,13.0,2123.0,2230.0,6.0,2304,2236.0,-28.0,0.0,0.0,-2.0,2300-2359,0,,0,,,,,
13434,2025,1,1,16,4,1/16/2025,AA,981,11057,1105703,31057,CLT,"Charlotte, NC",North Carolina,11292,1129202,30325,DEN,"Denver, CO",Colorado,2120,2143.0,23.0,23.0,1.0,1.0,2100-2159,18.0,2201.0,2313.0,7.0,2304,2320.0,16.0,16.0,1.0,1.0,2300-2359,0,,0,9.0,0.0,0.0,0.0,7.0
13435,2025,1,1,18,6,1/18/2025,AA,981,11057,1105703,31057,CLT,"Charlotte, NC",North Carolina,11292,1129202,30325,DEN,"Denver, CO",Colorado,2120,2119.0,-1.0,0.0,0.0,-1.0,2100-2159,16.0,2135.0,2249.0,8.0,2304,2257.0,-7.0,0.0,0.0,-1.0,2300-2359,0,,0,,,,,
13436,2025,1,1,19,7,1/19/2025,AA,981,11057,1105703,31057,CLT,"Charlotte, NC",North Carolina,11292,1129202,30325,DEN,"Denver, CO",Colorado,2120,2118.0,-2.0,0.0,0.0,-1.0,2100-2159,19.0,2137.0,2253.0,8.0,2304,2301.0,-3.0,0.0,0.0,-1.0,2300-2359,0,,0,,,,,
13437,2025,1,1,21,2,1/21/2025,AA,981,11057,1105703,31057,CLT,"Charlotte, NC",North Carolina,11292,1129202,30325,DEN,"Denver, CO",Colorado,2120,2116.0,-4.0,0.0,0.0,-1.0,2100-2159,99.0,2255.0,8.0,9.0,2304,17.0,73.0,73.0,1.0,4.0,2300-2359,0,,0,0.0,0.0,73.0,0.0,0.0
13438,2025,1,1,22,3,1/22/2025,AA,981,11057,1105703,31057,CLT,"Charlotte, NC",North Carolina,11292,1129202,30325,DEN,"Denver, CO",Colorado,2120,2107.0,-13.0,0.0,0.0,-1.0,2100-2159,17.0,2124.0,2233.0,6.0,2304,2239.0,-25.0,0.0,0.0,-2.0,2300-2359,0,,0,,,,,
13439,2025,1,1,23,4,1/23/2025,AA,981,11057,1105703,31057,CLT,"Charlotte, NC",North Carolina,11292,1129202,30325,DEN,"Denver, CO",Colorado,2120,2138.0,18.0,18.0,1.0,1.0,2100-2159,17.0,2155.0,2305.0,11.0,2304,2316.0,12.0,12.0,0.0,0.0,2300-2359,0,,0,,,,,
13440,2025,1,1,25,6,1/25/2025,AA,981,11057,1105703,31057,CLT,"Charlotte, NC",North Carolina,11292,1129202,30325,DEN,"Denver, CO",Colorado,2120,2224.0,64.0,64.0,1.0,4.0,2100-2159,20.0,2244.0,12.0,10.0,2304,22.0,78.0,78.0,1.0,5.0,2300-2359,0,,0,64.0,0.0,14.0,0.0,0.0
13441,2025,1,1,26,7,1/26/2025,AA,981,11057,1105703,31057,CLT,"Charlotte, NC",North Carolina,11292,1129202,30325,DEN,"Denver, CO",Colorado,2120,2139.0,19.0,19.0,1.0,1.0,2100-2159,27.0,2206.0,2323.0,8.0,2304,2331.0,27.0,27.0,1.0,1.0,2300-2359,0,,0,19.0,0.0,8.0,0.0,0.0
13442,2025,1,1,28,2,1/28/2025,AA,981,11057,1105703,31057,CLT,"Charlotte, NC",North Carolina,11292,1129202,30325,DEN,"Denver, CO",Colorado,2120,2112.0,-8.0,0.0,0.0,-1.0,2100-2159,26.0,2138.0,2248.0,17.0,2304,2305.0,1.0,1.0,0.0,0.0,2300-2359,0,,0,,,,,
13443,2025,1,1,29,3,1/29/2025,AA,981,11057,1105703,31057,CLT,"Charlotte, NC",North Carolina,11292,1129202,30325,DEN,"Denver, CO",Colorado,2120,2112.0,-8.0,0.0,0.0,-1.0,2100-2159,19.0,2131.0,2243.0,7.0,2304,2250.0,-14.0,0.0,0.0,-1.0,2300-2359,0,,0,,,,,
13444,2025,1,1,30,4,1/30/2025,AA,981,11057,1105703,31057,CLT,"Charlotte, NC",North Carolina,11292,1129202,30325,DEN,"Denver, CO",Colorado,2120,2113.0,-7.0,0.0,0.0,-1.0,2100-2159,15.0,2128.0,2245.0,7.0,2304,2252.0,-12.0,0.0,0.0,-1.0,2300-2359,0,,0,,,,,
13445,2025,1,1,7,2,1/7/2025,AA,986,11057,1105703,31057,CLT,"Charlotte, NC",North Carolina,11298,1129806,30194,DFW,"Dallas/Fort Worth, TX",Texas,1335,1330.0,-5.0,0.0,0.0,-1.0,1300-1359,13.0,1343.0,1512.0,14.0,1534,1526.0,-8.0,0.0,0.0,-1.0,1500-1559,0,,0,,,,,
13446,2025,1,1,8,3,1/8/2025,AA,986,11057,1105703,31057,CLT,"Charlotte, NC",North Carolina,11298,1129806,30194,DFW,"Dallas/Fort Worth, TX",Texas,1335,1337.0,2.0,2.0,0.0,0.0,1300-1359,16.0,1353.0,1543.0,9.0,1534,1552.0,18.0,18.0,1.0,1.0,1500-1559,0,,0,2.0,0.0,16.0,0.0,0.0
13447,2025,1,1,9,4,1/9/2025,AA,986,11057,1105703,31057,CLT,"Charlotte, NC",North Carolina,11298,1129806,30194,DFW,"Dallas/Fort Worth, TX",Texas,1335,,,,,,1300-1359,,,,,1534,,,,,,1500-1559,1,B,0,,,,,
13448,2025,1,1,10,5,1/10/2025,AA,986,11057,1105703,31057,CLT,"Charlotte, NC",North Carolina,11298,1129806,30194,DFW,"Dallas/Fort Worth, TX",Texas,1335,1334.0,-1.0,0.0,0.0,-1.0,1300-1359,50.0,1424.0,1610.0,7.0,1534,1617.0,43.0,43.0,1.0,2.0,1500-1559,0,,0,0.0,0.0,43.0,0.0,0.0
13449,2025,1,1,11,6,1/11/2025,AA,986,11057,1105703,31057,CLT,"Charlotte, NC",North Carolina,11298,1129806,30194,DFW,"Dallas/Fort Worth, TX",Texas,1335,1330.0,-5.0,0.0,0.0,-1.0,1300-1359,12.0,1342.0,1456.0,4.0,1534,1500.0,-34.0,0.0,0.0,-2.0,1500-1559,0,,0,,,,,
13450,2025,1,1,12,7,1/12/2025,AA,986,11057,1105703,31057,CLT,"Charlotte, NC",North Carolina,11298,1129806,30194,DFW,"Dallas/Fort Worth, TX",Texas,1335,1330.0,-5.0,0.0,0.0,-1.0,1300-1359,16.0,1346.0,1522.0,14.0,1534,1536.0,2.0,2.0,0.0,0.0,1500-1559,0,,0,,,,,
13451,2025,1,1,13,1,1/13/2025,AA,986,11057,1105703,31057,CLT,"Charlotte, NC",North Carolina,11298,1129806,30194,DFW,"Dallas/Fort Worth, TX",Texas,1335,1333.0,-2.0,0.0,0.0,-1.0,1300-1359,15.0,1348.0,1517.0,13.0,1534,1530.0,-4.0,0.0,0.0,-1.0,1500-1559,0,,0,,,,,
13452,2025,1,1,14,2,1/14/2025,AA,986,11057,1105703,31057,CLT,"Charlotte, NC",North Carolina,11298,1129806,30194,DFW,"Dallas/Fort Worth, TX",Texas,1335,1331.0,-4.0,0.0,0.0,-1.0,1300-1359,16.0,1347.0,1518.0,13.0,1534,1531.0,-3.0,0.0,0.0,-1.0,1500-1559,0,,0,,,,,
13453,2025,1,1,15,3,1/15/2025,AA,986,11057,1105703,31057,CLT,"Charlotte, NC",North Carolina,11298,1129806,30194,DFW,"Dallas/Fort Worth, TX",Texas,1335,1334.0,-1.0,0.0,0.0,-1.0,1300-1359,17.0,1351.0,1536.0,15.0,1534,1551.0,17.0,17.0,1.0,1.0,1500-1559,0,,0,0.0,0.0,17.0,0.0,0.0
13454,2025,1,1,16,4,1/16/2025,AA,986,11057,1105703,31057,CLT,"Charlotte, NC",North Carolina,11298,1129806,30194,DFW,"Dallas/Fort Worth, TX",Texas,1335,1331.0,-4.0,0.0,0.0,-1.0,1300-1359,25.0,1356.0,1526.0,4.0,1534,1530.0,-4.0,0.0,0.0,-1.0,1500-1559,0,,0,,,,,
13455,2025,1,1,17,5,1/17/2025,AA,986,11057,1105703,31057,CLT,"Charlotte, NC",North Carolina,11298,1129806,30194,DFW,"Dallas/Fort Worth, TX",Texas,1335,1407.0,32.0,32.0,1.0,2.0,1300-1359,9.0,1416.0,1547.0,7.0,1534,1554.0,20.0,20.0,1.0,1.0,1500-1559,0,,0,20.0,0.0,0.0,0.0,0.0
13456,2025,1,1,18,6,1/18/2025,AA,986,11057,1105703,31057,CLT,"Charlotte, NC",North Carolina,11298,1129806,30194,DFW,"Dallas/Fort Worth, TX",Texas,1335,1331.0,-4.0,0.0,0.0,-1.0,1300-1359,9.0,1340.0,1504.0,12.0,1534,1516.0,-18.0,0.0,0.0,-2.0,1500-1559,0,,0,,,,,
13457,2025,1,1,19,7,1/19/2025,AA,986,11057,1105703,31057,CLT,"Charlotte, NC",North Carolina,11298,1129806,30194,DFW,"Dallas/Fort Worth, TX",Texas,1335,1330.0,-5.0,0.0,0.0,-1.0,1300-1359,14.0,1344.0,1521.0,16.0,1534,1537.0,3.0,3.0,0.0,0.0,1500-1559,0,,0,,,,,
13458,2025,1,1,20,1,1/20/2025,AA,986,11057,1105703,31057,CLT,"Charlotte, NC",North Carolina,11298,1129806,30194,DFW,"Dallas/Fort Worth, TX",Texas,1335,1334.0,-1.0,0.0,0.0,-1.0,1300-1359,14.0,1348.0,1538.0,7.0,1534,1545.0,11.0,11.0,0.0,0.0,1500-1559,0,,0,,,,,
13459,2025,1,1,21,2,1/21/2025,AA,986,11057,1105703,31057,CLT,"Charlotte, NC",North Carolina,11298,1129806,30194,DFW,"Dallas/Fort Worth, TX",Texas,1335,1337.0,2.0,2.0,0.0,0.0,1300-1359,13.0,1350.0,1522.0,15.0,1534,1537.0,3.0,3.0,0.0,0.0,1500-1559,0,,0,,,,,
13460,2025,1,1,22,3,1/22/2025,AA,986,11057,1105703,31057,CLT,"Charlotte, NC",North Carolina,11298,1129806,30194,DFW,"Dallas/Fort Worth, TX",Texas,1335,1338.0,3.0,3.0,0.0,0.0,1300-1359,18.0,1356.0,1526.0,16.0,1534,1542.0,8.0,8.0,0.0,0.0,1500-1559,0,,0,,,,,
13461,2025,1,1,23,4,1/23/2025,AA,986,11057,1105703,31057,CLT,"Charlotte, NC",North Carolina,11298,1129806,30194,DFW,"Dallas/Fort Worth, TX",Texas,1335,1336.0,1.0,1.0,0.0,0.0,1300-1359,12.0,1348.0,1529.0,15.0,1534,1544.0,10.0,10.0,0.0,0.0,1500-1559,0,,0,,,,,
13462,2025,1,1,24,5,1/24/2025,AA,986,11057,1105703,31057,CLT,"Charlotte, NC",North Carolina,11298,1129806,30194,DFW,"Dallas/Fort Worth, TX",Texas,1335,1335.0,0.0,0.0,0.0,0.0,1300-1359,14.0,1349.0,1510.0,13.0,1534,1523.0,-11.0,0.0,0.0,-1.0,1500-1559,0,,0,,,,,
13463,2025,1,1,25,6,1/25/2025,AA,986,11057,1105703,31057,CLT,"Charlotte, NC",North Carolina,11298,1129806,30194,DFW,"Dallas/Fort Worth, TX",Texas,1335,1331.0,-4.0,0.0,0.0,-1.0,1300-1359,11.0,1342.0,1505.0,11.0,1534,1516.0,-18.0,0.0,0.0,-2.0,1500-1559,0,,0,,,,,
13464,2025,1,1,26,7,1/26/2025,AA,986,11057,1105703,31057,CLT,"Charlotte, NC",North Carolina,11298,1129806,30194,DFW,"Dallas/Fort Worth, TX",Texas,1335,1331.0,-4.0,0.0,0.0,-1.0,1300-1359,11.0,1342.0,1523.0,16.0,1534,1539.0,5.0,5.0,0.0,0.0,1500-1559,0,,0,,,,,
13465,2025,1,1,27,1,1/27/2025,AA,986,11057,1105703,31057,CLT,"Charlotte, NC",North Carolina,11298,1129806,30194,DFW,"Dallas/Fort Worth, TX",Texas,1335,1342.0,7.0,7.0,0.0,0.0,1300-1359,19.0,1401.0,1532.0,14.0,1534,1546.0,12.0,12.0,0.0,0.0,1500-1559,0,,0,,,,,
13466,2025,1,1,28,2,1/28/2025,AA,986,11057,1105703,31057,CLT,"Charlotte, NC",North Carolina,11298,1129806,30194,DFW,"Dallas/Fort Worth, TX",Texas,1335,1334.0,-1.0,0.0,0.0,-1.0,1300-1359,12.0,1346.0,1524.0,12.0,1534,1536.0,2.0,2.0,0.0,0.0,1500-1559,0,,0,,,,,
13467,2025,1,1,29,3,1/29/2025,AA,986,11057,1105703,31057,CLT,"Charlotte, NC",North Carolina,11298,1129806,30194,DFW,"Dallas/Fort Worth, TX",Texas,1335,1331.0,-4.0,0.0,0.0,-1.0,1300-1359,14.0,1345.0,1518.0,12.0,1534,1530.0,-4.0,0.0,0.0,-1.0,1500-1559,0,,0,,,,,
13468,2025,1,1,30,4,1/30/2025,AA,986,11057,1105703,31057,CLT,"Charlotte, NC",North Carolina,11298,1129806,30194,DFW,"Dallas/Fort Worth, TX",Texas,1335,1337.0,2.0,2.0,0.0,0.0,1300-1359,18.0,1355.0,1516.0,18.0,1534,1534.0,0.0,0.0,0.0,0.0,1500-1559,0,,0,,,,,
13469,2025,1,1,31,5,1/31/2025,AA,986,11057,1105703,31057,CLT,"Charlotte, NC",North Carolina,11298,1129806,30194,DFW,"Dallas/Fort Worth, TX",Texas,1335,1341.0,6.0,6.0,0.0,0.0,1300-1359,14.0,1355.0,1536.0,14.0,1534,1550.0,16.0,16.0,1.0,1.0,1500-1559,0,,0,6.0,0.0,10.0,0.0,0.0
13724,2025,1,1,1,3,1/1/2025,AA,1043,11057,1105703,31057,CLT,"Charlotte, NC",North Carolina,14576,1457607,34576,ROC,"Rochester, NY",New York,2240,2236.0,-4.0,0.0,0.0,-1.0,2200-2259,15.0,2251.0,9.0,6.0,28,15.0,-13.0,0.0,0.0,-1.0,0001-0559,0,,0,,,,,
13725,2025,1,1,2,4,1/2/2025,AA,1043,11057,1105703,31057,CLT,"Charlotte, NC",North Carolina,14576,1457607,34576,ROC,"Rochester, NY",New York,2240,2237.0,-3.0,0.0,0.0,-1.0,2200-2259,13.0,2250.0,8.0,3.0,28,11.0,-17.0,0.0,0.0,-2.0,0001-0559,0,,0,,,,,
13726,2025,1,1,3,5,1/3/2025,AA,1043,11057,1105703,31057,CLT,"Charlotte, NC",North Carolina,14576,1457607,34576,ROC,"Rochester, NY",New York,2240,2241.0,1.0,1.0,0.0,0.0,2200-2259,14.0,2255.0,20.0,3.0,28,23.0,-5.0,0.0,0.0,-1.0,0001-0559,0,,0,,,,,
13727,2025,1,1,4,6,1/4/2025,AA,1043,11057,1105703,31057,CLT,"Charlotte, NC",North Carolina,14576,1457607,34576,ROC,"Rochester, NY",New York,2240,2238.0,-2.0,0.0,0.0,-1.0,2200-2259,14.0,2252.0,18.0,5.0,28,23.0,-5.0,0.0,0.0,-1.0,0001-0559,0,,0,,,,,
13728,2025,1,1,5,7,1/5/2025,AA,1043,11057,1105703,31057,CLT,"Charlotte, NC",North Carolina,14576,1457607,34576,ROC,"Rochester, NY",New York,2240,2245.0,5.0,5.0,0.0,0.0,2200-2259,19.0,2304.0,18.0,3.0,28,21.0,-7.0,0.0,0.0,-1.0,0001-0559,0,,0,,,,,
13729,2025,1,1,6,1,1/6/2025,AA,1043,11057,1105703,31057,CLT,"Charlotte, NC",North Carolina,14576,1457607,34576,ROC,"Rochester, NY",New York,2240,2323.0,43.0,43.0,1.0,2.0,2200-2259,22.0,2345.0,100.0,4.0,28,104.0,36.0,36.0,1.0,2.0,0001-0559,0,,0,0.0,0.0,0.0,0.0,36.0
13730,2025,1,1,7,2,1/7/2025,AA,1043,11057,1105703,31057,CLT,"Charlotte, NC",North Carolina,14576,1457607,34576,ROC,"Rochester, NY",New York,2045,2041.0,-4.0,0.0,0.0,-1.0,2000-2059,16.0,2057.0,2211.0,3.0,2238,2214.0,-24.0,0.0,0.0,-2.0,2200-2259,0,,0,,,,,
13731,2025,1,1,8,3,1/8/2025,AA,1043,11057,1105703,31057,CLT,"Charlotte, NC",North Carolina,14576,1457607,34576,ROC,"Rochester, NY",New York,2045,2034.0,-11.0,0.0,0.0,-1.0,2000-2059,18.0,2052.0,2215.0,7.0,2238,2222.0,-16.0,0.0,0.0,-2.0,2200-2259,0,,0,,,,,
13732,2025,1,1,9,4,1/9/2025,AA,1043,11057,1105703,31057,CLT,"Charlotte, NC",North Carolina,14576,1457607,34576,ROC,"Rochester, NY",New York,2045,2041.0,-4.0,0.0,0.0,-1.0,2000-2059,15.0,2056.0,2221.0,7.0,2238,2228.0,-10.0,0.0,0.0,-1.0,2200-2259,0,,0,,,,,
13733,2025,1,1,10,5,1/10/2025,AA,1043,11057,1105703,31057,CLT,"Charlotte, NC",North Carolina,14576,1457607,34576,ROC,"Rochester, NY",New York,2045,,,,,,2000-2059,,,,,2238,,,,,,2200-2259,1,B,0,,,,,
13734,2025,1,1,11,6,1/11/2025,AA,1043,11057,1105703,31057,CLT,"Charlotte, NC",North Carolina,14576,1457607,34576,ROC,"Rochester, NY",New York,2045,2038.0,-7.0,0.0,0.0,-1.0,2000-2059,22.0,2100.0,2221.0,8.0,2238,2229.0,-9.0,0.0,0.0,-1.0,2200-2259,0,,0,,,,,
13735,2025,1,1,12,7,1/12/2025,AA,1043,11057,1105703,31057,CLT,"Charlotte, NC",North Carolina,14576,1457607,34576,ROC,"Rochester, NY",New York,2045,2046.0,1.0,1.0,0.0,0.0,2000-2059,30.0,2116.0,2235.0,6.0,2238,2241.0,3.0,3.0,0.0,0.0,2200-2259,0,,0,,,,,
13736,2025,1,1,13,1,1/13/2025,AA,1043,11057,1105703,31057,CLT,"Charlotte, NC",North Carolina,14576,1457607,34576,ROC,"Rochester, NY",New York,2045,2041.0,-4.0,0.0,0.0,-1.0,2000-2059,14.0,2055.0,2210.0,7.0,2238,2217.0,-21.0,0.0,0.0,-2.0,2200-2259,0,,0,,,,,
13737,2025,1,1,14,2,1/14/2025,AA,1043,11057,1105703,31057,CLT,"Charlotte, NC",North Carolina,14576,1457607,34576,ROC,"Rochester, NY",New York,2045,2039.0,-6.0,0.0,0.0,-1.0,2000-2059,20.0,2059.0,2220.0,6.0,2238,2226.0,-12.0,0.0,0.0,-1.0,2200-2259,0,,0,,,,,
13738,2025,1,1,15,3,1/15/2025,AA,1043,11057,1105703,31057,CLT,"Charlotte, NC",North Carolina,14576,1457607,34576,ROC,"Rochester, NY",New York,2045,2037.0,-8.0,0.0,0.0,-1.0,2000-2059,20.0,2057.0,2219.0,6.0,2238,2225.0,-13.0,0.0,0.0,-1.0,2200-2259,0,,0,,,,,
13739,2025,1,1,16,4,1/16/2025,AA,1043,11057,1105703,31057,CLT,"Charlotte, NC",North Carolina,14576,1457607,34576,ROC,"Rochester, NY",New York,2045,2039.0,-6.0,0.0,0.0,-1.0,2000-2059,19.0,2058.0,2227.0,6.0,2238,2233.0,-5.0,0.0,0.0,-1.0,2200-2259,0,,0,,,,,
13740,2025,1,1,17,5,1/17/2025,AA,1043,11057,1105703,31057,CLT,"Charlotte, NC",North Carolina,14576,1457607,34576,ROC,"Rochester, NY",New York,2045,2042.0,-3.0,0.0,0.0,-1.0,2000-2059,17.0,2059.0,2221.0,6.0,2238,2227.0,-11.0,0.0,0.0,-1.0,2200-2259,0,,0,,,,,
13741,2025,1,1,18,6,1/18/2025,AA,1043,11057,1105703,31057,CLT,"Charlotte, NC",North Carolina,14576,1457607,34576,ROC,"Rochester, NY",New York,2045,2039.0,-6.0,0.0,0.0,-1.0,2000-2059,26.0,2105.0,2217.0,4.0,2238,2221.0,-17.0,0.0,0.0,-2.0,2200-2259,0,,0,,,,,
13742,2025,1,1,19,7,1/19/2025,AA,1043,11057,1105703,31057,CLT,"Charlotte, NC",North Carolina,14576,1457607,34576,ROC,"Rochester, NY",New York,2045,2120.0,35.0,35.0,1.0,2.0,2000-2059,15.0,2135.0,2242.0,5.0,2238,2247.0,9.0,9.0,0.0,0.0,2200-2259,0,,0,,,,,
13743,2025,1,1,20,1,1/20/2025,AA,1043,11057,1105703,31057,CLT,"Charlotte, NC",North Carolina,14576,1457607,34576,ROC,"Rochester, NY",New York,2045,2038.0,-7.0,0.0,0.0,-1.0,2000-2059,17.0,2055.0,2208.0,6.0,2238,2214.0,-24.0,0.0,0.0,-2.0,2200-2259,0,,0,,,,,
13744,2025,1,1,21,2,1/21/2025,AA,1043,11057,1105703,31057,CLT,"Charlotte, NC",North Carolina,14576,1457607,34576,ROC,"Rochester, NY",New York,2045,2132.0,47.0,47.0,1.0,3.0,2000-2059,92.0,2304.0,21.0,9.0,2238,30.0,112.0,112.0,1.0,7.0,2200-2259,0,,0,0.0,47.0,65.0,0.0,0.0
13745,2025,1,1,22,3,1/22/2025,AA,1043,11057,1105703,31057,CLT,"Charlotte, NC",North Carolina,14576,1457607,34576,ROC,"Rochester, NY",New York,2045,2041.0,-4.0,0.0,0.0,-1.0,2000-2059,24.0,2105.0,2224.0,8.0,2238,2232.0,-6.0,0.0,0.0,-1.0,2200-2259,0,,0,,,,,
13746,2025,1,1,23,4,1/23/2025,AA,1043,11057,1105703,31057,CLT,"Charlotte, NC",North Carolina,14576,1457607,34576,ROC,"Rochester, NY",New York,2045,2040.0,-5.0,0.0,0.0,-1.0,2000-2059,19.0,2059.0,2215.0,7.0,2238,2222.0,-16.0,0.0,0.0,-2.0,2200-2259,0,,0,,,,,
13747,2025,1,1,24,5,1/24/2025,AA,1043,11057,1105703,31057,CLT,"Charlotte, NC",North Carolina,14576,1457607,34576,ROC,"Rochester, NY",New York,2045,2049.0,4.0,4.0,0.0,0.0,2000-2059,17.0,2106.0,2230.0,6.0,2238,2236.0,-2.0,0.0,0.0,-1.0,2200-2259,0,,0,,,,,
13748,2025,1,1,25,6,1/25/2025,AA,1043,11057,1105703,31057,CLT,"Charlotte, NC",North Carolina,14576,1457607,34576,ROC,"Rochester, NY",New York,2045,2046.0,1.0,1.0,0.0,0.0,2000-2059,30.0,2116.0,2234.0,4.0,2238,2238.0,0.0,0.0,0.0,0.0,2200-2259,0,,0,,,,,
13749,2025,1,1,26,7,1/26/2025,AA,1043,11057,1105703,31057,CLT,"Charlotte, NC",North Carolina,14576,1457607,34576,ROC,"Rochester, NY",New York,2045,2039.0,-6.0,0.0,0.0,-1.0,2000-2059,21.0,2100.0,2224.0,10.0,2238,2234.0,-4.0,0.0,0.0,-1.0,2200-2259,0,,0,,,,,
13750,2025,1,1,27,1,1/27/2025,AA,1043,11057,1105703,31057,CLT,"Charlotte, NC",North Carolina,14576,1457607,34576,ROC,"Rochester, NY",New York,2045,2143.0,58.0,58.0,1.0,3.0,2000-2059,12.0,2155.0,2317.0,7.0,2238,2324.0,46.0,46.0,1.0,3.0,2200-2259,0,,0,46.0,0.0,0.0,0.0,0.0
13751,2025,1,1,28,2,1/28/2025,AA,1043,11057,1105703,31057,CLT,"Charlotte, NC",North Carolina,14576,1457607,34576,ROC,"Rochester, NY",New York,2045,2040.0,-5.0,0.0,0.0,-1.0,2000-2059,29.0,2109.0,2239.0,8.0,2238,2247.0,9.0,9.0,0.0,0.0,2200-2259,0,,0,,,,,
13752,2025,1,1,29,3,1/29/2025,AA,1043,11057,1105703,31057,CLT,"Charlotte, NC",North Carolina,14576,1457607,34576,ROC,"Rochester, NY",New York,2045,2040.0,-5.0,0.0,0.0,-1.0,2000-2059,13.0,2053.0,2214.0,4.0,2238,2218.0,-20.0,0.0,0.0,-2.0,2200-2259,0,,0,,,,,
13753,2025,1,1,30,4,1/30/2025,AA,1043,11057,1105703,31057,CLT,"Charlotte, NC",North Carolina,14576,1457607,34576,ROC,"Rochester, NY",New York,2045,2228.0,103.0,103.0,1.0,6.0,2000-2059,17.0,2245.0,5.0,7.0,2238,12.0,94.0,94.0,1.0,6.0,2200-2259,0,,0,0.0,0.0,0.0,0.0,94.0
13754,2025,1,1,31,5,1/31/2025,AA,1043,11057,1105703,31057,CLT,"Charlotte, NC",North Carolina,14576,1457607,34576,ROC,"Rochester, NY",New York,2045,2041.0,-4.0,0.0,0.0,-1.0,2000-2059,18.0,2059.0,2211.0,4.0,2238,2215.0,-23.0,0.0,0.0,-2.0,2200-2259,0,,0,,,,,
13789,2025,1,1,1,3,1/1/2025,AA,2255,11057,1105703,31057,CLT,"Charlotte, NC",North Carolina,11292,1129202,30325,DEN,"Denver, CO",Colorado,1128,1121.0,-7.0,0.0,0.0,-1.0,1100-1159,23.0,1144.0,1309.0,9.0,1320,1318.0,-2.0,0.0,0.0,-1.0,1300-1359,0,,0,,,,,
13790,2025,1,1,2,4,1/2/2025,AA,2255,11057,1105703,31057,CLT,"Charlotte, NC",North Carolina,11292,1129202,30325,DEN,"Denver, CO",Colorado,1128,1122.0,-6.0,0.0,0.0,-1.0,1100-1159,22.0,1144.0,1311.0,8.0,1320,1319.0,-1.0,0.0,0.0,-1.0,1300-1359,0,,0,,,,,
13791,2025,1,1,3,5,1/3/2025,AA,2255,11057,1105703,31057,CLT,"Charlotte, NC",North Carolina,11292,1129202,30325,DEN,"Denver, CO",Colorado,1128,1122.0,-6.0,0.0,0.0,-1.0,1100-1159,15.0,1137.0,1305.0,11.0,1320,1316.0,-4.0,0.0,0.0,-1.0,1300-1359,0,,0,,,,,
13792,2025,1,1,4,6,1/4/2025,AA,2255,11057,1105703,31057,CLT,"Charlotte, NC",North Carolina,11292,1129202,30325,DEN,"Denver, CO",Colorado,1128,1130.0,2.0,2.0,0.0,0.0,1100-1159,19.0,1149.0,1300.0,8.0,1320,1308.0,-12.0,0.0,0.0,-1.0,1300-1359,0,,0,,,,,
13793,2025,1,1,5,7,1/5/2025,AA,2255,11057,1105703,31057,CLT,"Charlotte, NC",North Carolina,11292,1129202,30325,DEN,"Denver, CO",Colorado,1128,1122.0,-6.0,0.0,0.0,-1.0,1100-1159,24.0,1146.0,1302.0,9.0,1320,1311.0,-9.0,0.0,0.0,-1.0,1300-1359,0,,0,,,,,
13794,2025,1,1,6,1,1/6/2025,AA,2255,11057,1105703,31057,CLT,"Charlotte, NC",North Carolina,11292,1129202,30325,DEN,"Denver, CO",Colorado,1128,1127.0,-1.0,0.0,0.0,-1.0,1100-1159,20.0,1147.0,1259.0,9.0,1320,1308.0,-12.0,0.0,0.0,-1.0,1300-1359,0,,0,,,,,
13862,2025,1,1,1,3,1/1/2025,AA,2279,11057,1105703,31057,CLT,"Charlotte, NC",North Carolina,13930,1393008,30977,ORD,"Chicago, IL",Illinois,1101,1056.0,-5.0,0.0,0.0,-1.0,1100-1159,15.0,1111.0,1145.0,7.0,1212,1152.0,-20.0,0.0,0.0,-2.0,1200-1259,0,,0,,,,,
13863,2025,1,1,2,4,1/2/2025,AA,2279,11057,1105703,31057,CLT,"Charlotte, NC",North Carolina,13930,1393008,30977,ORD,"Chicago, IL",Illinois,1101,1100.0,-1.0,0.0,0.0,-1.0,1100-1159,13.0,1113.0,1149.0,7.0,1212,1156.0,-16.0,0.0,0.0,-2.0,1200-1259,0,,0,,,,,
13864,2025,1,1,3,5,1/3/2025,AA,2279,11057,1105703,31057,CLT,"Charlotte, NC",North Carolina,13930,1393008,30977,ORD,"Chicago, IL",Illinois,1101,1058.0,-3.0,0.0,0.0,-1.0,1100-1159,15.0,1113.0,1154.0,8.0,1212,1202.0,-10.0,0.0,0.0,-1.0,1200-1259,0,,0,,,,,
13865,2025,1,1,4,6,1/4/2025,AA,2279,11057,1105703,31057,CLT,"Charlotte, NC",North Carolina,13930,1393008,30977,ORD,"Chicago, IL",Illinois,1059,1055.0,-4.0,0.0,0.0,-1.0,1000-1059,19.0,1114.0,1204.0,8.0,1207,1212.0,5.0,5.0,0.0,0.0,1200-1259,0,,0,,,,,
13866,2025,1,1,5,7,1/5/2025,AA,2279,11057,1105703,31057,CLT,"Charlotte, NC",North Carolina,13930,1393008,30977,ORD,"Chicago, IL",Illinois,1101,1059.0,-2.0,0.0,0.0,-1.0,1100-1159,16.0,1115.0,1150.0,10.0,1212,1200.0,-12.0,0.0,0.0,-1.0,1200-1259,0,,0,,,,,
13867,2025,1,1,6,1,1/6/2025,AA,2279,11057,1105703,31057,CLT,"Charlotte, NC",North Carolina,13930,1393008,30977,ORD,"Chicago, IL",Illinois,1101,1134.0,33.0,33.0,1.0,2.0,1100-1159,29.0,1203.0,1240.0,16.0,1212,1256.0,44.0,44.0,1.0,2.0,1200-1259,0,,0,0.0,0.0,44.0,0.0,0.0
13868,2025,1,1,7,2,1/7/2025,AA,2279,11057,1105703,31057,CLT,"Charlotte, NC",North Carolina,13930,1393008,30977,ORD,"Chicago, IL",Illinois,1119,1119.0,0.0,0.0,0.0,0.0,1100-1159,19.0,1138.0,1211.0,9.0,1230,1220.0,-10.0,0.0,0.0,-1.0,1200-1259,0,,0,,,,,
13869,2025,1,1,8,3,1/8/2025,AA,2279,11057,1105703,31057,CLT,"Charlotte, NC",North Carolina,13930,1393008,30977,ORD,"Chicago, IL",Illinois,1119,1118.0,-1.0,0.0,0.0,-1.0,1100-1159,18.0,1136.0,1210.0,8.0,1230,1218.0,-12.0,0.0,0.0,-1.0,1200-1259,0,,0,,,,,
13870,2025,1,1,9,4,1/9/2025,AA,2279,11057,1105703,31057,CLT,"Charlotte, NC",North Carolina,13930,1393008,30977,ORD,"Chicago, IL",Illinois,1119,1114.0,-5.0,0.0,0.0,-1.0,1100-1159,20.0,1134.0,1208.0,10.0,1230,1218.0,-12.0,0.0,0.0,-1.0,1200-1259,0,,0,,,,,
13871,2025,1,1,10,5,1/10/2025,AA,2279,11057,1105703,31057,CLT,"Charlotte, NC",North Carolina,13930,1393008,30977,ORD,"Chicago, IL",Illinois,1119,1204.0,45.0,45.0,1.0,3.0,1100-1159,13.0,1217.0,1300.0,13.0,1230,1313.0,43.0,43.0,1.0,2.0,1200-1259,0,,0,16.0,0.0,0.0,0.0,27.0
13872,2025,1,1,11,6,1/11/2025,AA,2279,11057,1105703,31057,CLT,"Charlotte, NC",North Carolina,13930,1393008,30977,ORD,"Chicago, IL",Illinois,1119,1317.0,118.0,118.0,1.0,7.0,1100-1159,14.0,1331.0,1413.0,7.0,1230,1420.0,110.0,110.0,1.0,7.0,1200-1259,0,,0,4.0,0.0,0.0,0.0,106.0
13873,2025,1,1,12,7,1/12/2025,AA,2279,11057,1105703,31057,CLT,"Charlotte, NC",North Carolina,13930,1393008,30977,ORD,"Chicago, IL",Illinois,1119,1112.0,-7.0,0.0,0.0,-1.0,1100-1159,11.0,1123.0,1153.0,15.0,1230,1208.0,-22.0,0.0,0.0,-2.0,1200-1259,0,,0,,,,,
13874,2025,1,1,13,1,1/13/2025,AA,2279,11057,1105703,31057,CLT,"Charlotte, NC",North Carolina,13930,1393008,30977,ORD,"Chicago, IL",Illinois,1119,1113.0,-6.0,0.0,0.0,-1.0,1100-1159,20.0,1133.0,1207.0,8.0,1230,1215.0,-15.0,0.0,0.0,-1.0,1200-1259,0,,0,,,,,
13875,2025,1,1,14,2,1/14/2025,AA,2279,11057,1105703,31057,CLT,"Charlotte, NC",North Carolina,13930,1393008,30977,ORD,"Chicago, IL",Illinois,1119,1110.0,-9.0,0.0,0.0,-1.0,1100-1159,20.0,1130.0,1209.0,10.0,1230,1219.0,-11.0,0.0,0.0,-1.0,1200-1259,0,,0,,,,,
13876,2025,1,1,15,3,1/15/2025,AA,2279,11057,1105703,31057,CLT,"Charlotte, NC",North Carolina,13930,1393008,30977,ORD,"Chicago, IL",Illinois,1119,1112.0,-7.0,0.0,0.0,-1.0,1100-1159,10.0,1122.0,1154.0,10.0,1230,1204.0,-26.0,0.0,0.0,-2.0,1200-1259,0,,0,,,,,
13877,2025,1,1,16,4,1/16/2025,AA,2279,11057,1105703,31057,CLT,"Charlotte, NC",North Carolina,13930,1393008,30977,ORD,"Chicago, IL",Illinois,1119,1128.0,9.0,9.0,0.0,0.0,1100-1159,24.0,1152.0,1236.0,9.0,1230,1245.0,15.0,15.0,1.0,1.0,1200-1259,0,,0,9.0,0.0,6.0,0.0,0.0
13878,2025,1,1,17,5,1/17/2025,AA,2279,11057,1105703,31057,CLT,"Charlotte, NC",North Carolina,13930,1393008,30977,ORD,"Chicago, IL",Illinois,1119,1124.0,5.0,5.0,0.0,0.0,1100-1159,36.0,1200.0,1234.0,9.0,1230,1243.0,13.0,13.0,0.0,0.0,1200-1259,0,,0,,,,,
13879,2025,1,1,18,6,1/18/2025,AA,2279,11057,1105703,31057,CLT,"Charlotte, NC",North Carolina,13930,1393008,30977,ORD,"Chicago, IL",Illinois,1119,1115.0,-4.0,0.0,0.0,-1.0,1100-1159,15.0,1130.0,1201.0,7.0,1230,1208.0,-22.0,0.0,0.0,-2.0,1200-1259,0,,0,,,,,
13880,2025,1,1,19,7,1/19/2025,AA,2279,11057,1105703,31057,CLT,"Charlotte, NC",North Carolina,13930,1393008,30977,ORD,"Chicago, IL",Illinois,1119,1113.0,-6.0,0.0,0.0,-1.0,1100-1159,20.0,1133.0,1159.0,9.0,1230,1208.0,-22.0,0.0,0.0,-2.0,1200-1259,0,,0,,,,,
13881,2025,1,1,20,1,1/20/2025,AA,2279,11057,1105703,31057,CLT,"Charlotte, NC",North Carolina,13930,1393008,30977,ORD,"Chicago, IL",Illinois,1119,1118.0,-1.0,0.0,0.0,-1.0,1100-1159,14.0,1132.0,1206.0,8.0,1230,1214.0,-16.0,0.0,0.0,-2.0,1200-1259,0,,0,,,,,
13882,2025,1,1,21,2,1/21/2025,AA,2279,11057,1105703,31057,CLT,"Charlotte, NC",North Carolina,13930,1393008,30977,ORD,"Chicago, IL",Illinois,1119,1118.0,-1.0,0.0,0.0,-1.0,1100-1159,19.0,1137.0,1210.0,11.0,1230,1221.0,-9.0,0.0,0.0,-1.0,1200-1259,0,,0,,,,,
13883,2025,1,1,22,3,1/22/2025,AA,2279,11057,1105703,31057,CLT,"Charlotte, NC",North Carolina,13930,1393008,30977,ORD,"Chicago, IL",Illinois,1119,1115.0,-4.0,0.0,0.0,-1.0,1100-1159,33.0,1148.0,1216.0,9.0,1230,1225.0,-5.0,0.0,0.0,-1.0,1200-1259,0,,0,,,,,
13884,2025,1,1,23,4,1/23/2025,AA,2279,11057,1105703,31057,CLT,"Charlotte, NC",North Carolina,13930,1393008,30977,ORD,"Chicago, IL",Illinois,1119,1157.0,38.0,38.0,1.0,2.0,1100-1159,13.0,1210.0,1241.0,8.0,1230,1249.0,19.0,19.0,1.0,1.0,1200-1259,0,,0,0.0,0.0,0.0,0.0,19.0
13885,2025,1,1,24,5,1/24/2025,AA,2279,11057,1105703,31057,CLT,"Charlotte, NC",North Carolina,13930,1393008,30977,ORD,"Chicago, IL",Illinois,1119,1120.0,1.0,1.0,0.0,0.0,1100-1159,13.0,1133.0,1204.0,10.0,1230,1214.0,-16.0,0.0,0.0,-2.0,1200-1259,0,,0,,,,,
13886,2025,1,1,25,6,1/25/2025,AA,2279,11057,1105703,31057,CLT,"Charlotte, NC",North Carolina,13930,1393008,30977,ORD,"Chicago, IL",Illinois,1119,1112.0,-7.0,0.0,0.0,-1.0,1100-1159,19.0,1131.0,1205.0,7.0,1230,1212.0,-18.0,0.0,0.0,-2.0,1200-1259,0,,0,,,,,
13887,2025,1,1,26,7,1/26/2025,AA,2279,11057,1105703,31057,CLT,"Charlotte, NC",North Carolina,13930,1393008,30977,ORD,"Chicago, IL",Illinois,1119,1115.0,-4.0,0.0,0.0,-1.0,1100-1159,22.0,1137.0,1209.0,9.0,1230,1218.0,-12.0,0.0,0.0,-1.0,1200-1259,0,,0,,,,,
13888,2025,1,1,27,1,1/27/2025,AA,2279,11057,1105703,31057,CLT,"Charlotte, NC",North Carolina,13930,1393008,30977,ORD,"Chicago, IL",Illinois,1119,1113.0,-6.0,0.0,0.0,-1.0,1100-1159,14.0,1127.0,1159.0,9.0,1230,1208.0,-22.0,0.0,0.0,-2.0,1200-1259,0,,0,,,,,
13889,2025,1,1,28,2,1/28/2025,AA,2279,11057,1105703,31057,CLT,"Charlotte, NC",North Carolina,13930,1393008,30977,ORD,"Chicago, IL",Illinois,1119,1107.0,-12.0,0.0,0.0,-1.0,1100-1159,20.0,1127.0,1201.0,10.0,1230,1211.0,-19.0,0.0,0.0,-2.0,1200-1259,0,,0,,,,,
13890,2025,1,1,29,3,1/29/2025,AA,2279,11057,1105703,31057,CLT,"Charlotte, NC",North Carolina,13930,1393008,30977,ORD,"Chicago, IL",Illinois,1119,1113.0,-6.0,0.0,0.0,-1.0,1100-1159,15.0,1128.0,1207.0,8.0,1230,1215.0,-15.0,0.0,0.0,-1.0,1200-1259,0,,0,,,,,
13891,2025,1,1,30,4,1/30/2025,AA,2279,11057,1105703,31057,CLT,"Charlotte, NC",North Carolina,13930,1393008,30977,ORD,"Chicago, IL",Illinois,1119,1128.0,9.0,9.0,0.0,0.0,1100-1159,23.0,1151.0,1221.0,11.0,1230,1232.0,2.0,2.0,0.0,0.0,1200-1259,0,,0,,,,,
13892,2025,1,1,31,5,1/31/2025,AA,2279,11057,1105703,31057,CLT,"Charlotte, NC",North Carolina,13930,1393008,30977,ORD,"Chicago, IL",Illinois,1119,1112.0,-7.0,0.0,0.0,-1.0,1100-1159,10.0,1122.0,1159.0,21.0,1230,1220.0,-10.0,0.0,0.0,-1.0,1200-1259,0,,0,,,,,
14023,2025,1,1,1,3,1/1/2025,AA,2320,11057,1105703,31057,CLT,"Charlotte, NC",North Carolina,14576,1457607,34576,ROC,"Rochester, NY",New York,1458,1453.0,-5.0,0.0,0.0,-1.0,1400-1459,14.0,1507.0,1626.0,8.0,1645,1634.0,-11.0,0.0,0.0,-1.0,1600-1659,0,,0,,,,,
14024,2025,1,1,2,4,1/2/2025,AA,2320,11057,1105703,31057,CLT,"Charlotte, NC",North Carolina,14576,1457607,34576,ROC,"Rochester, NY",New York,1458,1452.0,-6.0,0.0,0.0,-1.0,1400-1459,13.0,1505.0,1621.0,4.0,1645,1625.0,-20.0,0.0,0.0,-2.0,1600-1659,0,,0,,,,,
14025,2025,1,1,3,5,1/3/2025,AA,2320,11057,1105703,31057,CLT,"Charlotte, NC",North Carolina,14576,1457607,34576,ROC,"Rochester, NY",New York,1458,1524.0,26.0,26.0,1.0,1.0,1400-1459,15.0,1539.0,1704.0,6.0,1645,1710.0,25.0,25.0,1.0,1.0,1600-1659,0,,0,0.0,0.0,0.0,0.0,25.0
14026,2025,1,1,5,7,1/5/2025,AA,2320,11057,1105703,31057,CLT,"Charlotte, NC",North Carolina,14576,1457607,34576,ROC,"Rochester, NY",New York,1458,1843.0,225.0,225.0,1.0,12.0,1400-1459,24.0,1907.0,2029.0,7.0,1645,2036.0,231.0,231.0,1.0,12.0,1600-1659,0,,0,112.0,0.0,119.0,0.0,0.0
14027,2025,1,1,6,1,1/6/2025,AA,2320,11057,1105703,31057,CLT,"Charlotte, NC",North Carolina,14576,1457607,34576,ROC,"Rochester, NY",New York,1458,1531.0,33.0,33.0,1.0,2.0,1400-1459,13.0,1544.0,1659.0,4.0,1645,1703.0,18.0,18.0,1.0,1.0,1600-1659,0,,0,1.0,0.0,0.0,0.0,17.0
14028,2025,1,1,7,2,1/7/2025,AA,2320,11057,1105703,31057,CLT,"Charlotte, NC",North Carolina,14576,1457607,34576,ROC,"Rochester, NY",New York,1504,1459.0,-5.0,0.0,0.0,-1.0,1500-1559,15.0,1514.0,1635.0,8.0,1652,1643.0,-9.0,0.0,0.0,-1.0,1600-1659,0,,0,,,,,
14029,2025,1,1,8,3,1/8/2025,AA,2320,11057,1105703,31057,CLT,"Charlotte, NC",North Carolina,14576,1457607,34576,ROC,"Rochester, NY",New York,1504,1456.0,-8.0,0.0,0.0,-1.0,1500-1559,14.0,1510.0,1632.0,8.0,1652,1640.0,-12.0,0.0,0.0,-1.0,1600-1659,0,,0,,,,,
14030,2025,1,1,9,4,1/9/2025,AA,2320,11057,1105703,31057,CLT,"Charlotte, NC",North Carolina,14576,1457607,34576,ROC,"Rochester, NY",New York,1504,1524.0,20.0,20.0,1.0,1.0,1500-1559,20.0,1544.0,1710.0,5.0,1652,1715.0,23.0,23.0,1.0,1.0,1600-1659,0,,0,20.0,0.0,3.0,0.0,0.0
14031,2025,1,1,10,5,1/10/2025,AA,2320,11057,1105703,31057,CLT,"Charlotte, NC",North Carolina,14576,1457607,34576,ROC,"Rochester, NY",New York,1504,,,,,,1500-1559,,,,,1652,,,,,,1600-1659,1,B,0,,,,,
14032,2025,1,1,11,6,1/11/2025,AA,2320,11057,1105703,31057,CLT,"Charlotte, NC",North Carolina,14576,1457607,34576,ROC,"Rochester, NY",New York,1504,1529.0,25.0,25.0,1.0,1.0,1500-1559,12.0,1541.0,1708.0,8.0,1652,1716.0,24.0,24.0,1.0,1.0,1600-1659,0,,0,24.0,0.0,0.0,0.0,0.0
14033,2025,1,1,12,7,1/12/2025,AA,2320,11057,1105703,31057,CLT,"Charlotte, NC",North Carolina,14576,1457607,34576,ROC,"Rochester, NY",New York,1504,1605.0,61.0,61.0,1.0,4.0,1500-1559,11.0,1616.0,1732.0,5.0,1652,1737.0,45.0,45.0,1.0,3.0,1600-1659,0,,0,0.0,0.0,0.0,0.0,45.0
14034,2025,1,1,13,1,1/13/2025,AA,2320,11057,1105703,31057,CLT,"Charlotte, NC",North Carolina,14576,1457607,34576,ROC,"Rochester, NY",New York,1504,1458.0,-6.0,0.0,0.0,-1.0,1500-1559,15.0,1513.0,1627.0,6.0,1652,1633.0,-19.0,0.0,0.0,-2.0,1600-1659,0,,0,,,,,
14035,2025,1,1,14,2,1/14/2025,AA,2320,11057,1105703,31057,CLT,"Charlotte, NC",North Carolina,14576,1457607,34576,ROC,"Rochester, NY",New York,1504,1458.0,-6.0,0.0,0.0,-1.0,1500-1559,15.0,1513.0,1633.0,6.0,1652,1639.0,-13.0,0.0,0.0,-1.0,1600-1659,0,,0,,,,,
14036,2025,1,1,15,3,1/15/2025,AA,2320,11057,1105703,31057,CLT,"Charlotte, NC",North Carolina,14576,1457607,34576,ROC,"Rochester, NY",New York,1504,1501.0,-3.0,0.0,0.0,-1.0,1500-1559,10.0,1511.0,1634.0,6.0,1652,1640.0,-12.0,0.0,0.0,-1.0,1600-1659,0,,0,,,,,
14037,2025,1,1,16,4,1/16/2025,AA,2320,11057,1105703,31057,CLT,"Charlotte, NC",North Carolina,14576,1457607,34576,ROC,"Rochester, NY",New York,1504,1458.0,-6.0,0.0,0.0,-1.0,1500-1559,18.0,1516.0,1646.0,5.0,1652,1651.0,-1.0,0.0,0.0,-1.0,1600-1659,0,,0,,,,,
14038,2025,1,1,17,5,1/17/2025,AA,2320,11057,1105703,31057,CLT,"Charlotte, NC",North Carolina,14576,1457607,34576,ROC,"Rochester, NY",New York,1504,1501.0,-3.0,0.0,0.0,-1.0,1500-1559,31.0,1532.0,1655.0,7.0,1652,1702.0,10.0,10.0,0.0,0.0,1600-1659,0,,0,,,,,
14039,2025,1,1,18,6,1/18/2025,AA,2320,11057,1105703,31057,CLT,"Charlotte, NC",North Carolina,14576,1457607,34576,ROC,"Rochester, NY",New York,1504,1459.0,-5.0,0.0,0.0,-1.0,1500-1559,11.0,1510.0,1632.0,6.0,1652,1638.0,-14.0,0.0,0.0,-1.0,1600-1659,0,,0,,,,,
14040,2025,1,1,19,7,1/19/2025,AA,2320,11057,1105703,31057,CLT,"Charlotte, NC",North Carolina,14576,1457607,34576,ROC,"Rochester, NY",New York,1504,1500.0,-4.0,0.0,0.0,-1.0,1500-1559,23.0,1523.0,1631.0,3.0,1652,1634.0,-18.0,0.0,0.0,-2.0,1600-1659,0,,0,,,,,
14041,2025,1,1,20,1,1/20/2025,AA,2320,11057,1105703,31057,CLT,"Charlotte, NC",North Carolina,14576,1457607,34576,ROC,"Rochester, NY",New York,1504,1518.0,14.0,14.0,0.0,0.0,1500-1559,13.0,1531.0,1645.0,8.0,1652,1653.0,1.0,1.0,0.0,0.0,1600-1659,0,,0,,,,,
14042,2025,1,1,21,2,1/21/2025,AA,2320,11057,1105703,31057,CLT,"Charlotte, NC",North Carolina,14576,1457607,34576,ROC,"Rochester, NY",New York,1504,1500.0,-4.0,0.0,0.0,-1.0,1500-1559,17.0,1517.0,1631.0,6.0,1652,1637.0,-15.0,0.0,0.0,-1.0,1600-1659,0,,0,,,,,
14043,2025,1,1,22,3,1/22/2025,AA,2320,11057,1105703,31057,CLT,"Charlotte, NC",North Carolina,14576,1457607,34576,ROC,"Rochester, NY",New York,1504,1500.0,-4.0,0.0,0.0,-1.0,1500-1559,15.0,1515.0,1631.0,7.0,1652,1638.0,-14.0,0.0,0.0,-1.0,1600-1659,0,,0,,,,,
14044,2025,1,1,23,4,1/23/2025,AA,2320,11057,1105703,31057,CLT,"Charlotte, NC",North Carolina,14576,1457607,34576,ROC,"Rochester, NY",New York,1504,1504.0,0.0,0.0,0.0,0.0,1500-1559,11.0,1515.0,1629.0,6.0,1652,1635.0,-17.0,0.0,0.0,-2.0,1600-1659,0,,0,,,,,
14045,2025,1,1,24,5,1/24/2025,AA,2320,11057,1105703,31057,CLT,"Charlotte, NC",North Carolina,14576,1457607,34576,ROC,"Rochester, NY",New York,1504,1514.0,10.0,10.0,0.0,0.0,1500-1559,11.0,1525.0,1644.0,6.0,1652,1650.0,-2.0,0.0,0.0,-1.0,1600-1659,0,,0,,,,,
14046,2025,1,1,25,6,1/25/2025,AA,2320,11057,1105703,31057,CLT,"Charlotte, NC",North Carolina,14576,1457607,34576,ROC,"Rochester, NY",New York,1504,1458.0,-6.0,0.0,0.0,-1.0,1500-1559,19.0,1517.0,1643.0,5.0,1652,1648.0,-4.0,0.0,0.0,-1.0,1600-1659,0,,0,,,,,
14047,2025,1,1,26,7,1/26/2025,AA,2320,11057,1105703,31057,CLT,"Charlotte, NC",North Carolina,14576,1457607,34576,ROC,"Rochester, NY",New York,1504,1556.0,52.0,52.0,1.0,3.0,1500-1559,16.0,1612.0,1734.0,7.0,1652,1741.0,49.0,49.0,1.0,3.0,1600-1659,0,,0,3.0,0.0,0.0,0.0,46.0
14048,2025,1,1,27,1,1/27/2025,AA,2320,11057,1105703,31057,CLT,"Charlotte, NC",North Carolina,14576,1457607,34576,ROC,"Rochester, NY",New York,1504,1500.0,-4.0,0.0,0.0,-1.0,1500-1559,18.0,1518.0,1640.0,6.0,1652,1646.0,-6.0,0.0,0.0,-1.0,1600-1659,0,,0,,,,,
14049,2025,1,1,28,2,1/28/2025,AA,2320,11057,1105703,31057,CLT,"Charlotte, NC",North Carolina,14576,1457607,34576,ROC,"Rochester, NY",New York,1504,1458.0,-6.0,0.0,0.0,-1.0,1500-1559,16.0,1514.0,1642.0,6.0,1652,1648.0,-4.0,0.0,0.0,-1.0,1600-1659,0,,0,,,,,
14050,2025,1,1,29,3,1/29/2025,AA,2320,11057,1105703,31057,CLT,"Charlotte, NC",North Carolina,14576,1457607,34576,ROC,"Rochester, NY",New York,1504,1502.0,-2.0,0.0,0.0,-1.0,1500-1559,20.0,1522.0,1643.0,4.0,1652,1647.0,-5.0,0.0,0.0,-1.0,1600-1659,0,,0,,,,,
14051,2025,1,1,30,4,1/30/2025,AA,2320,11057,1105703,31057,CLT,"Charlotte, NC",North Carolina,14576,1457607,34576,ROC,"Rochester, NY",New York,1504,1507.0,3.0,3.0,0.0,0.0,1500-1559,20.0,1527.0,1652.0,7.0,1652,1659.0,7.0,7.0,0.0,0.0,1600-1659,0,,0,,,,,
14052,2025,1,1,31,5,1/31/2025,AA,2320,11057,1105703,31057,CLT,"Charlotte, NC",North Carolina,14576,1457607,34576,ROC,"Rochester, NY",New York,1504,1459.0,-5.0,0.0,0.0,-1.0,1500-1559,12.0,1511.0,1623.0,4.0,1652,1627.0,-25.0,0.0,0.0,-2.0,1600-1659,0,,0,,,,,
14773,2025,1,1,1,3,1/1/2025,AA,2488,11057,1105703,31057,CLT,"Charlotte, NC",North Carolina,13930,1393008,30977,ORD,"Chicago, IL",Illinois,1816,1811.0,-5.0,0.0,0.0,-1.0,1800-1859,20.0,1831.0,1908.0,10.0,1924,1918.0,-6.0,0.0,0.0,-1.0,1900-1959,0,,0,,,,,
14774,2025,1,1,2,4,1/2/2025,AA,2488,11057,1105703,31057,CLT,"Charlotte, NC",North Carolina,13930,1393008,30977,ORD,"Chicago, IL",Illinois,1816,1809.0,-7.0,0.0,0.0,-1.0,1800-1859,15.0,1824.0,1902.0,15.0,1924,1917.0,-7.0,0.0,0.0,-1.0,1900-1959,0,,0,,,,,
14775,2025,1,1,3,5,1/3/2025,AA,2488,11057,1105703,31057,CLT,"Charlotte, NC",North Carolina,13930,1393008,30977,ORD,"Chicago, IL",Illinois,1816,1814.0,-2.0,0.0,0.0,-1.0,1800-1859,15.0,1829.0,1916.0,13.0,1924,1929.0,5.0,5.0,0.0,0.0,1900-1959,0,,0,,,,,
14776,2025,1,1,4,6,1/4/2025,AA,2488,11057,1105703,31057,CLT,"Charlotte, NC",North Carolina,13930,1393008,30977,ORD,"Chicago, IL",Illinois,1816,1818.0,2.0,2.0,0.0,0.0,1800-1859,17.0,1835.0,1914.0,9.0,1924,1923.0,-1.0,0.0,0.0,-1.0,1900-1959,0,,0,,,,,
14777,2025,1,1,5,7,1/5/2025,AA,2488,11057,1105703,31057,CLT,"Charlotte, NC",North Carolina,13930,1393008,30977,ORD,"Chicago, IL",Illinois,1816,1837.0,21.0,21.0,1.0,1.0,1800-1859,33.0,1910.0,1947.0,16.0,1924,2003.0,39.0,39.0,1.0,2.0,1900-1959,0,,0,7.0,0.0,18.0,0.0,14.0
14778,2025,1,1,6,1,1/6/2025,AA,2488,11057,1105703,31057,CLT,"Charlotte, NC",North Carolina,13930,1393008,30977,ORD,"Chicago, IL",Illinois,1816,1824.0,8.0,8.0,0.0,0.0,1800-1859,26.0,1850.0,1922.0,14.0,1924,1936.0,12.0,12.0,0.0,0.0,1900-1959,0,,0,,,,,
14779,2025,1,1,7,2,1/7/2025,AA,2488,11057,1105703,31057,CLT,"Charlotte, NC",North Carolina,13930,1393008,30977,ORD,"Chicago, IL",Illinois,1814,1812.0,-2.0,0.0,0.0,-1.0,1800-1859,17.0,1829.0,1859.0,11.0,1926,1910.0,-16.0,0.0,0.0,-2.0,1900-1959,0,,0,,,,,
14780,2025,1,1,8,3,1/8/2025,AA,2488,11057,1105703,31057,CLT,"Charlotte, NC",North Carolina,13930,1393008,30977,ORD,"Chicago, IL",Illinois,1814,1811.0,-3.0,0.0,0.0,-1.0,1800-1859,15.0,1826.0,1900.0,12.0,1926,1912.0,-14.0,0.0,0.0,-1.0,1900-1959,0,,0,,,,,
14781,2025,1,1,9,4,1/9/2025,AA,2488,11057,1105703,31057,CLT,"Charlotte, NC",North Carolina,13930,1393008,30977,ORD,"Chicago, IL",Illinois,1814,1809.0,-5.0,0.0,0.0,-1.0,1800-1859,26.0,1835.0,1914.0,20.0,1926,1934.0,8.0,8.0,0.0,0.0,1900-1959,0,,0,,,,,
14782,2025,1,1,10,5,1/10/2025,AA,2488,11057,1105703,31057,CLT,"Charlotte, NC",North Carolina,13930,1393008,30977,ORD,"Chicago, IL",Illinois,1814,,,,,,1800-1859,,,,,1926,,,,,,1900-1959,1,B,0,,,,,
14783,2025,1,1,11,6,1/11/2025,AA,2488,11057,1105703,31057,CLT,"Charlotte, NC",North Carolina,13930,1393008,30977,ORD,"Chicago, IL",Illinois,1814,1811.0,-3.0,0.0,0.0,-1.0,1800-1859,15.0,1826.0,1901.0,11.0,1926,1912.0,-14.0,0.0,0.0,-1.0,1900-1959,0,,0,,,,,
14784,2025,1,1,12,7,1/12/2025,AA,2488,11057,1105703,31057,CLT,"Charlotte, NC",North Carolina,13930,1393008,30977,ORD,"Chicago, IL",Illinois,1814,1815.0,1.0,1.0,0.0,0.0,1800-1859,14.0,1829.0,1902.0,14.0,1926,1916.0,-10.0,0.0,0.0,-1.0,1900-1959,0,,0,,,,,
14785,2025,1,1,13,1,1/13/2025,AA,2488,11057,1105703,31057,CLT,"Charlotte, NC",North Carolina,13930,1393008,30977,ORD,"Chicago, IL",Illinois,1814,1808.0,-6.0,0.0,0.0,-1.0,1800-1859,19.0,1827.0,1905.0,13.0,1926,1918.0,-8.0,0.0,0.0,-1.0,1900-1959,0,,0,,,,,
14786,2025,1,1,14,2,1/14/2025,AA,2488,11057,1105703,31057,CLT,"Charlotte, NC",North Carolina,13930,1393008,30977,ORD,"Chicago, IL",Illinois,1814,1827.0,13.0,13.0,0.0,0.0,1800-1859,19.0,1846.0,1926.0,9.0,1926,1935.0,9.0,9.0,0.0,0.0,1900-1959,0,,0,,,,,
14787,2025,1,1,15,3,1/15/2025,AA,2488,11057,1105703,31057,CLT,"Charlotte, NC",North Carolina,13930,1393008,30977,ORD,"Chicago, IL",Illinois,1814,1805.0,-9.0,0.0,0.0,-1.0,1800-1859,18.0,1823.0,1855.0,20.0,1926,1915.0,-11.0,0.0,0.0,-1.0,1900-1959,0,,0,,,,,
14788,2025,1,1,16,4,1/16/2025,AA,2488,11057,1105703,31057,CLT,"Charlotte, NC",North Carolina,13930,1393008,30977,ORD,"Chicago, IL",Illinois,1814,1841.0,27.0,27.0,1.0,1.0,1800-1859,21.0,1902.0,1945.0,9.0,1926,1954.0,28.0,28.0,1.0,1.0,1900-1959,0,,0,7.0,0.0,1.0,0.0,20.0
14789,2025,1,1,17,5,1/17/2025,AA,2488,11057,1105703,31057,CLT,"Charlotte, NC",North Carolina,13930,1393008,30977,ORD,"Chicago, IL",Illinois,1814,1812.0,-2.0,0.0,0.0,-1.0,1800-1859,19.0,1831.0,1904.0,11.0,1926,1915.0,-11.0,0.0,0.0,-1.0,1900-1959,0,,0,,,,,
14790,2025,1,1,18,6,1/18/2025,AA,2488,11057,1105703,31057,CLT,"Charlotte, NC",North Carolina,13930,1393008,30977,ORD,"Chicago, IL",Illinois,1814,1810.0,-4.0,0.0,0.0,-1.0,1800-1859,11.0,1821.0,1851.0,22.0,1926,1913.0,-13.0,0.0,0.0,-1.0,1900-1959,0,,0,,,,,
14791,2025,1,1,19,7,1/19/2025,AA,2488,11057,1105703,31057,CLT,"Charlotte, NC",North Carolina,13930,1393008,30977,ORD,"Chicago, IL",Illinois,1814,1903.0,49.0,49.0,1.0,3.0,1800-1859,19.0,1922.0,1954.0,11.0,1926,2005.0,39.0,39.0,1.0,2.0,1900-1959,0,,0,39.0,0.0,0.0,0.0,0.0
14792,2025,1,1,20,1,1/20/2025,AA,2488,11057,1105703,31057,CLT,"Charlotte, NC",North Carolina,13930,1393008,30977,ORD,"Chicago, IL",Illinois,1814,1813.0,-1.0,0.0,0.0,-1.0,1800-1859,21.0,1834.0,1906.0,17.0,1926,1923.0,-3.0,0.0,0.0,-1.0,1900-1959,0,,0,,,,,
14793,2025,1,1,21,2,1/21/2025,AA,2488,11057,1105703,31057,CLT,"Charlotte, NC",North Carolina,13930,1393008,30977,ORD,"Chicago, IL",Illinois,1814,1812.0,-2.0,0.0,0.0,-1.0,1800-1859,61.0,1913.0,1945.0,10.0,1926,1955.0,29.0,29.0,1.0,1.0,1900-1959,0,,0,0.0,0.0,29.0,0.0,0.0
14794,2025,1,1,22,3,1/22/2025,AA,2488,11057,1105703,31057,CLT,"Charlotte, NC",North Carolina,13930,1393008,30977,ORD,"Chicago, IL",Illinois,1814,1809.0,-5.0,0.0,0.0,-1.0,1800-1859,28.0,1837.0,1911.0,24.0,1926,1935.0,9.0,9.0,0.0,0.0,1900-1959,0,,0,,,,,
14795,2025,1,1,23,4,1/23/2025,AA,2488,11057,1105703,31057,CLT,"Charlotte, NC",North Carolina,13930,1393008,30977,ORD,"Chicago, IL",Illinois,1814,1810.0,-4.0,0.0,0.0,-1.0,1800-1859,16.0,1826.0,1901.0,13.0,1926,1914.0,-12.0,0.0,0.0,-1.0,1900-1959,0,,0,,,,,
14796,2025,1,1,24,5,1/24/2025,AA,2488,11057,1105703,31057,CLT,"Charlotte, NC",North Carolina,13930,1393008,30977,ORD,"Chicago, IL",Illinois,1814,1821.0,7.0,7.0,0.0,0.0,1800-1859,18.0,1839.0,1915.0,11.0,1926,1926.0,0.0,0.0,0.0,0.0,1900-1959,0,,0,,,,,
14797,2025,1,1,25,6,1/25/2025,AA,2488,11057,1105703,31057,CLT,"Charlotte, NC",North Carolina,13930,1393008,30977,ORD,"Chicago, IL",Illinois,1814,1813.0,-1.0,0.0,0.0,-1.0,1800-1859,17.0,1830.0,1907.0,12.0,1926,1919.0,-7.0,0.0,0.0,-1.0,1900-1959,0,,0,,,,,
14798,2025,1,1,7,2,1/7/2025,AA,1355,11057,1105703,31057,CLT,"Charlotte, NC",North Carolina,12478,1247805,31703,JFK,"New York, NY",New York,1615,1615.0,0.0,0.0,0.0,0.0,1600-1659,13.0,1628.0,1748.0,6.0,1806,1754.0,-12.0,0.0,0.0,-1.0,1800-1859,0,,0,,,,,
14799,2025,1,1,8,3,1/8/2025,AA,1355,11057,1105703,31057,CLT,"Charlotte, NC",North Carolina,12478,1247805,31703,JFK,"New York, NY",New York,1615,1610.0,-5.0,0.0,0.0,-1.0,1600-1659,15.0,1625.0,1740.0,9.0,1806,1749.0,-17.0,0.0,0.0,-2.0,1800-1859,0,,0,,,,,
14800,2025,1,1,9,4,1/9/2025,AA,1355,11057,1105703,31057,CLT,"Charlotte, NC",North Carolina,12478,1247805,31703,JFK,"New York, NY",New York,1615,2016.0,241.0,241.0,1.0,12.0,1600-1659,20.0,2036.0,2208.0,7.0,1806,2215.0,249.0,249.0,1.0,12.0,1800-1859,0,,0,0.0,0.0,8.0,0.0,241.0
14801,2025,1,1,10,5,1/10/2025,AA,1355,11057,1105703,31057,CLT,"Charlotte, NC",North Carolina,12478,1247805,31703,JFK,"New York, NY",New York,1615,1640.0,25.0,25.0,1.0,1.0,1600-1659,76.0,1756.0,1914.0,8.0,1806,1922.0,76.0,76.0,1.0,5.0,1800-1859,0,,0,25.0,0.0,51.0,0.0,0.0
14802,2025,1,1,12,7,1/12/2025,AA,1355,11057,1105703,31057,CLT,"Charlotte, NC",North Carolina,12478,1247805,31703,JFK,"New York, NY",New York,1615,1619.0,4.0,4.0,0.0,0.0,1600-1659,11.0,1630.0,1748.0,8.0,1806,1756.0,-10.0,0.0,0.0,-1.0,1800-1859,0,,0,,,,,
14803,2025,1,1,13,1,1/13/2025,AA,1355,11057,1105703,31057,CLT,"Charlotte, NC",North Carolina,12478,1247805,31703,JFK,"New York, NY",New York,1615,1611.0,-4.0,0.0,0.0,-1.0,1600-1659,21.0,1632.0,1749.0,11.0,1806,1800.0,-6.0,0.0,0.0,-1.0,1800-1859,0,,0,,,,,
14804,2025,1,1,14,2,1/14/2025,AA,1355,11057,1105703,31057,CLT,"Charlotte, NC",North Carolina,12478,1247805,31703,JFK,"New York, NY",New York,1615,1752.0,97.0,97.0,1.0,6.0,1600-1659,20.0,1812.0,1925.0,9.0,1806,1934.0,88.0,88.0,1.0,5.0,1800-1859,0,,0,5.0,0.0,0.0,0.0,83.0
14805,2025,1,1,15,3,1/15/2025,AA,1355,11057,1105703,31057,CLT,"Charlotte, NC",North Carolina,12478,1247805,31703,JFK,"New York, NY",New York,1615,1609.0,-6.0,0.0,0.0,-1.0,1600-1659,13.0,1622.0,1740.0,12.0,1806,1752.0,-14.0,0.0,0.0,-1.0,1800-1859,0,,0,,,,,
14806,2025,1,1,16,4,1/16/2025,AA,1355,11057,1105703,31057,CLT,"Charlotte, NC",North Carolina,12478,1247805,31703,JFK,"New York, NY",New York,1615,1618.0,3.0,3.0,0.0,0.0,1600-1659,23.0,1641.0,1804.0,9.0,1806,1813.0,7.0,7.0,0.0,0.0,1800-1859,0,,0,,,,,
14807,2025,1,1,17,5,1/17/2025,AA,1355,11057,1105703,31057,CLT,"Charlotte, NC",North Carolina,12478,1247805,31703,JFK,"New York, NY",New York,1615,1612.0,-3.0,0.0,0.0,-1.0,1600-1659,16.0,1628.0,1749.0,14.0,1806,1803.0,-3.0,0.0,0.0,-1.0,1800-1859,0,,0,,,,,
14808,2025,1,1,19,7,1/19/2025,AA,1355,11057,1105703,31057,CLT,"Charlotte, NC",North Carolina,12478,1247805,31703,JFK,"New York, NY",New York,1615,1610.0,-5.0,0.0,0.0,-1.0,1600-1659,24.0,1634.0,1751.0,13.0,1806,1804.0,-2.0,0.0,0.0,-1.0,1800-1859,0,,0,,,,,
14809,2025,1,1,20,1,1/20/2025,AA,1355,11057,1105703,31057,CLT,"Charlotte, NC",North Carolina,12478,1247805,31703,JFK,"New York, NY",New York,1615,1622.0,7.0,7.0,0.0,0.0,1600-1659,12.0,1634.0,1743.0,11.0,1806,1754.0,-12.0,0.0,0.0,-1.0,1800-1859,0,,0,,,,,
14810,2025,1,1,21,2,1/21/2025,AA,1355,11057,1105703,31057,CLT,"Charlotte, NC",North Carolina,12478,1247805,31703,JFK,"New York, NY",New York,1615,1627.0,12.0,12.0,0.0,0.0,1600-1659,17.0,1644.0,1757.0,5.0,1806,1802.0,-4.0,0.0,0.0,-1.0,1800-1859,0,,0,,,,,
14811,2025,1,1,22,3,1/22/2025,AA,1355,11057,1105703,31057,CLT,"Charlotte, NC",North Carolina,12478,1247805,31703,JFK,"New York, NY",New York,1615,1944.0,209.0,209.0,1.0,12.0,1600-1659,15.0,1959.0,2111.0,6.0,1806,2117.0,191.0,191.0,1.0,12.0,1800-1859,0,,0,1.0,0.0,0.0,0.0,190.0
14812,2025,1,1,23,4,1/23/2025,AA,1355,11057,1105703,31057,CLT,"Charlotte, NC",North Carolina,12478,1247805,31703,JFK,"New York, NY",New York,1615,1613.0,-2.0,0.0,0.0,-1.0,1600-1659,14.0,1627.0,1742.0,10.0,1806,1752.0,-14.0,0.0,0.0,-1.0,1800-1859,0,,0,,,,,
14813,2025,1,1,24,5,1/24/2025,AA,1355,11057,1105703,31057,CLT,"Charlotte, NC",North Carolina,12478,1247805,31703,JFK,"New York, NY",New York,1615,1610.0,-5.0,0.0,0.0,-1.0,1600-1659,12.0,1622.0,1741.0,10.0,1806,1751.0,-15.0,0.0,0.0,-1.0,1800-1859,0,,0,,,,,
14814,2025,1,1,26,7,1/26/2025,AA,1355,11057,1105703,31057,CLT,"Charlotte, NC",North Carolina,12478,1247805,31703,JFK,"New York, NY",New York,1615,1743.0,88.0,88.0,1.0,5.0,1600-1659,27.0,1810.0,1926.0,16.0,1806,1942.0,96.0,96.0,1.0,6.0,1800-1859,0,,0,16.0,0.0,8.0,0.0,72.0
14815,2025,1,1,27,1,1/27/2025,AA,1355,11057,1105703,31057,CLT,"Charlotte, NC",North Carolina,12478,1247805,31703,JFK,"New York, NY",New York,1615,1842.0,147.0,147.0,1.0,9.0,1600-1659,30.0,1912.0,2029.0,7.0,1806,2036.0,150.0,150.0,1.0,10.0,1800-1859,0,,0,0.0,120.0,3.0,0.0,27.0
14816,2025,1,1,28,2,1/28/2025,AA,1355,11057,1105703,31057,CLT,"Charlotte, NC",North Carolina,12478,1247805,31703,JFK,"New York, NY",New York,1615,1617.0,2.0,2.0,0.0,0.0,1600-1659,17.0,1634.0,1753.0,5.0,1806,1758.0,-8.0,0.0,0.0,-1.0,1800-1859,0,,0,,,,,
14817,2025,1,1,29,3,1/29/2025,AA,1355,11057,1105703,31057,CLT,"Charlotte, NC",North Carolina,12478,1247805,31703,JFK,"New York, NY",New York,1615,1613.0,-2.0,0.0,0.0,-1.0,1600-1659,14.0,1627.0,1745.0,4.0,1806,1749.0,-17.0,0.0,0.0,-2.0,1800-1859,0,,0,,,,,
14818,2025,1,1,30,4,1/30/2025,AA,1355,11057,1105703,31057,CLT,"Charlotte, NC",North Carolina,12478,1247805,31703,JFK,"New York, NY",New York,1615,1650.0,35.0,35.0,1.0,2.0,1600-1659,24.0,1714.0,1844.0,15.0,1806,1859.0,53.0,53.0,1.0,3.0,1800-1859,0,,0,35.0,0.0,18.0,0.0,0.0
14819,2025,1,1,31,5,1/31/2025,AA,1355,11057,1105703,31057,CLT,"Charlotte, NC",North Carolina,12478,1247805,31703,JFK,"New York, NY",New York,1615,1615.0,0.0,0.0,0.0,0.0,1600-1659,19.0,1634.0,1749.0,13.0,1806,1802.0,-4.0,0.0,0.0,-1.0,1800-1859,0,,0,,,,,
15434,2025,1,1,1,3,1/1/2025,AA,1576,11057,1105703,31057,CLT,"Charlotte, NC",North Carolina,12892,1289208,32575,LAX,"Los Angeles, CA",California,1704,1816.0,72.0,72.0,1.0,4.0,1700-1759,14.0,1830.0,2035.0,11.0,1928,2046.0,78.0,78.0,1.0,5.0,1900-1959,0,,0,4.0,0.0,6.0,0.0,68.0
15435,2025,1,1,2,4,1/2/2025,AA,1576,11057,1105703,31057,CLT,"Charlotte, NC",North Carolina,12892,1289208,32575,LAX,"Los Angeles, CA",California,1700,1658.0,-2.0,0.0,0.0,-1.0,1700-1759,16.0,1714.0,1904.0,7.0,1924,1911.0,-13.0,0.0,0.0,-1.0,1900-1959,0,,0,,,,,
15436,2025,1,1,3,5,1/3/2025,AA,1576,11057,1105703,31057,CLT,"Charlotte, NC",North Carolina,12892,1289208,32575,LAX,"Los Angeles, CA",California,1700,1700.0,0.0,0.0,0.0,0.0,1700-1759,11.0,1711.0,1903.0,6.0,1924,1909.0,-15.0,0.0,0.0,-1.0,1900-1959,0,,0,,,,,
15437,2025,1,1,4,6,1/4/2025,AA,1576,11057,1105703,31057,CLT,"Charlotte, NC",North Carolina,12892,1289208,32575,LAX,"Los Angeles, CA",California,1700,1706.0,6.0,6.0,0.0,0.0,1700-1759,18.0,1724.0,1913.0,5.0,1924,1918.0,-6.0,0.0,0.0,-1.0,1900-1959,0,,0,,,,,
15438,2025,1,1,5,7,1/5/2025,AA,1576,11057,1105703,31057,CLT,"Charlotte, NC",North Carolina,12892,1289208,32575,LAX,"Los Angeles, CA",California,1700,1756.0,56.0,56.0,1.0,3.0,1700-1759,18.0,1814.0,2005.0,7.0,1924,2012.0,48.0,48.0,1.0,3.0,1900-1959,0,,0,14.0,0.0,0.0,0.0,34.0
15439,2025,1,1,6,1,1/6/2025,AA,1576,11057,1105703,31057,CLT,"Charlotte, NC",North Carolina,12892,1289208,32575,LAX,"Los Angeles, CA",California,1700,1733.0,33.0,33.0,1.0,2.0,1700-1759,15.0,1748.0,1938.0,7.0,1924,1945.0,21.0,21.0,1.0,1.0,1900-1959,0,,0,21.0,0.0,0.0,0.0,0.0
15440,2025,1,1,9,4,1/9/2025,AA,1576,11057,1105703,31057,CLT,"Charlotte, NC",North Carolina,12892,1289208,32575,LAX,"Los Angeles, CA",California,1654,1653.0,-1.0,0.0,0.0,-1.0,1600-1659,33.0,1726.0,1921.0,12.0,1922,1933.0,11.0,11.0,0.0,0.0,1900-1959,0,,0,,,,,
15441,2025,1,1,10,5,1/10/2025,AA,1576,11057,1105703,31057,CLT,"Charlotte, NC",North Carolina,12892,1289208,32575,LAX,"Los Angeles, CA",California,1654,,,,,,1600-1659,,,,,1922,,,,,,1900-1959,1,B,0,,,,,
15442,2025,1,1,12,7,1/12/2025,AA,1576,11057,1105703,31057,CLT,"Charlotte, NC",North Carolina,12892,1289208,32575,LAX,"Los Angeles, CA",California,1654,1917.0,143.0,143.0,1.0,9.0,1600-1659,15.0,1932.0,2137.0,11.0,1922,2148.0,146.0,146.0,1.0,9.0,1900-1959,0,,0,143.0,0.0,3.0,0.0,0.0
15443,2025,1,1,13,1,1/13/2025,AA,1576,11057,1105703,31057,CLT,"Charlotte, NC",North Carolina,12892,1289208,32575,LAX,"Los Angeles, CA",California,1654,1650.0,-4.0,0.0,0.0,-1.0,1600-1659,14.0,1704.0,1906.0,5.0,1922,1911.0,-11.0,0.0,0.0,-1.0,1900-1959,0,,0,,,,,
15444,2025,1,1,16,4,1/16/2025,AA,1576,11057,1105703,31057,CLT,"Charlotte, NC",North Carolina,12892,1289208,32575,LAX,"Los Angeles, CA",California,1654,1651.0,-3.0,0.0,0.0,-1.0,1600-1659,32.0,1723.0,1845.0,4.0,1922,1849.0,-33.0,0.0,0.0,-2.0,1900-1959,0,,0,,,,,
15445,2025,1,1,17,5,1/17/2025,AA,1576,11057,1105703,31057,CLT,"Charlotte, NC",North Carolina,12892,1289208,32575,LAX,"Los Angeles, CA",California,1654,1657.0,3.0,3.0,0.0,0.0,1600-1659,21.0,1718.0,1859.0,8.0,1922,1907.0,-15.0,0.0,0.0,-1.0,1900-1959,0,,0,,,,,
15446,2025,1,1,19,7,1/19/2025,AA,1576,11057,1105703,31057,CLT,"Charlotte, NC",North Carolina,12892,1289208,32575,LAX,"Los Angeles, CA",California,1700,1730.0,30.0,30.0,1.0,2.0,1700-1759,14.0,1744.0,1946.0,4.0,1929,1950.0,21.0,21.0,1.0,1.0,1900-1959,0,,0,5.0,0.0,0.0,0.0,16.0
15447,2025,1,1,20,1,1/20/2025,AA,1576,11057,1105703,31057,CLT,"Charlotte, NC",North Carolina,12892,1289208,32575,LAX,"Los Angeles, CA",California,1654,1652.0,-2.0,0.0,0.0,-1.0,1600-1659,15.0,1707.0,1853.0,11.0,1922,1904.0,-18.0,0.0,0.0,-2.0,1900-1959,0,,0,,,,,
15448,2025,1,1,23,4,1/23/2025,AA,1576,11057,1105703,31057,CLT,"Charlotte, NC",North Carolina,12892,1289208,32575,LAX,"Los Angeles, CA",California,1654,1715.0,21.0,21.0,1.0,1.0,1600-1659,16.0,1731.0,1909.0,8.0,1922,1917.0,-5.0,0.0,0.0,-1.0,1900-1959,0,,0,,,,,
15449,2025,1,1,24,5,1/24/2025,AA,1576,11057,1105703,31057,CLT,"Charlotte, NC",North Carolina,12892,1289208,32575,LAX,"Los Angeles, CA",California,1654,1843.0,109.0,109.0,1.0,7.0,1600-1659,19.0,1902.0,2047.0,24.0,1922,2111.0,109.0,109.0,1.0,7.0,1900-1959,0,,0,11.0,0.0,0.0,0.0,98.0
15450,2025,1,1,26,7,1/26/2025,AA,1576,11057,1105703,31057,CLT,"Charlotte, NC",North Carolina,12892,1289208,32575,LAX,"Los Angeles, CA",California,1654,36.0,462.0,462.0,1.0,12.0,1600-1659,12.0,48.0,304.0,6.0,1922,310.0,468.0,468.0,1.0,12.0,1900-1959,0,,0,368.0,0.0,6.0,0.0,94.0
15451,2025,1,1,27,1,1/27/2025,AA,1576,11057,1105703,31057,CLT,"Charlotte, NC",North Carolina,12892,1289208,32575,LAX,"Los Angeles, CA",California,1654,1658.0,4.0,4.0,0.0,0.0,1600-1659,67.0,1805.0,1956.0,7.0,1922,2003.0,41.0,41.0,1.0,2.0,1900-1959,0,,0,4.0,0.0,37.0,0.0,0.0
15452,2025,1,1,30,4,1/30/2025,AA,1576,11057,1105703,31057,CLT,"Charlotte, NC",North Carolina,12892,1289208,32575,LAX,"Los Angeles, CA",California,1654,1654.0,0.0,0.0,0.0,0.0,1600-1659,26.0,1720.0,1859.0,5.0,1922,1904.0,-18.0,0.0,0.0,-2.0,1900-1959,0,,0,,,,,
15453,2025,1,1,31,5,1/31/2025,AA,1576,11057,1105703,31057,CLT,"Charlotte, NC",North Carolina,12892,1289208,32575,LAX,"Los Angeles, CA",California,1654,1743.0,49.0,49.0,1.0,3.0,1600-1659,11.0,1754.0,1932.0,6.0,1922,1938.0,16.0,16.0,1.0,1.0,1900-1959,0,,0,16.0,0.0,0.0,0.0,0.0
15597,2025,1,1,26,7,1/26/2025,AA,2488,11057,1105703,31057,CLT,"Charlotte, NC",North Carolina,13930,1393008,30977,ORD,"Chicago, IL",Illinois,1814,1812.0,-2.0,0.0,0.0,-1.0,1800-1859,14.0,1826.0,1904.0,10.0,1926,1914.0,-12.0,0.0,0.0,-1.0,1900-1959,0,,0,,,,,
15598,2025,1,1,27,1,1/27/2025,AA,2488,11057,1105703,31057,CLT,"Charlotte, NC",North Carolina,13930,1393008,30977,ORD,"Chicago, IL",Illinois,1814,1822.0,8.0,8.0,0.0,0.0,1800-1859,17.0,1839.0,1915.0,10.0,1926,1925.0,-1.0,0.0,0.0,-1.0,1900-1959,0,,0,,,,,
15599,2025,1,1,28,2,1/28/2025,AA,2488,11057,1105703,31057,CLT,"Charlotte, NC",North Carolina,13930,1393008,30977,ORD,"Chicago, IL",Illinois,1814,1804.0,-10.0,0.0,0.0,-1.0,1800-1859,14.0,1818.0,1859.0,9.0,1926,1908.0,-18.0,0.0,0.0,-2.0,1900-1959,0,,0,,,,,
15600,2025,1,1,29,3,1/29/2025,AA,2488,11057,1105703,31057,CLT,"Charlotte, NC",North Carolina,13930,1393008,30977,ORD,"Chicago, IL",Illinois,1814,1812.0,-2.0,0.0,0.0,-1.0,1800-1859,24.0,1836.0,1922.0,11.0,1926,1933.0,7.0,7.0,0.0,0.0,1900-1959,0,,0,,,,,
15601,2025,1,1,30,4,1/30/2025,AA,2488,11057,1105703,31057,CLT,"Charlotte, NC",North Carolina,13930,1393008,30977,ORD,"Chicago, IL",Illinois,1814,1826.0,12.0,12.0,0.0,0.0,1800-1859,14.0,1840.0,1917.0,13.0,1926,1930.0,4.0,4.0,0.0,0.0,1900-1959,0,,0,,,,,
15602,2025,1,1,31,5,1/31/2025,AA,2488,11057,1105703,31057,CLT,"Charlotte, NC",North Carolina,13930,1393008,30977,ORD,"Chicago, IL",Illinois,1814,1905.0,51.0,51.0,1.0,3.0,1800-1859,14.0,1919.0,1957.0,6.0,1926,2003.0,37.0,37.0,1.0,2.0,1900-1959,0,,0,36.0,0.0,0.0,0.0,1.0
15622,2025,1,1,1,3,1/1/2025,AA,2501,11057,1105703,31057,CLT,"Charlotte, NC",North Carolina,13930,1393008,30977,ORD,"Chicago, IL",Illinois,942,934.0,-8.0,0.0,0.0,-1.0,0900-0959,20.0,954.0,1032.0,27.0,1103,1059.0,-4.0,0.0,0.0,-1.0,1100-1159,0,,0,,,,,
15795,2025,1,1,2,4,1/2/2025,AA,2569,11057,1105703,31057,CLT,"Charlotte, NC",North Carolina,13930,1393008,30977,ORD,"Chicago, IL",Illinois,1638,1816.0,98.0,98.0,1.0,6.0,1600-1659,19.0,1835.0,1911.0,29.0,1743,1940.0,117.0,117.0,1.0,7.0,1700-1759,0,,0,0.0,0.0,19.0,0.0,98.0
15796,2025,1,1,3,5,1/3/2025,AA,2569,11057,1105703,31057,CLT,"Charlotte, NC",North Carolina,13930,1393008,30977,ORD,"Chicago, IL",Illinois,1638,1711.0,33.0,33.0,1.0,2.0,1600-1659,16.0,1727.0,1807.0,12.0,1743,1819.0,36.0,36.0,1.0,2.0,1700-1759,0,,0,24.0,0.0,3.0,0.0,9.0
15797,2025,1,1,4,6,1/4/2025,AA,2569,11057,1105703,31057,CLT,"Charlotte, NC",North Carolina,13930,1393008,30977,ORD,"Chicago, IL",Illinois,1638,1646.0,8.0,8.0,0.0,0.0,1600-1659,20.0,1706.0,1743.0,14.0,1743,1757.0,14.0,14.0,0.0,0.0,1700-1759,0,,0,,,,,
15798,2025,1,1,5,7,1/5/2025,AA,2569,11057,1105703,31057,CLT,"Charlotte, NC",North Carolina,13930,1393008,30977,ORD,"Chicago, IL",Illinois,1638,1641.0,3.0,3.0,0.0,0.0,1600-1659,20.0,1701.0,1739.0,10.0,1743,1749.0,6.0,6.0,0.0,0.0,1700-1759,0,,0,,,,,
15799,2025,1,1,6,1,1/6/2025,AA,2569,11057,1105703,31057,CLT,"Charlotte, NC",North Carolina,13930,1393008,30977,ORD,"Chicago, IL",Illinois,1638,1718.0,40.0,40.0,1.0,2.0,1600-1659,17.0,1735.0,1804.0,16.0,1743,1820.0,37.0,37.0,1.0,2.0,1700-1759,0,,0,15.0,0.0,0.0,0.0,22.0
15800,2025,1,1,7,2,1/7/2025,AA,2569,11057,1105703,31057,CLT,"Charlotte, NC",North Carolina,13930,1393008,30977,ORD,"Chicago, IL",Illinois,1645,1639.0,-6.0,0.0,0.0,-1.0,1600-1659,20.0,1659.0,1727.0,12.0,1756,1739.0,-17.0,0.0,0.0,-2.0,1700-1759,0,,0,,,,,
15801,2025,1,1,8,3,1/8/2025,AA,2569,11057,1105703,31057,CLT,"Charlotte, NC",North Carolina,13930,1393008,30977,ORD,"Chicago, IL",Illinois,1645,1643.0,-2.0,0.0,0.0,-1.0,1600-1659,25.0,1708.0,1743.0,13.0,1756,1756.0,0.0,0.0,0.0,0.0,1700-1759,0,,0,,,,,
15802,2025,1,1,9,4,1/9/2025,AA,2569,11057,1105703,31057,CLT,"Charlotte, NC",North Carolina,13930,1393008,30977,ORD,"Chicago, IL",Illinois,1645,1641.0,-4.0,0.0,0.0,-1.0,1600-1659,14.0,1655.0,1735.0,9.0,1756,1744.0,-12.0,0.0,0.0,-1.0,1700-1759,0,,0,,,,,
15803,2025,1,1,10,5,1/10/2025,AA,2569,11057,1105703,31057,CLT,"Charlotte, NC",North Carolina,13930,1393008,30977,ORD,"Chicago, IL",Illinois,1645,,,,,,1600-1659,,,,,1756,,,,,,1700-1759,1,B,0,,,,,
15804,2025,1,1,11,6,1/11/2025,AA,2569,11057,1105703,31057,CLT,"Charlotte, NC",North Carolina,13930,1393008,30977,ORD,"Chicago, IL",Illinois,1645,1639.0,-6.0,0.0,0.0,-1.0,1600-1659,37.0,1716.0,1751.0,14.0,1756,1805.0,9.0,9.0,0.0,0.0,1700-1759,0,,0,,,,,
15805,2025,1,1,12,7,1/12/2025,AA,2569,11057,1105703,31057,CLT,"Charlotte, NC",North Carolina,13930,1393008,30977,ORD,"Chicago, IL",Illinois,1645,1641.0,-4.0,0.0,0.0,-1.0,1600-1659,15.0,1656.0,1731.0,9.0,1756,1740.0,-16.0,0.0,0.0,-2.0,1700-1759,0,,0,,,,,
15806,2025,1,1,13,1,1/13/2025,AA,2569,11057,1105703,31057,CLT,"Charlotte, NC",North Carolina,13930,1393008,30977,ORD,"Chicago, IL",Illinois,1645,1644.0,-1.0,0.0,0.0,-1.0,1600-1659,18.0,1702.0,1737.0,11.0,1756,1748.0,-8.0,0.0,0.0,-1.0,1700-1759,0,,0,,,,,
15807,2025,1,1,14,2,1/14/2025,AA,2569,11057,1105703,31057,CLT,"Charlotte, NC",North Carolina,13930,1393008,30977,ORD,"Chicago, IL",Illinois,1645,1636.0,-9.0,0.0,0.0,-1.0,1600-1659,15.0,1651.0,1733.0,10.0,1756,1743.0,-13.0,0.0,0.0,-1.0,1700-1759,0,,0,,,,,
15808,2025,1,1,15,3,1/15/2025,AA,2569,11057,1105703,31057,CLT,"Charlotte, NC",North Carolina,13930,1393008,30977,ORD,"Chicago, IL",Illinois,1645,1722.0,37.0,37.0,1.0,2.0,1600-1659,38.0,1800.0,1843.0,18.0,1756,1901.0,65.0,65.0,1.0,4.0,1700-1759,0,,0,5.0,0.0,28.0,0.0,32.0
15809,2025,1,1,16,4,1/16/2025,AA,2569,11057,1105703,31057,CLT,"Charlotte, NC",North Carolina,13930,1393008,30977,ORD,"Chicago, IL",Illinois,1645,1643.0,-2.0,0.0,0.0,-1.0,1600-1659,28.0,1711.0,1750.0,8.0,1756,1758.0,2.0,2.0,0.0,0.0,1700-1759,0,,0,,,,,
15810,2025,1,1,17,5,1/17/2025,AA,2569,11057,1105703,31057,CLT,"Charlotte, NC",North Carolina,13930,1393008,30977,ORD,"Chicago, IL",Illinois,1645,1701.0,16.0,16.0,1.0,1.0,1600-1659,29.0,1730.0,1804.0,11.0,1756,1815.0,19.0,19.0,1.0,1.0,1700-1759,0,,0,16.0,0.0,3.0,0.0,0.0
15811,2025,1,1,18,6,1/18/2025,AA,2569,11057,1105703,31057,CLT,"Charlotte, NC",North Carolina,13930,1393008,30977,ORD,"Chicago, IL",Illinois,1645,1637.0,-8.0,0.0,0.0,-1.0,1600-1659,16.0,1653.0,1723.0,11.0,1756,1734.0,-22.0,0.0,0.0,-2.0,1700-1759,0,,0,,,,,
15812,2025,1,1,19,7,1/19/2025,AA,2569,11057,1105703,31057,CLT,"Charlotte, NC",North Carolina,13930,1393008,30977,ORD,"Chicago, IL",Illinois,1645,1653.0,8.0,8.0,0.0,0.0,1600-1659,25.0,1718.0,1751.0,8.0,1756,1759.0,3.0,3.0,0.0,0.0,1700-1759,0,,0,,,,,
15813,2025,1,1,20,1,1/20/2025,AA,2569,11057,1105703,31057,CLT,"Charlotte, NC",North Carolina,13930,1393008,30977,ORD,"Chicago, IL",Illinois,1645,1653.0,8.0,8.0,0.0,0.0,1600-1659,12.0,1705.0,1741.0,11.0,1756,1752.0,-4.0,0.0,0.0,-1.0,1700-1759,0,,0,,,,,
15814,2025,1,1,21,2,1/21/2025,AA,2569,11057,1105703,31057,CLT,"Charlotte, NC",North Carolina,13930,1393008,30977,ORD,"Chicago, IL",Illinois,1645,1636.0,-9.0,0.0,0.0,-1.0,1600-1659,16.0,1652.0,1723.0,10.0,1756,1733.0,-23.0,0.0,0.0,-2.0,1700-1759,0,,0,,,,,
15815,2025,1,1,22,3,1/22/2025,AA,2569,11057,1105703,31057,CLT,"Charlotte, NC",North Carolina,13930,1393008,30977,ORD,"Chicago, IL",Illinois,1645,1645.0,0.0,0.0,0.0,0.0,1600-1659,18.0,1703.0,1735.0,25.0,1756,1800.0,4.0,4.0,0.0,0.0,1700-1759,0,,0,,,,,
15816,2025,1,1,23,4,1/23/2025,AA,2569,11057,1105703,31057,CLT,"Charlotte, NC",North Carolina,13930,1393008,30977,ORD,"Chicago, IL",Illinois,1645,1706.0,21.0,21.0,1.0,1.0,1600-1659,17.0,1723.0,1802.0,9.0,1756,1811.0,15.0,15.0,1.0,1.0,1700-1759,0,,0,0.0,0.0,0.0,0.0,15.0
15817,2025,1,1,24,5,1/24/2025,AA,2569,11057,1105703,31057,CLT,"Charlotte, NC",North Carolina,13930,1393008,30977,ORD,"Chicago, IL",Illinois,1645,1828.0,103.0,103.0,1.0,6.0,1600-1659,16.0,1844.0,1922.0,11.0,1756,1933.0,97.0,97.0,1.0,6.0,1700-1759,0,,0,27.0,0.0,0.0,0.0,70.0
15818,2025,1,1,25,6,1/25/2025,AA,2569,11057,1105703,31057,CLT,"Charlotte, NC",North Carolina,13930,1393008,30977,ORD,"Chicago, IL",Illinois,1645,1635.0,-10.0,0.0,0.0,-1.0,1600-1659,26.0,1701.0,1744.0,15.0,1756,1759.0,3.0,3.0,0.0,0.0,1700-1759,0,,0,,,,,
15819,2025,1,1,26,7,1/26/2025,AA,2569,11057,1105703,31057,CLT,"Charlotte, NC",North Carolina,13930,1393008,30977,ORD,"Chicago, IL",Illinois,1645,1636.0,-9.0,0.0,0.0,-1.0,1600-1659,20.0,1656.0,1737.0,11.0,1756,1748.0,-8.0,0.0,0.0,-1.0,1700-1759,0,,0,,,,,
15820,2025,1,1,27,1,1/27/2025,AA,2569,11057,1105703,31057,CLT,"Charlotte, NC",North Carolina,13930,1393008,30977,ORD,"Chicago, IL",Illinois,1645,1642.0,-3.0,0.0,0.0,-1.0,1600-1659,59.0,1741.0,1825.0,11.0,1756,1836.0,40.0,40.0,1.0,2.0,1700-1759,0,,0,0.0,0.0,40.0,0.0,0.0
15821,2025,1,1,28,2,1/28/2025,AA,2569,11057,1105703,31057,CLT,"Charlotte, NC",North Carolina,13930,1393008,30977,ORD,"Chicago, IL",Illinois,1645,1640.0,-5.0,0.0,0.0,-1.0,1600-1659,26.0,1706.0,1740.0,9.0,1756,1749.0,-7.0,0.0,0.0,-1.0,1700-1759,0,,0,,,,,
15822,2025,1,1,29,3,1/29/2025,AA,2569,11057,1105703,31057,CLT,"Charlotte, NC",North Carolina,13930,1393008,30977,ORD,"Chicago, IL",Illinois,1645,1638.0,-7.0,0.0,0.0,-1.0,1600-1659,13.0,1651.0,1726.0,9.0,1756,1735.0,-21.0,0.0,0.0,-2.0,1700-1759,0,,0,,,,,
15823,2025,1,1,30,4,1/30/2025,AA,2569,11057,1105703,31057,CLT,"Charlotte, NC",North Carolina,13930,1393008,30977,ORD,"Chicago, IL",Illinois,1645,1646.0,1.0,1.0,0.0,0.0,1600-1659,12.0,1658.0,1729.0,12.0,1756,1741.0,-15.0,0.0,0.0,-1.0,1700-1759,0,,0,,,,,
15824,2025,1,1,31,5,1/31/2025,AA,2569,11057,1105703,31057,CLT,"Charlotte, NC",North Carolina,13930,1393008,30977,ORD,"Chicago, IL",Illinois,1645,1642.0,-3.0,0.0,0.0,-1.0,1600-1659,23.0,1705.0,1738.0,20.0,1756,1758.0,2.0,2.0,0.0,0.0,1700-1759,0,,0,,,,,
15883,2025,1,1,1,3,1/1/2025,AA,2602,11057,1105703,31057,CLT,"Charlotte, NC",North Carolina,11298,1129806,30194,DFW,"Dallas/Fort Worth, TX",Texas,1930,1943.0,13.0,13.0,0.0,0.0,1900-1959,11.0,1954.0,2123.0,14.0,2132,2137.0,5.0,5.0,0.0,0.0,2100-2159,0,,0,,,,,
15884,2025,1,1,2,4,1/2/2025,AA,2602,11057,1105703,31057,CLT,"Charlotte, NC",North Carolina,11298,1129806,30194,DFW,"Dallas/Fort Worth, TX",Texas,1930,1928.0,-2.0,0.0,0.0,-1.0,1900-1959,29.0,1957.0,2132.0,13.0,2132,2145.0,13.0,13.0,0.0,0.0,2100-2159,0,,0,,,,,
15885,2025,1,1,3,5,1/3/2025,AA,2602,11057,1105703,31057,CLT,"Charlotte, NC",North Carolina,11298,1129806,30194,DFW,"Dallas/Fort Worth, TX",Texas,1930,1930.0,0.0,0.0,0.0,0.0,1900-1959,16.0,1946.0,2111.0,19.0,2132,2130.0,-2.0,0.0,0.0,-1.0,2100-2159,0,,0,,,,,
15886,2025,1,1,4,6,1/4/2025,AA,2602,11057,1105703,31057,CLT,"Charlotte, NC",North Carolina,11298,1129806,30194,DFW,"Dallas/Fort Worth, TX",Texas,1930,1929.0,-1.0,0.0,0.0,-1.0,1900-1959,13.0,1942.0,2105.0,11.0,2132,2116.0,-16.0,0.0,0.0,-2.0,2100-2159,0,,0,,,,,
15887,2025,1,1,5,7,1/5/2025,AA,2602,11057,1105703,31057,CLT,"Charlotte, NC",North Carolina,11298,1129806,30194,DFW,"Dallas/Fort Worth, TX",Texas,1930,2010.0,40.0,40.0,1.0,2.0,1900-1959,15.0,2025.0,2203.0,84.0,2132,2327.0,115.0,115.0,1.0,7.0,2100-2159,0,,0,33.0,0.0,75.0,0.0,7.0
15888,2025,1,1,6,1,1/6/2025,AA,2602,11057,1105703,31057,CLT,"Charlotte, NC",North Carolina,11298,1129806,30194,DFW,"Dallas/Fort Worth, TX",Texas,1930,1957.0,27.0,27.0,1.0,1.0,1900-1959,16.0,2013.0,2144.0,8.0,2132,2152.0,20.0,20.0,1.0,1.0,2100-2159,0,,0,0.0,0.0,0.0,0.0,20.0
15889,2025,1,1,7,2,1/7/2025,AA,2602,11057,1105703,31057,CLT,"Charlotte, NC",North Carolina,11298,1129806,30194,DFW,"Dallas/Fort Worth, TX",Texas,1930,1926.0,-4.0,0.0,0.0,-1.0,1900-1959,14.0,1940.0,2107.0,8.0,2131,2115.0,-16.0,0.0,0.0,-2.0,2100-2159,0,,0,,,,,
15890,2025,1,1,8,3,1/8/2025,AA,2602,11057,1105703,31057,CLT,"Charlotte, NC",North Carolina,11298,1129806,30194,DFW,"Dallas/Fort Worth, TX",Texas,1930,,,,,,1900-1959,,,,,2131,,,,,,2100-2159,1,B,0,,,,,
15891,2025,1,1,9,4,1/9/2025,AA,2602,11057,1105703,31057,CLT,"Charlotte, NC",North Carolina,11298,1129806,30194,DFW,"Dallas/Fort Worth, TX",Texas,1930,,,,,,1900-1959,,,,,2131,,,,,,2100-2159,1,B,0,,,,,
15892,2025,1,1,10,5,1/10/2025,AA,2602,11057,1105703,31057,CLT,"Charlotte, NC",North Carolina,11298,1129806,30194,DFW,"Dallas/Fort Worth, TX",Texas,1930,,,,,,1900-1959,,,,,2131,,,,,,2100-2159,1,B,0,,,,,
15893,2025,1,1,11,6,1/11/2025,AA,2602,11057,1105703,31057,CLT,"Charlotte, NC",North Carolina,11298,1129806,30194,DFW,"Dallas/Fort Worth, TX",Texas,1930,1925.0,-5.0,0.0,0.0,-1.0,1900-1959,16.0,1941.0,2106.0,21.0,2131,2127.0,-4.0,0.0,0.0,-1.0,2100-2159,0,,0,,,,,
15894,2025,1,1,12,7,1/12/2025,AA,2602,11057,1105703,31057,CLT,"Charlotte, NC",North Carolina,11298,1129806,30194,DFW,"Dallas/Fort Worth, TX",Texas,1930,1927.0,-3.0,0.0,0.0,-1.0,1900-1959,15.0,1942.0,2120.0,19.0,2131,2139.0,8.0,8.0,0.0,0.0,2100-2159,0,,0,,,,,
15895,2025,1,1,13,1,1/13/2025,AA,2602,11057,1105703,31057,CLT,"Charlotte, NC",North Carolina,11298,1129806,30194,DFW,"Dallas/Fort Worth, TX",Texas,1930,1925.0,-5.0,0.0,0.0,-1.0,1900-1959,19.0,1944.0,2123.0,12.0,2131,2135.0,4.0,4.0,0.0,0.0,2100-2159,0,,0,,,,,
15896,2025,1,1,14,2,1/14/2025,AA,2602,11057,1105703,31057,CLT,"Charlotte, NC",North Carolina,11298,1129806,30194,DFW,"Dallas/Fort Worth, TX",Texas,1930,1921.0,-9.0,0.0,0.0,-1.0,1900-1959,12.0,1933.0,2102.0,18.0,2131,2120.0,-11.0,0.0,0.0,-1.0,2100-2159,0,,0,,,,,
15897,2025,1,1,15,3,1/15/2025,AA,2602,11057,1105703,31057,CLT,"Charlotte, NC",North Carolina,11298,1129806,30194,DFW,"Dallas/Fort Worth, TX",Texas,1930,1923.0,-7.0,0.0,0.0,-1.0,1900-1959,12.0,1935.0,2111.0,8.0,2131,2119.0,-12.0,0.0,0.0,-1.0,2100-2159,0,,0,,,,,
15898,2025,1,1,16,4,1/16/2025,AA,2602,11057,1105703,31057,CLT,"Charlotte, NC",North Carolina,11298,1129806,30194,DFW,"Dallas/Fort Worth, TX",Texas,1930,1935.0,5.0,5.0,0.0,0.0,1900-1959,10.0,1945.0,2058.0,6.0,2131,2104.0,-27.0,0.0,0.0,-2.0,2100-2159,0,,0,,,,,
15899,2025,1,1,17,5,1/17/2025,AA,2602,11057,1105703,31057,CLT,"Charlotte, NC",North Carolina,11298,1129806,30194,DFW,"Dallas/Fort Worth, TX",Texas,1930,1925.0,-5.0,0.0,0.0,-1.0,1900-1959,12.0,1937.0,2106.0,4.0,2131,2110.0,-21.0,0.0,0.0,-2.0,2100-2159,0,,0,,,,,
15900,2025,1,1,18,6,1/18/2025,AA,2602,11057,1105703,31057,CLT,"Charlotte, NC",North Carolina,11298,1129806,30194,DFW,"Dallas/Fort Worth, TX",Texas,1930,1925.0,-5.0,0.0,0.0,-1.0,1900-1959,27.0,1952.0,2121.0,7.0,2131,2128.0,-3.0,0.0,0.0,-1.0,2100-2159,0,,0,,,,,
15901,2025,1,1,19,7,1/19/2025,AA,2602,11057,1105703,31057,CLT,"Charlotte, NC",North Carolina,11298,1129806,30194,DFW,"Dallas/Fort Worth, TX",Texas,1930,1928.0,-2.0,0.0,0.0,-1.0,1900-1959,14.0,1942.0,2117.0,12.0,2131,2129.0,-2.0,0.0,0.0,-1.0,2100-2159,0,,0,,,,,
15902,2025,1,1,20,1,1/20/2025,AA,2602,11057,1105703,31057,CLT,"Charlotte, NC",North Carolina,11298,1129806,30194,DFW,"Dallas/Fort Worth, TX",Texas,1930,1927.0,-3.0,0.0,0.0,-1.0,1900-1959,15.0,1942.0,2124.0,9.0,2131,2133.0,2.0,2.0,0.0,0.0,2100-2159,0,,0,,,,,
15903,2025,1,1,21,2,1/21/2025,AA,2602,11057,1105703,31057,CLT,"Charlotte, NC",North Carolina,11298,1129806,30194,DFW,"Dallas/Fort Worth, TX",Texas,1930,1924.0,-6.0,0.0,0.0,-1.0,1900-1959,115.0,2119.0,2244.0,6.0,2131,2250.0,79.0,79.0,1.0,5.0,2100-2159,0,,0,0.0,0.0,79.0,0.0,0.0
15904,2025,1,1,22,3,1/22/2025,AA,2602,11057,1105703,31057,CLT,"Charlotte, NC",North Carolina,11298,1129806,30194,DFW,"Dallas/Fort Worth, TX",Texas,1930,1924.0,-6.0,0.0,0.0,-1.0,1900-1959,17.0,1941.0,2121.0,14.0,2131,2135.0,4.0,4.0,0.0,0.0,2100-2159,0,,0,,,,,
15905,2025,1,1,23,4,1/23/2025,AA,2602,11057,1105703,31057,CLT,"Charlotte, NC",North Carolina,11298,1129806,30194,DFW,"Dallas/Fort Worth, TX",Texas,1930,1927.0,-3.0,0.0,0.0,-1.0,1900-1959,15.0,1942.0,2115.0,13.0,2131,2128.0,-3.0,0.0,0.0,-1.0,2100-2159,0,,0,,,,,
15906,2025,1,1,24,5,1/24/2025,AA,2602,11057,1105703,31057,CLT,"Charlotte, NC",North Carolina,11298,1129806,30194,DFW,"Dallas/Fort Worth, TX",Texas,1930,1923.0,-7.0,0.0,0.0,-1.0,1900-1959,12.0,1935.0,2053.0,14.0,2131,2107.0,-24.0,0.0,0.0,-2.0,2100-2159,0,,0,,,,,
15907,2025,1,1,25,6,1/25/2025,AA,2602,11057,1105703,31057,CLT,"Charlotte, NC",North Carolina,11298,1129806,30194,DFW,"Dallas/Fort Worth, TX",Texas,1930,1934.0,4.0,4.0,0.0,0.0,1900-1959,17.0,1951.0,2115.0,13.0,2131,2128.0,-3.0,0.0,0.0,-1.0,2100-2159,0,,0,,,,,
15908,2025,1,1,26,7,1/26/2025,AA,2602,11057,1105703,31057,CLT,"Charlotte, NC",North Carolina,11298,1129806,30194,DFW,"Dallas/Fort Worth, TX",Texas,1930,2024.0,54.0,54.0,1.0,3.0,1900-1959,14.0,2038.0,2208.0,9.0,2131,2217.0,46.0,46.0,1.0,3.0,2100-2159,0,,0,0.0,0.0,0.0,0.0,46.0
15909,2025,1,1,27,1,1/27/2025,AA,2602,11057,1105703,31057,CLT,"Charlotte, NC",North Carolina,11298,1129806,30194,DFW,"Dallas/Fort Worth, TX",Texas,1930,1935.0,5.0,5.0,0.0,0.0,1900-1959,12.0,1947.0,2116.0,13.0,2131,2129.0,-2.0,0.0,0.0,-1.0,2100-2159,0,,0,,,,,
15910,2025,1,1,28,2,1/28/2025,AA,2602,11057,1105703,31057,CLT,"Charlotte, NC",North Carolina,11298,1129806,30194,DFW,"Dallas/Fort Worth, TX",Texas,1930,1925.0,-5.0,0.0,0.0,-1.0,1900-1959,12.0,1937.0,2054.0,20.0,2131,2114.0,-17.0,0.0,0.0,-2.0,2100-2159,0,,0,,,,,
15911,2025,1,1,29,3,1/29/2025,AA,2602,11057,1105703,31057,CLT,"Charlotte, NC",North Carolina,11298,1129806,30194,DFW,"Dallas/Fort Worth, TX",Texas,1930,1922.0,-8.0,0.0,0.0,-1.0,1900-1959,18.0,1940.0,2115.0,60.0,2131,2215.0,44.0,44.0,1.0,2.0,2100-2159,0,,0,0.0,0.0,44.0,0.0,0.0
15912,2025,1,1,30,4,1/30/2025,AA,2602,11057,1105703,31057,CLT,"Charlotte, NC",North Carolina,11298,1129806,30194,DFW,"Dallas/Fort Worth, TX",Texas,1930,1928.0,-2.0,0.0,0.0,-1.0,1900-1959,12.0,1940.0,2114.0,23.0,2131,2137.0,6.0,6.0,0.0,0.0,2100-2159,0,,0,,,,,
15913,2025,1,1,31,5,1/31/2025,AA,2602,11057,1105703,31057,CLT,"Charlotte, NC",North Carolina,11298,1129806,30194,DFW,"Dallas/Fort Worth, TX",Texas,1930,2036.0,66.0,66.0,1.0,4.0,1900-1959,40.0,2116.0,2253.0,4.0,2131,2257.0,86.0,86.0,1.0,5.0,2100-2159,0,,0,66.0,0.0,20.0,0.0,0.0
16073,2025,1,1,1,3,1/1/2025,AA,2681,11057,1105703,31057,CLT,"Charlotte, NC",North Carolina,11298,1129806,30194,DFW,"Dallas/Fort Worth, TX",Texas,525,518.0,-7.0,0.0,0.0,-1.0,0001-0559,10.0,528.0,704.0,13.0,725,717.0,-8.0,0.0,0.0,-1.0,0700-0759,0,,0,,,,,
16074,2025,1,1,2,4,1/2/2025,AA,2681,11057,1105703,31057,CLT,"Charlotte, NC",North Carolina,11298,1129806,30194,DFW,"Dallas/Fort Worth, TX",Texas,525,517.0,-8.0,0.0,0.0,-1.0,0001-0559,11.0,528.0,656.0,19.0,725,715.0,-10.0,0.0,0.0,-1.0,0700-0759,0,,0,,,,,
16075,2025,1,1,3,5,1/3/2025,AA,2681,11057,1105703,31057,CLT,"Charlotte, NC",North Carolina,11298,1129806,30194,DFW,"Dallas/Fort Worth, TX",Texas,525,519.0,-6.0,0.0,0.0,-1.0,0001-0559,11.0,530.0,658.0,16.0,725,714.0,-11.0,0.0,0.0,-1.0,0700-0759,0,,0,,,,,
16076,2025,1,1,4,6,1/4/2025,AA,2681,11057,1105703,31057,CLT,"Charlotte, NC",North Carolina,11298,1129806,30194,DFW,"Dallas/Fort Worth, TX",Texas,525,523.0,-2.0,0.0,0.0,-1.0,0001-0559,16.0,539.0,707.0,18.0,725,725.0,0.0,0.0,0.0,0.0,0700-0759,0,,0,,,,,
16077,2025,1,1,5,7,1/5/2025,AA,2681,11057,1105703,31057,CLT,"Charlotte, NC",North Carolina,11298,1129806,30194,DFW,"Dallas/Fort Worth, TX",Texas,525,525.0,0.0,0.0,0.0,0.0,0001-0559,16.0,541.0,708.0,18.0,725,726.0,1.0,1.0,0.0,0.0,0700-0759,0,,0,,,,,
16078,2025,1,1,6,1,1/6/2025,AA,2681,11057,1105703,31057,CLT,"Charlotte, NC",North Carolina,11298,1129806,30194,DFW,"Dallas/Fort Worth, TX",Texas,525,527.0,2.0,2.0,0.0,0.0,0001-0559,20.0,547.0,729.0,16.0,725,745.0,20.0,20.0,1.0,1.0,0700-0759,0,,0,2.0,0.0,18.0,0.0,0.0
16079,2025,1,1,7,2,1/7/2025,AA,2681,11057,1105703,31057,CLT,"Charlotte, NC",North Carolina,11298,1129806,30194,DFW,"Dallas/Fort Worth, TX",Texas,525,523.0,-2.0,0.0,0.0,-1.0,0001-0559,28.0,551.0,722.0,9.0,723,731.0,8.0,8.0,0.0,0.0,0700-0759,0,,0,,,,,
16080,2025,1,1,8,3,1/8/2025,AA,2681,11057,1105703,31057,CLT,"Charlotte, NC",North Carolina,11298,1129806,30194,DFW,"Dallas/Fort Worth, TX",Texas,525,529.0,4.0,4.0,0.0,0.0,0001-0559,25.0,554.0,733.0,13.0,723,746.0,23.0,23.0,1.0,1.0,0700-0759,0,,0,4.0,0.0,19.0,0.0,0.0
16081,2025,1,1,9,4,1/9/2025,AA,2681,11057,1105703,31057,CLT,"Charlotte, NC",North Carolina,11298,1129806,30194,DFW,"Dallas/Fort Worth, TX",Texas,525,520.0,-5.0,0.0,0.0,-1.0,0001-0559,12.0,532.0,708.0,10.0,723,718.0,-5.0,0.0,0.0,-1.0,0700-0759,0,,0,,,,,
16082,2025,1,1,10,5,1/10/2025,AA,2681,11057,1105703,31057,CLT,"Charlotte, NC",North Carolina,11298,1129806,30194,DFW,"Dallas/Fort Worth, TX",Texas,525,541.0,16.0,16.0,1.0,1.0,0001-0559,14.0,555.0,732.0,8.0,723,740.0,17.0,17.0,1.0,1.0,0700-0759,0,,0,16.0,0.0,1.0,0.0,0.0
16083,2025,1,1,11,6,1/11/2025,AA,2681,11057,1105703,31057,CLT,"Charlotte, NC",North Carolina,11298,1129806,30194,DFW,"Dallas/Fort Worth, TX",Texas,525,702.0,97.0,97.0,1.0,6.0,0001-0559,11.0,713.0,830.0,19.0,723,849.0,86.0,86.0,1.0,5.0,0700-0759,0,,0,0.0,70.0,0.0,0.0,16.0
16084,2025,1,1,12,7,1/12/2025,AA,2681,11057,1105703,31057,CLT,"Charlotte, NC",North Carolina,11298,1129806,30194,DFW,"Dallas/Fort Worth, TX",Texas,525,553.0,28.0,28.0,1.0,1.0,0001-0559,14.0,607.0,728.0,7.0,723,735.0,12.0,12.0,0.0,0.0,0700-0759,0,,0,,,,,
16085,2025,1,1,13,1,1/13/2025,AA,2681,11057,1105703,31057,CLT,"Charlotte, NC",North Carolina,11298,1129806,30194,DFW,"Dallas/Fort Worth, TX",Texas,525,520.0,-5.0,0.0,0.0,-1.0,0001-0559,15.0,535.0,713.0,17.0,723,730.0,7.0,7.0,0.0,0.0,0700-0759,0,,0,,,,,
16086,2025,1,1,14,2,1/14/2025,AA,2681,11057,1105703,31057,CLT,"Charlotte, NC",North Carolina,11298,1129806,30194,DFW,"Dallas/Fort Worth, TX",Texas,525,522.0,-3.0,0.0,0.0,-1.0,0001-0559,38.0,600.0,731.0,11.0,723,742.0,19.0,19.0,1.0,1.0,0700-0759,0,,0,0.0,0.0,19.0,0.0,0.0
16087,2025,1,1,15,3,1/15/2025,AA,2681,11057,1105703,31057,CLT,"Charlotte, NC",North Carolina,11298,1129806,30194,DFW,"Dallas/Fort Worth, TX",Texas,525,553.0,28.0,28.0,1.0,1.0,0001-0559,32.0,625.0,801.0,11.0,723,812.0,49.0,49.0,1.0,3.0,0700-0759,0,,0,28.0,0.0,21.0,0.0,0.0
16088,2025,1,1,16,4,1/16/2025,AA,2681,11057,1105703,31057,CLT,"Charlotte, NC",North Carolina,11298,1129806,30194,DFW,"Dallas/Fort Worth, TX",Texas,525,521.0,-4.0,0.0,0.0,-1.0,0001-0559,41.0,602.0,718.0,17.0,723,735.0,12.0,12.0,0.0,0.0,0700-0759,0,,0,,,,,
16089,2025,1,1,17,5,1/17/2025,AA,2681,11057,1105703,31057,CLT,"Charlotte, NC",North Carolina,11298,1129806,30194,DFW,"Dallas/Fort Worth, TX",Texas,525,520.0,-5.0,0.0,0.0,-1.0,0001-0559,15.0,535.0,652.0,14.0,723,706.0,-17.0,0.0,0.0,-2.0,0700-0759,0,,0,,,,,
16090,2025,1,1,18,6,1/18/2025,AA,2681,11057,1105703,31057,CLT,"Charlotte, NC",North Carolina,11298,1129806,30194,DFW,"Dallas/Fort Worth, TX",Texas,525,519.0,-6.0,0.0,0.0,-1.0,0001-0559,13.0,532.0,717.0,9.0,723,726.0,3.0,3.0,0.0,0.0,0700-0759,0,,0,,,,,
16091,2025,1,1,19,7,1/19/2025,AA,2681,11057,1105703,31057,CLT,"Charlotte, NC",North Carolina,11298,1129806,30194,DFW,"Dallas/Fort Worth, TX",Texas,525,517.0,-8.0,0.0,0.0,-1.0,0001-0559,14.0,531.0,710.0,9.0,723,719.0,-4.0,0.0,0.0,-1.0,0700-0759,0,,0,,,,,
16092,2025,1,1,20,1,1/20/2025,AA,2681,11057,1105703,31057,CLT,"Charlotte, NC",North Carolina,11298,1129806,30194,DFW,"Dallas/Fort Worth, TX",Texas,525,523.0,-2.0,0.0,0.0,-1.0,0001-0559,14.0,537.0,718.0,12.0,723,730.0,7.0,7.0,0.0,0.0,0700-0759,0,,0,,,,,
16093,2025,1,1,21,2,1/21/2025,AA,2681,11057,1105703,31057,CLT,"Charlotte, NC",North Carolina,11298,1129806,30194,DFW,"Dallas/Fort Worth, TX",Texas,525,530.0,5.0,5.0,0.0,0.0,0001-0559,14.0,544.0,730.0,9.0,723,739.0,16.0,16.0,1.0,1.0,0700-0759,0,,0,5.0,0.0,11.0,0.0,0.0
16094,2025,1,1,22,3,1/22/2025,AA,2681,11057,1105703,31057,CLT,"Charlotte, NC",North Carolina,11298,1129806,30194,DFW,"Dallas/Fort Worth, TX",Texas,525,522.0,-3.0,0.0,0.0,-1.0,0001-0559,13.0,535.0,657.0,5.0,723,702.0,-21.0,0.0,0.0,-2.0,0700-0759,0,,0,,,,,
16095,2025,1,1,23,4,1/23/2025,AA,2681,11057,1105703,31057,CLT,"Charlotte, NC",North Carolina,11298,1129806,30194,DFW,"Dallas/Fort Worth, TX",Texas,525,521.0,-4.0,0.0,0.0,-1.0,0001-0559,12.0,533.0,716.0,14.0,723,730.0,7.0,7.0,0.0,0.0,0700-0759,0,,0,,,,,
16096,2025,1,1,24,5,1/24/2025,AA,2681,11057,1105703,31057,CLT,"Charlotte, NC",North Carolina,11298,1129806,30194,DFW,"Dallas/Fort Worth, TX",Texas,525,523.0,-2.0,0.0,0.0,-1.0,0001-0559,41.0,604.0,726.0,14.0,723,740.0,17.0,17.0,1.0,1.0,0700-0759,0,,0,0.0,0.0,17.0,0.0,0.0
16097,2025,1,1,25,6,1/25/2025,AA,2681,11057,1105703,31057,CLT,"Charlotte, NC",North Carolina,11298,1129806,30194,DFW,"Dallas/Fort Worth, TX",Texas,525,516.0,-9.0,0.0,0.0,-1.0,0001-0559,12.0,528.0,656.0,9.0,723,705.0,-18.0,0.0,0.0,-2.0,0700-0759,0,,0,,,,,
16098,2025,1,1,26,7,1/26/2025,AA,2681,11057,1105703,31057,CLT,"Charlotte, NC",North Carolina,11298,1129806,30194,DFW,"Dallas/Fort Worth, TX",Texas,525,515.0,-10.0,0.0,0.0,-1.0,0001-0559,13.0,528.0,657.0,16.0,723,713.0,-10.0,0.0,0.0,-1.0,0700-0759,0,,0,,,,,
16099,2025,1,1,27,1,1/27/2025,AA,2681,11057,1105703,31057,CLT,"Charlotte, NC",North Carolina,11298,1129806,30194,DFW,"Dallas/Fort Worth, TX",Texas,525,532.0,7.0,7.0,0.0,0.0,0001-0559,13.0,545.0,722.0,12.0,723,734.0,11.0,11.0,0.0,0.0,0700-0759,0,,0,,,,,
16100,2025,1,1,28,2,1/28/2025,AA,2681,11057,1105703,31057,CLT,"Charlotte, NC",North Carolina,11298,1129806,30194,DFW,"Dallas/Fort Worth, TX",Texas,525,519.0,-6.0,0.0,0.0,-1.0,0001-0559,13.0,532.0,705.0,15.0,723,720.0,-3.0,0.0,0.0,-1.0,0700-0759,0,,0,,,,,
16101,2025,1,1,29,3,1/29/2025,AA,2681,11057,1105703,31057,CLT,"Charlotte, NC",North Carolina,11298,1129806,30194,DFW,"Dallas/Fort Worth, TX",Texas,525,523.0,-2.0,0.0,0.0,-1.0,0001-0559,23.0,546.0,718.0,15.0,723,733.0,10.0,10.0,0.0,0.0,0700-0759,0,,0,,,,,
16102,2025,1,1,30,4,1/30/2025,AA,2681,11057,1105703,31057,CLT,"Charlotte, NC",North Carolina,11298,1129806,30194,DFW,"Dallas/Fort Worth, TX",Texas,525,,,,,,0001-0559,,,,,723,,,,,,0700-0759,1,B,0,,,,,
16103,2025,1,1,31,5,1/31/2025,AA,2681,11057,1105703,31057,CLT,"Charlotte, NC",North Carolina,11298,1129806,30194,DFW,"Dallas/Fort Worth, TX",Texas,525,517.0,-8.0,0.0,0.0,-1.0,0001-0559,10.0,527.0,701.0,16.0,723,717.0,-6.0,0.0,0.0,-1.0,0700-0759,0,,0,,,,,
19633,2025,1,1,2,4,1/2/2025,WN,4788,11057,1105703,31057,CLT,"Charlotte, NC",North Carolina,11292,1129202,30325,DEN,"Denver, CO",Colorado,1605,1613.0,8.0,8.0,0.0,0.0,1600-1659,13.0,1626.0,1749.0,9.0,1755,1758.0,3.0,3.0,0.0,0.0,1700-1759,0,,0,,,,,
19641,2025,1,1,10,5,1/10/2025,WN,3787,11057,1105703,31057,CLT,"Charlotte, NC",North Carolina,11292,1129202,30325,DEN,"Denver, CO",Colorado,755,751.0,-4.0,0.0,0.0,-1.0,0700-0759,16.0,807.0,916.0,5.0,955,921.0,-34.0,0.0,0.0,-2.0,0900-0959,0,,0,,,,,
19653,2025,1,1,19,7,1/19/2025,WN,3787,11057,1105703,31057,CLT,"Charlotte, NC",North Carolina,11292,1129202,30325,DEN,"Denver, CO",Colorado,755,751.0,-4.0,0.0,0.0,-1.0,0700-0759,16.0,807.0,927.0,6.0,955,933.0,-22.0,0.0,0.0,-2.0,0900-0959,0,,0,,,,,
19660,2025,1,1,20,1,1/20/2025,WN,2801,11057,1105703,31057,CLT,"Charlotte, NC",North Carolina,11292,1129202,30325,DEN,"Denver, CO",Colorado,815,852.0,37.0,37.0,1.0,2.0,0800-0859,18.0,910.0,1036.0,9.0,1015,1045.0,30.0,30.0,1.0,2.0,1000-1059,0,,0,30.0,0.0,0.0,0.0,0.0
19668,2025,1,1,28,2,1/28/2025,WN,3787,11057,1105703,31057,CLT,"Charlotte, NC",North Carolina,11292,1129202,30325,DEN,"Denver, CO",Colorado,755,752.0,-3.0,0.0,0.0,-1.0,0700-0759,13.0,805.0,906.0,6.0,955,912.0,-43.0,0.0,0.0,-2.0,0900-0959,0,,0,,,,,
19675,2025,1,1,29,3,1/29/2025,WN,3787,11057,1105703,31057,CLT,"Charlotte, NC",North Carolina,11292,1129202,30325,DEN,"Denver, CO",Colorado,755,749.0,-6.0,0.0,0.0,-1.0,0700-0759,13.0,802.0,928.0,5.0,955,933.0,-22.0,0.0,0.0,-2.0,0900-0959,0,,0,,,,,
19684,2025,1,1,3,5,1/3/2025,WN,3633,11057,1105703,31057,CLT,"Charlotte, NC",North Carolina,11292,1129202,30325,DEN,"Denver, CO",Colorado,1420,1418.0,-2.0,0.0,0.0,-1.0,1400-1459,13.0,1431.0,1605.0,24.0,1605,1629.0,24.0,24.0,1.0,1.0,1600-1659,0,,0,0.0,0.0,24.0,0.0,0.0
19693,2025,1,1,4,6,1/4/2025,WN,1593,11057,1105703,31057,CLT,"Charlotte, NC",North Carolina,11292,1129202,30325,DEN,"Denver, CO",Colorado,1710,1917.0,127.0,127.0,1.0,8.0,1700-1759,17.0,1934.0,2050.0,12.0,1855,2102.0,127.0,127.0,1.0,8.0,1800-1859,0,,0,61.0,0.0,0.0,0.0,66.0
19702,2025,1,1,12,7,1/12/2025,WN,2801,11057,1105703,31057,CLT,"Charlotte, NC",North Carolina,11292,1129202,30325,DEN,"Denver, CO",Colorado,815,807.0,-8.0,0.0,0.0,-1.0,0800-0859,31.0,838.0,1009.0,7.0,1015,1016.0,1.0,1.0,0.0,0.0,1000-1059,0,,0,,,,,
19710,2025,1,1,13,1,1/13/2025,WN,3787,11057,1105703,31057,CLT,"Charlotte, NC",North Carolina,11292,1129202,30325,DEN,"Denver, CO",Colorado,755,749.0,-6.0,0.0,0.0,-1.0,0700-0759,18.0,807.0,947.0,6.0,955,953.0,-2.0,0.0,0.0,-1.0,0900-0959,0,,0,,,,,
19717,2025,1,1,21,2,1/21/2025,WN,3787,11057,1105703,31057,CLT,"Charlotte, NC",North Carolina,11292,1129202,30325,DEN,"Denver, CO",Colorado,755,804.0,9.0,9.0,0.0,0.0,0700-0759,12.0,816.0,930.0,25.0,955,955.0,0.0,0.0,0.0,0.0,0900-0959,0,,0,,,,,
19724,2025,1,1,22,3,1/22/2025,WN,3787,11057,1105703,31057,CLT,"Charlotte, NC",North Carolina,11292,1129202,30325,DEN,"Denver, CO",Colorado,755,755.0,0.0,0.0,0.0,0.0,0700-0759,17.0,812.0,922.0,5.0,955,927.0,-28.0,0.0,0.0,-2.0,0900-0959,0,,0,,,,,
19731,2025,1,1,30,4,1/30/2025,WN,3787,11057,1105703,31057,CLT,"Charlotte, NC",North Carolina,11292,1129202,30325,DEN,"Denver, CO",Colorado,755,750.0,-5.0,0.0,0.0,-1.0,0700-0759,13.0,803.0,918.0,9.0,955,927.0,-28.0,0.0,0.0,-2.0,0900-0959,0,,0,,,,,
19738,2025,1,1,31,5,1/31/2025,WN,3787,11057,1105703,31057,CLT,"Charlotte, NC",North Carolina,11292,1129202,30325,DEN,"Denver, CO",Colorado,755,752.0,-3.0,0.0,0.0,-1.0,0700-0759,19.0,811.0,918.0,6.0,955,924.0,-31.0,0.0,0.0,-2.0,0900-0959,0,,0,,,,,
19747,2025,1,1,5,7,1/5/2025,WN,4788,11057,1105703,31057,CLT,"Charlotte, NC",North Carolina,11292,1129202,30325,DEN,"Denver, CO",Colorado,1605,1636.0,31.0,31.0,1.0,2.0,1600-1659,17.0,1653.0,1800.0,6.0,1755,1806.0,11.0,11.0,0.0,0.0,1700-1759,0,,0,,,,,
19763,2025,1,1,14,2,1/14/2025,WN,3787,11057,1105703,31057,CLT,"Charlotte, NC",North Carolina,11292,1129202,30325,DEN,"Denver, CO",Colorado,755,754.0,-1.0,0.0,0.0,-1.0,0700-0759,14.0,808.0,937.0,5.0,955,942.0,-13.0,0.0,0.0,-1.0,0900-0959,0,,0,,,,,
19770,2025,1,1,15,3,1/15/2025,WN,3787,11057,1105703,31057,CLT,"Charlotte, NC",North Carolina,11292,1129202,30325,DEN,"Denver, CO",Colorado,755,752.0,-3.0,0.0,0.0,-1.0,0700-0759,14.0,806.0,914.0,6.0,955,920.0,-35.0,0.0,0.0,-2.0,0900-0959,0,,0,,,,,
19777,2025,1,1,23,4,1/23/2025,WN,3787,11057,1105703,31057,CLT,"Charlotte, NC",North Carolina,11292,1129202,30325,DEN,"Denver, CO",Colorado,755,823.0,28.0,28.0,1.0,1.0,0700-0759,17.0,840.0,954.0,6.0,955,1000.0,5.0,5.0,0.0,0.0,0900-0959,0,,0,,,,,
19784,2025,1,1,24,5,1/24/2025,WN,3787,11057,1105703,31057,CLT,"Charlotte, NC",North Carolina,11292,1129202,30325,DEN,"Denver, CO",Colorado,755,750.0,-5.0,0.0,0.0,-1.0,0700-0759,31.0,821.0,940.0,7.0,955,947.0,-8.0,0.0,0.0,-1.0,0900-0959,0,,0,,,,,
19796,2025,1,1,7,2,1/7/2025,WN,3787,11057,1105703,31057,CLT,"Charlotte, NC",North Carolina,11292,1129202,30325,DEN,"Denver, CO",Colorado,745,750.0,5.0,5.0,0.0,0.0,0700-0759,38.0,828.0,946.0,9.0,940,955.0,15.0,15.0,1.0,1.0,0900-0959,0,,0,0.0,0.0,15.0,0.0,0.0
19803,2025,1,1,8,3,1/8/2025,WN,3787,11057,1105703,31057,CLT,"Charlotte, NC",North Carolina,11292,1129202,30325,DEN,"Denver, CO",Colorado,755,753.0,-2.0,0.0,0.0,-1.0,0700-0759,27.0,820.0,933.0,5.0,955,938.0,-17.0,0.0,0.0,-2.0,0900-0959,0,,0,,,,,
19810,2025,1,1,9,4,1/9/2025,WN,3787,11057,1105703,31057,CLT,"Charlotte, NC",North Carolina,11292,1129202,30325,DEN,"Denver, CO",Colorado,755,753.0,-2.0,0.0,0.0,-1.0,0700-0759,16.0,809.0,928.0,6.0,955,934.0,-21.0,0.0,0.0,-2.0,0900-0959,0,,0,,,,,
19817,2025,1,1,16,4,1/16/2025,WN,2801,11057,1105703,31057,CLT,"Charlotte, NC",North Carolina,11292,1129202,30325,DEN,"Denver, CO",Colorado,815,813.0,-2.0,0.0,0.0,-1.0,0800-0859,23.0,836.0,1004.0,7.0,1015,1011.0,-4.0,0.0,0.0,-1.0,1000-1059,0,,0,,,,,
19825,2025,1,1,17,5,1/17/2025,WN,2801,11057,1105703,31057,CLT,"Charlotte, NC",North Carolina,11292,1129202,30325,DEN,"Denver, CO",Colorado,815,823.0,8.0,8.0,0.0,0.0,0800-0859,12.0,835.0,945.0,6.0,1015,951.0,-24.0,0.0,0.0,-2.0,1000-1059,0,,0,,,,,
19838,2025,1,1,26,7,1/26/2025,WN,2801,11057,1105703,31057,CLT,"Charlotte, NC",North Carolina,11292,1129202,30325,DEN,"Denver, CO",Colorado,815,811.0,-4.0,0.0,0.0,-1.0,0800-0859,18.0,829.0,1006.0,10.0,1015,1016.0,1.0,1.0,0.0,0.0,1000-1059,0,,0,,,,,
19846,2025,1,1,27,1,1/27/2025,WN,3787,11057,1105703,31057,CLT,"Charlotte, NC",North Carolina,11292,1129202,30325,DEN,"Denver, CO",Colorado,755,747.0,-8.0,0.0,0.0,-1.0,0700-0759,17.0,804.0,925.0,6.0,955,931.0,-24.0,0.0,0.0,-2.0,0900-0959,0,,0,,,,,
19851,2025,1,1,1,3,1/1/2025,DL,5717,11057,1105703,31057,CLT,"Charlotte, NC",North Carolina,12478,1247805,31703,JFK,"New York, NY",New York,1500,1500.0,0.0,0.0,0.0,0.0,1500-1559,38.0,1538.0,1648.0,10.0,1703,1658.0,-5.0,0.0,0.0,-1.0,1700-1759,0,,0,,,,,
19857,2025,1,1,2,4,1/2/2025,DL,5780,11057,1105703,31057,CLT,"Charlotte, NC",North Carolina,12478,1247805,31703,JFK,"New York, NY",New York,800,1123.0,203.0,203.0,1.0,12.0,0800-0859,31.0,1154.0,1309.0,8.0,1001,1317.0,196.0,196.0,1.0,12.0,1000-1059,0,,0,196.0,0.0,0.0,0.0,0.0
19862,2025,1,1,3,5,1/3/2025,DL,5780,11057,1105703,31057,CLT,"Charlotte, NC",North Carolina,12478,1247805,31703,JFK,"New York, NY",New York,800,802.0,2.0,2.0,0.0,0.0,0800-0859,28.0,830.0,946.0,10.0,1001,956.0,-5.0,0.0,0.0,-1.0,1000-1059,0,,0,,,,,
19867,2025,1,1,4,6,1/4/2025,DL,5696,11057,1105703,31057,CLT,"Charlotte, NC",North Carolina,12478,1247805,31703,JFK,"New York, NY",New York,1145,1146.0,1.0,1.0,0.0,0.0,1100-1159,22.0,1208.0,1326.0,11.0,1354,1337.0,-17.0,0.0,0.0,-2.0,1300-1359,0,,0,,,,,
19868,2025,1,1,4,6,1/4/2025,DL,5780,11057,1105703,31057,CLT,"Charlotte, NC",North Carolina,12478,1247805,31703,JFK,"New York, NY",New York,800,758.0,-2.0,0.0,0.0,-1.0,0800-0859,25.0,823.0,947.0,8.0,1001,955.0,-6.0,0.0,0.0,-1.0,1000-1059,0,,0,,,,,
19873,2025,1,1,5,7,1/5/2025,DL,5665,11057,1105703,31057,CLT,"Charlotte, NC",North Carolina,12478,1247805,31703,JFK,"New York, NY",New York,1439,1432.0,-7.0,0.0,0.0,-1.0,1400-1459,21.0,1453.0,1614.0,8.0,1645,1622.0,-23.0,0.0,0.0,-2.0,1600-1659,0,,0,,,,,
19874,2025,1,1,5,7,1/5/2025,DL,5728,11057,1105703,31057,CLT,"Charlotte, NC",North Carolina,12478,1247805,31703,JFK,"New York, NY",New York,1116,1128.0,12.0,12.0,0.0,0.0,1100-1159,25.0,1153.0,1312.0,8.0,1309,1320.0,11.0,11.0,0.0,0.0,1300-1359,0,,0,,,,,
19875,2025,1,1,5,7,1/5/2025,DL,5860,11057,1105703,31057,CLT,"Charlotte, NC",North Carolina,12478,1247805,31703,JFK,"New York, NY",New York,600,600.0,0.0,0.0,0.0,0.0,0600-0659,20.0,620.0,738.0,13.0,809,751.0,-18.0,0.0,0.0,-2.0,0800-0859,0,,0,,,,,
19880,2025,1,1,6,1,1/6/2025,DL,5661,11057,1105703,31057,CLT,"Charlotte, NC",North Carolina,12478,1247805,31703,JFK,"New York, NY",New York,1439,1443.0,4.0,4.0,0.0,0.0,1400-1459,30.0,1513.0,1634.0,50.0,1645,1724.0,39.0,39.0,1.0,2.0,1600-1659,0,,0,0.0,0.0,35.0,0.0,4.0
19887,2025,1,1,7,2,1/7/2025,DL,5661,11057,1105703,31057,CLT,"Charlotte, NC",North Carolina,12478,1247805,31703,JFK,"New York, NY",New York,1439,1440.0,1.0,1.0,0.0,0.0,1400-1459,32.0,1512.0,1630.0,31.0,1645,1701.0,16.0,16.0,1.0,1.0,1600-1659,0,,0,1.0,0.0,15.0,0.0,0.0
19894,2025,1,1,8,3,1/8/2025,DL,5661,11057,1105703,31057,CLT,"Charlotte, NC",North Carolina,12478,1247805,31703,JFK,"New York, NY",New York,1439,1436.0,-3.0,0.0,0.0,-1.0,1400-1459,29.0,1505.0,1621.0,8.0,1645,1629.0,-16.0,0.0,0.0,-2.0,1600-1659,0,,0,,,,,
19901,2025,1,1,9,4,1/9/2025,DL,5661,11057,1105703,31057,CLT,"Charlotte, NC",North Carolina,12478,1247805,31703,JFK,"New York, NY",New York,1439,1438.0,-1.0,0.0,0.0,-1.0,1400-1459,26.0,1504.0,1630.0,13.0,1645,1643.0,-2.0,0.0,0.0,-1.0,1600-1659,0,,0,,,,,
19908,2025,1,1,10,5,1/10/2025,DL,5661,11057,1105703,31057,CLT,"Charlotte, NC",North Carolina,12478,1247805,31703,JFK,"New York, NY",New York,1439,1435.0,-4.0,0.0,0.0,-1.0,1400-1459,33.0,1508.0,1621.0,10.0,1645,1631.0,-14.0,0.0,0.0,-1.0,1600-1659,0,,0,,,,,
19914,2025,1,1,11,6,1/11/2025,DL,5695,11057,1105703,31057,CLT,"Charlotte, NC",North Carolina,12478,1247805,31703,JFK,"New York, NY",New York,1439,1445.0,6.0,6.0,0.0,0.0,1400-1459,21.0,1506.0,1622.0,51.0,1645,1713.0,28.0,28.0,1.0,1.0,1600-1659,0,,0,6.0,0.0,22.0,0.0,0.0
19919,2025,1,1,12,7,1/12/2025,DL,5661,11057,1105703,31057,CLT,"Charlotte, NC",North Carolina,12478,1247805,31703,JFK,"New York, NY",New York,1439,1436.0,-3.0,0.0,0.0,-1.0,1400-1459,25.0,1501.0,1619.0,8.0,1645,1627.0,-18.0,0.0,0.0,-2.0,1600-1659,0,,0,,,,,
19925,2025,1,1,13,1,1/13/2025,DL,5661,11057,1105703,31057,CLT,"Charlotte, NC",North Carolina,12478,1247805,31703,JFK,"New York, NY",New York,1439,1615.0,96.0,96.0,1.0,6.0,1400-1459,21.0,1636.0,1752.0,7.0,1645,1759.0,74.0,74.0,1.0,4.0,1600-1659,0,,0,74.0,0.0,0.0,0.0,0.0
19932,2025,1,1,14,2,1/14/2025,DL,5661,11057,1105703,31057,CLT,"Charlotte, NC",North Carolina,12478,1247805,31703,JFK,"New York, NY",New York,1439,1434.0,-5.0,0.0,0.0,-1.0,1400-1459,21.0,1455.0,1608.0,16.0,1645,1624.0,-21.0,0.0,0.0,-2.0,1600-1659,0,,0,,,,,
19939,2025,1,1,15,3,1/15/2025,DL,5661,11057,1105703,31057,CLT,"Charlotte, NC",North Carolina,12478,1247805,31703,JFK,"New York, NY",New York,1439,1435.0,-4.0,0.0,0.0,-1.0,1400-1459,23.0,1458.0,1611.0,11.0,1645,1622.0,-23.0,0.0,0.0,-2.0,1600-1659,0,,0,,,,,
19945,2025,1,1,16,4,1/16/2025,DL,5661,11057,1105703,31057,CLT,"Charlotte, NC",North Carolina,12478,1247805,31703,JFK,"New York, NY",New York,1439,1433.0,-6.0,0.0,0.0,-1.0,1400-1459,27.0,1500.0,1622.0,7.0,1645,1629.0,-16.0,0.0,0.0,-2.0,1600-1659,0,,0,,,,,
19952,2025,1,1,17,5,1/17/2025,DL,5661,11057,1105703,31057,CLT,"Charlotte, NC",North Carolina,12478,1247805,31703,JFK,"New York, NY",New York,1439,1433.0,-6.0,0.0,0.0,-1.0,1400-1459,34.0,1507.0,1630.0,9.0,1645,1639.0,-6.0,0.0,0.0,-1.0,1600-1659,0,,0,,,,,
19957,2025,1,1,18,6,1/18/2025,DL,5695,11057,1105703,31057,CLT,"Charlotte, NC",North Carolina,12478,1247805,31703,JFK,"New York, NY",New York,1439,1433.0,-6.0,0.0,0.0,-1.0,1400-1459,20.0,1453.0,1615.0,8.0,1645,1623.0,-22.0,0.0,0.0,-2.0,1600-1659,0,,0,,,,,
19962,2025,1,1,19,7,1/19/2025,DL,5661,11057,1105703,31057,CLT,"Charlotte, NC",North Carolina,12478,1247805,31703,JFK,"New York, NY",New York,1439,1640.0,121.0,121.0,1.0,8.0,1400-1459,44.0,1724.0,1830.0,14.0,1645,1844.0,119.0,119.0,1.0,7.0,1600-1659,0,,0,0.0,0.0,119.0,0.0,0.0
19969,2025,1,1,20,1,1/20/2025,DL,5661,11057,1105703,31057,CLT,"Charlotte, NC",North Carolina,12478,1247805,31703,JFK,"New York, NY",New York,1439,1520.0,41.0,41.0,1.0,2.0,1400-1459,20.0,1540.0,1652.0,8.0,1645,1700.0,15.0,15.0,1.0,1.0,1600-1659,0,,0,0.0,0.0,0.0,0.0,15.0
19976,2025,1,1,21,2,1/21/2025,DL,5661,11057,1105703,31057,CLT,"Charlotte, NC",North Carolina,12478,1247805,31703,JFK,"New York, NY",New York,1439,1438.0,-1.0,0.0,0.0,-1.0,1400-1459,24.0,1502.0,1608.0,7.0,1645,1615.0,-30.0,0.0,0.0,-2.0,1600-1659,0,,0,,,,,
19983,2025,1,1,22,3,1/22/2025,DL,5661,11057,1105703,31057,CLT,"Charlotte, NC",North Carolina,12478,1247805,31703,JFK,"New York, NY",New York,1439,1600.0,81.0,81.0,1.0,5.0,1400-1459,21.0,1621.0,1735.0,10.0,1645,1745.0,60.0,60.0,1.0,4.0,1600-1659,0,,0,22.0,0.0,0.0,0.0,38.0
19990,2025,1,1,23,4,1/23/2025,DL,5661,11057,1105703,31057,CLT,"Charlotte, NC",North Carolina,12478,1247805,31703,JFK,"New York, NY",New York,1439,1454.0,15.0,15.0,1.0,1.0,1400-1459,34.0,1528.0,1641.0,8.0,1645,1649.0,4.0,4.0,0.0,0.0,1600-1659,0,,0,,,,,
19997,2025,1,1,24,5,1/24/2025,DL,5661,11057,1105703,31057,CLT,"Charlotte, NC",North Carolina,12478,1247805,31703,JFK,"New York, NY",New York,1439,1446.0,7.0,7.0,0.0,0.0,1400-1459,64.0,1550.0,1656.0,8.0,1645,1704.0,19.0,19.0,1.0,1.0,1600-1659,0,,0,0.0,0.0,12.0,0.0,7.0
20003,2025,1,1,25,6,1/25/2025,DL,5695,11057,1105703,31057,CLT,"Charlotte, NC",North Carolina,12478,1247805,31703,JFK,"New York, NY",New York,1439,1452.0,13.0,13.0,0.0,0.0,1400-1459,24.0,1516.0,1639.0,15.0,1645,1654.0,9.0,9.0,0.0,0.0,1600-1659,0,,0,,,,,
20008,2025,1,1,26,7,1/26/2025,DL,5661,11057,1105703,31057,CLT,"Charlotte, NC",North Carolina,12478,1247805,31703,JFK,"New York, NY",New York,1439,1430.0,-9.0,0.0,0.0,-1.0,1400-1459,28.0,1458.0,1618.0,8.0,1645,1626.0,-19.0,0.0,0.0,-2.0,1600-1659,0,,0,,,,,
20014,2025,1,1,27,1,1/27/2025,DL,5661,11057,1105703,31057,CLT,"Charlotte, NC",North Carolina,12478,1247805,31703,JFK,"New York, NY",New York,1439,1432.0,-7.0,0.0,0.0,-1.0,1400-1459,32.0,1504.0,1618.0,7.0,1645,1625.0,-20.0,0.0,0.0,-2.0,1600-1659,0,,0,,,,,
20021,2025,1,1,28,2,1/28/2025,DL,5661,11057,1105703,31057,CLT,"Charlotte, NC",North Carolina,12478,1247805,31703,JFK,"New York, NY",New York,1439,1431.0,-8.0,0.0,0.0,-1.0,1400-1459,23.0,1454.0,1617.0,10.0,1645,1627.0,-18.0,0.0,0.0,-2.0,1600-1659,0,,0,,,,,
20028,2025,1,1,29,3,1/29/2025,DL,5661,11057,1105703,31057,CLT,"Charlotte, NC",North Carolina,12478,1247805,31703,JFK,"New York, NY",New York,1439,1431.0,-8.0,0.0,0.0,-1.0,1400-1459,16.0,1447.0,1609.0,8.0,1645,1617.0,-28.0,0.0,0.0,-2.0,1600-1659,0,,0,,,,,
20035,2025,1,1,30,4,1/30/2025,DL,5661,11057,1105703,31057,CLT,"Charlotte, NC",North Carolina,12478,1247805,31703,JFK,"New York, NY",New York,1439,1434.0,-5.0,0.0,0.0,-1.0,1400-1459,18.0,1452.0,1611.0,8.0,1645,1619.0,-26.0,0.0,0.0,-2.0,1600-1659,0,,0,,,,,
20042,2025,1,1,31,5,1/31/2025,DL,5661,11057,1105703,31057,CLT,"Charlotte, NC",North Carolina,12478,1247805,31703,JFK,"New York, NY",New York,1439,1435.0,-4.0,0.0,0.0,-1.0,1400-1459,23.0,1458.0,1619.0,8.0,1645,1627.0,-18.0,0.0,0.0,-2.0,1600-1659,0,,0,,,,,
20047,2025,1,1,31,5,1/31/2025,UA,3498,11057,1105703,31057,CLT,"Charlotte, NC",North Carolina,13930,1393008,30977,ORD,"Chicago, IL",Illinois,1049,1041.0,-8.0,0.0,0.0,-1.0,1000-1059,13.0,1054.0,1131.0,14.0,1218,1145.0,-33.0,0.0,0.0,-2.0,1200-1259,0,,0,,,,,
20050,2025,1,1,31,5,1/31/2025,UA,3454,11057,1105703,31057,CLT,"Charlotte, NC",North Carolina,13930,1393008,30977,ORD,"Chicago, IL",Illinois,1725,1729.0,4.0,4.0,0.0,0.0,1700-1759,19.0,1748.0,1839.0,18.0,1855,1857.0,2.0,2.0,0.0,0.0,1800-1859,0,,0,,,,,
20052,2025,1,1,30,4,1/30/2025,UA,3498,11057,1105703,31057,CLT,"Charlotte, NC",North Carolina,13930,1393008,30977,ORD,"Chicago, IL",Illinois,1049,1045.0,-4.0,0.0,0.0,-1.0,1000-1059,17.0,1102.0,1138.0,14.0,1218,1152.0,-26.0,0.0,0.0,-2.0,1200-1259,0,,0,,,,,
20055,2025,1,1,30,4,1/30/2025,UA,3454,11057,1105703,31057,CLT,"Charlotte, NC",North Carolina,13930,1393008,30977,ORD,"Chicago, IL",Illinois,1725,1716.0,-9.0,0.0,0.0,-1.0,1700-1759,18.0,1734.0,1818.0,19.0,1855,1837.0,-18.0,0.0,0.0,-2.0,1800-1859,0,,0,,,,,
20057,2025,1,1,29,3,1/29/2025,UA,3498,11057,1105703,31057,CLT,"Charlotte, NC",North Carolina,13930,1393008,30977,ORD,"Chicago, IL",Illinois,1049,1038.0,-11.0,0.0,0.0,-1.0,1000-1059,20.0,1058.0,1147.0,7.0,1218,1154.0,-24.0,0.0,0.0,-2.0,1200-1259,0,,0,,,,,
20060,2025,1,1,29,3,1/29/2025,UA,3454,11057,1105703,31057,CLT,"Charlotte, NC",North Carolina,13930,1393008,30977,ORD,"Chicago, IL",Illinois,1725,1720.0,-5.0,0.0,0.0,-1.0,1700-1759,26.0,1746.0,1829.0,24.0,1855,1853.0,-2.0,0.0,0.0,-1.0,1800-1859,0,,0,,,,,
20062,2025,1,1,28,2,1/28/2025,UA,3498,11057,1105703,31057,CLT,"Charlotte, NC",North Carolina,13930,1393008,30977,ORD,"Chicago, IL",Illinois,1049,1038.0,-11.0,0.0,0.0,-1.0,1000-1059,17.0,1055.0,1141.0,8.0,1218,1149.0,-29.0,0.0,0.0,-2.0,1200-1259,0,,0,,,,,
20065,2025,1,1,28,2,1/28/2025,UA,3454,11057,1105703,31057,CLT,"Charlotte, NC",North Carolina,13930,1393008,30977,ORD,"Chicago, IL",Illinois,1725,1715.0,-10.0,0.0,0.0,-1.0,1700-1759,34.0,1749.0,1837.0,17.0,1855,1854.0,-1.0,0.0,0.0,-1.0,1800-1859,0,,0,,,,,
20067,2025,1,1,27,1,1/27/2025,UA,3498,11057,1105703,31057,CLT,"Charlotte, NC",North Carolina,13930,1393008,30977,ORD,"Chicago, IL",Illinois,1049,1035.0,-14.0,0.0,0.0,-1.0,1000-1059,35.0,1110.0,1146.0,9.0,1218,1155.0,-23.0,0.0,0.0,-2.0,1200-1259,0,,0,,,,,
20070,2025,1,1,27,1,1/27/2025,UA,3454,11057,1105703,31057,CLT,"Charlotte, NC",North Carolina,13930,1393008,30977,ORD,"Chicago, IL",Illinois,1725,1714.0,-11.0,0.0,0.0,-1.0,1700-1759,63.0,1817.0,1902.0,15.0,1855,1917.0,22.0,22.0,1.0,1.0,1800-1859,0,,0,0.0,0.0,22.0,0.0,0.0
20072,2025,1,1,26,7,1/26/2025,UA,3498,11057,1105703,31057,CLT,"Charlotte, NC",North Carolina,13930,1393008,30977,ORD,"Chicago, IL",Illinois,1049,1043.0,-6.0,0.0,0.0,-1.0,1000-1059,15.0,1058.0,1142.0,12.0,1218,1154.0,-24.0,0.0,0.0,-2.0,1200-1259,0,,0,,,,,
20075,2025,1,1,26,7,1/26/2025,UA,3454,11057,1105703,31057,CLT,"Charlotte, NC",North Carolina,13930,1393008,30977,ORD,"Chicago, IL",Illinois,1725,1718.0,-7.0,0.0,0.0,-1.0,1700-1759,32.0,1750.0,1836.0,12.0,1855,1848.0,-7.0,0.0,0.0,-1.0,1800-1859,0,,0,,,,,
20078,2025,1,1,25,6,1/25/2025,UA,3498,11057,1105703,31057,CLT,"Charlotte, NC",North Carolina,13930,1393008,30977,ORD,"Chicago, IL",Illinois,1049,1038.0,-11.0,0.0,0.0,-1.0,1000-1059,25.0,1103.0,1144.0,14.0,1218,1158.0,-20.0,0.0,0.0,-2.0,1200-1259,0,,0,,,,,
20081,2025,1,1,25,6,1/25/2025,UA,3454,11057,1105703,31057,CLT,"Charlotte, NC",North Carolina,13930,1393008,30977,ORD,"Chicago, IL",Illinois,1725,1708.0,-17.0,0.0,0.0,-2.0,1700-1759,34.0,1742.0,1823.0,15.0,1855,1838.0,-17.0,0.0,0.0,-2.0,1800-1859,0,,0,,,,,
20084,2025,1,1,24,5,1/24/2025,UA,3498,11057,1105703,31057,CLT,"Charlotte, NC",North Carolina,13930,1393008,30977,ORD,"Chicago, IL",Illinois,1049,1039.0,-10.0,0.0,0.0,-1.0,1000-1059,25.0,1104.0,1137.0,10.0,1218,1147.0,-31.0,0.0,0.0,-2.0,1200-1259,0,,0,,,,,
20087,2025,1,1,24,5,1/24/2025,UA,3454,11057,1105703,31057,CLT,"Charlotte, NC",North Carolina,13930,1393008,30977,ORD,"Chicago, IL",Illinois,1725,1717.0,-8.0,0.0,0.0,-1.0,1700-1759,18.0,1735.0,1819.0,42.0,1855,1901.0,6.0,6.0,0.0,0.0,1800-1859,0,,0,,,,,
20089,2025,1,1,23,4,1/23/2025,UA,3498,11057,1105703,31057,CLT,"Charlotte, NC",North Carolina,13930,1393008,30977,ORD,"Chicago, IL",Illinois,1049,1041.0,-8.0,0.0,0.0,-1.0,1000-1059,19.0,1100.0,1133.0,17.0,1218,1150.0,-28.0,0.0,0.0,-2.0,1200-1259,0,,0,,,,,
20092,2025,1,1,23,4,1/23/2025,UA,3454,11057,1105703,31057,CLT,"Charlotte, NC",North Carolina,13930,1393008,30977,ORD,"Chicago, IL",Illinois,1725,1716.0,-9.0,0.0,0.0,-1.0,1700-1759,34.0,1750.0,1833.0,20.0,1855,1853.0,-2.0,0.0,0.0,-1.0,1800-1859,0,,0,,,,,
20094,2025,1,1,22,3,1/22/2025,UA,3498,11057,1105703,31057,CLT,"Charlotte, NC",North Carolina,13930,1393008,30977,ORD,"Chicago, IL",Illinois,1049,1152.0,63.0,63.0,1.0,4.0,1000-1059,21.0,1213.0,1243.0,13.0,1218,1256.0,38.0,38.0,1.0,2.0,1200-1259,0,,0,0.0,0.0,0.0,0.0,38.0
20097,2025,1,1,22,3,1/22/2025,UA,3454,11057,1105703,31057,CLT,"Charlotte, NC",North Carolina,13930,1393008,30977,ORD,"Chicago, IL",Illinois,1725,1711.0,-14.0,0.0,0.0,-1.0,1700-1759,23.0,1734.0,1813.0,24.0,1855,1837.0,-18.0,0.0,0.0,-2.0,1800-1859,0,,0,,,,,
20099,2025,1,1,21,2,1/21/2025,UA,3498,11057,1105703,31057,CLT,"Charlotte, NC",North Carolina,13930,1393008,30977,ORD,"Chicago, IL",Illinois,1049,1039.0,-10.0,0.0,0.0,-1.0,1000-1059,28.0,1107.0,1142.0,21.0,1218,1203.0,-15.0,0.0,0.0,-1.0,1200-1259,0,,0,,,,,
20102,2025,1,1,21,2,1/21/2025,UA,3454,11057,1105703,31057,CLT,"Charlotte, NC",North Carolina,13930,1393008,30977,ORD,"Chicago, IL",Illinois,1725,1713.0,-12.0,0.0,0.0,-1.0,1700-1759,40.0,1753.0,1830.0,26.0,1855,1856.0,1.0,1.0,0.0,0.0,1800-1859,0,,0,,,,,
20104,2025,1,1,20,1,1/20/2025,UA,3498,11057,1105703,31057,CLT,"Charlotte, NC",North Carolina,13930,1393008,30977,ORD,"Chicago, IL",Illinois,1049,1406.0,197.0,197.0,1.0,12.0,1000-1059,23.0,1429.0,1505.0,9.0,1218,1514.0,176.0,176.0,1.0,11.0,1200-1259,0,,0,0.0,0.0,0.0,0.0,176.0
20107,2025,1,1,20,1,1/20/2025,UA,3454,11057,1105703,31057,CLT,"Charlotte, NC",North Carolina,13930,1393008,30977,ORD,"Chicago, IL",Illinois,1725,1716.0,-9.0,0.0,0.0,-1.0,1700-1759,33.0,1749.0,1837.0,29.0,1855,1906.0,11.0,11.0,0.0,0.0,1800-1859,0,,0,,,,,
20109,2025,1,1,19,7,1/19/2025,UA,3498,11057,1105703,31057,CLT,"Charlotte, NC",North Carolina,13930,1393008,30977,ORD,"Chicago, IL",Illinois,1049,1047.0,-2.0,0.0,0.0,-1.0,1000-1059,13.0,1100.0,1134.0,14.0,1218,1148.0,-30.0,0.0,0.0,-2.0,1200-1259,0,,0,,,,,
20112,2025,1,1,19,7,1/19/2025,UA,3454,11057,1105703,31057,CLT,"Charlotte, NC",North Carolina,13930,1393008,30977,ORD,"Chicago, IL",Illinois,1725,1721.0,-4.0,0.0,0.0,-1.0,1700-1759,36.0,1757.0,1833.0,12.0,1855,1845.0,-10.0,0.0,0.0,-1.0,1800-1859,0,,0,,,,,
20115,2025,1,1,18,6,1/18/2025,UA,3498,11057,1105703,31057,CLT,"Charlotte, NC",North Carolina,13930,1393008,30977,ORD,"Chicago, IL",Illinois,1049,1049.0,0.0,0.0,0.0,0.0,1000-1059,20.0,1109.0,1147.0,10.0,1218,1157.0,-21.0,0.0,0.0,-2.0,1200-1259,0,,0,,,,,
20118,2025,1,1,18,6,1/18/2025,UA,3454,11057,1105703,31057,CLT,"Charlotte, NC",North Carolina,13930,1393008,30977,ORD,"Chicago, IL",Illinois,1725,1713.0,-12.0,0.0,0.0,-1.0,1700-1759,20.0,1733.0,1805.0,14.0,1855,1819.0,-36.0,0.0,0.0,-2.0,1800-1859,0,,0,,,,,
20121,2025,1,1,17,5,1/17/2025,UA,3498,11057,1105703,31057,CLT,"Charlotte, NC",North Carolina,13930,1393008,30977,ORD,"Chicago, IL",Illinois,1049,1042.0,-7.0,0.0,0.0,-1.0,1000-1059,29.0,1111.0,1143.0,13.0,1218,1156.0,-22.0,0.0,0.0,-2.0,1200-1259,0,,0,,,,,
20124,2025,1,1,17,5,1/17/2025,UA,3454,11057,1105703,31057,CLT,"Charlotte, NC",North Carolina,13930,1393008,30977,ORD,"Chicago, IL",Illinois,1725,1725.0,0.0,0.0,0.0,0.0,1700-1759,43.0,1808.0,1840.0,19.0,1855,1859.0,4.0,4.0,0.0,0.0,1800-1859,0,,0,,,,,
20126,2025,1,1,16,4,1/16/2025,UA,3498,11057,1105703,31057,CLT,"Charlotte, NC",North Carolina,13930,1393008,30977,ORD,"Chicago, IL",Illinois,1049,1041.0,-8.0,0.0,0.0,-1.0,1000-1059,18.0,1059.0,1146.0,7.0,1218,1153.0,-25.0,0.0,0.0,-2.0,1200-1259,0,,0,,,,,
20129,2025,1,1,16,4,1/16/2025,UA,3454,11057,1105703,31057,CLT,"Charlotte, NC",North Carolina,13930,1393008,30977,ORD,"Chicago, IL",Illinois,1725,1719.0,-6.0,0.0,0.0,-1.0,1700-1759,38.0,1757.0,1850.0,34.0,1855,1924.0,29.0,29.0,1.0,1.0,1800-1859,0,,0,0.0,0.0,29.0,0.0,0.0
20131,2025,1,1,15,3,1/15/2025,UA,3498,11057,1105703,31057,CLT,"Charlotte, NC",North Carolina,13930,1393008,30977,ORD,"Chicago, IL",Illinois,1049,1041.0,-8.0,0.0,0.0,-1.0,1000-1059,14.0,1055.0,1134.0,14.0,1218,1148.0,-30.0,0.0,0.0,-2.0,1200-1259,0,,0,,,,,
20134,2025,1,1,15,3,1/15/2025,UA,3454,11057,1105703,31057,CLT,"Charlotte, NC",North Carolina,13930,1393008,30977,ORD,"Chicago, IL",Illinois,1725,1715.0,-10.0,0.0,0.0,-1.0,1700-1759,33.0,1748.0,1827.0,33.0,1855,1900.0,5.0,5.0,0.0,0.0,1800-1859,0,,0,,,,,
20136,2025,1,1,14,2,1/14/2025,UA,3498,11057,1105703,31057,CLT,"Charlotte, NC",North Carolina,13930,1393008,30977,ORD,"Chicago, IL",Illinois,1049,1039.0,-10.0,0.0,0.0,-1.0,1000-1059,17.0,1056.0,1142.0,12.0,1218,1154.0,-24.0,0.0,0.0,-2.0,1200-1259,0,,0,,,,,
20139,2025,1,1,14,2,1/14/2025,UA,3454,11057,1105703,31057,CLT,"Charlotte, NC",North Carolina,13930,1393008,30977,ORD,"Chicago, IL",Illinois,1725,1721.0,-4.0,0.0,0.0,-1.0,1700-1759,26.0,1747.0,1831.0,11.0,1855,1842.0,-13.0,0.0,0.0,-1.0,1800-1859,0,,0,,,,,
20141,2025,1,1,13,1,1/13/2025,UA,3498,11057,1105703,31057,CLT,"Charlotte, NC",North Carolina,13930,1393008,30977,ORD,"Chicago, IL",Illinois,1049,1044.0,-5.0,0.0,0.0,-1.0,1000-1059,20.0,1104.0,1141.0,9.0,1218,1150.0,-28.0,0.0,0.0,-2.0,1200-1259,0,,0,,,,,
20144,2025,1,1,13,1,1/13/2025,UA,3454,11057,1105703,31057,CLT,"Charlotte, NC",North Carolina,13930,1393008,30977,ORD,"Chicago, IL",Illinois,1725,1715.0,-10.0,0.0,0.0,-1.0,1700-1759,34.0,1749.0,1833.0,21.0,1855,1854.0,-1.0,0.0,0.0,-1.0,1800-1859,0,,0,,,,,
20146,2025,1,1,12,7,1/12/2025,UA,3498,11057,1105703,31057,CLT,"Charlotte, NC",North Carolina,13930,1393008,30977,ORD,"Chicago, IL",Illinois,1049,1042.0,-7.0,0.0,0.0,-1.0,1000-1059,14.0,1056.0,1138.0,24.0,1218,1202.0,-16.0,0.0,0.0,-2.0,1200-1259,0,,0,,,,,
20149,2025,1,1,12,7,1/12/2025,UA,3454,11057,1105703,31057,CLT,"Charlotte, NC",North Carolina,13930,1393008,30977,ORD,"Chicago, IL",Illinois,1725,1714.0,-11.0,0.0,0.0,-1.0,1700-1759,37.0,1751.0,1828.0,12.0,1855,1840.0,-15.0,0.0,0.0,-1.0,1800-1859,0,,0,,,,,
20152,2025,1,1,11,6,1/11/2025,UA,3498,11057,1105703,31057,CLT,"Charlotte, NC",North Carolina,13930,1393008,30977,ORD,"Chicago, IL",Illinois,1049,1148.0,59.0,59.0,1.0,3.0,1000-1059,20.0,1208.0,1247.0,15.0,1218,1302.0,44.0,44.0,1.0,2.0,1200-1259,0,,0,0.0,0.0,0.0,0.0,44.0
20155,2025,1,1,11,6,1/11/2025,UA,3454,11057,1105703,31057,CLT,"Charlotte, NC",North Carolina,13930,1393008,30977,ORD,"Chicago, IL",Illinois,1725,1743.0,18.0,18.0,1.0,1.0,1700-1759,31.0,1814.0,1854.0,12.0,1855,1906.0,11.0,11.0,0.0,0.0,1800-1859,0,,0,,,,,
20158,2025,1,1,10,5,1/10/2025,UA,3498,11057,1105703,31057,CLT,"Charlotte, NC",North Carolina,13930,1393008,30977,ORD,"Chicago, IL",Illinois,1049,1039.0,-10.0,0.0,0.0,-1.0,1000-1059,14.0,1053.0,1126.0,18.0,1218,1144.0,-34.0,0.0,0.0,-2.0,1200-1259,0,,0,,,,,
20161,2025,1,1,10,5,1/10/2025,UA,3454,11057,1105703,31057,CLT,"Charlotte, NC",North Carolina,13930,1393008,30977,ORD,"Chicago, IL",Illinois,1725,1725.0,0.0,0.0,0.0,0.0,1700-1759,50.0,1815.0,1847.0,20.0,1855,1907.0,12.0,12.0,0.0,0.0,1800-1859,0,,0,,,,,
20163,2025,1,1,9,4,1/9/2025,UA,3498,11057,1105703,31057,CLT,"Charlotte, NC",North Carolina,13930,1393008,30977,ORD,"Chicago, IL",Illinois,1049,1043.0,-6.0,0.0,0.0,-1.0,1000-1059,15.0,1058.0,1133.0,9.0,1218,1142.0,-36.0,0.0,0.0,-2.0,1200-1259,0,,0,,,,,
20166,2025,1,1,9,4,1/9/2025,UA,3454,11057,1105703,31057,CLT,"Charlotte, NC",North Carolina,13930,1393008,30977,ORD,"Chicago, IL",Illinois,1725,1718.0,-7.0,0.0,0.0,-1.0,1700-1759,25.0,1743.0,1826.0,25.0,1855,1851.0,-4.0,0.0,0.0,-1.0,1800-1859,0,,0,,,,,
20168,2025,1,1,8,3,1/8/2025,UA,3498,11057,1105703,31057,CLT,"Charlotte, NC",North Carolina,13930,1393008,30977,ORD,"Chicago, IL",Illinois,1049,1108.0,19.0,19.0,1.0,1.0,1000-1059,18.0,1126.0,1201.0,15.0,1218,1216.0,-2.0,0.0,0.0,-1.0,1200-1259,0,,0,,,,,
20171,2025,1,1,8,3,1/8/2025,UA,3454,11057,1105703,31057,CLT,"Charlotte, NC",North Carolina,13930,1393008,30977,ORD,"Chicago, IL",Illinois,1725,1720.0,-5.0,0.0,0.0,-1.0,1700-1759,29.0,1749.0,1827.0,14.0,1855,1841.0,-14.0,0.0,0.0,-1.0,1800-1859,0,,0,,,,,
20173,2025,1,1,7,2,1/7/2025,UA,3498,11057,1105703,31057,CLT,"Charlotte, NC",North Carolina,13930,1393008,30977,ORD,"Chicago, IL",Illinois,1049,,,,,,1000-1059,,,,,1218,,,,,,1200-1259,1,B,0,,,,,
20176,2025,1,1,7,2,1/7/2025,UA,3454,11057,1105703,31057,CLT,"Charlotte, NC",North Carolina,13930,1393008,30977,ORD,"Chicago, IL",Illinois,1725,1720.0,-5.0,0.0,0.0,-1.0,1700-1759,19.0,1739.0,1815.0,28.0,1855,1843.0,-12.0,0.0,0.0,-1.0,1800-1859,0,,0,,,,,
20178,2025,1,1,6,1,1/6/2025,UA,3454,11057,1105703,31057,CLT,"Charlotte, NC",North Carolina,13930,1393008,30977,ORD,"Chicago, IL",Illinois,1725,1739.0,14.0,14.0,0.0,0.0,1700-1759,28.0,1807.0,1842.0,19.0,1855,1901.0,6.0,6.0,0.0,0.0,1800-1859,0,,0,,,,,
20180,2025,1,1,5,7,1/5/2025,UA,3454,11057,1105703,31057,CLT,"Charlotte, NC",North Carolina,13930,1393008,30977,ORD,"Chicago, IL",Illinois,1725,1723.0,-2.0,0.0,0.0,-1.0,1700-1759,19.0,1742.0,1823.0,21.0,1855,1844.0,-11.0,0.0,0.0,-1.0,1800-1859,0,,0,,,,,
20182,2025,1,1,4,6,1/4/2025,UA,3454,11057,1105703,31057,CLT,"Charlotte, NC",North Carolina,13930,1393008,30977,ORD,"Chicago, IL",Illinois,1725,1723.0,-2.0,0.0,0.0,-1.0,1700-1759,50.0,1813.0,1855.0,7.0,1855,1902.0,7.0,7.0,0.0,0.0,1800-1859,0,,0,,,,,
20184,2025,1,1,3,5,1/3/2025,UA,3454,11057,1105703,31057,CLT,"Charlotte, NC",North Carolina,13930,1393008,30977,ORD,"Chicago, IL",Illinois,1725,1719.0,-6.0,0.0,0.0,-1.0,1700-1759,31.0,1750.0,1847.0,8.0,1855,1855.0,0.0,0.0,0.0,0.0,1800-1859,0,,0,,,,,
20186,2025,1,1,2,4,1/2/2025,UA,3454,11057,1105703,31057,CLT,"Charlotte, NC",North Carolina,13930,1393008,30977,ORD,"Chicago, IL",Illinois,1725,1748.0,23.0,23.0,1.0,1.0,1700-1759,31.0,1819.0,1857.0,19.0,1855,1916.0,21.0,21.0,1.0,1.0,1800-1859,0,,0,0.0,0.0,0.0,0.0,21.0
20188,2025,1,1,1,3,1/1/2025,UA,3454,11057,1105703,31057,CLT,"Charlotte, NC",North Carolina,13930,1393008,30977,ORD,"Chicago, IL",Illinois,1725,1722.0,-3.0,0.0,0.0,-1.0,1700-1759,35.0,1757.0,1840.0,20.0,1855,1900.0,5.0,5.0,0.0,0.0,1800-1859,0,,0,,,,,
